solid GF25_2chamber_overflow_DEM
   facet normal 0.000000e+000 0.000000e+000 -1.000000e+000
      outer loop
         vertex -1.915111e-002 2.339303e-001 -2.500000e-002
         vertex -2.349232e-002 2.414495e-001 -2.500000e-002
         vertex -2.500000e-002 2.500000e-001 -2.500000e-002
      endloop
   endfacet
   facet normal 0.000000e+000 0.000000e+000 -1.000000e+000
      outer loop
         vertex -4.341205e-003 2.253798e-001 -2.500000e-002
         vertex -1.250000e-002 2.283494e-001 -2.500000e-002
         vertex 1.387779e-017 2.325000e-001 -2.500000e-002
      endloop
   endfacet
   facet normal 0.000000e+000 0.000000e+000 -1.000000e+000
      outer loop
         vertex 1.387779e-017 2.325000e-001 -2.500000e-002
         vertex -1.250000e-002 2.283494e-001 -2.500000e-002
         vertex -1.606969e-002 2.308489e-001 -2.500000e-002
      endloop
   endfacet
   facet normal 0.000000e+000 0.000000e+000 -1.000000e+000
      outer loop
         vertex 1.387779e-017 2.325000e-001 -2.500000e-002
         vertex -1.606969e-002 2.308489e-001 -2.500000e-002
         vertex -1.750000e-002 2.325000e-001 -2.500000e-002
      endloop
   endfacet
   facet normal 0.000000e+000 0.000000e+000 -1.000000e+000
      outer loop
         vertex -1.750000e-002 2.325000e-001 -2.500000e-002
         vertex -1.606969e-002 2.308489e-001 -2.500000e-002
         vertex -1.915111e-002 2.339303e-001 -2.500000e-002
      endloop
   endfacet
   facet normal 0.000000e+000 0.000000e+000 -1.000000e+000
      outer loop
         vertex -1.750000e-002 2.325000e-001 -2.500000e-002
         vertex -1.915111e-002 2.339303e-001 -2.500000e-002
         vertex -1.750000e-002 2.500000e-001 -2.500000e-002
      endloop
   endfacet
   facet normal 0.000000e+000 0.000000e+000 -1.000000e+000
      outer loop
         vertex -1.750000e-002 2.500000e-001 -2.500000e-002
         vertex -1.915111e-002 2.339303e-001 -2.500000e-002
         vertex -2.500000e-002 2.500000e-001 -2.500000e-002
      endloop
   endfacet
   facet normal 0.000000e+000 0.000000e+000 -1.000000e+000
      outer loop
         vertex 4.341205e-003 2.253798e-001 -2.500000e-002
         vertex -4.341205e-003 2.253798e-001 -2.500000e-002
         vertex 1.250000e-002 2.283494e-001 -2.500000e-002
      endloop
   endfacet
   facet normal 0.000000e+000 0.000000e+000 -1.000000e+000
      outer loop
         vertex 1.250000e-002 2.283494e-001 -2.500000e-002
         vertex -4.341205e-003 2.253798e-001 -2.500000e-002
         vertex 1.387779e-017 2.325000e-001 -2.500000e-002
      endloop
   endfacet
   facet normal 0.000000e+000 0.000000e+000 -1.000000e+000
      outer loop
         vertex 1.250000e-002 2.283494e-001 -2.500000e-002
         vertex 1.387779e-017 2.325000e-001 -2.500000e-002
         vertex 1.606969e-002 2.308489e-001 -2.500000e-002
      endloop
   endfacet
   facet normal 0.000000e+000 0.000000e+000 -1.000000e+000
      outer loop
         vertex 1.606969e-002 2.308489e-001 -2.500000e-002
         vertex 1.387779e-017 2.325000e-001 -2.500000e-002
         vertex 1.750000e-002 2.325000e-001 -2.500000e-002
      endloop
   endfacet
   facet normal 0.000000e+000 0.000000e+000 -1.000000e+000
      outer loop
         vertex 1.606969e-002 2.308489e-001 -2.500000e-002
         vertex 1.750000e-002 2.325000e-001 -2.500000e-002
         vertex 1.915111e-002 2.339303e-001 -2.500000e-002
      endloop
   endfacet
   facet normal 0.000000e+000 0.000000e+000 -1.000000e+000
      outer loop
         vertex 1.915111e-002 2.339303e-001 -2.500000e-002
         vertex 1.750000e-002 2.325000e-001 -2.500000e-002
         vertex 1.750000e-002 2.675000e-001 -2.500000e-002
      endloop
   endfacet
   facet normal 0.000000e+000 0.000000e+000 -1.000000e+000
      outer loop
         vertex 4.341205e-003 2.746202e-001 -2.500000e-002
         vertex 8.750000e-003 2.675000e-001 -2.500000e-002
         vertex 1.387779e-017 2.675000e-001 -2.500000e-002
      endloop
   endfacet
   facet normal 0.000000e+000 0.000000e+000 -1.000000e+000
      outer loop
         vertex 2.500000e-002 2.500000e-001 -2.500000e-002
         vertex 2.349232e-002 2.414495e-001 -2.500000e-002
         vertex 2.349232e-002 2.585505e-001 -2.500000e-002
      endloop
   endfacet
   facet normal 0.000000e+000 0.000000e+000 -1.000000e+000
      outer loop
         vertex 2.349232e-002 2.585505e-001 -2.500000e-002
         vertex 2.349232e-002 2.414495e-001 -2.500000e-002
         vertex 1.915111e-002 2.339303e-001 -2.500000e-002
      endloop
   endfacet
   facet normal 0.000000e+000 0.000000e+000 -1.000000e+000
      outer loop
         vertex 2.349232e-002 2.585505e-001 -2.500000e-002
         vertex 1.915111e-002 2.339303e-001 -2.500000e-002
         vertex 1.915111e-002 2.660697e-001 -2.500000e-002
      endloop
   endfacet
   facet normal 0.000000e+000 0.000000e+000 -1.000000e+000
      outer loop
         vertex 1.915111e-002 2.660697e-001 -2.500000e-002
         vertex 1.915111e-002 2.339303e-001 -2.500000e-002
         vertex 1.750000e-002 2.675000e-001 -2.500000e-002
      endloop
   endfacet
   facet normal 0.000000e+000 0.000000e+000 -1.000000e+000
      outer loop
         vertex 1.915111e-002 2.660697e-001 -2.500000e-002
         vertex 1.750000e-002 2.675000e-001 -2.500000e-002
         vertex 1.606969e-002 2.691511e-001 -2.500000e-002
      endloop
   endfacet
   facet normal 0.000000e+000 0.000000e+000 -1.000000e+000
      outer loop
         vertex 1.606969e-002 2.691511e-001 -2.500000e-002
         vertex 1.750000e-002 2.675000e-001 -2.500000e-002
         vertex 8.750000e-003 2.675000e-001 -2.500000e-002
      endloop
   endfacet
   facet normal 0.000000e+000 0.000000e+000 -1.000000e+000
      outer loop
         vertex 1.606969e-002 2.691511e-001 -2.500000e-002
         vertex 8.750000e-003 2.675000e-001 -2.500000e-002
         vertex 1.250000e-002 2.716506e-001 -2.500000e-002
      endloop
   endfacet
   facet normal 0.000000e+000 0.000000e+000 -1.000000e+000
      outer loop
         vertex 1.250000e-002 2.716506e-001 -2.500000e-002
         vertex 8.750000e-003 2.675000e-001 -2.500000e-002
         vertex 4.341205e-003 2.746202e-001 -2.500000e-002
      endloop
   endfacet
   facet normal 0.000000e+000 0.000000e+000 -1.000000e+000
      outer loop
         vertex -4.341205e-003 2.746202e-001 -2.500000e-002
         vertex 4.341205e-003 2.746202e-001 -2.500000e-002
         vertex -1.250000e-002 2.716506e-001 -2.500000e-002
      endloop
   endfacet
   facet normal 0.000000e+000 0.000000e+000 -1.000000e+000
      outer loop
         vertex -1.250000e-002 2.716506e-001 -2.500000e-002
         vertex 4.341205e-003 2.746202e-001 -2.500000e-002
         vertex 1.387779e-017 2.675000e-001 -2.500000e-002
      endloop
   endfacet
   facet normal 0.000000e+000 0.000000e+000 -1.000000e+000
      outer loop
         vertex -1.250000e-002 2.716506e-001 -2.500000e-002
         vertex 1.387779e-017 2.675000e-001 -2.500000e-002
         vertex -1.606969e-002 2.691511e-001 -2.500000e-002
      endloop
   endfacet
   facet normal 0.000000e+000 0.000000e+000 -1.000000e+000
      outer loop
         vertex -1.606969e-002 2.691511e-001 -2.500000e-002
         vertex 1.387779e-017 2.675000e-001 -2.500000e-002
         vertex -1.750000e-002 2.675000e-001 -2.500000e-002
      endloop
   endfacet
   facet normal 0.000000e+000 0.000000e+000 -1.000000e+000
      outer loop
         vertex -1.606969e-002 2.691511e-001 -2.500000e-002
         vertex -1.750000e-002 2.675000e-001 -2.500000e-002
         vertex -1.915111e-002 2.660697e-001 -2.500000e-002
      endloop
   endfacet
   facet normal 0.000000e+000 0.000000e+000 -1.000000e+000
      outer loop
         vertex -1.915111e-002 2.660697e-001 -2.500000e-002
         vertex -1.750000e-002 2.675000e-001 -2.500000e-002
         vertex -1.750000e-002 2.500000e-001 -2.500000e-002
      endloop
   endfacet
   facet normal 0.000000e+000 0.000000e+000 -1.000000e+000
      outer loop
         vertex -1.915111e-002 2.660697e-001 -2.500000e-002
         vertex -1.750000e-002 2.500000e-001 -2.500000e-002
         vertex -2.349232e-002 2.585505e-001 -2.500000e-002
      endloop
   endfacet
   facet normal 0.000000e+000 0.000000e+000 -1.000000e+000
      outer loop
         vertex -2.349232e-002 2.585505e-001 -2.500000e-002
         vertex -1.750000e-002 2.500000e-001 -2.500000e-002
         vertex -2.500000e-002 2.500000e-001 -2.500000e-002
      endloop
   endfacet
   facet normal 0.000000e+000 -1.000000e+000 0.000000e+000
      outer loop
         vertex -1.250000e-001 0.000000e+000 0.000000e+000
         vertex 1.250000e-001 0.000000e+000 0.000000e+000
         vertex 0.000000e+000 0.000000e+000 1.100000e-001
      endloop
   endfacet
   facet normal 0.000000e+000 -1.000000e+000 0.000000e+000
      outer loop
         vertex -9.641814e-003 0.000000e+000 1.364907e-001
         vertex -5.130302e-003 0.000000e+000 1.390954e-001
         vertex -1.250000e-001 0.000000e+000 5.000000e-001
      endloop
   endfacet
   facet normal 0.000000e+000 -1.000000e+000 0.000000e+000
      outer loop
         vertex 0.000000e+000 0.000000e+000 1.100000e-001
         vertex -5.130302e-003 0.000000e+000 1.109046e-001
         vertex -1.250000e-001 0.000000e+000 0.000000e+000
      endloop
   endfacet
   facet normal 0.000000e+000 -1.000000e+000 0.000000e+000
      outer loop
         vertex -1.250000e-001 0.000000e+000 0.000000e+000
         vertex -5.130302e-003 0.000000e+000 1.109046e-001
         vertex -9.641814e-003 0.000000e+000 1.135093e-001
      endloop
   endfacet
   facet normal 0.000000e+000 -1.000000e+000 0.000000e+000
      outer loop
         vertex -1.250000e-001 0.000000e+000 0.000000e+000
         vertex -9.641814e-003 0.000000e+000 1.135093e-001
         vertex -1.299038e-002 0.000000e+000 1.175000e-001
      endloop
   endfacet
   facet normal 0.000000e+000 -1.000000e+000 0.000000e+000
      outer loop
         vertex 1.477212e-002 0.000000e+000 1.223953e-001
         vertex 1.299038e-002 0.000000e+000 1.175000e-001
         vertex 1.250000e-001 0.000000e+000 0.000000e+000
      endloop
   endfacet
   facet normal 0.000000e+000 -1.000000e+000 0.000000e+000
      outer loop
         vertex 1.299038e-002 0.000000e+000 1.175000e-001
         vertex 9.641814e-003 0.000000e+000 1.135093e-001
         vertex 1.250000e-001 0.000000e+000 0.000000e+000
      endloop
   endfacet
   facet normal 0.000000e+000 -1.000000e+000 0.000000e+000
      outer loop
         vertex 1.250000e-001 0.000000e+000 0.000000e+000
         vertex 9.641814e-003 0.000000e+000 1.135093e-001
         vertex 5.130302e-003 0.000000e+000 1.109046e-001
      endloop
   endfacet
   facet normal 0.000000e+000 -1.000000e+000 0.000000e+000
      outer loop
         vertex 1.250000e-001 0.000000e+000 0.000000e+000
         vertex 5.130302e-003 0.000000e+000 1.109046e-001
         vertex 0.000000e+000 0.000000e+000 1.100000e-001
      endloop
   endfacet
   facet normal 0.000000e+000 -1.000000e+000 0.000000e+000
      outer loop
         vertex -1.299038e-002 0.000000e+000 1.175000e-001
         vertex -1.477212e-002 0.000000e+000 1.223953e-001
         vertex -1.250000e-001 0.000000e+000 0.000000e+000
      endloop
   endfacet
   facet normal 0.000000e+000 -1.000000e+000 0.000000e+000
      outer loop
         vertex -1.250000e-001 0.000000e+000 0.000000e+000
         vertex -1.477212e-002 0.000000e+000 1.223953e-001
         vertex -1.477212e-002 0.000000e+000 1.276047e-001
      endloop
   endfacet
   facet normal 0.000000e+000 -1.000000e+000 0.000000e+000
      outer loop
         vertex -1.250000e-001 0.000000e+000 0.000000e+000
         vertex -1.477212e-002 0.000000e+000 1.276047e-001
         vertex -1.250000e-001 0.000000e+000 5.000000e-001
      endloop
   endfacet
   facet normal 0.000000e+000 -1.000000e+000 0.000000e+000
      outer loop
         vertex -1.250000e-001 0.000000e+000 5.000000e-001
         vertex -1.477212e-002 0.000000e+000 1.276047e-001
         vertex -1.299038e-002 0.000000e+000 1.325000e-001
      endloop
   endfacet
   facet normal 0.000000e+000 -1.000000e+000 0.000000e+000
      outer loop
         vertex -1.250000e-001 0.000000e+000 5.000000e-001
         vertex -1.299038e-002 0.000000e+000 1.325000e-001
         vertex -9.641814e-003 0.000000e+000 1.364907e-001
      endloop
   endfacet
   facet normal 0.000000e+000 -1.000000e+000 0.000000e+000
      outer loop
         vertex 5.130302e-003 0.000000e+000 1.390954e-001
         vertex 9.641814e-003 0.000000e+000 1.364907e-001
         vertex 1.250000e-001 0.000000e+000 5.000000e-001
      endloop
   endfacet
   facet normal 0.000000e+000 -1.000000e+000 0.000000e+000
      outer loop
         vertex 1.250000e-001 0.000000e+000 5.000000e-001
         vertex 9.641814e-003 0.000000e+000 1.364907e-001
         vertex 1.299038e-002 0.000000e+000 1.325000e-001
      endloop
   endfacet
   facet normal 0.000000e+000 -1.000000e+000 0.000000e+000
      outer loop
         vertex 1.250000e-001 0.000000e+000 5.000000e-001
         vertex 1.299038e-002 0.000000e+000 1.325000e-001
         vertex 1.250000e-001 0.000000e+000 0.000000e+000
      endloop
   endfacet
   facet normal 0.000000e+000 -1.000000e+000 0.000000e+000
      outer loop
         vertex 1.250000e-001 0.000000e+000 0.000000e+000
         vertex 1.299038e-002 0.000000e+000 1.325000e-001
         vertex 1.477212e-002 0.000000e+000 1.276047e-001
      endloop
   endfacet
   facet normal 0.000000e+000 -1.000000e+000 0.000000e+000
      outer loop
         vertex 1.250000e-001 0.000000e+000 0.000000e+000
         vertex 1.477212e-002 0.000000e+000 1.276047e-001
         vertex 1.477212e-002 0.000000e+000 1.223953e-001
      endloop
   endfacet
   facet normal 0.000000e+000 -1.000000e+000 0.000000e+000
      outer loop
         vertex -5.130302e-003 0.000000e+000 3.609046e-001
         vertex -5.130302e-003 0.000000e+000 1.390954e-001
         vertex 0.000000e+000 0.000000e+000 3.600000e-001
      endloop
   endfacet
   facet normal 0.000000e+000 -1.000000e+000 0.000000e+000
      outer loop
         vertex 0.000000e+000 0.000000e+000 3.600000e-001
         vertex -5.130302e-003 0.000000e+000 1.390954e-001
         vertex 8.498308e-018 0.000000e+000 1.400000e-001
      endloop
   endfacet
   facet normal 0.000000e+000 -1.000000e+000 0.000000e+000
      outer loop
         vertex 0.000000e+000 0.000000e+000 3.600000e-001
         vertex 8.498308e-018 0.000000e+000 1.400000e-001
         vertex 5.130302e-003 0.000000e+000 3.609046e-001
      endloop
   endfacet
   facet normal 0.000000e+000 -1.000000e+000 0.000000e+000
      outer loop
         vertex 5.130302e-003 0.000000e+000 3.609046e-001
         vertex 8.498308e-018 0.000000e+000 1.400000e-001
         vertex 5.130302e-003 0.000000e+000 1.390954e-001
      endloop
   endfacet
   facet normal 0.000000e+000 -1.000000e+000 0.000000e+000
      outer loop
         vertex 5.130302e-003 0.000000e+000 3.609046e-001
         vertex 5.130302e-003 0.000000e+000 1.390954e-001
         vertex 9.641814e-003 0.000000e+000 3.635093e-001
      endloop
   endfacet
   facet normal 0.000000e+000 -1.000000e+000 0.000000e+000
      outer loop
         vertex -5.130302e-003 0.000000e+000 3.609046e-001
         vertex -9.641814e-003 0.000000e+000 3.635093e-001
         vertex -5.130302e-003 0.000000e+000 1.390954e-001
      endloop
   endfacet
   facet normal 0.000000e+000 -1.000000e+000 0.000000e+000
      outer loop
         vertex -5.130302e-003 0.000000e+000 1.390954e-001
         vertex -9.641814e-003 0.000000e+000 3.635093e-001
         vertex -1.299038e-002 0.000000e+000 3.675000e-001
      endloop
   endfacet
   facet normal 0.000000e+000 -1.000000e+000 0.000000e+000
      outer loop
         vertex -5.130302e-003 0.000000e+000 1.390954e-001
         vertex -1.299038e-002 0.000000e+000 3.675000e-001
         vertex -1.250000e-001 0.000000e+000 5.000000e-001
      endloop
   endfacet
   facet normal 0.000000e+000 -1.000000e+000 0.000000e+000
      outer loop
         vertex -1.250000e-001 0.000000e+000 5.000000e-001
         vertex -1.299038e-002 0.000000e+000 3.675000e-001
         vertex -1.477212e-002 0.000000e+000 3.723953e-001
      endloop
   endfacet
   facet normal 0.000000e+000 -1.000000e+000 0.000000e+000
      outer loop
         vertex -1.250000e-001 0.000000e+000 5.000000e-001
         vertex -1.477212e-002 0.000000e+000 3.723953e-001
         vertex -1.477212e-002 0.000000e+000 3.776047e-001
      endloop
   endfacet
   facet normal 0.000000e+000 -1.000000e+000 0.000000e+000
      outer loop
         vertex -5.130302e-003 0.000000e+000 3.890954e-001
         vertex 0.000000e+000 0.000000e+000 5.000000e-001
         vertex -9.641814e-003 0.000000e+000 3.864907e-001
      endloop
   endfacet
   facet normal 0.000000e+000 -1.000000e+000 0.000000e+000
      outer loop
         vertex -9.641814e-003 0.000000e+000 3.864907e-001
         vertex 0.000000e+000 0.000000e+000 5.000000e-001
         vertex -1.250000e-001 0.000000e+000 5.000000e-001
      endloop
   endfacet
   facet normal 0.000000e+000 -1.000000e+000 0.000000e+000
      outer loop
         vertex -9.641814e-003 0.000000e+000 3.864907e-001
         vertex -1.250000e-001 0.000000e+000 5.000000e-001
         vertex -1.299038e-002 0.000000e+000 3.825000e-001
      endloop
   endfacet
   facet normal 0.000000e+000 -1.000000e+000 0.000000e+000
      outer loop
         vertex -1.299038e-002 0.000000e+000 3.825000e-001
         vertex -1.250000e-001 0.000000e+000 5.000000e-001
         vertex -1.477212e-002 0.000000e+000 3.776047e-001
      endloop
   endfacet
   facet normal 0.000000e+000 -1.000000e+000 0.000000e+000
      outer loop
         vertex -5.130302e-003 0.000000e+000 3.890954e-001
         vertex 8.498308e-018 0.000000e+000 3.900000e-001
         vertex 0.000000e+000 0.000000e+000 5.000000e-001
      endloop
   endfacet
   facet normal 0.000000e+000 -1.000000e+000 0.000000e+000
      outer loop
         vertex 0.000000e+000 0.000000e+000 5.000000e-001
         vertex 8.498308e-018 0.000000e+000 3.900000e-001
         vertex 5.130302e-003 0.000000e+000 3.890954e-001
      endloop
   endfacet
   facet normal 0.000000e+000 -1.000000e+000 0.000000e+000
      outer loop
         vertex 0.000000e+000 0.000000e+000 5.000000e-001
         vertex 5.130302e-003 0.000000e+000 3.890954e-001
         vertex 1.250000e-001 0.000000e+000 5.000000e-001
      endloop
   endfacet
   facet normal 0.000000e+000 -1.000000e+000 0.000000e+000
      outer loop
         vertex 1.250000e-001 0.000000e+000 5.000000e-001
         vertex 5.130302e-003 0.000000e+000 3.890954e-001
         vertex 9.641814e-003 0.000000e+000 3.864907e-001
      endloop
   endfacet
   facet normal 0.000000e+000 -1.000000e+000 0.000000e+000
      outer loop
         vertex 1.250000e-001 0.000000e+000 5.000000e-001
         vertex 9.641814e-003 0.000000e+000 3.864907e-001
         vertex 1.299038e-002 0.000000e+000 3.825000e-001
      endloop
   endfacet
   facet normal 0.000000e+000 -1.000000e+000 0.000000e+000
      outer loop
         vertex 1.299038e-002 0.000000e+000 3.825000e-001
         vertex 1.477212e-002 0.000000e+000 3.776047e-001
         vertex 1.250000e-001 0.000000e+000 5.000000e-001
      endloop
   endfacet
   facet normal 0.000000e+000 -1.000000e+000 0.000000e+000
      outer loop
         vertex 1.250000e-001 0.000000e+000 5.000000e-001
         vertex 1.477212e-002 0.000000e+000 3.776047e-001
         vertex 1.477212e-002 0.000000e+000 3.723953e-001
      endloop
   endfacet
   facet normal 0.000000e+000 -1.000000e+000 0.000000e+000
      outer loop
         vertex 1.250000e-001 0.000000e+000 5.000000e-001
         vertex 1.477212e-002 0.000000e+000 3.723953e-001
         vertex 5.130302e-003 0.000000e+000 1.390954e-001
      endloop
   endfacet
   facet normal 0.000000e+000 -1.000000e+000 0.000000e+000
      outer loop
         vertex 5.130302e-003 0.000000e+000 1.390954e-001
         vertex 1.477212e-002 0.000000e+000 3.723953e-001
         vertex 1.299038e-002 0.000000e+000 3.675000e-001
      endloop
   endfacet
   facet normal 0.000000e+000 -1.000000e+000 0.000000e+000
      outer loop
         vertex 5.130302e-003 0.000000e+000 1.390954e-001
         vertex 1.299038e-002 0.000000e+000 3.675000e-001
         vertex 9.641814e-003 0.000000e+000 3.635093e-001
      endloop
   endfacet
   facet normal 1.000000e+000 0.000000e+000 0.000000e+000
      outer loop
         vertex 1.250000e-001 4.080000e-001 5.000000e-001
         vertex 1.250000e-001 0.000000e+000 5.000000e-001
         vertex 1.250000e-001 4.080000e-001 0.000000e+000
      endloop
   endfacet
   facet normal 1.000000e+000 0.000000e+000 0.000000e+000
      outer loop
         vertex 1.250000e-001 4.080000e-001 0.000000e+000
         vertex 1.250000e-001 0.000000e+000 5.000000e-001
         vertex 1.250000e-001 0.000000e+000 0.000000e+000
      endloop
   endfacet
   facet normal 8.191521e-001 -5.735765e-001 0.000000e+000
      outer loop
         vertex 4.075000e-001 8.114518e-001 5.000000e-001
         vertex 1.250000e-001 4.080000e-001 5.000000e-001
         vertex 4.075000e-001 8.114518e-001 -2.220446e-016
      endloop
   endfacet
   facet normal 8.191521e-001 -5.735765e-001 0.000000e+000
      outer loop
         vertex 4.075000e-001 8.114518e-001 -2.220446e-016
         vertex 1.250000e-001 4.080000e-001 5.000000e-001
         vertex 1.250000e-001 4.080000e-001 -2.220446e-016
      endloop
   endfacet
   facet normal 1.000000e+000 0.000000e+000 0.000000e+000
      outer loop
         vertex 4.075000e-001 9.000000e-001 5.000000e-001
         vertex 4.075000e-001 8.114518e-001 5.000000e-001
         vertex 4.075000e-001 9.000000e-001 0.000000e+000
      endloop
   endfacet
   facet normal 1.000000e+000 0.000000e+000 0.000000e+000
      outer loop
         vertex 4.075000e-001 9.000000e-001 0.000000e+000
         vertex 4.075000e-001 8.114518e-001 5.000000e-001
         vertex 4.075000e-001 8.114518e-001 0.000000e+000
      endloop
   endfacet
   facet normal 5.448948e-016 1.000000e+000 0.000000e+000
      outer loop
         vertex -4.075000e-001 9.000000e-001 5.000000e-001
         vertex 4.075000e-001 9.000000e-001 5.000000e-001
         vertex -4.075000e-001 9.000000e-001 0.000000e+000
      endloop
   endfacet
   facet normal 5.448948e-016 1.000000e+000 0.000000e+000
      outer loop
         vertex -4.075000e-001 9.000000e-001 0.000000e+000
         vertex 4.075000e-001 9.000000e-001 5.000000e-001
         vertex 4.075000e-001 9.000000e-001 0.000000e+000
      endloop
   endfacet
   facet normal 0.000000e+000 0.000000e+000 1.000000e+000
      outer loop
         vertex -1.250000e-001 4.080000e-001 5.000000e-001
         vertex 1.250000e-001 4.080000e-001 5.000000e-001
         vertex -4.075000e-001 8.114518e-001 5.000000e-001
      endloop
   endfacet
   facet normal 0.000000e+000 0.000000e+000 1.000000e+000
      outer loop
         vertex -4.075000e-001 8.114518e-001 5.000000e-001
         vertex 1.250000e-001 4.080000e-001 5.000000e-001
         vertex 4.075000e-001 8.114518e-001 5.000000e-001
      endloop
   endfacet
   facet normal 0.000000e+000 0.000000e+000 1.000000e+000
      outer loop
         vertex -4.075000e-001 8.114518e-001 5.000000e-001
         vertex 4.075000e-001 8.114518e-001 5.000000e-001
         vertex -4.075000e-001 9.000000e-001 5.000000e-001
      endloop
   endfacet
   facet normal 0.000000e+000 0.000000e+000 1.000000e+000
      outer loop
         vertex -4.075000e-001 9.000000e-001 5.000000e-001
         vertex 4.075000e-001 8.114518e-001 5.000000e-001
         vertex 4.075000e-001 9.000000e-001 5.000000e-001
      endloop
   endfacet
   facet normal 0.000000e+000 0.000000e+000 1.000000e+000
      outer loop
         vertex -1.250000e-001 0.000000e+000 5.000000e-001
         vertex -4.592426e-018 -2.775558e-017 5.000000e-001
         vertex -4.341205e-003 3.798062e-004 5.000000e-001
      endloop
   endfacet
   facet normal 0.000000e+000 0.000000e+000 1.000000e+000
      outer loop
         vertex -4.341205e-003 3.798062e-004 5.000000e-001
         vertex -1.250000e-002 3.349365e-003 5.000000e-001
         vertex -1.250000e-001 0.000000e+000 5.000000e-001
      endloop
   endfacet
   facet normal 0.000000e+000 0.000000e+000 1.000000e+000
      outer loop
         vertex -1.250000e-001 0.000000e+000 5.000000e-001
         vertex -1.250000e-002 3.349365e-003 5.000000e-001
         vertex -1.915111e-002 8.930310e-003 5.000000e-001
      endloop
   endfacet
   facet normal 0.000000e+000 0.000000e+000 1.000000e+000
      outer loop
         vertex -1.250000e-001 0.000000e+000 5.000000e-001
         vertex -1.915111e-002 8.930310e-003 5.000000e-001
         vertex -2.349232e-002 1.644950e-002 5.000000e-001
      endloop
   endfacet
   facet normal 0.000000e+000 0.000000e+000 1.000000e+000
      outer loop
         vertex 2.500000e-002 2.500000e-002 5.000000e-001
         vertex 2.349232e-002 1.644950e-002 5.000000e-001
         vertex 1.250000e-001 0.000000e+000 5.000000e-001
      endloop
   endfacet
   facet normal 0.000000e+000 0.000000e+000 1.000000e+000
      outer loop
         vertex 1.250000e-001 0.000000e+000 5.000000e-001
         vertex 2.349232e-002 1.644950e-002 5.000000e-001
         vertex 1.915111e-002 8.930310e-003 5.000000e-001
      endloop
   endfacet
   facet normal 0.000000e+000 0.000000e+000 1.000000e+000
      outer loop
         vertex 1.915111e-002 8.930310e-003 5.000000e-001
         vertex 1.250000e-002 3.349365e-003 5.000000e-001
         vertex 1.250000e-001 0.000000e+000 5.000000e-001
      endloop
   endfacet
   facet normal 0.000000e+000 0.000000e+000 1.000000e+000
      outer loop
         vertex 1.250000e-001 0.000000e+000 5.000000e-001
         vertex 1.250000e-002 3.349365e-003 5.000000e-001
         vertex 4.341205e-003 3.798062e-004 5.000000e-001
      endloop
   endfacet
   facet normal 0.000000e+000 0.000000e+000 1.000000e+000
      outer loop
         vertex 1.250000e-001 0.000000e+000 5.000000e-001
         vertex 4.341205e-003 3.798062e-004 5.000000e-001
         vertex -4.592426e-018 -2.775558e-017 5.000000e-001
      endloop
   endfacet
   facet normal 0.000000e+000 0.000000e+000 1.000000e+000
      outer loop
         vertex -2.349232e-002 1.644950e-002 5.000000e-001
         vertex -2.500000e-002 2.500000e-002 5.000000e-001
         vertex -1.250000e-001 0.000000e+000 5.000000e-001
      endloop
   endfacet
   facet normal 0.000000e+000 0.000000e+000 1.000000e+000
      outer loop
         vertex -1.250000e-001 0.000000e+000 5.000000e-001
         vertex -2.500000e-002 2.500000e-002 5.000000e-001
         vertex -2.349232e-002 3.355050e-002 5.000000e-001
      endloop
   endfacet
   facet normal 0.000000e+000 0.000000e+000 1.000000e+000
      outer loop
         vertex -1.250000e-001 0.000000e+000 5.000000e-001
         vertex -2.349232e-002 3.355050e-002 5.000000e-001
         vertex -1.250000e-001 4.080000e-001 5.000000e-001
      endloop
   endfacet
   facet normal 0.000000e+000 0.000000e+000 1.000000e+000
      outer loop
         vertex -1.250000e-001 4.080000e-001 5.000000e-001
         vertex -2.349232e-002 3.355050e-002 5.000000e-001
         vertex -1.915111e-002 4.106969e-002 5.000000e-001
      endloop
   endfacet
   facet normal 0.000000e+000 0.000000e+000 1.000000e+000
      outer loop
         vertex -1.915111e-002 4.106969e-002 5.000000e-001
         vertex -1.250000e-002 4.665064e-002 5.000000e-001
         vertex -1.250000e-001 4.080000e-001 5.000000e-001
      endloop
   endfacet
   facet normal 0.000000e+000 0.000000e+000 1.000000e+000
      outer loop
         vertex -1.250000e-001 4.080000e-001 5.000000e-001
         vertex -1.250000e-002 4.665064e-002 5.000000e-001
         vertex -4.341205e-003 4.962019e-002 5.000000e-001
      endloop
   endfacet
   facet normal 0.000000e+000 0.000000e+000 1.000000e+000
      outer loop
         vertex -1.250000e-001 4.080000e-001 5.000000e-001
         vertex -4.341205e-003 4.962019e-002 5.000000e-001
         vertex 1.250000e-001 4.080000e-001 5.000000e-001
      endloop
   endfacet
   facet normal 0.000000e+000 0.000000e+000 1.000000e+000
      outer loop
         vertex 1.250000e-001 4.080000e-001 5.000000e-001
         vertex -4.341205e-003 4.962019e-002 5.000000e-001
         vertex 4.341205e-003 4.962019e-002 5.000000e-001
      endloop
   endfacet
   facet normal 0.000000e+000 0.000000e+000 1.000000e+000
      outer loop
         vertex 4.341205e-003 4.962019e-002 5.000000e-001
         vertex 1.250000e-002 4.665064e-002 5.000000e-001
         vertex 1.250000e-001 4.080000e-001 5.000000e-001
      endloop
   endfacet
   facet normal 0.000000e+000 0.000000e+000 1.000000e+000
      outer loop
         vertex 1.250000e-001 4.080000e-001 5.000000e-001
         vertex 1.250000e-002 4.665064e-002 5.000000e-001
         vertex 1.915111e-002 4.106969e-002 5.000000e-001
      endloop
   endfacet
   facet normal 0.000000e+000 0.000000e+000 1.000000e+000
      outer loop
         vertex 1.250000e-001 4.080000e-001 5.000000e-001
         vertex 1.915111e-002 4.106969e-002 5.000000e-001
         vertex 1.250000e-001 0.000000e+000 5.000000e-001
      endloop
   endfacet
   facet normal 0.000000e+000 0.000000e+000 1.000000e+000
      outer loop
         vertex 1.250000e-001 0.000000e+000 5.000000e-001
         vertex 1.915111e-002 4.106969e-002 5.000000e-001
         vertex 2.349232e-002 3.355050e-002 5.000000e-001
      endloop
   endfacet
   facet normal 0.000000e+000 0.000000e+000 1.000000e+000
      outer loop
         vertex 1.250000e-001 0.000000e+000 5.000000e-001
         vertex 2.349232e-002 3.355050e-002 5.000000e-001
         vertex 2.500000e-002 2.500000e-002 5.000000e-001
      endloop
   endfacet
   facet normal 0.000000e+000 0.000000e+000 -1.000000e+000
      outer loop
         vertex -1.250000e-001 4.080000e-001 0.000000e+000
         vertex -4.075000e-001 8.114518e-001 0.000000e+000
         vertex -4.075000e-001 9.000000e-001 0.000000e+000
      endloop
   endfacet
   facet normal 0.000000e+000 0.000000e+000 -1.000000e+000
      outer loop
         vertex 4.075000e-001 9.000000e-001 0.000000e+000
         vertex 4.075000e-001 8.114518e-001 0.000000e+000
         vertex 1.250000e-001 4.080000e-001 0.000000e+000
      endloop
   endfacet
   facet normal 0.000000e+000 0.000000e+000 -1.000000e+000
      outer loop
         vertex -1.250000e-002 2.466506e-001 0.000000e+000
         vertex -1.915111e-002 2.410697e-001 0.000000e+000
         vertex -4.075000e-001 9.000000e-001 0.000000e+000
      endloop
   endfacet
   facet normal 0.000000e+000 0.000000e+000 -1.000000e+000
      outer loop
         vertex -4.075000e-001 9.000000e-001 0.000000e+000
         vertex -1.915111e-002 2.410697e-001 0.000000e+000
         vertex -2.349232e-002 2.335505e-001 0.000000e+000
      endloop
   endfacet
   facet normal 0.000000e+000 0.000000e+000 -1.000000e+000
      outer loop
         vertex -4.075000e-001 9.000000e-001 0.000000e+000
         vertex -2.349232e-002 2.335505e-001 0.000000e+000
         vertex -1.250000e-001 4.080000e-001 0.000000e+000
      endloop
   endfacet
   facet normal 0.000000e+000 0.000000e+000 -1.000000e+000
      outer loop
         vertex -1.250000e-001 4.080000e-001 0.000000e+000
         vertex -2.349232e-002 2.335505e-001 0.000000e+000
         vertex -2.500000e-002 2.250000e-001 0.000000e+000
      endloop
   endfacet
   facet normal 0.000000e+000 0.000000e+000 -1.000000e+000
      outer loop
         vertex -1.250000e-001 4.080000e-001 0.000000e+000
         vertex -2.500000e-002 2.250000e-001 0.000000e+000
         vertex -1.250000e-001 0.000000e+000 0.000000e+000
      endloop
   endfacet
   facet normal 0.000000e+000 0.000000e+000 -1.000000e+000
      outer loop
         vertex -1.250000e-001 0.000000e+000 0.000000e+000
         vertex -2.500000e-002 2.250000e-001 0.000000e+000
         vertex -2.349232e-002 2.164495e-001 0.000000e+000
      endloop
   endfacet
   facet normal 0.000000e+000 0.000000e+000 -1.000000e+000
      outer loop
         vertex -1.250000e-001 0.000000e+000 0.000000e+000
         vertex -2.349232e-002 2.164495e-001 0.000000e+000
         vertex -1.915111e-002 2.089303e-001 0.000000e+000
      endloop
   endfacet
   facet normal 0.000000e+000 0.000000e+000 -1.000000e+000
      outer loop
         vertex -1.915111e-002 2.089303e-001 0.000000e+000
         vertex -1.250000e-002 2.033494e-001 0.000000e+000
         vertex -1.250000e-001 0.000000e+000 0.000000e+000
      endloop
   endfacet
   facet normal 0.000000e+000 0.000000e+000 -1.000000e+000
      outer loop
         vertex -1.250000e-001 0.000000e+000 0.000000e+000
         vertex -1.250000e-002 2.033494e-001 0.000000e+000
         vertex -4.341205e-003 2.003798e-001 0.000000e+000
      endloop
   endfacet
   facet normal 0.000000e+000 0.000000e+000 -1.000000e+000
      outer loop
         vertex -1.250000e-001 0.000000e+000 0.000000e+000
         vertex -4.341205e-003 2.003798e-001 0.000000e+000
         vertex 1.250000e-001 0.000000e+000 0.000000e+000
      endloop
   endfacet
   facet normal 0.000000e+000 0.000000e+000 -1.000000e+000
      outer loop
         vertex 1.250000e-001 0.000000e+000 0.000000e+000
         vertex -4.341205e-003 2.003798e-001 0.000000e+000
         vertex 4.341205e-003 2.003798e-001 0.000000e+000
      endloop
   endfacet
   facet normal 0.000000e+000 0.000000e+000 -1.000000e+000
      outer loop
         vertex 1.250000e-001 0.000000e+000 0.000000e+000
         vertex 4.341205e-003 2.003798e-001 0.000000e+000
         vertex 1.250000e-002 2.033494e-001 0.000000e+000
      endloop
   endfacet
   facet normal 0.000000e+000 0.000000e+000 -1.000000e+000
      outer loop
         vertex 1.250000e-002 2.033494e-001 0.000000e+000
         vertex 1.915111e-002 2.089303e-001 0.000000e+000
         vertex 1.250000e-001 0.000000e+000 0.000000e+000
      endloop
   endfacet
   facet normal 0.000000e+000 0.000000e+000 -1.000000e+000
      outer loop
         vertex 1.250000e-001 0.000000e+000 0.000000e+000
         vertex 1.915111e-002 2.089303e-001 0.000000e+000
         vertex 2.349232e-002 2.164495e-001 0.000000e+000
      endloop
   endfacet
   facet normal 0.000000e+000 0.000000e+000 -1.000000e+000
      outer loop
         vertex 1.250000e-001 0.000000e+000 0.000000e+000
         vertex 2.349232e-002 2.164495e-001 0.000000e+000
         vertex 1.250000e-001 4.080000e-001 0.000000e+000
      endloop
   endfacet
   facet normal 0.000000e+000 0.000000e+000 -1.000000e+000
      outer loop
         vertex 1.250000e-001 4.080000e-001 0.000000e+000
         vertex 2.349232e-002 2.164495e-001 0.000000e+000
         vertex 2.500000e-002 2.250000e-001 0.000000e+000
      endloop
   endfacet
   facet normal 0.000000e+000 0.000000e+000 -1.000000e+000
      outer loop
         vertex 1.250000e-001 4.080000e-001 0.000000e+000
         vertex 2.500000e-002 2.250000e-001 0.000000e+000
         vertex 2.349232e-002 2.335505e-001 0.000000e+000
      endloop
   endfacet
   facet normal 0.000000e+000 0.000000e+000 -1.000000e+000
      outer loop
         vertex 2.349232e-002 2.335505e-001 0.000000e+000
         vertex 1.915111e-002 2.410697e-001 0.000000e+000
         vertex 1.250000e-001 4.080000e-001 0.000000e+000
      endloop
   endfacet
   facet normal 0.000000e+000 0.000000e+000 -1.000000e+000
      outer loop
         vertex 1.250000e-001 4.080000e-001 0.000000e+000
         vertex 1.915111e-002 2.410697e-001 0.000000e+000
         vertex 1.250000e-002 2.466506e-001 0.000000e+000
      endloop
   endfacet
   facet normal 0.000000e+000 0.000000e+000 -1.000000e+000
      outer loop
         vertex 1.250000e-001 4.080000e-001 0.000000e+000
         vertex 1.250000e-002 2.466506e-001 0.000000e+000
         vertex 4.075000e-001 9.000000e-001 0.000000e+000
      endloop
   endfacet
   facet normal 0.000000e+000 0.000000e+000 -1.000000e+000
      outer loop
         vertex 4.075000e-001 9.000000e-001 0.000000e+000
         vertex 1.250000e-002 2.466506e-001 0.000000e+000
         vertex 4.341205e-003 2.496202e-001 0.000000e+000
      endloop
   endfacet
   facet normal 0.000000e+000 0.000000e+000 -1.000000e+000
      outer loop
         vertex 4.075000e-001 9.000000e-001 0.000000e+000
         vertex 4.341205e-003 2.496202e-001 0.000000e+000
         vertex -4.075000e-001 9.000000e-001 0.000000e+000
      endloop
   endfacet
   facet normal 0.000000e+000 0.000000e+000 -1.000000e+000
      outer loop
         vertex -4.075000e-001 9.000000e-001 0.000000e+000
         vertex 4.341205e-003 2.496202e-001 0.000000e+000
         vertex -4.341205e-003 2.496202e-001 0.000000e+000
      endloop
   endfacet
   facet normal 0.000000e+000 0.000000e+000 -1.000000e+000
      outer loop
         vertex -4.075000e-001 9.000000e-001 0.000000e+000
         vertex -4.341205e-003 2.496202e-001 0.000000e+000
         vertex -1.250000e-002 2.466506e-001 0.000000e+000
      endloop
   endfacet
   facet normal 0.000000e+000 -1.000000e+000 0.000000e+000
      outer loop
         vertex -6.427876e-003 3.000000e-002 1.173396e-001
         vertex -3.420201e-003 3.000000e-002 1.156031e-001
         vertex 0.000000e+000 3.000000e-002 1.250000e-001
      endloop
   endfacet
   facet normal 0.000000e+000 -1.000000e+000 0.000000e+000
      outer loop
         vertex 0.000000e+000 3.000000e-002 1.250000e-001
         vertex -3.420201e-003 3.000000e-002 1.156031e-001
         vertex -2.449294e-018 3.000000e-002 1.150000e-001
      endloop
   endfacet
   facet normal 0.000000e+000 -1.000000e+000 0.000000e+000
      outer loop
         vertex 0.000000e+000 3.000000e-002 1.250000e-001
         vertex -2.449294e-018 3.000000e-002 1.150000e-001
         vertex 3.420201e-003 3.000000e-002 1.156031e-001
      endloop
   endfacet
   facet normal 0.000000e+000 -1.000000e+000 0.000000e+000
      outer loop
         vertex -9.848078e-003 3.000000e-002 1.267365e-001
         vertex -9.848078e-003 3.000000e-002 1.232635e-001
         vertex 0.000000e+000 3.000000e-002 1.250000e-001
      endloop
   endfacet
   facet normal 0.000000e+000 -1.000000e+000 0.000000e+000
      outer loop
         vertex 0.000000e+000 3.000000e-002 1.250000e-001
         vertex -9.848078e-003 3.000000e-002 1.232635e-001
         vertex -8.660254e-003 3.000000e-002 1.200000e-001
      endloop
   endfacet
   facet normal 0.000000e+000 -1.000000e+000 0.000000e+000
      outer loop
         vertex 0.000000e+000 3.000000e-002 1.250000e-001
         vertex -8.660254e-003 3.000000e-002 1.200000e-001
         vertex -6.427876e-003 3.000000e-002 1.173396e-001
      endloop
   endfacet
   facet normal 0.000000e+000 -1.000000e+000 0.000000e+000
      outer loop
         vertex -3.420201e-003 3.000000e-002 1.343969e-001
         vertex -6.427876e-003 3.000000e-002 1.326604e-001
         vertex 0.000000e+000 3.000000e-002 1.250000e-001
      endloop
   endfacet
   facet normal 0.000000e+000 -1.000000e+000 0.000000e+000
      outer loop
         vertex 0.000000e+000 3.000000e-002 1.250000e-001
         vertex -6.427876e-003 3.000000e-002 1.326604e-001
         vertex -8.660254e-003 3.000000e-002 1.300000e-001
      endloop
   endfacet
   facet normal 0.000000e+000 -1.000000e+000 0.000000e+000
      outer loop
         vertex 0.000000e+000 3.000000e-002 1.250000e-001
         vertex -8.660254e-003 3.000000e-002 1.300000e-001
         vertex -9.848078e-003 3.000000e-002 1.267365e-001
      endloop
   endfacet
   facet normal 0.000000e+000 -1.000000e+000 0.000000e+000
      outer loop
         vertex 6.427876e-003 3.000000e-002 1.326604e-001
         vertex 3.420201e-003 3.000000e-002 1.343969e-001
         vertex 0.000000e+000 3.000000e-002 1.250000e-001
      endloop
   endfacet
   facet normal 0.000000e+000 -1.000000e+000 0.000000e+000
      outer loop
         vertex 0.000000e+000 3.000000e-002 1.250000e-001
         vertex 3.420201e-003 3.000000e-002 1.343969e-001
         vertex 1.224647e-018 3.000000e-002 1.350000e-001
      endloop
   endfacet
   facet normal 0.000000e+000 -1.000000e+000 0.000000e+000
      outer loop
         vertex 0.000000e+000 3.000000e-002 1.250000e-001
         vertex 1.224647e-018 3.000000e-002 1.350000e-001
         vertex -3.420201e-003 3.000000e-002 1.343969e-001
      endloop
   endfacet
   facet normal 0.000000e+000 -1.000000e+000 0.000000e+000
      outer loop
         vertex 9.848078e-003 3.000000e-002 1.232635e-001
         vertex 9.848078e-003 3.000000e-002 1.267365e-001
         vertex 0.000000e+000 3.000000e-002 1.250000e-001
      endloop
   endfacet
   facet normal 0.000000e+000 -1.000000e+000 0.000000e+000
      outer loop
         vertex 0.000000e+000 3.000000e-002 1.250000e-001
         vertex 9.848078e-003 3.000000e-002 1.267365e-001
         vertex 8.660254e-003 3.000000e-002 1.300000e-001
      endloop
   endfacet
   facet normal 0.000000e+000 -1.000000e+000 0.000000e+000
      outer loop
         vertex 0.000000e+000 3.000000e-002 1.250000e-001
         vertex 8.660254e-003 3.000000e-002 1.300000e-001
         vertex 6.427876e-003 3.000000e-002 1.326604e-001
      endloop
   endfacet
   facet normal 0.000000e+000 -1.000000e+000 0.000000e+000
      outer loop
         vertex 3.420201e-003 3.000000e-002 1.156031e-001
         vertex 6.427876e-003 3.000000e-002 1.173396e-001
         vertex 0.000000e+000 3.000000e-002 1.250000e-001
      endloop
   endfacet
   facet normal 0.000000e+000 -1.000000e+000 0.000000e+000
      outer loop
         vertex 0.000000e+000 3.000000e-002 1.250000e-001
         vertex 6.427876e-003 3.000000e-002 1.173396e-001
         vertex 8.660254e-003 3.000000e-002 1.200000e-001
      endloop
   endfacet
   facet normal 0.000000e+000 -1.000000e+000 0.000000e+000
      outer loop
         vertex 0.000000e+000 3.000000e-002 1.250000e-001
         vertex 8.660254e-003 3.000000e-002 1.200000e-001
         vertex 9.848078e-003 3.000000e-002 1.232635e-001
      endloop
   endfacet
   facet normal -3.998943e-001 -4.520868e-001 7.973093e-001
      outer loop
         vertex 3.420201e-003 3.000000e-002 1.156031e-001
         vertex 5.130302e-003 2.000000e-002 1.109046e-001
         vertex 6.427876e-003 3.000000e-002 1.173396e-001
      endloop
   endfacet
   facet normal -4.905429e-001 -4.520867e-001 7.449732e-001
      outer loop
         vertex 6.427876e-003 3.000000e-002 1.173396e-001
         vertex 5.130302e-003 2.000000e-002 1.109046e-001
         vertex 9.641814e-003 2.000000e-002 1.135093e-001
      endloop
   endfacet
   facet normal -6.484736e-001 -4.520868e-001 6.124538e-001
      outer loop
         vertex 6.427876e-003 3.000000e-002 1.173396e-001
         vertex 9.641814e-003 2.000000e-002 1.135093e-001
         vertex 8.660254e-003 3.000000e-002 1.200000e-001
      endloop
   endfacet
   facet normal -7.157555e-001 -4.520868e-001 5.322703e-001
      outer loop
         vertex 8.660254e-003 3.000000e-002 1.200000e-001
         vertex 9.641814e-003 2.000000e-002 1.135093e-001
         vertex 1.299038e-002 2.000000e-002 1.175000e-001
      endloop
   endfacet
   facet normal -8.188373e-001 -4.520868e-001 3.537273e-001
      outer loop
         vertex 8.660254e-003 3.000000e-002 1.200000e-001
         vertex 1.299038e-002 2.000000e-002 1.175000e-001
         vertex 9.848078e-003 3.000000e-002 1.232635e-001
      endloop
   endfacet
   facet normal -8.546373e-001 -4.520868e-001 2.553676e-001
      outer loop
         vertex 9.848078e-003 3.000000e-002 1.232635e-001
         vertex 1.299038e-002 2.000000e-002 1.175000e-001
         vertex 1.477212e-002 2.000000e-002 1.223953e-001
      endloop
   endfacet
   facet normal -8.904372e-001 -4.520868e-001 5.233604e-002
      outer loop
         vertex 9.848078e-003 3.000000e-002 1.232635e-001
         vertex 1.477212e-002 2.000000e-002 1.223953e-001
         vertex 9.848078e-003 3.000000e-002 1.267365e-001
      endloop
   endfacet
   facet normal -8.904372e-001 -4.520868e-001 -5.233604e-002
      outer loop
         vertex 9.848078e-003 3.000000e-002 1.267365e-001
         vertex 1.477212e-002 2.000000e-002 1.223953e-001
         vertex 1.477212e-002 2.000000e-002 1.276047e-001
      endloop
   endfacet
   facet normal -8.546373e-001 -4.520868e-001 -2.553677e-001
      outer loop
         vertex 9.848078e-003 3.000000e-002 1.267365e-001
         vertex 1.477212e-002 2.000000e-002 1.276047e-001
         vertex 8.660254e-003 3.000000e-002 1.300000e-001
      endloop
   endfacet
   facet normal -8.188373e-001 -4.520868e-001 -3.537273e-001
      outer loop
         vertex 8.660254e-003 3.000000e-002 1.300000e-001
         vertex 1.477212e-002 2.000000e-002 1.276047e-001
         vertex 1.299038e-002 2.000000e-002 1.325000e-001
      endloop
   endfacet
   facet normal -7.157555e-001 -4.520868e-001 -5.322703e-001
      outer loop
         vertex 8.660254e-003 3.000000e-002 1.300000e-001
         vertex 1.299038e-002 2.000000e-002 1.325000e-001
         vertex 6.427876e-003 3.000000e-002 1.326604e-001
      endloop
   endfacet
   facet normal -6.484736e-001 -4.520868e-001 -6.124538e-001
      outer loop
         vertex 6.427876e-003 3.000000e-002 1.326604e-001
         vertex 1.299038e-002 2.000000e-002 1.325000e-001
         vertex 9.641814e-003 2.000000e-002 1.364907e-001
      endloop
   endfacet
   facet normal -4.905429e-001 -4.520867e-001 -7.449732e-001
      outer loop
         vertex 6.427876e-003 3.000000e-002 1.326604e-001
         vertex 9.641814e-003 2.000000e-002 1.364907e-001
         vertex 3.420201e-003 3.000000e-002 1.343969e-001
      endloop
   endfacet
   facet normal -3.998943e-001 -4.520868e-001 -7.973093e-001
      outer loop
         vertex 3.420201e-003 3.000000e-002 1.343969e-001
         vertex 9.641814e-003 2.000000e-002 1.364907e-001
         vertex 5.130302e-003 2.000000e-002 1.390954e-001
      endloop
   endfacet
   facet normal -2.061637e-001 -4.520868e-001 -8.678215e-001
      outer loop
         vertex 3.420201e-003 3.000000e-002 1.343969e-001
         vertex 5.130302e-003 2.000000e-002 1.390954e-001
         vertex 3.885781e-018 3.000000e-002 1.350000e-001
      endloop
   endfacet
   facet normal -1.030819e-001 -4.520868e-001 -8.859975e-001
      outer loop
         vertex 3.885781e-018 3.000000e-002 1.350000e-001
         vertex 5.130302e-003 2.000000e-002 1.390954e-001
         vertex 5.828671e-018 2.000000e-002 1.400000e-001
      endloop
   endfacet
   facet normal 1.030819e-001 -4.520868e-001 -8.859975e-001
      outer loop
         vertex 3.885781e-018 3.000000e-002 1.350000e-001
         vertex 5.828671e-018 2.000000e-002 1.400000e-001
         vertex -3.420201e-003 3.000000e-002 1.343969e-001
      endloop
   endfacet
   facet normal 2.061637e-001 -4.520868e-001 -8.678215e-001
      outer loop
         vertex -3.420201e-003 3.000000e-002 1.343969e-001
         vertex 5.828671e-018 2.000000e-002 1.400000e-001
         vertex -5.130302e-003 2.000000e-002 1.390954e-001
      endloop
   endfacet
   facet normal 3.998943e-001 -4.520868e-001 -7.973093e-001
      outer loop
         vertex -3.420201e-003 3.000000e-002 1.343969e-001
         vertex -5.130302e-003 2.000000e-002 1.390954e-001
         vertex -6.427876e-003 3.000000e-002 1.326604e-001
      endloop
   endfacet
   facet normal 4.905429e-001 -4.520867e-001 -7.449732e-001
      outer loop
         vertex -6.427876e-003 3.000000e-002 1.326604e-001
         vertex -5.130302e-003 2.000000e-002 1.390954e-001
         vertex -9.641814e-003 2.000000e-002 1.364907e-001
      endloop
   endfacet
   facet normal 6.484736e-001 -4.520868e-001 -6.124538e-001
      outer loop
         vertex -6.427876e-003 3.000000e-002 1.326604e-001
         vertex -9.641814e-003 2.000000e-002 1.364907e-001
         vertex -8.660254e-003 3.000000e-002 1.300000e-001
      endloop
   endfacet
   facet normal 7.157555e-001 -4.520868e-001 -5.322703e-001
      outer loop
         vertex -8.660254e-003 3.000000e-002 1.300000e-001
         vertex -9.641814e-003 2.000000e-002 1.364907e-001
         vertex -1.299038e-002 2.000000e-002 1.325000e-001
      endloop
   endfacet
   facet normal 8.188373e-001 -4.520868e-001 -3.537273e-001
      outer loop
         vertex -8.660254e-003 3.000000e-002 1.300000e-001
         vertex -1.299038e-002 2.000000e-002 1.325000e-001
         vertex -9.848078e-003 3.000000e-002 1.267365e-001
      endloop
   endfacet
   facet normal 8.546373e-001 -4.520868e-001 -2.553676e-001
      outer loop
         vertex -9.848078e-003 3.000000e-002 1.267365e-001
         vertex -1.299038e-002 2.000000e-002 1.325000e-001
         vertex -1.477212e-002 2.000000e-002 1.276047e-001
      endloop
   endfacet
   facet normal 8.904372e-001 -4.520868e-001 -5.233604e-002
      outer loop
         vertex -9.848078e-003 3.000000e-002 1.267365e-001
         vertex -1.477212e-002 2.000000e-002 1.276047e-001
         vertex -9.848078e-003 3.000000e-002 1.232635e-001
      endloop
   endfacet
   facet normal 8.904372e-001 -4.520868e-001 5.233604e-002
      outer loop
         vertex -9.848078e-003 3.000000e-002 1.232635e-001
         vertex -1.477212e-002 2.000000e-002 1.276047e-001
         vertex -1.477212e-002 2.000000e-002 1.223953e-001
      endloop
   endfacet
   facet normal 8.546373e-001 -4.520868e-001 2.553677e-001
      outer loop
         vertex -9.848078e-003 3.000000e-002 1.232635e-001
         vertex -1.477212e-002 2.000000e-002 1.223953e-001
         vertex -8.660254e-003 3.000000e-002 1.200000e-001
      endloop
   endfacet
   facet normal 8.188373e-001 -4.520868e-001 3.537273e-001
      outer loop
         vertex -8.660254e-003 3.000000e-002 1.200000e-001
         vertex -1.477212e-002 2.000000e-002 1.223953e-001
         vertex -1.299038e-002 2.000000e-002 1.175000e-001
      endloop
   endfacet
   facet normal 7.157555e-001 -4.520868e-001 5.322703e-001
      outer loop
         vertex -8.660254e-003 3.000000e-002 1.200000e-001
         vertex -1.299038e-002 2.000000e-002 1.175000e-001
         vertex -6.427876e-003 3.000000e-002 1.173396e-001
      endloop
   endfacet
   facet normal 6.484736e-001 -4.520868e-001 6.124538e-001
      outer loop
         vertex -6.427876e-003 3.000000e-002 1.173396e-001
         vertex -1.299038e-002 2.000000e-002 1.175000e-001
         vertex -9.641814e-003 2.000000e-002 1.135093e-001
      endloop
   endfacet
   facet normal 4.905429e-001 -4.520867e-001 7.449732e-001
      outer loop
         vertex -6.427876e-003 3.000000e-002 1.173396e-001
         vertex -9.641814e-003 2.000000e-002 1.135093e-001
         vertex -3.420201e-003 3.000000e-002 1.156031e-001
      endloop
   endfacet
   facet normal 3.998943e-001 -4.520868e-001 7.973093e-001
      outer loop
         vertex -3.420201e-003 3.000000e-002 1.156031e-001
         vertex -9.641814e-003 2.000000e-002 1.135093e-001
         vertex -5.130302e-003 2.000000e-002 1.109046e-001
      endloop
   endfacet
   facet normal 2.061637e-001 -4.520868e-001 8.678215e-001
      outer loop
         vertex -3.420201e-003 3.000000e-002 1.156031e-001
         vertex -5.130302e-003 2.000000e-002 1.109046e-001
         vertex 0.000000e+000 3.000000e-002 1.150000e-001
      endloop
   endfacet
   facet normal 1.030819e-001 -4.520868e-001 8.859975e-001
      outer loop
         vertex 0.000000e+000 3.000000e-002 1.150000e-001
         vertex -5.130302e-003 2.000000e-002 1.109046e-001
         vertex 0.000000e+000 2.000000e-002 1.100000e-001
      endloop
   endfacet
   facet normal -1.030819e-001 -4.520868e-001 8.859975e-001
      outer loop
         vertex 0.000000e+000 3.000000e-002 1.150000e-001
         vertex 0.000000e+000 2.000000e-002 1.100000e-001
         vertex 3.420201e-003 3.000000e-002 1.156031e-001
      endloop
   endfacet
   facet normal -2.061637e-001 -4.520868e-001 8.678215e-001
      outer loop
         vertex 3.420201e-003 3.000000e-002 1.156031e-001
         vertex 0.000000e+000 2.000000e-002 1.100000e-001
         vertex 5.130302e-003 2.000000e-002 1.109046e-001
      endloop
   endfacet
   facet normal -1.155660e-001 0.000000e+000 9.932998e-001
      outer loop
         vertex -3.673940e-018 2.000000e-002 1.100000e-001
         vertex -3.673940e-018 -7.979728e-017 1.100000e-001
         vertex 5.130302e-003 2.000000e-002 1.109046e-001
      endloop
   endfacet
   facet normal -2.311320e-001 0.000000e+000 9.729224e-001
      outer loop
         vertex 5.130302e-003 2.000000e-002 1.109046e-001
         vertex -3.673940e-018 -7.979728e-017 1.100000e-001
         vertex 5.130302e-003 -7.979728e-017 1.109046e-001
      endloop
   endfacet
   facet normal -4.483251e-001 0.000000e+000 8.938706e-001
      outer loop
         vertex 5.130302e-003 2.000000e-002 1.109046e-001
         vertex 5.130302e-003 -7.979728e-017 1.109046e-001
         vertex 9.641814e-003 2.000000e-002 1.135093e-001
      endloop
   endfacet
   facet normal -5.499521e-001 0.000000e+000 8.351962e-001
      outer loop
         vertex 9.641814e-003 2.000000e-002 1.135093e-001
         vertex 5.130302e-003 -7.979728e-017 1.109046e-001
         vertex 9.641814e-003 -7.979728e-017 1.135093e-001
      endloop
   endfacet
   facet normal -7.270095e-001 0.000000e+000 6.866274e-001
      outer loop
         vertex 9.641814e-003 2.000000e-002 1.135093e-001
         vertex 9.641814e-003 -7.979728e-017 1.135093e-001
         vertex 1.299038e-002 2.000000e-002 1.175000e-001
      endloop
   endfacet
   facet normal -8.024399e-001 0.000000e+000 5.967330e-001
      outer loop
         vertex 1.299038e-002 2.000000e-002 1.175000e-001
         vertex 9.641814e-003 -7.979728e-017 1.135093e-001
         vertex 1.299038e-002 -7.979728e-017 1.175000e-001
      endloop
   endfacet
   facet normal -9.180059e-001 0.000000e+000 3.965668e-001
      outer loop
         vertex 1.299038e-002 2.000000e-002 1.175000e-001
         vertex 1.299038e-002 -7.979728e-017 1.175000e-001
         vertex 1.477212e-002 2.000000e-002 1.223953e-001
      endloop
   endfacet
   facet normal -9.581415e-001 0.000000e+000 2.862950e-001
      outer loop
         vertex 1.477212e-002 2.000000e-002 1.223953e-001
         vertex 1.299038e-002 -7.979728e-017 1.175000e-001
         vertex 1.477212e-002 -7.979728e-017 1.223953e-001
      endloop
   endfacet
   facet normal -9.982772e-001 0.000000e+000 5.867440e-002
      outer loop
         vertex 1.477212e-002 2.000000e-002 1.223953e-001
         vertex 1.477212e-002 -7.979728e-017 1.223953e-001
         vertex 1.477212e-002 2.000000e-002 1.276047e-001
      endloop
   endfacet
   facet normal -9.982772e-001 0.000000e+000 -5.867440e-002
      outer loop
         vertex 1.477212e-002 2.000000e-002 1.276047e-001
         vertex 1.477212e-002 -7.979728e-017 1.223953e-001
         vertex 1.477212e-002 -7.979728e-017 1.276047e-001
      endloop
   endfacet
   facet normal -9.581415e-001 0.000000e+000 -2.862950e-001
      outer loop
         vertex 1.477212e-002 2.000000e-002 1.276047e-001
         vertex 1.477212e-002 -7.979728e-017 1.276047e-001
         vertex 1.299038e-002 2.000000e-002 1.325000e-001
      endloop
   endfacet
   facet normal -9.180059e-001 0.000000e+000 -3.965668e-001
      outer loop
         vertex 1.299038e-002 2.000000e-002 1.325000e-001
         vertex 1.477212e-002 -7.979728e-017 1.276047e-001
         vertex 1.299038e-002 -7.979728e-017 1.325000e-001
      endloop
   endfacet
   facet normal -8.024399e-001 0.000000e+000 -5.967330e-001
      outer loop
         vertex 1.299038e-002 2.000000e-002 1.325000e-001
         vertex 1.299038e-002 -7.979728e-017 1.325000e-001
         vertex 9.641814e-003 2.000000e-002 1.364907e-001
      endloop
   endfacet
   facet normal -7.270095e-001 0.000000e+000 -6.866274e-001
      outer loop
         vertex 9.641814e-003 2.000000e-002 1.364907e-001
         vertex 1.299038e-002 -7.979728e-017 1.325000e-001
         vertex 9.641814e-003 -7.979728e-017 1.364907e-001
      endloop
   endfacet
   facet normal -5.499521e-001 0.000000e+000 -8.351962e-001
      outer loop
         vertex 9.641814e-003 2.000000e-002 1.364907e-001
         vertex 9.641814e-003 -7.979728e-017 1.364907e-001
         vertex 5.130302e-003 2.000000e-002 1.390954e-001
      endloop
   endfacet
   facet normal -4.483251e-001 0.000000e+000 -8.938706e-001
      outer loop
         vertex 5.130302e-003 2.000000e-002 1.390954e-001
         vertex 9.641814e-003 -7.979728e-017 1.364907e-001
         vertex 5.130302e-003 -7.979728e-017 1.390954e-001
      endloop
   endfacet
   facet normal -2.311320e-001 0.000000e+000 -9.729224e-001
      outer loop
         vertex 5.130302e-003 2.000000e-002 1.390954e-001
         vertex 5.130302e-003 -7.979728e-017 1.390954e-001
         vertex 8.498308e-018 2.000000e-002 1.400000e-001
      endloop
   endfacet
   facet normal -1.155660e-001 0.000000e+000 -9.932998e-001
      outer loop
         vertex 8.498308e-018 2.000000e-002 1.400000e-001
         vertex 5.130302e-003 -7.979728e-017 1.390954e-001
         vertex 8.498308e-018 -7.979728e-017 1.400000e-001
      endloop
   endfacet
   facet normal 1.155660e-001 0.000000e+000 -9.932998e-001
      outer loop
         vertex 8.498308e-018 2.000000e-002 1.400000e-001
         vertex 8.498308e-018 -7.979728e-017 1.400000e-001
         vertex -5.130302e-003 2.000000e-002 1.390954e-001
      endloop
   endfacet
   facet normal 2.311320e-001 0.000000e+000 -9.729224e-001
      outer loop
         vertex -5.130302e-003 2.000000e-002 1.390954e-001
         vertex 8.498308e-018 -7.979728e-017 1.400000e-001
         vertex -5.130302e-003 -7.979728e-017 1.390954e-001
      endloop
   endfacet
   facet normal 4.483251e-001 0.000000e+000 -8.938706e-001
      outer loop
         vertex -5.130302e-003 2.000000e-002 1.390954e-001
         vertex -5.130302e-003 -7.979728e-017 1.390954e-001
         vertex -9.641814e-003 2.000000e-002 1.364907e-001
      endloop
   endfacet
   facet normal 5.499521e-001 0.000000e+000 -8.351962e-001
      outer loop
         vertex -9.641814e-003 2.000000e-002 1.364907e-001
         vertex -5.130302e-003 -7.979728e-017 1.390954e-001
         vertex -9.641814e-003 -7.979728e-017 1.364907e-001
      endloop
   endfacet
   facet normal 7.270095e-001 0.000000e+000 -6.866274e-001
      outer loop
         vertex -9.641814e-003 2.000000e-002 1.364907e-001
         vertex -9.641814e-003 -7.979728e-017 1.364907e-001
         vertex -1.299038e-002 2.000000e-002 1.325000e-001
      endloop
   endfacet
   facet normal 8.024399e-001 0.000000e+000 -5.967330e-001
      outer loop
         vertex -1.299038e-002 2.000000e-002 1.325000e-001
         vertex -9.641814e-003 -7.979728e-017 1.364907e-001
         vertex -1.299038e-002 -7.979728e-017 1.325000e-001
      endloop
   endfacet
   facet normal 9.180059e-001 0.000000e+000 -3.965668e-001
      outer loop
         vertex -1.299038e-002 2.000000e-002 1.325000e-001
         vertex -1.299038e-002 -7.979728e-017 1.325000e-001
         vertex -1.477212e-002 2.000000e-002 1.276047e-001
      endloop
   endfacet
   facet normal 9.581415e-001 0.000000e+000 -2.862950e-001
      outer loop
         vertex -1.477212e-002 2.000000e-002 1.276047e-001
         vertex -1.299038e-002 -7.979728e-017 1.325000e-001
         vertex -1.477212e-002 -7.979728e-017 1.276047e-001
      endloop
   endfacet
   facet normal 9.982772e-001 0.000000e+000 -5.867440e-002
      outer loop
         vertex -1.477212e-002 2.000000e-002 1.276047e-001
         vertex -1.477212e-002 -7.979728e-017 1.276047e-001
         vertex -1.477212e-002 2.000000e-002 1.223953e-001
      endloop
   endfacet
   facet normal 9.982772e-001 0.000000e+000 5.867440e-002
      outer loop
         vertex -1.477212e-002 2.000000e-002 1.223953e-001
         vertex -1.477212e-002 -7.979728e-017 1.276047e-001
         vertex -1.477212e-002 -7.979728e-017 1.223953e-001
      endloop
   endfacet
   facet normal 9.581415e-001 0.000000e+000 2.862950e-001
      outer loop
         vertex -1.477212e-002 2.000000e-002 1.223953e-001
         vertex -1.477212e-002 -7.979728e-017 1.223953e-001
         vertex -1.299038e-002 2.000000e-002 1.175000e-001
      endloop
   endfacet
   facet normal 9.180059e-001 0.000000e+000 3.965668e-001
      outer loop
         vertex -1.299038e-002 2.000000e-002 1.175000e-001
         vertex -1.477212e-002 -7.979728e-017 1.223953e-001
         vertex -1.299038e-002 -7.979728e-017 1.175000e-001
      endloop
   endfacet
   facet normal 8.024399e-001 0.000000e+000 5.967330e-001
      outer loop
         vertex -1.299038e-002 2.000000e-002 1.175000e-001
         vertex -1.299038e-002 -7.979728e-017 1.175000e-001
         vertex -9.641814e-003 2.000000e-002 1.135093e-001
      endloop
   endfacet
   facet normal 7.270095e-001 0.000000e+000 6.866274e-001
      outer loop
         vertex -9.641814e-003 2.000000e-002 1.135093e-001
         vertex -1.299038e-002 -7.979728e-017 1.175000e-001
         vertex -9.641814e-003 -7.979728e-017 1.135093e-001
      endloop
   endfacet
   facet normal 5.499521e-001 0.000000e+000 8.351962e-001
      outer loop
         vertex -9.641814e-003 2.000000e-002 1.135093e-001
         vertex -9.641814e-003 -7.979728e-017 1.135093e-001
         vertex -5.130302e-003 2.000000e-002 1.109046e-001
      endloop
   endfacet
   facet normal 4.483251e-001 0.000000e+000 8.938706e-001
      outer loop
         vertex -5.130302e-003 2.000000e-002 1.109046e-001
         vertex -9.641814e-003 -7.979728e-017 1.135093e-001
         vertex -5.130302e-003 -7.979728e-017 1.109046e-001
      endloop
   endfacet
   facet normal 2.311320e-001 0.000000e+000 9.729224e-001
      outer loop
         vertex -5.130302e-003 2.000000e-002 1.109046e-001
         vertex -5.130302e-003 -7.979728e-017 1.109046e-001
         vertex -3.673940e-018 2.000000e-002 1.100000e-001
      endloop
   endfacet
   facet normal 1.155660e-001 0.000000e+000 9.932998e-001
      outer loop
         vertex -3.673940e-018 2.000000e-002 1.100000e-001
         vertex -5.130302e-003 -7.979728e-017 1.109046e-001
         vertex -3.673940e-018 -7.979728e-017 1.100000e-001
      endloop
   endfacet
   facet normal -1.000000e+000 0.000000e+000 0.000000e+000
      outer loop
         vertex -4.075000e-001 8.114518e-001 5.000000e-001
         vertex -4.075000e-001 9.000000e-001 5.000000e-001
         vertex -4.075000e-001 8.114518e-001 0.000000e+000
      endloop
   endfacet
   facet normal -1.000000e+000 0.000000e+000 0.000000e+000
      outer loop
         vertex -4.075000e-001 8.114518e-001 0.000000e+000
         vertex -4.075000e-001 9.000000e-001 5.000000e-001
         vertex -4.075000e-001 9.000000e-001 0.000000e+000
      endloop
   endfacet
   facet normal -8.191521e-001 -5.735765e-001 0.000000e+000
      outer loop
         vertex -1.250000e-001 4.080000e-001 5.000000e-001
         vertex -4.075000e-001 8.114518e-001 5.000000e-001
         vertex -1.250000e-001 4.080000e-001 -2.220446e-016
      endloop
   endfacet
   facet normal -8.191521e-001 -5.735765e-001 0.000000e+000
      outer loop
         vertex -1.250000e-001 4.080000e-001 -2.220446e-016
         vertex -4.075000e-001 8.114518e-001 5.000000e-001
         vertex -4.075000e-001 8.114518e-001 -2.220446e-016
      endloop
   endfacet
   facet normal -1.000000e+000 0.000000e+000 0.000000e+000
      outer loop
         vertex -1.250000e-001 0.000000e+000 5.000000e-001
         vertex -1.250000e-001 4.080000e-001 5.000000e-001
         vertex -1.250000e-001 0.000000e+000 0.000000e+000
      endloop
   endfacet
   facet normal -1.000000e+000 0.000000e+000 0.000000e+000
      outer loop
         vertex -1.250000e-001 0.000000e+000 0.000000e+000
         vertex -1.250000e-001 4.080000e-001 5.000000e-001
         vertex -1.250000e-001 4.080000e-001 0.000000e+000
      endloop
   endfacet
   facet normal 0.000000e+000 -1.000000e+000 0.000000e+000
      outer loop
         vertex -6.427876e-003 3.000000e-002 3.673396e-001
         vertex -3.420201e-003 3.000000e-002 3.656031e-001
         vertex 0.000000e+000 3.000000e-002 3.750000e-001
      endloop
   endfacet
   facet normal 0.000000e+000 -1.000000e+000 0.000000e+000
      outer loop
         vertex 0.000000e+000 3.000000e-002 3.750000e-001
         vertex -3.420201e-003 3.000000e-002 3.656031e-001
         vertex -2.449294e-018 3.000000e-002 3.650000e-001
      endloop
   endfacet
   facet normal 0.000000e+000 -1.000000e+000 0.000000e+000
      outer loop
         vertex 0.000000e+000 3.000000e-002 3.750000e-001
         vertex -2.449294e-018 3.000000e-002 3.650000e-001
         vertex 3.420201e-003 3.000000e-002 3.656031e-001
      endloop
   endfacet
   facet normal 0.000000e+000 -1.000000e+000 0.000000e+000
      outer loop
         vertex -9.848078e-003 3.000000e-002 3.767365e-001
         vertex -9.848078e-003 3.000000e-002 3.732635e-001
         vertex 0.000000e+000 3.000000e-002 3.750000e-001
      endloop
   endfacet
   facet normal 0.000000e+000 -1.000000e+000 0.000000e+000
      outer loop
         vertex 0.000000e+000 3.000000e-002 3.750000e-001
         vertex -9.848078e-003 3.000000e-002 3.732635e-001
         vertex -8.660254e-003 3.000000e-002 3.700000e-001
      endloop
   endfacet
   facet normal 0.000000e+000 -1.000000e+000 0.000000e+000
      outer loop
         vertex 0.000000e+000 3.000000e-002 3.750000e-001
         vertex -8.660254e-003 3.000000e-002 3.700000e-001
         vertex -6.427876e-003 3.000000e-002 3.673396e-001
      endloop
   endfacet
   facet normal 0.000000e+000 -1.000000e+000 0.000000e+000
      outer loop
         vertex -3.420201e-003 3.000000e-002 3.843969e-001
         vertex -6.427876e-003 3.000000e-002 3.826604e-001
         vertex 0.000000e+000 3.000000e-002 3.750000e-001
      endloop
   endfacet
   facet normal 0.000000e+000 -1.000000e+000 0.000000e+000
      outer loop
         vertex 0.000000e+000 3.000000e-002 3.750000e-001
         vertex -6.427876e-003 3.000000e-002 3.826604e-001
         vertex -8.660254e-003 3.000000e-002 3.800000e-001
      endloop
   endfacet
   facet normal 0.000000e+000 -1.000000e+000 0.000000e+000
      outer loop
         vertex 0.000000e+000 3.000000e-002 3.750000e-001
         vertex -8.660254e-003 3.000000e-002 3.800000e-001
         vertex -9.848078e-003 3.000000e-002 3.767365e-001
      endloop
   endfacet
   facet normal 0.000000e+000 -1.000000e+000 0.000000e+000
      outer loop
         vertex 6.427876e-003 3.000000e-002 3.826604e-001
         vertex 3.420201e-003 3.000000e-002 3.843969e-001
         vertex 0.000000e+000 3.000000e-002 3.750000e-001
      endloop
   endfacet
   facet normal 0.000000e+000 -1.000000e+000 0.000000e+000
      outer loop
         vertex 0.000000e+000 3.000000e-002 3.750000e-001
         vertex 3.420201e-003 3.000000e-002 3.843969e-001
         vertex 1.224647e-018 3.000000e-002 3.850000e-001
      endloop
   endfacet
   facet normal 0.000000e+000 -1.000000e+000 0.000000e+000
      outer loop
         vertex 0.000000e+000 3.000000e-002 3.750000e-001
         vertex 1.224647e-018 3.000000e-002 3.850000e-001
         vertex -3.420201e-003 3.000000e-002 3.843969e-001
      endloop
   endfacet
   facet normal 0.000000e+000 -1.000000e+000 0.000000e+000
      outer loop
         vertex 9.848078e-003 3.000000e-002 3.732635e-001
         vertex 9.848078e-003 3.000000e-002 3.767365e-001
         vertex 0.000000e+000 3.000000e-002 3.750000e-001
      endloop
   endfacet
   facet normal 0.000000e+000 -1.000000e+000 0.000000e+000
      outer loop
         vertex 0.000000e+000 3.000000e-002 3.750000e-001
         vertex 9.848078e-003 3.000000e-002 3.767365e-001
         vertex 8.660254e-003 3.000000e-002 3.800000e-001
      endloop
   endfacet
   facet normal 0.000000e+000 -1.000000e+000 0.000000e+000
      outer loop
         vertex 0.000000e+000 3.000000e-002 3.750000e-001
         vertex 8.660254e-003 3.000000e-002 3.800000e-001
         vertex 6.427876e-003 3.000000e-002 3.826604e-001
      endloop
   endfacet
   facet normal 0.000000e+000 -1.000000e+000 0.000000e+000
      outer loop
         vertex 3.420201e-003 3.000000e-002 3.656031e-001
         vertex 6.427876e-003 3.000000e-002 3.673396e-001
         vertex 0.000000e+000 3.000000e-002 3.750000e-001
      endloop
   endfacet
   facet normal 0.000000e+000 -1.000000e+000 0.000000e+000
      outer loop
         vertex 0.000000e+000 3.000000e-002 3.750000e-001
         vertex 6.427876e-003 3.000000e-002 3.673396e-001
         vertex 8.660254e-003 3.000000e-002 3.700000e-001
      endloop
   endfacet
   facet normal 0.000000e+000 -1.000000e+000 0.000000e+000
      outer loop
         vertex 0.000000e+000 3.000000e-002 3.750000e-001
         vertex 8.660254e-003 3.000000e-002 3.700000e-001
         vertex 9.848078e-003 3.000000e-002 3.732635e-001
      endloop
   endfacet
   facet normal -3.998943e-001 -4.520868e-001 7.973093e-001
      outer loop
         vertex 3.420201e-003 3.000000e-002 3.656031e-001
         vertex 5.130302e-003 2.000000e-002 3.609046e-001
         vertex 6.427876e-003 3.000000e-002 3.673396e-001
      endloop
   endfacet
   facet normal -4.905429e-001 -4.520867e-001 7.449732e-001
      outer loop
         vertex 6.427876e-003 3.000000e-002 3.673396e-001
         vertex 5.130302e-003 2.000000e-002 3.609046e-001
         vertex 9.641814e-003 2.000000e-002 3.635093e-001
      endloop
   endfacet
   facet normal -6.484736e-001 -4.520868e-001 6.124538e-001
      outer loop
         vertex 6.427876e-003 3.000000e-002 3.673396e-001
         vertex 9.641814e-003 2.000000e-002 3.635093e-001
         vertex 8.660254e-003 3.000000e-002 3.700000e-001
      endloop
   endfacet
   facet normal -7.157555e-001 -4.520868e-001 5.322703e-001
      outer loop
         vertex 8.660254e-003 3.000000e-002 3.700000e-001
         vertex 9.641814e-003 2.000000e-002 3.635093e-001
         vertex 1.299038e-002 2.000000e-002 3.675000e-001
      endloop
   endfacet
   facet normal -8.188373e-001 -4.520868e-001 3.537273e-001
      outer loop
         vertex 8.660254e-003 3.000000e-002 3.700000e-001
         vertex 1.299038e-002 2.000000e-002 3.675000e-001
         vertex 9.848078e-003 3.000000e-002 3.732635e-001
      endloop
   endfacet
   facet normal -8.546373e-001 -4.520868e-001 2.553676e-001
      outer loop
         vertex 9.848078e-003 3.000000e-002 3.732635e-001
         vertex 1.299038e-002 2.000000e-002 3.675000e-001
         vertex 1.477212e-002 2.000000e-002 3.723953e-001
      endloop
   endfacet
   facet normal -8.904372e-001 -4.520868e-001 5.233604e-002
      outer loop
         vertex 9.848078e-003 3.000000e-002 3.732635e-001
         vertex 1.477212e-002 2.000000e-002 3.723953e-001
         vertex 9.848078e-003 3.000000e-002 3.767365e-001
      endloop
   endfacet
   facet normal -8.904372e-001 -4.520868e-001 -5.233604e-002
      outer loop
         vertex 9.848078e-003 3.000000e-002 3.767365e-001
         vertex 1.477212e-002 2.000000e-002 3.723953e-001
         vertex 1.477212e-002 2.000000e-002 3.776047e-001
      endloop
   endfacet
   facet normal -8.546373e-001 -4.520868e-001 -2.553677e-001
      outer loop
         vertex 9.848078e-003 3.000000e-002 3.767365e-001
         vertex 1.477212e-002 2.000000e-002 3.776047e-001
         vertex 8.660254e-003 3.000000e-002 3.800000e-001
      endloop
   endfacet
   facet normal -8.188373e-001 -4.520868e-001 -3.537273e-001
      outer loop
         vertex 8.660254e-003 3.000000e-002 3.800000e-001
         vertex 1.477212e-002 2.000000e-002 3.776047e-001
         vertex 1.299038e-002 2.000000e-002 3.825000e-001
      endloop
   endfacet
   facet normal -7.157555e-001 -4.520868e-001 -5.322703e-001
      outer loop
         vertex 8.660254e-003 3.000000e-002 3.800000e-001
         vertex 1.299038e-002 2.000000e-002 3.825000e-001
         vertex 6.427876e-003 3.000000e-002 3.826604e-001
      endloop
   endfacet
   facet normal -6.484736e-001 -4.520868e-001 -6.124538e-001
      outer loop
         vertex 6.427876e-003 3.000000e-002 3.826604e-001
         vertex 1.299038e-002 2.000000e-002 3.825000e-001
         vertex 9.641814e-003 2.000000e-002 3.864907e-001
      endloop
   endfacet
   facet normal -4.905429e-001 -4.520867e-001 -7.449732e-001
      outer loop
         vertex 6.427876e-003 3.000000e-002 3.826604e-001
         vertex 9.641814e-003 2.000000e-002 3.864907e-001
         vertex 3.420201e-003 3.000000e-002 3.843969e-001
      endloop
   endfacet
   facet normal -3.998943e-001 -4.520868e-001 -7.973093e-001
      outer loop
         vertex 3.420201e-003 3.000000e-002 3.843969e-001
         vertex 9.641814e-003 2.000000e-002 3.864907e-001
         vertex 5.130302e-003 2.000000e-002 3.890954e-001
      endloop
   endfacet
   facet normal -2.061637e-001 -4.520868e-001 -8.678215e-001
      outer loop
         vertex 3.420201e-003 3.000000e-002 3.843969e-001
         vertex 5.130302e-003 2.000000e-002 3.890954e-001
         vertex 3.885781e-018 3.000000e-002 3.850000e-001
      endloop
   endfacet
   facet normal -1.030819e-001 -4.520868e-001 -8.859975e-001
      outer loop
         vertex 3.885781e-018 3.000000e-002 3.850000e-001
         vertex 5.130302e-003 2.000000e-002 3.890954e-001
         vertex 5.828671e-018 2.000000e-002 3.900000e-001
      endloop
   endfacet
   facet normal 1.030819e-001 -4.520868e-001 -8.859975e-001
      outer loop
         vertex 3.885781e-018 3.000000e-002 3.850000e-001
         vertex 5.828671e-018 2.000000e-002 3.900000e-001
         vertex -3.420201e-003 3.000000e-002 3.843969e-001
      endloop
   endfacet
   facet normal 2.061637e-001 -4.520868e-001 -8.678215e-001
      outer loop
         vertex -3.420201e-003 3.000000e-002 3.843969e-001
         vertex 5.828671e-018 2.000000e-002 3.900000e-001
         vertex -5.130302e-003 2.000000e-002 3.890954e-001
      endloop
   endfacet
   facet normal 3.998943e-001 -4.520868e-001 -7.973093e-001
      outer loop
         vertex -3.420201e-003 3.000000e-002 3.843969e-001
         vertex -5.130302e-003 2.000000e-002 3.890954e-001
         vertex -6.427876e-003 3.000000e-002 3.826604e-001
      endloop
   endfacet
   facet normal 4.905429e-001 -4.520867e-001 -7.449732e-001
      outer loop
         vertex -6.427876e-003 3.000000e-002 3.826604e-001
         vertex -5.130302e-003 2.000000e-002 3.890954e-001
         vertex -9.641814e-003 2.000000e-002 3.864907e-001
      endloop
   endfacet
   facet normal 6.484736e-001 -4.520868e-001 -6.124538e-001
      outer loop
         vertex -6.427876e-003 3.000000e-002 3.826604e-001
         vertex -9.641814e-003 2.000000e-002 3.864907e-001
         vertex -8.660254e-003 3.000000e-002 3.800000e-001
      endloop
   endfacet
   facet normal 7.157555e-001 -4.520868e-001 -5.322703e-001
      outer loop
         vertex -8.660254e-003 3.000000e-002 3.800000e-001
         vertex -9.641814e-003 2.000000e-002 3.864907e-001
         vertex -1.299038e-002 2.000000e-002 3.825000e-001
      endloop
   endfacet
   facet normal 8.188373e-001 -4.520868e-001 -3.537273e-001
      outer loop
         vertex -8.660254e-003 3.000000e-002 3.800000e-001
         vertex -1.299038e-002 2.000000e-002 3.825000e-001
         vertex -9.848078e-003 3.000000e-002 3.767365e-001
      endloop
   endfacet
   facet normal 8.546373e-001 -4.520868e-001 -2.553676e-001
      outer loop
         vertex -9.848078e-003 3.000000e-002 3.767365e-001
         vertex -1.299038e-002 2.000000e-002 3.825000e-001
         vertex -1.477212e-002 2.000000e-002 3.776047e-001
      endloop
   endfacet
   facet normal 8.904372e-001 -4.520868e-001 -5.233604e-002
      outer loop
         vertex -9.848078e-003 3.000000e-002 3.767365e-001
         vertex -1.477212e-002 2.000000e-002 3.776047e-001
         vertex -9.848078e-003 3.000000e-002 3.732635e-001
      endloop
   endfacet
   facet normal 8.904372e-001 -4.520868e-001 5.233604e-002
      outer loop
         vertex -9.848078e-003 3.000000e-002 3.732635e-001
         vertex -1.477212e-002 2.000000e-002 3.776047e-001
         vertex -1.477212e-002 2.000000e-002 3.723953e-001
      endloop
   endfacet
   facet normal 8.546373e-001 -4.520868e-001 2.553677e-001
      outer loop
         vertex -9.848078e-003 3.000000e-002 3.732635e-001
         vertex -1.477212e-002 2.000000e-002 3.723953e-001
         vertex -8.660254e-003 3.000000e-002 3.700000e-001
      endloop
   endfacet
   facet normal 8.188373e-001 -4.520868e-001 3.537273e-001
      outer loop
         vertex -8.660254e-003 3.000000e-002 3.700000e-001
         vertex -1.477212e-002 2.000000e-002 3.723953e-001
         vertex -1.299038e-002 2.000000e-002 3.675000e-001
      endloop
   endfacet
   facet normal 7.157555e-001 -4.520868e-001 5.322703e-001
      outer loop
         vertex -8.660254e-003 3.000000e-002 3.700000e-001
         vertex -1.299038e-002 2.000000e-002 3.675000e-001
         vertex -6.427876e-003 3.000000e-002 3.673396e-001
      endloop
   endfacet
   facet normal 6.484736e-001 -4.520868e-001 6.124538e-001
      outer loop
         vertex -6.427876e-003 3.000000e-002 3.673396e-001
         vertex -1.299038e-002 2.000000e-002 3.675000e-001
         vertex -9.641814e-003 2.000000e-002 3.635093e-001
      endloop
   endfacet
   facet normal 4.905429e-001 -4.520867e-001 7.449732e-001
      outer loop
         vertex -6.427876e-003 3.000000e-002 3.673396e-001
         vertex -9.641814e-003 2.000000e-002 3.635093e-001
         vertex -3.420201e-003 3.000000e-002 3.656031e-001
      endloop
   endfacet
   facet normal 3.998943e-001 -4.520868e-001 7.973093e-001
      outer loop
         vertex -3.420201e-003 3.000000e-002 3.656031e-001
         vertex -9.641814e-003 2.000000e-002 3.635093e-001
         vertex -5.130302e-003 2.000000e-002 3.609046e-001
      endloop
   endfacet
   facet normal 2.061637e-001 -4.520868e-001 8.678215e-001
      outer loop
         vertex -3.420201e-003 3.000000e-002 3.656031e-001
         vertex -5.130302e-003 2.000000e-002 3.609046e-001
         vertex 0.000000e+000 3.000000e-002 3.650000e-001
      endloop
   endfacet
   facet normal 1.030819e-001 -4.520868e-001 8.859975e-001
      outer loop
         vertex 0.000000e+000 3.000000e-002 3.650000e-001
         vertex -5.130302e-003 2.000000e-002 3.609046e-001
         vertex 0.000000e+000 2.000000e-002 3.600000e-001
      endloop
   endfacet
   facet normal -1.030819e-001 -4.520868e-001 8.859975e-001
      outer loop
         vertex 0.000000e+000 3.000000e-002 3.650000e-001
         vertex 0.000000e+000 2.000000e-002 3.600000e-001
         vertex 3.420201e-003 3.000000e-002 3.656031e-001
      endloop
   endfacet
   facet normal -2.061637e-001 -4.520868e-001 8.678215e-001
      outer loop
         vertex 3.420201e-003 3.000000e-002 3.656031e-001
         vertex 0.000000e+000 2.000000e-002 3.600000e-001
         vertex 5.130302e-003 2.000000e-002 3.609046e-001
      endloop
   endfacet
   facet normal -1.155660e-001 0.000000e+000 9.932998e-001
      outer loop
         vertex -3.673940e-018 2.000000e-002 3.600000e-001
         vertex -3.673940e-018 -7.979728e-017 3.600000e-001
         vertex 5.130302e-003 2.000000e-002 3.609046e-001
      endloop
   endfacet
   facet normal -2.311320e-001 0.000000e+000 9.729224e-001
      outer loop
         vertex 5.130302e-003 2.000000e-002 3.609046e-001
         vertex -3.673940e-018 -7.979728e-017 3.600000e-001
         vertex 5.130302e-003 -7.979728e-017 3.609046e-001
      endloop
   endfacet
   facet normal -4.483251e-001 0.000000e+000 8.938706e-001
      outer loop
         vertex 5.130302e-003 2.000000e-002 3.609046e-001
         vertex 5.130302e-003 -7.979728e-017 3.609046e-001
         vertex 9.641814e-003 2.000000e-002 3.635093e-001
      endloop
   endfacet
   facet normal -5.499521e-001 0.000000e+000 8.351962e-001
      outer loop
         vertex 9.641814e-003 2.000000e-002 3.635093e-001
         vertex 5.130302e-003 -7.979728e-017 3.609046e-001
         vertex 9.641814e-003 -7.979728e-017 3.635093e-001
      endloop
   endfacet
   facet normal -7.270095e-001 0.000000e+000 6.866274e-001
      outer loop
         vertex 9.641814e-003 2.000000e-002 3.635093e-001
         vertex 9.641814e-003 -7.979728e-017 3.635093e-001
         vertex 1.299038e-002 2.000000e-002 3.675000e-001
      endloop
   endfacet
   facet normal -8.024399e-001 0.000000e+000 5.967330e-001
      outer loop
         vertex 1.299038e-002 2.000000e-002 3.675000e-001
         vertex 9.641814e-003 -7.979728e-017 3.635093e-001
         vertex 1.299038e-002 -7.979728e-017 3.675000e-001
      endloop
   endfacet
   facet normal -9.180059e-001 0.000000e+000 3.965668e-001
      outer loop
         vertex 1.299038e-002 2.000000e-002 3.675000e-001
         vertex 1.299038e-002 -7.979728e-017 3.675000e-001
         vertex 1.477212e-002 2.000000e-002 3.723953e-001
      endloop
   endfacet
   facet normal -9.581415e-001 0.000000e+000 2.862950e-001
      outer loop
         vertex 1.477212e-002 2.000000e-002 3.723953e-001
         vertex 1.299038e-002 -7.979728e-017 3.675000e-001
         vertex 1.477212e-002 -7.979728e-017 3.723953e-001
      endloop
   endfacet
   facet normal -9.982772e-001 0.000000e+000 5.867440e-002
      outer loop
         vertex 1.477212e-002 2.000000e-002 3.723953e-001
         vertex 1.477212e-002 -7.979728e-017 3.723953e-001
         vertex 1.477212e-002 2.000000e-002 3.776047e-001
      endloop
   endfacet
   facet normal -9.982772e-001 0.000000e+000 -5.867440e-002
      outer loop
         vertex 1.477212e-002 2.000000e-002 3.776047e-001
         vertex 1.477212e-002 -7.979728e-017 3.723953e-001
         vertex 1.477212e-002 -7.979728e-017 3.776047e-001
      endloop
   endfacet
   facet normal -9.581415e-001 0.000000e+000 -2.862950e-001
      outer loop
         vertex 1.477212e-002 2.000000e-002 3.776047e-001
         vertex 1.477212e-002 -7.979728e-017 3.776047e-001
         vertex 1.299038e-002 2.000000e-002 3.825000e-001
      endloop
   endfacet
   facet normal -9.180059e-001 0.000000e+000 -3.965668e-001
      outer loop
         vertex 1.299038e-002 2.000000e-002 3.825000e-001
         vertex 1.477212e-002 -7.979728e-017 3.776047e-001
         vertex 1.299038e-002 -7.979728e-017 3.825000e-001
      endloop
   endfacet
   facet normal -8.024399e-001 0.000000e+000 -5.967330e-001
      outer loop
         vertex 1.299038e-002 2.000000e-002 3.825000e-001
         vertex 1.299038e-002 -7.979728e-017 3.825000e-001
         vertex 9.641814e-003 2.000000e-002 3.864907e-001
      endloop
   endfacet
   facet normal -7.270095e-001 0.000000e+000 -6.866274e-001
      outer loop
         vertex 9.641814e-003 2.000000e-002 3.864907e-001
         vertex 1.299038e-002 -7.979728e-017 3.825000e-001
         vertex 9.641814e-003 -7.979728e-017 3.864907e-001
      endloop
   endfacet
   facet normal -5.499521e-001 0.000000e+000 -8.351962e-001
      outer loop
         vertex 9.641814e-003 2.000000e-002 3.864907e-001
         vertex 9.641814e-003 -7.979728e-017 3.864907e-001
         vertex 5.130302e-003 2.000000e-002 3.890954e-001
      endloop
   endfacet
   facet normal -4.483251e-001 0.000000e+000 -8.938706e-001
      outer loop
         vertex 5.130302e-003 2.000000e-002 3.890954e-001
         vertex 9.641814e-003 -7.979728e-017 3.864907e-001
         vertex 5.130302e-003 -7.979728e-017 3.890954e-001
      endloop
   endfacet
   facet normal -2.311320e-001 0.000000e+000 -9.729224e-001
      outer loop
         vertex 5.130302e-003 2.000000e-002 3.890954e-001
         vertex 5.130302e-003 -7.979728e-017 3.890954e-001
         vertex 8.498308e-018 2.000000e-002 3.900000e-001
      endloop
   endfacet
   facet normal -1.155660e-001 0.000000e+000 -9.932998e-001
      outer loop
         vertex 8.498308e-018 2.000000e-002 3.900000e-001
         vertex 5.130302e-003 -7.979728e-017 3.890954e-001
         vertex 8.498308e-018 -7.979728e-017 3.900000e-001
      endloop
   endfacet
   facet normal 1.155660e-001 0.000000e+000 -9.932998e-001
      outer loop
         vertex 8.498308e-018 2.000000e-002 3.900000e-001
         vertex 8.498308e-018 -7.979728e-017 3.900000e-001
         vertex -5.130302e-003 2.000000e-002 3.890954e-001
      endloop
   endfacet
   facet normal 2.311320e-001 0.000000e+000 -9.729224e-001
      outer loop
         vertex -5.130302e-003 2.000000e-002 3.890954e-001
         vertex 8.498308e-018 -7.979728e-017 3.900000e-001
         vertex -5.130302e-003 -7.979728e-017 3.890954e-001
      endloop
   endfacet
   facet normal 4.483251e-001 0.000000e+000 -8.938706e-001
      outer loop
         vertex -5.130302e-003 2.000000e-002 3.890954e-001
         vertex -5.130302e-003 -7.979728e-017 3.890954e-001
         vertex -9.641814e-003 2.000000e-002 3.864907e-001
      endloop
   endfacet
   facet normal 5.499521e-001 0.000000e+000 -8.351962e-001
      outer loop
         vertex -9.641814e-003 2.000000e-002 3.864907e-001
         vertex -5.130302e-003 -7.979728e-017 3.890954e-001
         vertex -9.641814e-003 -7.979728e-017 3.864907e-001
      endloop
   endfacet
   facet normal 7.270095e-001 0.000000e+000 -6.866274e-001
      outer loop
         vertex -9.641814e-003 2.000000e-002 3.864907e-001
         vertex -9.641814e-003 -7.979728e-017 3.864907e-001
         vertex -1.299038e-002 2.000000e-002 3.825000e-001
      endloop
   endfacet
   facet normal 8.024399e-001 0.000000e+000 -5.967330e-001
      outer loop
         vertex -1.299038e-002 2.000000e-002 3.825000e-001
         vertex -9.641814e-003 -7.979728e-017 3.864907e-001
         vertex -1.299038e-002 -7.979728e-017 3.825000e-001
      endloop
   endfacet
   facet normal 9.180059e-001 0.000000e+000 -3.965668e-001
      outer loop
         vertex -1.299038e-002 2.000000e-002 3.825000e-001
         vertex -1.299038e-002 -7.979728e-017 3.825000e-001
         vertex -1.477212e-002 2.000000e-002 3.776047e-001
      endloop
   endfacet
   facet normal 9.581415e-001 0.000000e+000 -2.862950e-001
      outer loop
         vertex -1.477212e-002 2.000000e-002 3.776047e-001
         vertex -1.299038e-002 -7.979728e-017 3.825000e-001
         vertex -1.477212e-002 -7.979728e-017 3.776047e-001
      endloop
   endfacet
   facet normal 9.982772e-001 0.000000e+000 -5.867440e-002
      outer loop
         vertex -1.477212e-002 2.000000e-002 3.776047e-001
         vertex -1.477212e-002 -7.979728e-017 3.776047e-001
         vertex -1.477212e-002 2.000000e-002 3.723953e-001
      endloop
   endfacet
   facet normal 9.982772e-001 0.000000e+000 5.867440e-002
      outer loop
         vertex -1.477212e-002 2.000000e-002 3.723953e-001
         vertex -1.477212e-002 -7.979728e-017 3.776047e-001
         vertex -1.477212e-002 -7.979728e-017 3.723953e-001
      endloop
   endfacet
   facet normal 9.581415e-001 0.000000e+000 2.862950e-001
      outer loop
         vertex -1.477212e-002 2.000000e-002 3.723953e-001
         vertex -1.477212e-002 -7.979728e-017 3.723953e-001
         vertex -1.299038e-002 2.000000e-002 3.675000e-001
      endloop
   endfacet
   facet normal 9.180059e-001 0.000000e+000 3.965668e-001
      outer loop
         vertex -1.299038e-002 2.000000e-002 3.675000e-001
         vertex -1.477212e-002 -7.979728e-017 3.723953e-001
         vertex -1.299038e-002 -7.979728e-017 3.675000e-001
      endloop
   endfacet
   facet normal 8.024399e-001 0.000000e+000 5.967330e-001
      outer loop
         vertex -1.299038e-002 2.000000e-002 3.675000e-001
         vertex -1.299038e-002 -7.979728e-017 3.675000e-001
         vertex -9.641814e-003 2.000000e-002 3.635093e-001
      endloop
   endfacet
   facet normal 7.270095e-001 0.000000e+000 6.866274e-001
      outer loop
         vertex -9.641814e-003 2.000000e-002 3.635093e-001
         vertex -1.299038e-002 -7.979728e-017 3.675000e-001
         vertex -9.641814e-003 -7.979728e-017 3.635093e-001
      endloop
   endfacet
   facet normal 5.499521e-001 0.000000e+000 8.351962e-001
      outer loop
         vertex -9.641814e-003 2.000000e-002 3.635093e-001
         vertex -9.641814e-003 -7.979728e-017 3.635093e-001
         vertex -5.130302e-003 2.000000e-002 3.609046e-001
      endloop
   endfacet
   facet normal 4.483251e-001 0.000000e+000 8.938706e-001
      outer loop
         vertex -5.130302e-003 2.000000e-002 3.609046e-001
         vertex -9.641814e-003 -7.979728e-017 3.635093e-001
         vertex -5.130302e-003 -7.979728e-017 3.609046e-001
      endloop
   endfacet
   facet normal 2.311320e-001 0.000000e+000 9.729224e-001
      outer loop
         vertex -5.130302e-003 2.000000e-002 3.609046e-001
         vertex -5.130302e-003 -7.979728e-017 3.609046e-001
         vertex -3.673940e-018 2.000000e-002 3.600000e-001
      endloop
   endfacet
   facet normal 1.155660e-001 0.000000e+000 9.932998e-001
      outer loop
         vertex -3.673940e-018 2.000000e-002 3.600000e-001
         vertex -5.130302e-003 -7.979728e-017 3.609046e-001
         vertex -3.673940e-018 -7.979728e-017 3.600000e-001
      endloop
   endfacet
   facet normal 2.100891e-001 6.913257e-001 6.913257e-001
      outer loop
         vertex 1.250000e-002 2.466506e-001 0.000000e+000
         vertex 4.341205e-003 2.746202e-001 -2.500000e-002
         vertex 4.341205e-003 2.496202e-001 0.000000e+000
      endloop
   endfacet
   facet normal 4.152482e-002 7.064969e-001 7.064969e-001
      outer loop
         vertex 4.341205e-003 2.496202e-001 0.000000e+000
         vertex 4.341205e-003 2.746202e-001 -2.500000e-002
         vertex -4.341205e-003 2.746202e-001 -2.500000e-002
      endloop
   endfacet
   facet normal -4.152482e-002 7.064969e-001 7.064969e-001
      outer loop
         vertex 4.341205e-003 2.496202e-001 0.000000e+000
         vertex -4.341205e-003 2.746202e-001 -2.500000e-002
         vertex -4.341205e-003 2.496202e-001 0.000000e+000
      endloop
   endfacet
   facet normal -2.100891e-001 6.913257e-001 6.913257e-001
      outer loop
         vertex -4.341205e-003 2.496202e-001 0.000000e+000
         vertex -4.341205e-003 2.746202e-001 -2.500000e-002
         vertex -1.250000e-002 2.716506e-001 -2.500000e-002
      endloop
   endfacet
   facet normal -2.954939e-001 6.755307e-001 6.755307e-001
      outer loop
         vertex -4.341205e-003 2.496202e-001 0.000000e+000
         vertex -1.250000e-002 2.716506e-001 -2.500000e-002
         vertex -1.250000e-002 2.466506e-001 0.000000e+000
      endloop
   endfacet
   facet normal -4.230953e-001 6.406990e-001 6.406990e-001
      outer loop
         vertex -1.250000e-002 2.466506e-001 0.000000e+000
         vertex -1.250000e-002 2.716506e-001 -2.500000e-002
         vertex -1.606969e-002 2.691511e-001 -2.500000e-002
      endloop
   endfacet
   facet normal -5.150705e-001 6.060950e-001 6.060950e-001
      outer loop
         vertex -1.250000e-002 2.466506e-001 0.000000e+000
         vertex -1.606969e-002 2.691511e-001 -2.500000e-002
         vertex -1.915111e-002 2.410697e-001 0.000000e+000
      endloop
   endfacet
   facet normal 5.150704e-001 6.060950e-001 6.060950e-001
      outer loop
         vertex 1.915111e-002 2.660697e-001 -2.500000e-002
         vertex 1.606969e-002 2.691511e-001 -2.500000e-002
         vertex 1.250000e-002 2.466506e-001 0.000000e+000
      endloop
   endfacet
   facet normal 4.230953e-001 6.406990e-001 6.406990e-001
      outer loop
         vertex 1.250000e-002 2.466506e-001 0.000000e+000
         vertex 1.606969e-002 2.691511e-001 -2.500000e-002
         vertex 1.250000e-002 2.716506e-001 -2.500000e-002
      endloop
   endfacet
   facet normal 2.954939e-001 6.755307e-001 6.755307e-001
      outer loop
         vertex 1.250000e-002 2.466506e-001 0.000000e+000
         vertex 1.250000e-002 2.716506e-001 -2.500000e-002
         vertex 4.341205e-003 2.746202e-001 -2.500000e-002
      endloop
   endfacet
   facet normal 5.616720e-001 5.850319e-001 5.850319e-001
      outer loop
         vertex 1.250000e-002 2.466506e-001 0.000000e+000
         vertex 1.915111e-002 2.410697e-001 0.000000e+000
         vertex 1.915111e-002 2.660697e-001 -2.500000e-002
      endloop
   endfacet
   facet normal 7.387396e-001 4.765836e-001 4.765836e-001
      outer loop
         vertex 1.915111e-002 2.660697e-001 -2.500000e-002
         vertex 1.915111e-002 2.410697e-001 0.000000e+000
         vertex 2.349232e-002 2.335505e-001 0.000000e+000
      endloop
   endfacet
   facet normal 8.217491e-001 4.029444e-001 4.029444e-001
      outer loop
         vertex 1.915111e-002 2.660697e-001 -2.500000e-002
         vertex 2.349232e-002 2.335505e-001 0.000000e+000
         vertex 2.349232e-002 2.585505e-001 -2.500000e-002
      endloop
   endfacet
   facet normal 9.497812e-001 2.212642e-001 2.212642e-001
      outer loop
         vertex 2.349232e-002 2.585505e-001 -2.500000e-002
         vertex 2.349232e-002 2.335505e-001 0.000000e+000
         vertex 2.500000e-002 2.250000e-001 0.000000e+000
      endloop
   endfacet
   facet normal 9.876847e-001 1.106321e-001 1.106321e-001
      outer loop
         vertex 2.349232e-002 2.585505e-001 -2.500000e-002
         vertex 2.500000e-002 2.250000e-001 0.000000e+000
         vertex 2.500000e-002 2.500000e-001 -2.500000e-002
      endloop
   endfacet
   facet normal 9.876847e-001 -1.106321e-001 -1.106321e-001
      outer loop
         vertex 2.500000e-002 2.500000e-001 -2.500000e-002
         vertex 2.500000e-002 2.250000e-001 0.000000e+000
         vertex 2.349232e-002 2.164495e-001 0.000000e+000
      endloop
   endfacet
   facet normal 9.497812e-001 -2.212642e-001 -2.212642e-001
      outer loop
         vertex 2.500000e-002 2.500000e-001 -2.500000e-002
         vertex 2.349232e-002 2.164495e-001 0.000000e+000
         vertex 2.349232e-002 2.414495e-001 -2.500000e-002
      endloop
   endfacet
   facet normal 8.217491e-001 -4.029444e-001 -4.029444e-001
      outer loop
         vertex 2.349232e-002 2.414495e-001 -2.500000e-002
         vertex 2.349232e-002 2.164495e-001 0.000000e+000
         vertex 1.915111e-002 2.089303e-001 0.000000e+000
      endloop
   endfacet
   facet normal 5.150705e-001 -6.060950e-001 -6.060950e-001
      outer loop
         vertex 1.250000e-002 2.283494e-001 -2.500000e-002
         vertex 1.606969e-002 2.308489e-001 -2.500000e-002
         vertex 1.915111e-002 2.089303e-001 0.000000e+000
      endloop
   endfacet
   facet normal 6.015039e-001 -5.648863e-001 -5.648863e-001
      outer loop
         vertex 1.915111e-002 2.089303e-001 0.000000e+000
         vertex 1.606969e-002 2.308489e-001 -2.500000e-002
         vertex 1.915111e-002 2.339303e-001 -2.500000e-002
      endloop
   endfacet
   facet normal 7.387396e-001 -4.765836e-001 -4.765836e-001
      outer loop
         vertex 1.915111e-002 2.089303e-001 0.000000e+000
         vertex 1.915111e-002 2.339303e-001 -2.500000e-002
         vertex 2.349232e-002 2.414495e-001 -2.500000e-002
      endloop
   endfacet
   facet normal 4.718875e-001 -6.234269e-001 -6.234269e-001
      outer loop
         vertex 1.915111e-002 2.089303e-001 0.000000e+000
         vertex 1.250000e-002 2.033494e-001 0.000000e+000
         vertex 1.250000e-002 2.283494e-001 -2.500000e-002
      endloop
   endfacet
   facet normal 2.954939e-001 -6.755307e-001 -6.755307e-001
      outer loop
         vertex 1.250000e-002 2.283494e-001 -2.500000e-002
         vertex 1.250000e-002 2.033494e-001 0.000000e+000
         vertex 4.341205e-003 2.003798e-001 0.000000e+000
      endloop
   endfacet
   facet normal 2.100891e-001 -6.913257e-001 -6.913257e-001
      outer loop
         vertex 1.250000e-002 2.283494e-001 -2.500000e-002
         vertex 4.341205e-003 2.003798e-001 0.000000e+000
         vertex 4.341205e-003 2.253798e-001 -2.500000e-002
      endloop
   endfacet
   facet normal 4.152482e-002 -7.064969e-001 -7.064969e-001
      outer loop
         vertex 4.341205e-003 2.253798e-001 -2.500000e-002
         vertex 4.341205e-003 2.003798e-001 0.000000e+000
         vertex -4.341205e-003 2.003798e-001 0.000000e+000
      endloop
   endfacet
   facet normal -4.152482e-002 -7.064969e-001 -7.064969e-001
      outer loop
         vertex 4.341205e-003 2.253798e-001 -2.500000e-002
         vertex -4.341205e-003 2.003798e-001 0.000000e+000
         vertex -4.341205e-003 2.253798e-001 -2.500000e-002
      endloop
   endfacet
   facet normal -2.100891e-001 -6.913257e-001 -6.913257e-001
      outer loop
         vertex -4.341205e-003 2.253798e-001 -2.500000e-002
         vertex -4.341205e-003 2.003798e-001 0.000000e+000
         vertex -1.250000e-002 2.033494e-001 0.000000e+000
      endloop
   endfacet
   facet normal -6.015039e-001 5.648863e-001 5.648863e-001
      outer loop
         vertex -1.606969e-002 2.691511e-001 -2.500000e-002
         vertex -1.915111e-002 2.660697e-001 -2.500000e-002
         vertex -1.915111e-002 2.410697e-001 0.000000e+000
      endloop
   endfacet
   facet normal -7.387396e-001 4.765836e-001 4.765836e-001
      outer loop
         vertex -1.915111e-002 2.410697e-001 0.000000e+000
         vertex -1.915111e-002 2.660697e-001 -2.500000e-002
         vertex -2.349232e-002 2.585505e-001 -2.500000e-002
      endloop
   endfacet
   facet normal -8.217491e-001 4.029444e-001 4.029444e-001
      outer loop
         vertex -1.915111e-002 2.410697e-001 0.000000e+000
         vertex -2.349232e-002 2.585505e-001 -2.500000e-002
         vertex -2.349232e-002 2.335505e-001 0.000000e+000
      endloop
   endfacet
   facet normal -9.497812e-001 2.212642e-001 2.212642e-001
      outer loop
         vertex -2.349232e-002 2.335505e-001 0.000000e+000
         vertex -2.349232e-002 2.585505e-001 -2.500000e-002
         vertex -2.500000e-002 2.500000e-001 -2.500000e-002
      endloop
   endfacet
   facet normal -9.876847e-001 1.106321e-001 1.106321e-001
      outer loop
         vertex -2.349232e-002 2.335505e-001 0.000000e+000
         vertex -2.500000e-002 2.500000e-001 -2.500000e-002
         vertex -2.500000e-002 2.250000e-001 0.000000e+000
      endloop
   endfacet
   facet normal -9.876847e-001 -1.106321e-001 -1.106321e-001
      outer loop
         vertex -2.500000e-002 2.250000e-001 0.000000e+000
         vertex -2.500000e-002 2.500000e-001 -2.500000e-002
         vertex -2.349232e-002 2.414495e-001 -2.500000e-002
      endloop
   endfacet
   facet normal -9.497812e-001 -2.212642e-001 -2.212642e-001
      outer loop
         vertex -2.500000e-002 2.250000e-001 0.000000e+000
         vertex -2.349232e-002 2.414495e-001 -2.500000e-002
         vertex -2.349232e-002 2.164495e-001 0.000000e+000
      endloop
   endfacet
   facet normal -8.217491e-001 -4.029444e-001 -4.029444e-001
      outer loop
         vertex -2.349232e-002 2.164495e-001 0.000000e+000
         vertex -2.349232e-002 2.414495e-001 -2.500000e-002
         vertex -1.915111e-002 2.339303e-001 -2.500000e-002
      endloop
   endfacet
   facet normal -7.387396e-001 -4.765837e-001 -4.765837e-001
      outer loop
         vertex -2.349232e-002 2.164495e-001 0.000000e+000
         vertex -1.915111e-002 2.339303e-001 -2.500000e-002
         vertex -1.915111e-002 2.089303e-001 0.000000e+000
      endloop
   endfacet
   facet normal -6.015039e-001 -5.648863e-001 -5.648863e-001
      outer loop
         vertex -1.915111e-002 2.089303e-001 0.000000e+000
         vertex -1.915111e-002 2.339303e-001 -2.500000e-002
         vertex -1.606969e-002 2.308489e-001 -2.500000e-002
      endloop
   endfacet
   facet normal -5.150704e-001 -6.060950e-001 -6.060950e-001
      outer loop
         vertex -1.915111e-002 2.089303e-001 0.000000e+000
         vertex -1.606969e-002 2.308489e-001 -2.500000e-002
         vertex -1.250000e-002 2.033494e-001 0.000000e+000
      endloop
   endfacet
   facet normal -4.230953e-001 -6.406990e-001 -6.406990e-001
      outer loop
         vertex -1.250000e-002 2.033494e-001 0.000000e+000
         vertex -1.606969e-002 2.308489e-001 -2.500000e-002
         vertex -1.250000e-002 2.283494e-001 -2.500000e-002
      endloop
   endfacet
   facet normal -2.954939e-001 -6.755307e-001 -6.755307e-001
      outer loop
         vertex -1.250000e-002 2.033494e-001 0.000000e+000
         vertex -1.250000e-002 2.283494e-001 -2.500000e-002
         vertex -4.341205e-003 2.253798e-001 -2.500000e-002
      endloop
   endfacet
   facet normal -1.000000e+000 0.000000e+000 0.000000e+000
      outer loop
         vertex -1.750000e-002 2.675000e-001 -2.500000e-002
         vertex -1.750000e-002 2.675000e-001 -6.000000e-002
         vertex -1.750000e-002 2.500000e-001 -2.500000e-002
      endloop
   endfacet
   facet normal -1.000000e+000 0.000000e+000 0.000000e+000
      outer loop
         vertex -1.750000e-002 2.500000e-001 -2.500000e-002
         vertex -1.750000e-002 2.675000e-001 -6.000000e-002
         vertex -1.750000e-002 2.325000e-001 -6.000000e-002
      endloop
   endfacet
   facet normal -1.000000e+000 0.000000e+000 0.000000e+000
      outer loop
         vertex -1.750000e-002 2.500000e-001 -2.500000e-002
         vertex -1.750000e-002 2.325000e-001 -6.000000e-002
         vertex -1.750000e-002 2.325000e-001 -2.500000e-002
      endloop
   endfacet
   facet normal 0.000000e+000 1.000000e+000 0.000000e+000
      outer loop
         vertex 1.750000e-002 2.675000e-001 -6.000000e-002
         vertex -1.750000e-002 2.675000e-001 -6.000000e-002
         vertex -1.750000e-002 2.675000e-001 -2.500000e-002
      endloop
   endfacet
   facet normal 0.000000e+000 1.000000e+000 0.000000e+000
      outer loop
         vertex -1.750000e-002 2.675000e-001 -2.500000e-002
         vertex 1.387779e-017 2.675000e-001 -2.500000e-002
         vertex 1.750000e-002 2.675000e-001 -6.000000e-002
      endloop
   endfacet
   facet normal 0.000000e+000 1.000000e+000 0.000000e+000
      outer loop
         vertex 1.750000e-002 2.675000e-001 -6.000000e-002
         vertex 1.387779e-017 2.675000e-001 -2.500000e-002
         vertex 8.750000e-003 2.675000e-001 -2.500000e-002
      endloop
   endfacet
   facet normal 0.000000e+000 1.000000e+000 0.000000e+000
      outer loop
         vertex 1.750000e-002 2.675000e-001 -6.000000e-002
         vertex 8.750000e-003 2.675000e-001 -2.500000e-002
         vertex 1.750000e-002 2.675000e-001 -2.500000e-002
      endloop
   endfacet
   facet normal 1.000000e+000 0.000000e+000 0.000000e+000
      outer loop
         vertex 1.750000e-002 2.325000e-001 -6.000000e-002
         vertex 1.750000e-002 2.675000e-001 -6.000000e-002
         vertex 1.750000e-002 2.325000e-001 -2.500000e-002
      endloop
   endfacet
   facet normal 1.000000e+000 0.000000e+000 0.000000e+000
      outer loop
         vertex 1.750000e-002 2.325000e-001 -2.500000e-002
         vertex 1.750000e-002 2.675000e-001 -6.000000e-002
         vertex 1.750000e-002 2.675000e-001 -2.500000e-002
      endloop
   endfacet
   facet normal 0.000000e+000 -1.000000e+000 0.000000e+000
      outer loop
         vertex -1.750000e-002 2.325000e-001 -2.500000e-002
         vertex -1.750000e-002 2.325000e-001 -6.000000e-002
         vertex 1.387779e-017 2.325000e-001 -2.500000e-002
      endloop
   endfacet
   facet normal 0.000000e+000 -1.000000e+000 0.000000e+000
      outer loop
         vertex 1.387779e-017 2.325000e-001 -2.500000e-002
         vertex -1.750000e-002 2.325000e-001 -6.000000e-002
         vertex 1.750000e-002 2.325000e-001 -6.000000e-002
      endloop
   endfacet
   facet normal 0.000000e+000 -1.000000e+000 0.000000e+000
      outer loop
         vertex 1.387779e-017 2.325000e-001 -2.500000e-002
         vertex 1.750000e-002 2.325000e-001 -6.000000e-002
         vertex 1.750000e-002 2.325000e-001 -2.500000e-002
      endloop
   endfacet
   facet normal 0.000000e+000 0.000000e+000 -1.000000e+000
      outer loop
         vertex 1.750000e-002 2.675000e-001 -6.000000e-002
         vertex 1.750000e-002 2.325000e-001 -6.000000e-002
         vertex -1.750000e-002 2.675000e-001 -6.000000e-002
      endloop
   endfacet
   facet normal 0.000000e+000 0.000000e+000 -1.000000e+000
      outer loop
         vertex -1.750000e-002 2.675000e-001 -6.000000e-002
         vertex 1.750000e-002 2.325000e-001 -6.000000e-002
         vertex -1.750000e-002 2.325000e-001 -6.000000e-002
      endloop
   endfacet
   facet normal 1.023175e-017 5.000001e-001 8.660254e-001
      outer loop
         vertex 4.341205e-003 4.962019e-002 5.000000e-001
         vertex -4.341205e-003 4.962019e-002 5.000000e-001
         vertex 1.530808e-018 6.698730e-003 5.250000e-001
      endloop
   endfacet
   facet normal -5.859889e-002 4.991408e-001 8.645372e-001
      outer loop
         vertex 1.530808e-018 6.698730e-003 5.250000e-001
         vertex -4.341205e-003 4.962019e-002 5.000000e-001
         vertex -4.341205e-003 6.318924e-003 5.250000e-001
      endloop
   endfacet
   facet normal -1.516261e-001 4.942189e-001 8.560123e-001
      outer loop
         vertex -4.341205e-003 6.318924e-003 5.250000e-001
         vertex -4.341205e-003 4.962019e-002 5.000000e-001
         vertex -1.250000e-002 4.665064e-002 5.000000e-001
      endloop
   endfacet
   facet normal -2.150644e-001 4.882999e-001 8.457603e-001
      outer loop
         vertex -4.341205e-003 6.318924e-003 5.250000e-001
         vertex -1.250000e-002 4.665064e-002 5.000000e-001
         vertex -1.250000e-002 3.349365e-003 5.250000e-001
      endloop
   endfacet
   facet normal -3.581399e-001 4.668339e-001 8.085802e-001
      outer loop
         vertex -1.250000e-002 3.349365e-003 5.250000e-001
         vertex -1.250000e-002 4.665064e-002 5.000000e-001
         vertex -1.915111e-002 4.106969e-002 5.000000e-001
      endloop
   endfacet
   facet normal -4.368935e-001 4.497567e-001 7.790014e-001
      outer loop
         vertex -1.250000e-002 3.349365e-003 5.250000e-001
         vertex -1.915111e-002 4.106969e-002 5.000000e-001
         vertex -1.915111e-002 -2.231580e-003 5.250000e-001
      endloop
   endfacet
   facet normal -6.219910e-001 3.915122e-001 6.781190e-001
      outer loop
         vertex -1.915111e-002 -2.231580e-003 5.250000e-001
         vertex -1.915111e-002 4.106969e-002 5.000000e-001
         vertex -2.349232e-002 3.355050e-002 5.000000e-001
      endloop
   endfacet
   facet normal -7.226737e-001 3.455947e-001 5.985876e-001
      outer loop
         vertex -1.915111e-002 -2.231580e-003 5.250000e-001
         vertex -2.349232e-002 3.355050e-002 5.000000e-001
         vertex -2.349232e-002 -9.750767e-003 5.250000e-001
      endloop
   endfacet
   facet normal -9.119974e-001 2.050980e-001 3.552402e-001
      outer loop
         vertex -2.349232e-002 -9.750767e-003 5.250000e-001
         vertex -2.349232e-002 3.355050e-002 5.000000e-001
         vertex -2.500000e-002 2.500000e-002 5.000000e-001
      endloop
   endfacet
   facet normal -9.787415e-001 1.025490e-001 1.776201e-001
      outer loop
         vertex -2.349232e-002 -9.750767e-003 5.250000e-001
         vertex -2.500000e-002 2.500000e-002 5.000000e-001
         vertex -2.500000e-002 -1.830127e-002 5.250000e-001
      endloop
   endfacet
   facet normal -9.787415e-001 -1.025490e-001 -1.776201e-001
      outer loop
         vertex -2.500000e-002 -1.830127e-002 5.250000e-001
         vertex -2.500000e-002 2.500000e-002 5.000000e-001
         vertex -2.349232e-002 1.644950e-002 5.000000e-001
      endloop
   endfacet
   facet normal -9.119974e-001 -2.050980e-001 -3.552402e-001
      outer loop
         vertex -2.500000e-002 -1.830127e-002 5.250000e-001
         vertex -2.349232e-002 1.644950e-002 5.000000e-001
         vertex -2.349232e-002 -2.685177e-002 5.250000e-001
      endloop
   endfacet
   facet normal -7.226737e-001 -3.455947e-001 -5.985875e-001
      outer loop
         vertex -2.349232e-002 -2.685177e-002 5.250000e-001
         vertex -2.349232e-002 1.644950e-002 5.000000e-001
         vertex -1.915111e-002 8.930310e-003 5.000000e-001
      endloop
   endfacet
   facet normal -6.219910e-001 -3.915122e-001 -6.781190e-001
      outer loop
         vertex -2.349232e-002 -2.685177e-002 5.250000e-001
         vertex -1.915111e-002 8.930310e-003 5.000000e-001
         vertex -1.915111e-002 -3.437096e-002 5.250000e-001
      endloop
   endfacet
   facet normal -4.368935e-001 -4.497566e-001 -7.790014e-001
      outer loop
         vertex -1.915111e-002 -3.437096e-002 5.250000e-001
         vertex -1.915111e-002 8.930310e-003 5.000000e-001
         vertex -1.250000e-002 3.349365e-003 5.000000e-001
      endloop
   endfacet
   facet normal -3.581399e-001 -4.668339e-001 -8.085802e-001
      outer loop
         vertex -1.915111e-002 -3.437096e-002 5.250000e-001
         vertex -1.250000e-002 3.349365e-003 5.000000e-001
         vertex -1.250000e-002 -3.995191e-002 5.250000e-001
      endloop
   endfacet
   facet normal -2.150644e-001 -4.882999e-001 -8.457603e-001
      outer loop
         vertex -1.250000e-002 -3.995191e-002 5.250000e-001
         vertex -1.250000e-002 3.349365e-003 5.000000e-001
         vertex -4.341205e-003 3.798062e-004 5.000000e-001
      endloop
   endfacet
   facet normal -1.516261e-001 -4.942189e-001 -8.560123e-001
      outer loop
         vertex -1.250000e-002 -3.995191e-002 5.250000e-001
         vertex -4.341205e-003 3.798062e-004 5.000000e-001
         vertex -4.341205e-003 -4.292146e-002 5.250000e-001
      endloop
   endfacet
   facet normal -5.859889e-002 -4.991408e-001 -8.645372e-001
      outer loop
         vertex -4.341205e-003 -4.292146e-002 5.250000e-001
         vertex -4.341205e-003 3.798062e-004 5.000000e-001
         vertex -4.592426e-018 -4.330127e-002 5.250000e-001
      endloop
   endfacet
   facet normal -2.929945e-002 -4.997854e-001 -8.656536e-001
      outer loop
         vertex -4.592426e-018 -4.330127e-002 5.250000e-001
         vertex -4.341205e-003 3.798062e-004 5.000000e-001
         vertex -4.592426e-018 -2.775558e-017 5.000000e-001
      endloop
   endfacet
   facet normal 2.929945e-002 -4.997854e-001 -8.656536e-001
      outer loop
         vertex -4.592426e-018 -4.330127e-002 5.250000e-001
         vertex -4.592426e-018 -2.775558e-017 5.000000e-001
         vertex 4.341205e-003 -4.292146e-002 5.250000e-001
      endloop
   endfacet
   facet normal 5.859889e-002 -4.991408e-001 -8.645372e-001
      outer loop
         vertex -4.592426e-018 -2.775558e-017 5.000000e-001
         vertex 4.341205e-003 3.798062e-004 5.000000e-001
         vertex 4.341205e-003 -4.292146e-002 5.250000e-001
      endloop
   endfacet
   facet normal 1.516261e-001 -4.942189e-001 -8.560123e-001
      outer loop
         vertex 4.341205e-003 -4.292146e-002 5.250000e-001
         vertex 4.341205e-003 3.798062e-004 5.000000e-001
         vertex 1.250000e-002 3.349365e-003 5.000000e-001
      endloop
   endfacet
   facet normal 2.150644e-001 -4.882999e-001 -8.457603e-001
      outer loop
         vertex 4.341205e-003 -4.292146e-002 5.250000e-001
         vertex 1.250000e-002 3.349365e-003 5.000000e-001
         vertex 1.250000e-002 -3.995191e-002 5.250000e-001
      endloop
   endfacet
   facet normal 3.581399e-001 -4.668339e-001 -8.085802e-001
      outer loop
         vertex 1.250000e-002 -3.995191e-002 5.250000e-001
         vertex 1.250000e-002 3.349365e-003 5.000000e-001
         vertex 1.915111e-002 8.930310e-003 5.000000e-001
      endloop
   endfacet
   facet normal 4.368935e-001 -4.497567e-001 -7.790014e-001
      outer loop
         vertex 1.250000e-002 -3.995191e-002 5.250000e-001
         vertex 1.915111e-002 8.930310e-003 5.000000e-001
         vertex 1.915111e-002 -3.437096e-002 5.250000e-001
      endloop
   endfacet
   facet normal 6.219910e-001 -3.915122e-001 -6.781190e-001
      outer loop
         vertex 1.915111e-002 -3.437096e-002 5.250000e-001
         vertex 1.915111e-002 8.930310e-003 5.000000e-001
         vertex 2.349232e-002 1.644950e-002 5.000000e-001
      endloop
   endfacet
   facet normal 7.226737e-001 -3.455947e-001 -5.985876e-001
      outer loop
         vertex 1.915111e-002 -3.437096e-002 5.250000e-001
         vertex 2.349232e-002 1.644950e-002 5.000000e-001
         vertex 2.349232e-002 -2.685177e-002 5.250000e-001
      endloop
   endfacet
   facet normal 9.119974e-001 -2.050980e-001 -3.552402e-001
      outer loop
         vertex 2.349232e-002 -2.685177e-002 5.250000e-001
         vertex 2.349232e-002 1.644950e-002 5.000000e-001
         vertex 2.500000e-002 2.500000e-002 5.000000e-001
      endloop
   endfacet
   facet normal 9.787415e-001 -1.025490e-001 -1.776201e-001
      outer loop
         vertex 2.349232e-002 -2.685177e-002 5.250000e-001
         vertex 2.500000e-002 2.500000e-002 5.000000e-001
         vertex 2.500000e-002 -1.830127e-002 5.250000e-001
      endloop
   endfacet
   facet normal 9.787415e-001 1.025490e-001 1.776201e-001
      outer loop
         vertex 2.500000e-002 -1.830127e-002 5.250000e-001
         vertex 2.500000e-002 2.500000e-002 5.000000e-001
         vertex 2.349232e-002 3.355050e-002 5.000000e-001
      endloop
   endfacet
   facet normal 9.119974e-001 2.050980e-001 3.552402e-001
      outer loop
         vertex 2.500000e-002 -1.830127e-002 5.250000e-001
         vertex 2.349232e-002 3.355050e-002 5.000000e-001
         vertex 2.349232e-002 -9.750767e-003 5.250000e-001
      endloop
   endfacet
   facet normal 7.226737e-001 3.455947e-001 5.985875e-001
      outer loop
         vertex 2.349232e-002 -9.750767e-003 5.250000e-001
         vertex 2.349232e-002 3.355050e-002 5.000000e-001
         vertex 1.915111e-002 4.106969e-002 5.000000e-001
      endloop
   endfacet
   facet normal 6.219910e-001 3.915122e-001 6.781190e-001
      outer loop
         vertex 2.349232e-002 -9.750767e-003 5.250000e-001
         vertex 1.915111e-002 4.106969e-002 5.000000e-001
         vertex 1.915111e-002 -2.231580e-003 5.250000e-001
      endloop
   endfacet
   facet normal 4.368935e-001 4.497566e-001 7.790014e-001
      outer loop
         vertex 1.915111e-002 -2.231580e-003 5.250000e-001
         vertex 1.915111e-002 4.106969e-002 5.000000e-001
         vertex 1.250000e-002 4.665064e-002 5.000000e-001
      endloop
   endfacet
   facet normal 3.581399e-001 4.668339e-001 8.085802e-001
      outer loop
         vertex 1.915111e-002 -2.231580e-003 5.250000e-001
         vertex 1.250000e-002 4.665064e-002 5.000000e-001
         vertex 1.250000e-002 3.349365e-003 5.250000e-001
      endloop
   endfacet
   facet normal 2.150644e-001 4.882999e-001 8.457603e-001
      outer loop
         vertex 1.250000e-002 3.349365e-003 5.250000e-001
         vertex 1.250000e-002 4.665064e-002 5.000000e-001
         vertex 4.341205e-003 4.962019e-002 5.000000e-001
      endloop
   endfacet
   facet normal 1.516261e-001 4.942189e-001 8.560123e-001
      outer loop
         vertex 1.250000e-002 3.349365e-003 5.250000e-001
         vertex 4.341205e-003 4.962019e-002 5.000000e-001
         vertex 4.341205e-003 6.318924e-003 5.250000e-001
      endloop
   endfacet
   facet normal 5.859889e-002 4.991408e-001 8.645372e-001
      outer loop
         vertex 4.341205e-003 6.318924e-003 5.250000e-001
         vertex 4.341205e-003 4.962019e-002 5.000000e-001
         vertex 1.530808e-018 6.698730e-003 5.250000e-001
      endloop
   endfacet
   facet normal 0.000000e+000 0.000000e+000 -1.000000e+000
      outer loop
         vertex 2.500000e-002 -1.830127e-002 5.250000e-001
         vertex 2.349232e-002 -9.750767e-003 5.250000e-001
         vertex 2.500000e-002 6.698730e-003 5.250000e-001
      endloop
   endfacet
   facet normal 0.000000e+000 0.000000e+000 -1.000000e+000
      outer loop
         vertex 2.500000e-002 6.698730e-003 5.250000e-001
         vertex 2.349232e-002 -9.750767e-003 5.250000e-001
         vertex 1.915111e-002 -2.231580e-003 5.250000e-001
      endloop
   endfacet
   facet normal 0.000000e+000 0.000000e+000 -1.000000e+000
      outer loop
         vertex 1.915111e-002 -2.231580e-003 5.250000e-001
         vertex 1.250000e-002 3.349365e-003 5.250000e-001
         vertex 2.500000e-002 6.698730e-003 5.250000e-001
      endloop
   endfacet
   facet normal 0.000000e+000 0.000000e+000 -1.000000e+000
      outer loop
         vertex 2.500000e-002 6.698730e-003 5.250000e-001
         vertex 1.250000e-002 3.349365e-003 5.250000e-001
         vertex 4.341205e-003 6.318924e-003 5.250000e-001
      endloop
   endfacet
   facet normal 0.000000e+000 0.000000e+000 -1.000000e+000
      outer loop
         vertex 2.500000e-002 6.698730e-003 5.250000e-001
         vertex 4.341205e-003 6.318924e-003 5.250000e-001
         vertex 0.000000e+000 6.698730e-003 5.250000e-001
      endloop
   endfacet
   facet normal 0.000000e+000 0.000000e+000 -1.000000e+000
      outer loop
         vertex -1.250000e-002 3.349365e-003 5.250000e-001
         vertex -2.500000e-002 6.698730e-003 5.250000e-001
         vertex -4.341205e-003 6.318924e-003 5.250000e-001
      endloop
   endfacet
   facet normal 0.000000e+000 0.000000e+000 -1.000000e+000
      outer loop
         vertex -4.341205e-003 6.318924e-003 5.250000e-001
         vertex -2.500000e-002 6.698730e-003 5.250000e-001
         vertex 1.530808e-018 6.698730e-003 5.250000e-001
      endloop
   endfacet
   facet normal 0.000000e+000 0.000000e+000 -1.000000e+000
      outer loop
         vertex -1.250000e-002 3.349365e-003 5.250000e-001
         vertex -1.915111e-002 -2.231580e-003 5.250000e-001
         vertex -2.500000e-002 6.698730e-003 5.250000e-001
      endloop
   endfacet
   facet normal 0.000000e+000 0.000000e+000 -1.000000e+000
      outer loop
         vertex -2.500000e-002 6.698730e-003 5.250000e-001
         vertex -1.915111e-002 -2.231580e-003 5.250000e-001
         vertex -2.349232e-002 -9.750767e-003 5.250000e-001
      endloop
   endfacet
   facet normal 0.000000e+000 0.000000e+000 -1.000000e+000
      outer loop
         vertex -2.500000e-002 6.698730e-003 5.250000e-001
         vertex -2.349232e-002 -9.750767e-003 5.250000e-001
         vertex -2.500000e-002 -1.830127e-002 5.250000e-001
      endloop
   endfacet
   facet normal 0.000000e+000 0.000000e+000 -1.000000e+000
      outer loop
         vertex -2.500000e-002 -1.830127e-002 5.250000e-001
         vertex -2.349232e-002 -2.685177e-002 5.250000e-001
         vertex -2.500000e-002 -4.330127e-002 5.250000e-001
      endloop
   endfacet
   facet normal 0.000000e+000 0.000000e+000 -1.000000e+000
      outer loop
         vertex -2.500000e-002 -4.330127e-002 5.250000e-001
         vertex -2.349232e-002 -2.685177e-002 5.250000e-001
         vertex -1.915111e-002 -3.437096e-002 5.250000e-001
      endloop
   endfacet
   facet normal 0.000000e+000 0.000000e+000 -1.000000e+000
      outer loop
         vertex -1.915111e-002 -3.437096e-002 5.250000e-001
         vertex -1.250000e-002 -3.995191e-002 5.250000e-001
         vertex -2.500000e-002 -4.330127e-002 5.250000e-001
      endloop
   endfacet
   facet normal 0.000000e+000 0.000000e+000 -1.000000e+000
      outer loop
         vertex -2.500000e-002 -4.330127e-002 5.250000e-001
         vertex -1.250000e-002 -3.995191e-002 5.250000e-001
         vertex -4.341205e-003 -4.292146e-002 5.250000e-001
      endloop
   endfacet
   facet normal 0.000000e+000 0.000000e+000 -1.000000e+000
      outer loop
         vertex -2.500000e-002 -4.330127e-002 5.250000e-001
         vertex -4.341205e-003 -4.292146e-002 5.250000e-001
         vertex 0.000000e+000 -4.330127e-002 5.250000e-001
      endloop
   endfacet
   facet normal 1.000000e+000 0.000000e+000 0.000000e+000
      outer loop
         vertex 2.500000e-002 6.698730e-003 5.250000e-001
         vertex 2.500000e-002 6.698730e-003 5.750000e-001
         vertex 2.500000e-002 -1.830127e-002 5.250000e-001
      endloop
   endfacet
   facet normal 1.000000e+000 0.000000e+000 0.000000e+000
      outer loop
         vertex 2.500000e-002 -1.830127e-002 5.250000e-001
         vertex 2.500000e-002 6.698730e-003 5.750000e-001
         vertex 2.500000e-002 -4.330127e-002 5.750000e-001
      endloop
   endfacet
   facet normal 1.000000e+000 0.000000e+000 0.000000e+000
      outer loop
         vertex 2.500000e-002 -1.830127e-002 5.250000e-001
         vertex 2.500000e-002 -4.330127e-002 5.750000e-001
         vertex 2.500000e-002 -4.330127e-002 5.250000e-001
      endloop
   endfacet
   facet normal 0.000000e+000 1.000000e+000 0.000000e+000
      outer loop
         vertex -2.500000e-002 6.698730e-003 5.250000e-001
         vertex -2.500000e-002 6.698730e-003 5.750000e-001
         vertex 0.000000e+000 6.698730e-003 5.250000e-001
      endloop
   endfacet
   facet normal 0.000000e+000 1.000000e+000 0.000000e+000
      outer loop
         vertex 0.000000e+000 6.698730e-003 5.250000e-001
         vertex -2.500000e-002 6.698730e-003 5.750000e-001
         vertex 2.500000e-002 6.698730e-003 5.750000e-001
      endloop
   endfacet
   facet normal 0.000000e+000 1.000000e+000 0.000000e+000
      outer loop
         vertex 0.000000e+000 6.698730e-003 5.250000e-001
         vertex 2.500000e-002 6.698730e-003 5.750000e-001
         vertex 2.500000e-002 6.698730e-003 5.250000e-001
      endloop
   endfacet
   facet normal -1.000000e+000 0.000000e+000 0.000000e+000
      outer loop
         vertex -2.500000e-002 -4.330127e-002 5.250000e-001
         vertex -2.500000e-002 -4.330127e-002 5.750000e-001
         vertex -2.500000e-002 -1.830127e-002 5.250000e-001
      endloop
   endfacet
   facet normal -1.000000e+000 0.000000e+000 0.000000e+000
      outer loop
         vertex -2.500000e-002 -1.830127e-002 5.250000e-001
         vertex -2.500000e-002 -4.330127e-002 5.750000e-001
         vertex -2.500000e-002 6.698730e-003 5.750000e-001
      endloop
   endfacet
   facet normal -1.000000e+000 0.000000e+000 0.000000e+000
      outer loop
         vertex -2.500000e-002 -1.830127e-002 5.250000e-001
         vertex -2.500000e-002 6.698730e-003 5.750000e-001
         vertex -2.500000e-002 6.698730e-003 5.250000e-001
      endloop
   endfacet
   facet normal 0.000000e+000 -1.000000e+000 0.000000e+000
      outer loop
         vertex 2.500000e-002 -4.330127e-002 5.250000e-001
         vertex 2.500000e-002 -4.330127e-002 5.750000e-001
         vertex 0.000000e+000 -4.330127e-002 5.250000e-001
      endloop
   endfacet
   facet normal 0.000000e+000 -1.000000e+000 0.000000e+000
      outer loop
         vertex 0.000000e+000 -4.330127e-002 5.250000e-001
         vertex 2.500000e-002 -4.330127e-002 5.750000e-001
         vertex -2.500000e-002 -4.330127e-002 5.750000e-001
      endloop
   endfacet
   facet normal 0.000000e+000 -1.000000e+000 0.000000e+000
      outer loop
         vertex 0.000000e+000 -4.330127e-002 5.250000e-001
         vertex -2.500000e-002 -4.330127e-002 5.750000e-001
         vertex -2.500000e-002 -4.330127e-002 5.250000e-001
      endloop
   endfacet
   facet normal 0.000000e+000 0.000000e+000 -1.000000e+000
      outer loop
         vertex 1.250000e-002 -3.995191e-002 5.250000e-001
         vertex 2.500000e-002 -4.330127e-002 5.250000e-001
         vertex 4.341205e-003 -4.292146e-002 5.250000e-001
      endloop
   endfacet
   facet normal 0.000000e+000 0.000000e+000 -1.000000e+000
      outer loop
         vertex 4.341205e-003 -4.292146e-002 5.250000e-001
         vertex 2.500000e-002 -4.330127e-002 5.250000e-001
         vertex -4.592426e-018 -4.330127e-002 5.250000e-001
      endloop
   endfacet
   facet normal 0.000000e+000 0.000000e+000 -1.000000e+000
      outer loop
         vertex 1.250000e-002 -3.995191e-002 5.250000e-001
         vertex 1.915111e-002 -3.437096e-002 5.250000e-001
         vertex 2.500000e-002 -4.330127e-002 5.250000e-001
      endloop
   endfacet
   facet normal 0.000000e+000 0.000000e+000 -1.000000e+000
      outer loop
         vertex 2.500000e-002 -4.330127e-002 5.250000e-001
         vertex 1.915111e-002 -3.437096e-002 5.250000e-001
         vertex 2.349232e-002 -2.685177e-002 5.250000e-001
      endloop
   endfacet
   facet normal 0.000000e+000 0.000000e+000 -1.000000e+000
      outer loop
         vertex 2.500000e-002 -4.330127e-002 5.250000e-001
         vertex 2.349232e-002 -2.685177e-002 5.250000e-001
         vertex 2.500000e-002 -1.830127e-002 5.250000e-001
      endloop
   endfacet
endsolid GF25_2chamber_overflow_DEM

