solid casing
   facet normal -4.754595e-002 0.000000e+000 9.988691e-001
      outer loop
         vertex -3.673940e-018 2.000000e-002 1.100000e-001
         vertex -3.673940e-018 -7.979728e-017 1.100000e-001
         vertex 2.134723e-003 2.000000e-002 1.101527e-001
      endloop
   endfacet
   facet normal -9.509189e-002 0.000000e+000 9.954685e-001
      outer loop
         vertex 2.134723e-003 2.000000e-002 1.101527e-001
         vertex -3.673940e-018 -7.979728e-017 1.100000e-001
         vertex 2.134723e-003 -7.979728e-017 1.101527e-001
      endloop
   endfacet
   facet normal -1.892159e-001 0.000000e+000 9.819355e-001
      outer loop
         vertex 2.134723e-003 2.000000e-002 1.101527e-001
         vertex 2.134723e-003 -7.979728e-017 1.101527e-001
         vertex 4.225988e-003 2.000000e-002 1.106076e-001
      endloop
   endfacet
   facet normal -2.357940e-001 0.000000e+000 9.718031e-001
      outer loop
         vertex 4.225988e-003 2.000000e-002 1.106076e-001
         vertex 2.134723e-003 -7.979728e-017 1.101527e-001
         vertex 4.225988e-003 -7.979728e-017 1.106076e-001
      endloop
   endfacet
   facet normal -3.270339e-001 0.000000e+000 9.450126e-001
      outer loop
         vertex 4.225988e-003 2.000000e-002 1.106076e-001
         vertex 4.225988e-003 -7.979728e-017 1.106076e-001
         vertex 6.231225e-003 2.000000e-002 1.113555e-001
      endloop
   endfacet
   facet normal -3.716959e-001 0.000000e+000 9.283545e-001
      outer loop
         vertex 6.231225e-003 2.000000e-002 1.113555e-001
         vertex 4.225988e-003 -7.979728e-017 1.106076e-001
         vertex 6.231225e-003 -7.979728e-017 1.113555e-001
      endloop
   endfacet
   facet normal -4.581946e-001 0.000000e+000 8.888519e-001
      outer loop
         vertex 6.231225e-003 2.000000e-002 1.113555e-001
         vertex 6.231225e-003 -7.979728e-017 1.113555e-001
         vertex 8.109612e-003 2.000000e-002 1.123812e-001
      endloop
   endfacet
   facet normal -5.000312e-001 0.000000e+000 8.660074e-001
      outer loop
         vertex 8.109612e-003 2.000000e-002 1.123812e-001
         vertex 6.231225e-003 -7.979728e-017 1.113555e-001
         vertex 8.109612e-003 -7.979728e-017 1.123812e-001
      endloop
   endfacet
   facet normal -5.800276e-001 0.000000e+000 8.145968e-001
      outer loop
         vertex 8.109612e-003 2.000000e-002 1.123812e-001
         vertex 8.109612e-003 -7.979728e-017 1.123812e-001
         vertex 9.822911e-003 2.000000e-002 1.136638e-001
      endloop
   endfacet
   facet normal -6.181873e-001 0.000000e+000 7.860308e-001
      outer loop
         vertex 9.822911e-003 2.000000e-002 1.136638e-001
         vertex 8.109612e-003 -7.979728e-017 1.123812e-001
         vertex 9.822911e-003 -7.979728e-017 1.136638e-001
      endloop
   endfacet
   facet normal -6.900530e-001 0.000000e+000 7.237589e-001
      outer loop
         vertex 9.822911e-003 2.000000e-002 1.136638e-001
         vertex 9.822911e-003 -7.979728e-017 1.136638e-001
         vertex 1.133624e-002 2.000000e-002 1.151771e-001
      endloop
   endfacet
   facet normal -7.237589e-001 0.000000e+000 6.900530e-001
      outer loop
         vertex 1.133624e-002 2.000000e-002 1.151771e-001
         vertex 9.822911e-003 -7.979728e-017 1.136638e-001
         vertex 1.133624e-002 -7.979728e-017 1.151771e-001
      endloop
   endfacet
   facet normal -7.860308e-001 0.000000e+000 6.181873e-001
      outer loop
         vertex 1.133624e-002 2.000000e-002 1.151771e-001
         vertex 1.133624e-002 -7.979728e-017 1.151771e-001
         vertex 1.261880e-002 2.000000e-002 1.168904e-001
      endloop
   endfacet
   facet normal -8.145968e-001 0.000000e+000 5.800276e-001
      outer loop
         vertex 1.261880e-002 2.000000e-002 1.168904e-001
         vertex 1.133624e-002 -7.979728e-017 1.151771e-001
         vertex 1.261880e-002 -7.979728e-017 1.168904e-001
      endloop
   endfacet
   facet normal -8.660074e-001 0.000000e+000 5.000312e-001
      outer loop
         vertex 1.261880e-002 2.000000e-002 1.168904e-001
         vertex 1.261880e-002 -7.979728e-017 1.168904e-001
         vertex 1.364448e-002 2.000000e-002 1.187688e-001
      endloop
   endfacet
   facet normal -8.888519e-001 0.000000e+000 4.581946e-001
      outer loop
         vertex 1.364448e-002 2.000000e-002 1.187688e-001
         vertex 1.261880e-002 -7.979728e-017 1.168904e-001
         vertex 1.364448e-002 -7.979728e-017 1.187688e-001
      endloop
   endfacet
   facet normal -9.283545e-001 0.000000e+000 3.716959e-001
      outer loop
         vertex 1.364448e-002 2.000000e-002 1.187688e-001
         vertex 1.364448e-002 -7.979728e-017 1.187688e-001
         vertex 1.439239e-002 2.000000e-002 1.207740e-001
      endloop
   endfacet
   facet normal -9.450126e-001 0.000000e+000 3.270340e-001
      outer loop
         vertex 1.439239e-002 2.000000e-002 1.207740e-001
         vertex 1.364448e-002 -7.979728e-017 1.187688e-001
         vertex 1.439239e-002 -7.979728e-017 1.207740e-001
      endloop
   endfacet
   facet normal -9.718031e-001 0.000000e+000 2.357940e-001
      outer loop
         vertex 1.439239e-002 2.000000e-002 1.207740e-001
         vertex 1.439239e-002 -7.979728e-017 1.207740e-001
         vertex 1.484732e-002 2.000000e-002 1.228653e-001
      endloop
   endfacet
   facet normal -9.819355e-001 0.000000e+000 1.892159e-001
      outer loop
         vertex 1.484732e-002 2.000000e-002 1.228653e-001
         vertex 1.439239e-002 -7.979728e-017 1.207740e-001
         vertex 1.484732e-002 -7.979728e-017 1.228653e-001
      endloop
   endfacet
   facet normal -9.954685e-001 0.000000e+000 9.509189e-002
      outer loop
         vertex 1.484732e-002 2.000000e-002 1.228653e-001
         vertex 1.484732e-002 -7.979728e-017 1.228653e-001
         vertex 1.500000e-002 2.000000e-002 1.250000e-001
      endloop
   endfacet
   facet normal -9.988691e-001 0.000000e+000 4.754595e-002
      outer loop
         vertex 1.500000e-002 2.000000e-002 1.250000e-001
         vertex 1.484732e-002 -7.979728e-017 1.228653e-001
         vertex 1.500000e-002 -7.979728e-017 1.250000e-001
      endloop
   endfacet
   facet normal -9.988691e-001 0.000000e+000 -4.754595e-002
      outer loop
         vertex 1.500000e-002 2.000000e-002 1.250000e-001
         vertex 1.500000e-002 -7.979728e-017 1.250000e-001
         vertex 1.484732e-002 2.000000e-002 1.271347e-001
      endloop
   endfacet
   facet normal -9.954685e-001 0.000000e+000 -9.509189e-002
      outer loop
         vertex 1.484732e-002 2.000000e-002 1.271347e-001
         vertex 1.500000e-002 -7.979728e-017 1.250000e-001
         vertex 1.484732e-002 -7.979728e-017 1.271347e-001
      endloop
   endfacet
   facet normal -9.819355e-001 0.000000e+000 -1.892159e-001
      outer loop
         vertex 1.484732e-002 2.000000e-002 1.271347e-001
         vertex 1.484732e-002 -7.979728e-017 1.271347e-001
         vertex 1.439239e-002 2.000000e-002 1.292260e-001
      endloop
   endfacet
   facet normal -9.718031e-001 0.000000e+000 -2.357940e-001
      outer loop
         vertex 1.439239e-002 2.000000e-002 1.292260e-001
         vertex 1.484732e-002 -7.979728e-017 1.271347e-001
         vertex 1.439239e-002 -7.979728e-017 1.292260e-001
      endloop
   endfacet
   facet normal -9.450126e-001 0.000000e+000 -3.270339e-001
      outer loop
         vertex 1.439239e-002 2.000000e-002 1.292260e-001
         vertex 1.439239e-002 -7.979728e-017 1.292260e-001
         vertex 1.364448e-002 2.000000e-002 1.312312e-001
      endloop
   endfacet
   facet normal -9.283545e-001 0.000000e+000 -3.716959e-001
      outer loop
         vertex 1.364448e-002 2.000000e-002 1.312312e-001
         vertex 1.439239e-002 -7.979728e-017 1.292260e-001
         vertex 1.364448e-002 -7.979728e-017 1.312312e-001
      endloop
   endfacet
   facet normal -8.888519e-001 0.000000e+000 -4.581946e-001
      outer loop
         vertex 1.364448e-002 2.000000e-002 1.312312e-001
         vertex 1.364448e-002 -7.979728e-017 1.312312e-001
         vertex 1.261880e-002 2.000000e-002 1.331096e-001
      endloop
   endfacet
   facet normal -8.660074e-001 0.000000e+000 -5.000312e-001
      outer loop
         vertex 1.261880e-002 2.000000e-002 1.331096e-001
         vertex 1.364448e-002 -7.979728e-017 1.312312e-001
         vertex 1.261880e-002 -7.979728e-017 1.331096e-001
      endloop
   endfacet
   facet normal -8.145968e-001 0.000000e+000 -5.800276e-001
      outer loop
         vertex 1.261880e-002 2.000000e-002 1.331096e-001
         vertex 1.261880e-002 -7.979728e-017 1.331096e-001
         vertex 1.133624e-002 2.000000e-002 1.348229e-001
      endloop
   endfacet
   facet normal -7.860308e-001 0.000000e+000 -6.181873e-001
      outer loop
         vertex 1.133624e-002 2.000000e-002 1.348229e-001
         vertex 1.261880e-002 -7.979728e-017 1.331096e-001
         vertex 1.133624e-002 -7.979728e-017 1.348229e-001
      endloop
   endfacet
   facet normal -7.237589e-001 0.000000e+000 -6.900530e-001
      outer loop
         vertex 1.133624e-002 2.000000e-002 1.348229e-001
         vertex 1.133624e-002 -7.979728e-017 1.348229e-001
         vertex 9.822911e-003 2.000000e-002 1.363362e-001
      endloop
   endfacet
   facet normal -6.900530e-001 0.000000e+000 -7.237589e-001
      outer loop
         vertex 9.822911e-003 2.000000e-002 1.363362e-001
         vertex 1.133624e-002 -7.979728e-017 1.348229e-001
         vertex 9.822911e-003 -7.979728e-017 1.363362e-001
      endloop
   endfacet
   facet normal -6.181873e-001 0.000000e+000 -7.860308e-001
      outer loop
         vertex 9.822911e-003 2.000000e-002 1.363362e-001
         vertex 9.822911e-003 -7.979728e-017 1.363362e-001
         vertex 8.109612e-003 2.000000e-002 1.376188e-001
      endloop
   endfacet
   facet normal -5.800276e-001 0.000000e+000 -8.145968e-001
      outer loop
         vertex 8.109612e-003 2.000000e-002 1.376188e-001
         vertex 9.822911e-003 -7.979728e-017 1.363362e-001
         vertex 8.109612e-003 -7.979728e-017 1.376188e-001
      endloop
   endfacet
   facet normal -5.000312e-001 0.000000e+000 -8.660074e-001
      outer loop
         vertex 8.109612e-003 2.000000e-002 1.376188e-001
         vertex 8.109612e-003 -7.979728e-017 1.376188e-001
         vertex 6.231225e-003 2.000000e-002 1.386445e-001
      endloop
   endfacet
   facet normal -4.581946e-001 0.000000e+000 -8.888519e-001
      outer loop
         vertex 6.231225e-003 2.000000e-002 1.386445e-001
         vertex 8.109612e-003 -7.979728e-017 1.376188e-001
         vertex 6.231225e-003 -7.979728e-017 1.386445e-001
      endloop
   endfacet
   facet normal -3.716959e-001 0.000000e+000 -9.283545e-001
      outer loop
         vertex 6.231225e-003 2.000000e-002 1.386445e-001
         vertex 6.231225e-003 -7.979728e-017 1.386445e-001
         vertex 4.225988e-003 2.000000e-002 1.393924e-001
      endloop
   endfacet
   facet normal -3.270340e-001 0.000000e+000 -9.450126e-001
      outer loop
         vertex 4.225988e-003 2.000000e-002 1.393924e-001
         vertex 6.231225e-003 -7.979728e-017 1.386445e-001
         vertex 4.225988e-003 -7.979728e-017 1.393924e-001
      endloop
   endfacet
   facet normal -2.357940e-001 0.000000e+000 -9.718031e-001
      outer loop
         vertex 4.225988e-003 2.000000e-002 1.393924e-001
         vertex 4.225988e-003 -7.979728e-017 1.393924e-001
         vertex 2.134723e-003 2.000000e-002 1.398473e-001
      endloop
   endfacet
   facet normal -1.892159e-001 0.000000e+000 -9.819355e-001
      outer loop
         vertex 2.134723e-003 2.000000e-002 1.398473e-001
         vertex 4.225988e-003 -7.979728e-017 1.393924e-001
         vertex 2.134723e-003 -7.979728e-017 1.398473e-001
      endloop
   endfacet
   facet normal -9.509189e-002 0.000000e+000 -9.954685e-001
      outer loop
         vertex 2.134723e-003 2.000000e-002 1.398473e-001
         vertex 2.134723e-003 -7.979728e-017 1.398473e-001
         vertex 1.836970e-018 2.000000e-002 1.400000e-001
      endloop
   endfacet
   facet normal -4.754595e-002 0.000000e+000 -9.988691e-001
      outer loop
         vertex 1.836970e-018 2.000000e-002 1.400000e-001
         vertex 2.134723e-003 -7.979728e-017 1.398473e-001
         vertex 1.836970e-018 -7.979728e-017 1.400000e-001
      endloop
   endfacet
   facet normal 4.754595e-002 0.000000e+000 -9.988691e-001
      outer loop
         vertex 1.836970e-018 2.000000e-002 1.400000e-001
         vertex 1.836970e-018 -7.979728e-017 1.400000e-001
         vertex -2.134723e-003 2.000000e-002 1.398473e-001
      endloop
   endfacet
   facet normal 9.509189e-002 0.000000e+000 -9.954685e-001
      outer loop
         vertex -2.134723e-003 2.000000e-002 1.398473e-001
         vertex 1.836970e-018 -7.979728e-017 1.400000e-001
         vertex -2.134723e-003 -7.979728e-017 1.398473e-001
      endloop
   endfacet
   facet normal 1.892159e-001 0.000000e+000 -9.819355e-001
      outer loop
         vertex -2.134723e-003 2.000000e-002 1.398473e-001
         vertex -2.134723e-003 -7.979728e-017 1.398473e-001
         vertex -4.225988e-003 2.000000e-002 1.393924e-001
      endloop
   endfacet
   facet normal 2.357940e-001 0.000000e+000 -9.718031e-001
      outer loop
         vertex -4.225988e-003 2.000000e-002 1.393924e-001
         vertex -2.134723e-003 -7.979728e-017 1.398473e-001
         vertex -4.225988e-003 -7.979728e-017 1.393924e-001
      endloop
   endfacet
   facet normal 3.270339e-001 0.000000e+000 -9.450126e-001
      outer loop
         vertex -4.225988e-003 2.000000e-002 1.393924e-001
         vertex -4.225988e-003 -7.979728e-017 1.393924e-001
         vertex -6.231225e-003 2.000000e-002 1.386445e-001
      endloop
   endfacet
   facet normal 3.716959e-001 0.000000e+000 -9.283545e-001
      outer loop
         vertex -6.231225e-003 2.000000e-002 1.386445e-001
         vertex -4.225988e-003 -7.979728e-017 1.393924e-001
         vertex -6.231225e-003 -7.979728e-017 1.386445e-001
      endloop
   endfacet
   facet normal 4.581946e-001 0.000000e+000 -8.888519e-001
      outer loop
         vertex -6.231225e-003 2.000000e-002 1.386445e-001
         vertex -6.231225e-003 -7.979728e-017 1.386445e-001
         vertex -8.109612e-003 2.000000e-002 1.376188e-001
      endloop
   endfacet
   facet normal 5.000312e-001 0.000000e+000 -8.660074e-001
      outer loop
         vertex -8.109612e-003 2.000000e-002 1.376188e-001
         vertex -6.231225e-003 -7.979728e-017 1.386445e-001
         vertex -8.109612e-003 -7.979728e-017 1.376188e-001
      endloop
   endfacet
   facet normal 5.800276e-001 0.000000e+000 -8.145968e-001
      outer loop
         vertex -8.109612e-003 2.000000e-002 1.376188e-001
         vertex -8.109612e-003 -7.979728e-017 1.376188e-001
         vertex -9.822911e-003 2.000000e-002 1.363362e-001
      endloop
   endfacet
   facet normal 6.181873e-001 0.000000e+000 -7.860308e-001
      outer loop
         vertex -9.822911e-003 2.000000e-002 1.363362e-001
         vertex -8.109612e-003 -7.979728e-017 1.376188e-001
         vertex -9.822911e-003 -7.979728e-017 1.363362e-001
      endloop
   endfacet
   facet normal 6.900530e-001 0.000000e+000 -7.237589e-001
      outer loop
         vertex -9.822911e-003 2.000000e-002 1.363362e-001
         vertex -9.822911e-003 -7.979728e-017 1.363362e-001
         vertex -1.133624e-002 2.000000e-002 1.348229e-001
      endloop
   endfacet
   facet normal 7.237589e-001 0.000000e+000 -6.900530e-001
      outer loop
         vertex -1.133624e-002 2.000000e-002 1.348229e-001
         vertex -9.822911e-003 -7.979728e-017 1.363362e-001
         vertex -1.133624e-002 -7.979728e-017 1.348229e-001
      endloop
   endfacet
   facet normal 7.860308e-001 0.000000e+000 -6.181873e-001
      outer loop
         vertex -1.133624e-002 2.000000e-002 1.348229e-001
         vertex -1.133624e-002 -7.979728e-017 1.348229e-001
         vertex -1.261880e-002 2.000000e-002 1.331096e-001
      endloop
   endfacet
   facet normal 8.145968e-001 0.000000e+000 -5.800276e-001
      outer loop
         vertex -1.261880e-002 2.000000e-002 1.331096e-001
         vertex -1.133624e-002 -7.979728e-017 1.348229e-001
         vertex -1.261880e-002 -7.979728e-017 1.331096e-001
      endloop
   endfacet
   facet normal 8.660074e-001 0.000000e+000 -5.000312e-001
      outer loop
         vertex -1.261880e-002 2.000000e-002 1.331096e-001
         vertex -1.261880e-002 -7.979728e-017 1.331096e-001
         vertex -1.364448e-002 2.000000e-002 1.312312e-001
      endloop
   endfacet
   facet normal 8.888519e-001 0.000000e+000 -4.581946e-001
      outer loop
         vertex -1.364448e-002 2.000000e-002 1.312312e-001
         vertex -1.261880e-002 -7.979728e-017 1.331096e-001
         vertex -1.364448e-002 -7.979728e-017 1.312312e-001
      endloop
   endfacet
   facet normal 9.283545e-001 0.000000e+000 -3.716959e-001
      outer loop
         vertex -1.364448e-002 2.000000e-002 1.312312e-001
         vertex -1.364448e-002 -7.979728e-017 1.312312e-001
         vertex -1.439239e-002 2.000000e-002 1.292260e-001
      endloop
   endfacet
   facet normal 9.450126e-001 0.000000e+000 -3.270340e-001
      outer loop
         vertex -1.439239e-002 2.000000e-002 1.292260e-001
         vertex -1.364448e-002 -7.979728e-017 1.312312e-001
         vertex -1.439239e-002 -7.979728e-017 1.292260e-001
      endloop
   endfacet
   facet normal 9.718031e-001 0.000000e+000 -2.357940e-001
      outer loop
         vertex -1.439239e-002 2.000000e-002 1.292260e-001
         vertex -1.439239e-002 -7.979728e-017 1.292260e-001
         vertex -1.484732e-002 2.000000e-002 1.271347e-001
      endloop
   endfacet
   facet normal 9.819355e-001 0.000000e+000 -1.892159e-001
      outer loop
         vertex -1.484732e-002 2.000000e-002 1.271347e-001
         vertex -1.439239e-002 -7.979728e-017 1.292260e-001
         vertex -1.484732e-002 -7.979728e-017 1.271347e-001
      endloop
   endfacet
   facet normal 9.954685e-001 0.000000e+000 -9.509189e-002
      outer loop
         vertex -1.484732e-002 2.000000e-002 1.271347e-001
         vertex -1.484732e-002 -7.979728e-017 1.271347e-001
         vertex -1.500000e-002 2.000000e-002 1.250000e-001
      endloop
   endfacet
   facet normal 9.988691e-001 0.000000e+000 -4.754595e-002
      outer loop
         vertex -1.500000e-002 2.000000e-002 1.250000e-001
         vertex -1.484732e-002 -7.979728e-017 1.271347e-001
         vertex -1.500000e-002 -7.979728e-017 1.250000e-001
      endloop
   endfacet
   facet normal 9.988691e-001 0.000000e+000 4.754595e-002
      outer loop
         vertex -1.500000e-002 2.000000e-002 1.250000e-001
         vertex -1.500000e-002 -7.979728e-017 1.250000e-001
         vertex -1.484732e-002 2.000000e-002 1.228653e-001
      endloop
   endfacet
   facet normal 9.954685e-001 0.000000e+000 9.509189e-002
      outer loop
         vertex -1.484732e-002 2.000000e-002 1.228653e-001
         vertex -1.500000e-002 -7.979728e-017 1.250000e-001
         vertex -1.484732e-002 -7.979728e-017 1.228653e-001
      endloop
   endfacet
   facet normal 9.819355e-001 0.000000e+000 1.892159e-001
      outer loop
         vertex -1.484732e-002 2.000000e-002 1.228653e-001
         vertex -1.484732e-002 -7.979728e-017 1.228653e-001
         vertex -1.439239e-002 2.000000e-002 1.207740e-001
      endloop
   endfacet
   facet normal 9.718031e-001 0.000000e+000 2.357940e-001
      outer loop
         vertex -1.439239e-002 2.000000e-002 1.207740e-001
         vertex -1.484732e-002 -7.979728e-017 1.228653e-001
         vertex -1.439239e-002 -7.979728e-017 1.207740e-001
      endloop
   endfacet
   facet normal 9.450126e-001 0.000000e+000 3.270339e-001
      outer loop
         vertex -1.439239e-002 2.000000e-002 1.207740e-001
         vertex -1.439239e-002 -7.979728e-017 1.207740e-001
         vertex -1.364448e-002 2.000000e-002 1.187688e-001
      endloop
   endfacet
   facet normal 9.283545e-001 0.000000e+000 3.716959e-001
      outer loop
         vertex -1.364448e-002 2.000000e-002 1.187688e-001
         vertex -1.439239e-002 -7.979728e-017 1.207740e-001
         vertex -1.364448e-002 -7.979728e-017 1.187688e-001
      endloop
   endfacet
   facet normal 8.888519e-001 0.000000e+000 4.581946e-001
      outer loop
         vertex -1.364448e-002 2.000000e-002 1.187688e-001
         vertex -1.364448e-002 -7.979728e-017 1.187688e-001
         vertex -1.261880e-002 2.000000e-002 1.168904e-001
      endloop
   endfacet
   facet normal 8.660074e-001 0.000000e+000 5.000312e-001
      outer loop
         vertex -1.261880e-002 2.000000e-002 1.168904e-001
         vertex -1.364448e-002 -7.979728e-017 1.187688e-001
         vertex -1.261880e-002 -7.979728e-017 1.168904e-001
      endloop
   endfacet
   facet normal 8.145968e-001 0.000000e+000 5.800276e-001
      outer loop
         vertex -1.261880e-002 2.000000e-002 1.168904e-001
         vertex -1.261880e-002 -7.979728e-017 1.168904e-001
         vertex -1.133624e-002 2.000000e-002 1.151771e-001
      endloop
   endfacet
   facet normal 7.860308e-001 0.000000e+000 6.181873e-001
      outer loop
         vertex -1.133624e-002 2.000000e-002 1.151771e-001
         vertex -1.261880e-002 -7.979728e-017 1.168904e-001
         vertex -1.133624e-002 -7.979728e-017 1.151771e-001
      endloop
   endfacet
   facet normal 7.237589e-001 0.000000e+000 6.900530e-001
      outer loop
         vertex -1.133624e-002 2.000000e-002 1.151771e-001
         vertex -1.133624e-002 -7.979728e-017 1.151771e-001
         vertex -9.822911e-003 2.000000e-002 1.136638e-001
      endloop
   endfacet
   facet normal 6.900530e-001 0.000000e+000 7.237589e-001
      outer loop
         vertex -9.822911e-003 2.000000e-002 1.136638e-001
         vertex -1.133624e-002 -7.979728e-017 1.151771e-001
         vertex -9.822911e-003 -7.979728e-017 1.136638e-001
      endloop
   endfacet
   facet normal 6.181873e-001 0.000000e+000 7.860308e-001
      outer loop
         vertex -9.822911e-003 2.000000e-002 1.136638e-001
         vertex -9.822911e-003 -7.979728e-017 1.136638e-001
         vertex -8.109612e-003 2.000000e-002 1.123812e-001
      endloop
   endfacet
   facet normal 5.800276e-001 0.000000e+000 8.145968e-001
      outer loop
         vertex -8.109612e-003 2.000000e-002 1.123812e-001
         vertex -9.822911e-003 -7.979728e-017 1.136638e-001
         vertex -8.109612e-003 -7.979728e-017 1.123812e-001
      endloop
   endfacet
   facet normal 5.000312e-001 0.000000e+000 8.660074e-001
      outer loop
         vertex -8.109612e-003 2.000000e-002 1.123812e-001
         vertex -8.109612e-003 -7.979728e-017 1.123812e-001
         vertex -6.231225e-003 2.000000e-002 1.113555e-001
      endloop
   endfacet
   facet normal 4.581946e-001 0.000000e+000 8.888519e-001
      outer loop
         vertex -6.231225e-003 2.000000e-002 1.113555e-001
         vertex -8.109612e-003 -7.979728e-017 1.123812e-001
         vertex -6.231225e-003 -7.979728e-017 1.113555e-001
      endloop
   endfacet
   facet normal 3.716959e-001 0.000000e+000 9.283545e-001
      outer loop
         vertex -6.231225e-003 2.000000e-002 1.113555e-001
         vertex -6.231225e-003 -7.979728e-017 1.113555e-001
         vertex -4.225988e-003 2.000000e-002 1.106076e-001
      endloop
   endfacet
   facet normal 3.270340e-001 0.000000e+000 9.450126e-001
      outer loop
         vertex -4.225988e-003 2.000000e-002 1.106076e-001
         vertex -6.231225e-003 -7.979728e-017 1.113555e-001
         vertex -4.225988e-003 -7.979728e-017 1.106076e-001
      endloop
   endfacet
   facet normal 2.357940e-001 0.000000e+000 9.718031e-001
      outer loop
         vertex -4.225988e-003 2.000000e-002 1.106076e-001
         vertex -4.225988e-003 -7.979728e-017 1.106076e-001
         vertex -2.134723e-003 2.000000e-002 1.101527e-001
      endloop
   endfacet
   facet normal 1.892159e-001 0.000000e+000 9.819355e-001
      outer loop
         vertex -2.134723e-003 2.000000e-002 1.101527e-001
         vertex -4.225988e-003 -7.979728e-017 1.106076e-001
         vertex -2.134723e-003 -7.979728e-017 1.101527e-001
      endloop
   endfacet
   facet normal 9.509189e-002 0.000000e+000 9.954685e-001
      outer loop
         vertex -2.134723e-003 2.000000e-002 1.101527e-001
         vertex -2.134723e-003 -7.979728e-017 1.101527e-001
         vertex -3.673940e-018 2.000000e-002 1.100000e-001
      endloop
   endfacet
   facet normal 4.754595e-002 0.000000e+000 9.988691e-001
      outer loop
         vertex -3.673940e-018 2.000000e-002 1.100000e-001
         vertex -2.134723e-003 -7.979728e-017 1.101527e-001
         vertex -3.673940e-018 -7.979728e-017 1.100000e-001
      endloop
   endfacet
   facet normal -1.691630e-001 -4.480250e-001 8.778710e-001
      outer loop
         vertex 1.423148e-003 3.000000e-002 1.151018e-001
         vertex 2.134723e-003 2.000000e-002 1.101527e-001
         vertex 2.817326e-003 3.000000e-002 1.154051e-001
      endloop
   endfacet
   facet normal -2.108047e-001 -4.480250e-001 8.688124e-001
      outer loop
         vertex 2.817326e-003 3.000000e-002 1.154051e-001
         vertex 2.134723e-003 2.000000e-002 1.101527e-001
         vertex 4.225988e-003 2.000000e-002 1.106076e-001
      endloop
   endfacet
   facet normal -2.923752e-001 -4.480250e-001 8.448611e-001
      outer loop
         vertex 2.817326e-003 3.000000e-002 1.154051e-001
         vertex 4.225988e-003 2.000000e-002 1.106076e-001
         vertex 4.154150e-003 3.000000e-002 1.159037e-001
      endloop
   endfacet
   facet normal -3.323039e-001 -4.480250e-001 8.299685e-001
      outer loop
         vertex 4.154150e-003 3.000000e-002 1.159037e-001
         vertex 4.225988e-003 2.000000e-002 1.106076e-001
         vertex 6.231225e-003 2.000000e-002 1.113555e-001
      endloop
   endfacet
   facet normal -4.096355e-001 -4.480250e-001 7.946523e-001
      outer loop
         vertex 4.154150e-003 3.000000e-002 1.159037e-001
         vertex 6.231225e-003 2.000000e-002 1.113555e-001
         vertex 5.406408e-003 3.000000e-002 1.165875e-001
      endloop
   endfacet
   facet normal -4.470384e-001 -4.480250e-001 7.742288e-001
      outer loop
         vertex 5.406408e-003 3.000000e-002 1.165875e-001
         vertex 6.231225e-003 2.000000e-002 1.113555e-001
         vertex 8.109612e-003 2.000000e-002 1.123812e-001
      endloop
   endfacet
   facet normal -5.185568e-001 -4.480250e-001 7.282667e-001
      outer loop
         vertex 5.406408e-003 3.000000e-002 1.165875e-001
         vertex 8.109612e-003 2.000000e-002 1.123812e-001
         vertex 6.548607e-003 3.000000e-002 1.174425e-001
      endloop
   endfacet
   facet normal -5.526724e-001 -4.480250e-001 7.027281e-001
      outer loop
         vertex 6.548607e-003 3.000000e-002 1.174425e-001
         vertex 8.109612e-003 2.000000e-002 1.123812e-001
         vertex 9.822911e-003 2.000000e-002 1.136638e-001
      endloop
   endfacet
   facet normal -6.169218e-001 -4.480250e-001 6.470556e-001
      outer loop
         vertex 6.548607e-003 3.000000e-002 1.174425e-001
         vertex 9.822911e-003 2.000000e-002 1.136638e-001
         vertex 7.557496e-003 3.000000e-002 1.184514e-001
      endloop
   endfacet
   facet normal -6.470556e-001 -4.480250e-001 6.169218e-001
      outer loop
         vertex 7.557496e-003 3.000000e-002 1.184514e-001
         vertex 9.822911e-003 2.000000e-002 1.136638e-001
         vertex 1.133624e-002 2.000000e-002 1.151771e-001
      endloop
   endfacet
   facet normal -7.027281e-001 -4.480250e-001 5.526724e-001
      outer loop
         vertex 7.557496e-003 3.000000e-002 1.184514e-001
         vertex 1.133624e-002 2.000000e-002 1.151771e-001
         vertex 8.412535e-003 3.000000e-002 1.195936e-001
      endloop
   endfacet
   facet normal -7.282667e-001 -4.480250e-001 5.185568e-001
      outer loop
         vertex 8.412535e-003 3.000000e-002 1.195936e-001
         vertex 1.133624e-002 2.000000e-002 1.151771e-001
         vertex 1.261880e-002 2.000000e-002 1.168904e-001
      endloop
   endfacet
   facet normal -7.742288e-001 -4.480250e-001 4.470384e-001
      outer loop
         vertex 8.412535e-003 3.000000e-002 1.195936e-001
         vertex 1.261880e-002 2.000000e-002 1.168904e-001
         vertex 9.096320e-003 3.000000e-002 1.208458e-001
      endloop
   endfacet
   facet normal -7.946523e-001 -4.480250e-001 4.096355e-001
      outer loop
         vertex 9.096320e-003 3.000000e-002 1.208458e-001
         vertex 1.261880e-002 2.000000e-002 1.168904e-001
         vertex 1.364448e-002 2.000000e-002 1.187688e-001
      endloop
   endfacet
   facet normal -8.299685e-001 -4.480250e-001 3.323039e-001
      outer loop
         vertex 9.096320e-003 3.000000e-002 1.208458e-001
         vertex 1.364448e-002 2.000000e-002 1.187688e-001
         vertex 9.594929e-003 3.000000e-002 1.221827e-001
      endloop
   endfacet
   facet normal -8.448611e-001 -4.480250e-001 2.923752e-001
      outer loop
         vertex 9.594929e-003 3.000000e-002 1.221827e-001
         vertex 1.364448e-002 2.000000e-002 1.187688e-001
         vertex 1.439239e-002 2.000000e-002 1.207740e-001
      endloop
   endfacet
   facet normal -8.688124e-001 -4.480250e-001 2.108047e-001
      outer loop
         vertex 9.594929e-003 3.000000e-002 1.221827e-001
         vertex 1.439239e-002 2.000000e-002 1.207740e-001
         vertex 9.898215e-003 3.000000e-002 1.235768e-001
      endloop
   endfacet
   facet normal -8.778710e-001 -4.480250e-001 1.691630e-001
      outer loop
         vertex 9.898215e-003 3.000000e-002 1.235768e-001
         vertex 1.439239e-002 2.000000e-002 1.207740e-001
         vertex 1.484732e-002 2.000000e-002 1.228653e-001
      endloop
   endfacet
   facet normal -8.899698e-001 -4.480250e-001 8.501415e-002
      outer loop
         vertex 9.898215e-003 3.000000e-002 1.235768e-001
         vertex 1.484732e-002 2.000000e-002 1.228653e-001
         vertex 1.000000e-002 3.000000e-002 1.250000e-001
      endloop
   endfacet
   facet normal -8.930100e-001 -4.480250e-001 4.250708e-002
      outer loop
         vertex 1.000000e-002 3.000000e-002 1.250000e-001
         vertex 1.484732e-002 2.000000e-002 1.228653e-001
         vertex 1.500000e-002 2.000000e-002 1.250000e-001
      endloop
   endfacet
   facet normal -8.930100e-001 -4.480250e-001 -4.250708e-002
      outer loop
         vertex 1.000000e-002 3.000000e-002 1.250000e-001
         vertex 1.500000e-002 2.000000e-002 1.250000e-001
         vertex 9.898215e-003 3.000000e-002 1.264232e-001
      endloop
   endfacet
   facet normal -8.899698e-001 -4.480250e-001 -8.501415e-002
      outer loop
         vertex 9.898215e-003 3.000000e-002 1.264232e-001
         vertex 1.500000e-002 2.000000e-002 1.250000e-001
         vertex 1.484732e-002 2.000000e-002 1.271347e-001
      endloop
   endfacet
   facet normal -8.778710e-001 -4.480250e-001 -1.691630e-001
      outer loop
         vertex 9.898215e-003 3.000000e-002 1.264232e-001
         vertex 1.484732e-002 2.000000e-002 1.271347e-001
         vertex 9.594929e-003 3.000000e-002 1.278173e-001
      endloop
   endfacet
   facet normal -8.688124e-001 -4.480250e-001 -2.108047e-001
      outer loop
         vertex 9.594929e-003 3.000000e-002 1.278173e-001
         vertex 1.484732e-002 2.000000e-002 1.271347e-001
         vertex 1.439239e-002 2.000000e-002 1.292260e-001
      endloop
   endfacet
   facet normal -8.448611e-001 -4.480250e-001 -2.923752e-001
      outer loop
         vertex 9.594929e-003 3.000000e-002 1.278173e-001
         vertex 1.439239e-002 2.000000e-002 1.292260e-001
         vertex 9.096320e-003 3.000000e-002 1.291541e-001
      endloop
   endfacet
   facet normal -8.299685e-001 -4.480250e-001 -3.323039e-001
      outer loop
         vertex 9.096320e-003 3.000000e-002 1.291541e-001
         vertex 1.439239e-002 2.000000e-002 1.292260e-001
         vertex 1.364448e-002 2.000000e-002 1.312312e-001
      endloop
   endfacet
   facet normal -7.946523e-001 -4.480250e-001 -4.096355e-001
      outer loop
         vertex 9.096320e-003 3.000000e-002 1.291541e-001
         vertex 1.364448e-002 2.000000e-002 1.312312e-001
         vertex 8.412535e-003 3.000000e-002 1.304064e-001
      endloop
   endfacet
   facet normal -7.742288e-001 -4.480250e-001 -4.470384e-001
      outer loop
         vertex 8.412535e-003 3.000000e-002 1.304064e-001
         vertex 1.364448e-002 2.000000e-002 1.312312e-001
         vertex 1.261880e-002 2.000000e-002 1.331096e-001
      endloop
   endfacet
   facet normal -7.282667e-001 -4.480250e-001 -5.185568e-001
      outer loop
         vertex 8.412535e-003 3.000000e-002 1.304064e-001
         vertex 1.261880e-002 2.000000e-002 1.331096e-001
         vertex 7.557496e-003 3.000000e-002 1.315486e-001
      endloop
   endfacet
   facet normal -7.027281e-001 -4.480250e-001 -5.526724e-001
      outer loop
         vertex 7.557496e-003 3.000000e-002 1.315486e-001
         vertex 1.261880e-002 2.000000e-002 1.331096e-001
         vertex 1.133624e-002 2.000000e-002 1.348229e-001
      endloop
   endfacet
   facet normal -6.470556e-001 -4.480250e-001 -6.169218e-001
      outer loop
         vertex 7.557496e-003 3.000000e-002 1.315486e-001
         vertex 1.133624e-002 2.000000e-002 1.348229e-001
         vertex 6.548607e-003 3.000000e-002 1.325575e-001
      endloop
   endfacet
   facet normal -6.169218e-001 -4.480250e-001 -6.470556e-001
      outer loop
         vertex 6.548607e-003 3.000000e-002 1.325575e-001
         vertex 1.133624e-002 2.000000e-002 1.348229e-001
         vertex 9.822911e-003 2.000000e-002 1.363362e-001
      endloop
   endfacet
   facet normal -5.526724e-001 -4.480250e-001 -7.027281e-001
      outer loop
         vertex 6.548607e-003 3.000000e-002 1.325575e-001
         vertex 9.822911e-003 2.000000e-002 1.363362e-001
         vertex 5.406408e-003 3.000000e-002 1.334125e-001
      endloop
   endfacet
   facet normal -5.185568e-001 -4.480250e-001 -7.282667e-001
      outer loop
         vertex 5.406408e-003 3.000000e-002 1.334125e-001
         vertex 9.822911e-003 2.000000e-002 1.363362e-001
         vertex 8.109612e-003 2.000000e-002 1.376188e-001
      endloop
   endfacet
   facet normal -4.470384e-001 -4.480250e-001 -7.742288e-001
      outer loop
         vertex 5.406408e-003 3.000000e-002 1.334125e-001
         vertex 8.109612e-003 2.000000e-002 1.376188e-001
         vertex 4.154150e-003 3.000000e-002 1.340963e-001
      endloop
   endfacet
   facet normal -4.096355e-001 -4.480250e-001 -7.946523e-001
      outer loop
         vertex 4.154150e-003 3.000000e-002 1.340963e-001
         vertex 8.109612e-003 2.000000e-002 1.376188e-001
         vertex 6.231225e-003 2.000000e-002 1.386445e-001
      endloop
   endfacet
   facet normal -3.323039e-001 -4.480250e-001 -8.299685e-001
      outer loop
         vertex 4.154150e-003 3.000000e-002 1.340963e-001
         vertex 6.231225e-003 2.000000e-002 1.386445e-001
         vertex 2.817326e-003 3.000000e-002 1.345949e-001
      endloop
   endfacet
   facet normal -2.923752e-001 -4.480250e-001 -8.448611e-001
      outer loop
         vertex 2.817326e-003 3.000000e-002 1.345949e-001
         vertex 6.231225e-003 2.000000e-002 1.386445e-001
         vertex 4.225988e-003 2.000000e-002 1.393924e-001
      endloop
   endfacet
   facet normal -2.108047e-001 -4.480250e-001 -8.688124e-001
      outer loop
         vertex 2.817326e-003 3.000000e-002 1.345949e-001
         vertex 4.225988e-003 2.000000e-002 1.393924e-001
         vertex 1.423148e-003 3.000000e-002 1.348982e-001
      endloop
   endfacet
   facet normal -1.691630e-001 -4.480250e-001 -8.778710e-001
      outer loop
         vertex 1.423148e-003 3.000000e-002 1.348982e-001
         vertex 4.225988e-003 2.000000e-002 1.393924e-001
         vertex 2.134723e-003 2.000000e-002 1.398473e-001
      endloop
   endfacet
   facet normal -8.501415e-002 -4.480250e-001 -8.899698e-001
      outer loop
         vertex 1.423148e-003 3.000000e-002 1.348982e-001
         vertex 2.134723e-003 2.000000e-002 1.398473e-001
         vertex -8.326672e-019 3.000000e-002 1.350000e-001
      endloop
   endfacet
   facet normal -4.250708e-002 -4.480250e-001 -8.930100e-001
      outer loop
         vertex -8.326672e-019 3.000000e-002 1.350000e-001
         vertex 2.134723e-003 2.000000e-002 1.398473e-001
         vertex -1.249001e-018 2.000000e-002 1.400000e-001
      endloop
   endfacet
   facet normal 4.250708e-002 -4.480250e-001 -8.930100e-001
      outer loop
         vertex -8.326672e-019 3.000000e-002 1.350000e-001
         vertex -1.249001e-018 2.000000e-002 1.400000e-001
         vertex -1.423148e-003 3.000000e-002 1.348982e-001
      endloop
   endfacet
   facet normal 8.501415e-002 -4.480250e-001 -8.899698e-001
      outer loop
         vertex -1.423148e-003 3.000000e-002 1.348982e-001
         vertex -1.249001e-018 2.000000e-002 1.400000e-001
         vertex -2.134723e-003 2.000000e-002 1.398473e-001
      endloop
   endfacet
   facet normal 1.691630e-001 -4.480250e-001 -8.778710e-001
      outer loop
         vertex -1.423148e-003 3.000000e-002 1.348982e-001
         vertex -2.134723e-003 2.000000e-002 1.398473e-001
         vertex -2.817326e-003 3.000000e-002 1.345949e-001
      endloop
   endfacet
   facet normal 2.108047e-001 -4.480250e-001 -8.688124e-001
      outer loop
         vertex -2.817326e-003 3.000000e-002 1.345949e-001
         vertex -2.134723e-003 2.000000e-002 1.398473e-001
         vertex -4.225988e-003 2.000000e-002 1.393924e-001
      endloop
   endfacet
   facet normal 2.923752e-001 -4.480250e-001 -8.448611e-001
      outer loop
         vertex -2.817326e-003 3.000000e-002 1.345949e-001
         vertex -4.225988e-003 2.000000e-002 1.393924e-001
         vertex -4.154150e-003 3.000000e-002 1.340963e-001
      endloop
   endfacet
   facet normal 3.323039e-001 -4.480250e-001 -8.299685e-001
      outer loop
         vertex -4.154150e-003 3.000000e-002 1.340963e-001
         vertex -4.225988e-003 2.000000e-002 1.393924e-001
         vertex -6.231225e-003 2.000000e-002 1.386445e-001
      endloop
   endfacet
   facet normal 4.096355e-001 -4.480250e-001 -7.946523e-001
      outer loop
         vertex -4.154150e-003 3.000000e-002 1.340963e-001
         vertex -6.231225e-003 2.000000e-002 1.386445e-001
         vertex -5.406408e-003 3.000000e-002 1.334125e-001
      endloop
   endfacet
   facet normal 4.470384e-001 -4.480250e-001 -7.742288e-001
      outer loop
         vertex -5.406408e-003 3.000000e-002 1.334125e-001
         vertex -6.231225e-003 2.000000e-002 1.386445e-001
         vertex -8.109612e-003 2.000000e-002 1.376188e-001
      endloop
   endfacet
   facet normal 5.185568e-001 -4.480250e-001 -7.282667e-001
      outer loop
         vertex -5.406408e-003 3.000000e-002 1.334125e-001
         vertex -8.109612e-003 2.000000e-002 1.376188e-001
         vertex -6.548607e-003 3.000000e-002 1.325575e-001
      endloop
   endfacet
   facet normal 5.526724e-001 -4.480250e-001 -7.027281e-001
      outer loop
         vertex -6.548607e-003 3.000000e-002 1.325575e-001
         vertex -8.109612e-003 2.000000e-002 1.376188e-001
         vertex -9.822911e-003 2.000000e-002 1.363362e-001
      endloop
   endfacet
   facet normal 6.169218e-001 -4.480250e-001 -6.470556e-001
      outer loop
         vertex -6.548607e-003 3.000000e-002 1.325575e-001
         vertex -9.822911e-003 2.000000e-002 1.363362e-001
         vertex -7.557496e-003 3.000000e-002 1.315486e-001
      endloop
   endfacet
   facet normal 6.470556e-001 -4.480250e-001 -6.169218e-001
      outer loop
         vertex -7.557496e-003 3.000000e-002 1.315486e-001
         vertex -9.822911e-003 2.000000e-002 1.363362e-001
         vertex -1.133624e-002 2.000000e-002 1.348229e-001
      endloop
   endfacet
   facet normal 7.027281e-001 -4.480250e-001 -5.526724e-001
      outer loop
         vertex -7.557496e-003 3.000000e-002 1.315486e-001
         vertex -1.133624e-002 2.000000e-002 1.348229e-001
         vertex -8.412535e-003 3.000000e-002 1.304064e-001
      endloop
   endfacet
   facet normal 7.282667e-001 -4.480250e-001 -5.185568e-001
      outer loop
         vertex -8.412535e-003 3.000000e-002 1.304064e-001
         vertex -1.133624e-002 2.000000e-002 1.348229e-001
         vertex -1.261880e-002 2.000000e-002 1.331096e-001
      endloop
   endfacet
   facet normal 7.742288e-001 -4.480250e-001 -4.470384e-001
      outer loop
         vertex -8.412535e-003 3.000000e-002 1.304064e-001
         vertex -1.261880e-002 2.000000e-002 1.331096e-001
         vertex -9.096320e-003 3.000000e-002 1.291541e-001
      endloop
   endfacet
   facet normal 7.946523e-001 -4.480250e-001 -4.096355e-001
      outer loop
         vertex -9.096320e-003 3.000000e-002 1.291541e-001
         vertex -1.261880e-002 2.000000e-002 1.331096e-001
         vertex -1.364448e-002 2.000000e-002 1.312312e-001
      endloop
   endfacet
   facet normal 8.299685e-001 -4.480250e-001 -3.323039e-001
      outer loop
         vertex -9.096320e-003 3.000000e-002 1.291541e-001
         vertex -1.364448e-002 2.000000e-002 1.312312e-001
         vertex -9.594929e-003 3.000000e-002 1.278173e-001
      endloop
   endfacet
   facet normal 8.448611e-001 -4.480250e-001 -2.923752e-001
      outer loop
         vertex -9.594929e-003 3.000000e-002 1.278173e-001
         vertex -1.364448e-002 2.000000e-002 1.312312e-001
         vertex -1.439239e-002 2.000000e-002 1.292260e-001
      endloop
   endfacet
   facet normal 8.688124e-001 -4.480250e-001 -2.108047e-001
      outer loop
         vertex -9.594929e-003 3.000000e-002 1.278173e-001
         vertex -1.439239e-002 2.000000e-002 1.292260e-001
         vertex -9.898215e-003 3.000000e-002 1.264232e-001
      endloop
   endfacet
   facet normal 8.778710e-001 -4.480250e-001 -1.691630e-001
      outer loop
         vertex -9.898215e-003 3.000000e-002 1.264232e-001
         vertex -1.439239e-002 2.000000e-002 1.292260e-001
         vertex -1.484732e-002 2.000000e-002 1.271347e-001
      endloop
   endfacet
   facet normal 8.899698e-001 -4.480250e-001 -8.501415e-002
      outer loop
         vertex -9.898215e-003 3.000000e-002 1.264232e-001
         vertex -1.484732e-002 2.000000e-002 1.271347e-001
         vertex -1.000000e-002 3.000000e-002 1.250000e-001
      endloop
   endfacet
   facet normal 8.930100e-001 -4.480250e-001 -4.250708e-002
      outer loop
         vertex -1.000000e-002 3.000000e-002 1.250000e-001
         vertex -1.484732e-002 2.000000e-002 1.271347e-001
         vertex -1.500000e-002 2.000000e-002 1.250000e-001
      endloop
   endfacet
   facet normal 8.930100e-001 -4.480250e-001 4.250708e-002
      outer loop
         vertex -1.000000e-002 3.000000e-002 1.250000e-001
         vertex -1.500000e-002 2.000000e-002 1.250000e-001
         vertex -9.898215e-003 3.000000e-002 1.235768e-001
      endloop
   endfacet
   facet normal 8.899698e-001 -4.480250e-001 8.501415e-002
      outer loop
         vertex -9.898215e-003 3.000000e-002 1.235768e-001
         vertex -1.500000e-002 2.000000e-002 1.250000e-001
         vertex -1.484732e-002 2.000000e-002 1.228653e-001
      endloop
   endfacet
   facet normal 8.778710e-001 -4.480250e-001 1.691630e-001
      outer loop
         vertex -9.898215e-003 3.000000e-002 1.235768e-001
         vertex -1.484732e-002 2.000000e-002 1.228653e-001
         vertex -9.594929e-003 3.000000e-002 1.221827e-001
      endloop
   endfacet
   facet normal 8.688124e-001 -4.480250e-001 2.108047e-001
      outer loop
         vertex -9.594929e-003 3.000000e-002 1.221827e-001
         vertex -1.484732e-002 2.000000e-002 1.228653e-001
         vertex -1.439239e-002 2.000000e-002 1.207740e-001
      endloop
   endfacet
   facet normal 8.448611e-001 -4.480250e-001 2.923752e-001
      outer loop
         vertex -9.594929e-003 3.000000e-002 1.221827e-001
         vertex -1.439239e-002 2.000000e-002 1.207740e-001
         vertex -9.096320e-003 3.000000e-002 1.208458e-001
      endloop
   endfacet
   facet normal 8.299685e-001 -4.480250e-001 3.323039e-001
      outer loop
         vertex -9.096320e-003 3.000000e-002 1.208458e-001
         vertex -1.439239e-002 2.000000e-002 1.207740e-001
         vertex -1.364448e-002 2.000000e-002 1.187688e-001
      endloop
   endfacet
   facet normal 7.946523e-001 -4.480250e-001 4.096355e-001
      outer loop
         vertex -9.096320e-003 3.000000e-002 1.208458e-001
         vertex -1.364448e-002 2.000000e-002 1.187688e-001
         vertex -8.412535e-003 3.000000e-002 1.195936e-001
      endloop
   endfacet
   facet normal 7.742288e-001 -4.480250e-001 4.470384e-001
      outer loop
         vertex -8.412535e-003 3.000000e-002 1.195936e-001
         vertex -1.364448e-002 2.000000e-002 1.187688e-001
         vertex -1.261880e-002 2.000000e-002 1.168904e-001
      endloop
   endfacet
   facet normal 7.282667e-001 -4.480250e-001 5.185568e-001
      outer loop
         vertex -8.412535e-003 3.000000e-002 1.195936e-001
         vertex -1.261880e-002 2.000000e-002 1.168904e-001
         vertex -7.557496e-003 3.000000e-002 1.184514e-001
      endloop
   endfacet
   facet normal 7.027281e-001 -4.480250e-001 5.526724e-001
      outer loop
         vertex -7.557496e-003 3.000000e-002 1.184514e-001
         vertex -1.261880e-002 2.000000e-002 1.168904e-001
         vertex -1.133624e-002 2.000000e-002 1.151771e-001
      endloop
   endfacet
   facet normal 6.470556e-001 -4.480250e-001 6.169218e-001
      outer loop
         vertex -7.557496e-003 3.000000e-002 1.184514e-001
         vertex -1.133624e-002 2.000000e-002 1.151771e-001
         vertex -6.548607e-003 3.000000e-002 1.174425e-001
      endloop
   endfacet
   facet normal 6.169218e-001 -4.480250e-001 6.470556e-001
      outer loop
         vertex -6.548607e-003 3.000000e-002 1.174425e-001
         vertex -1.133624e-002 2.000000e-002 1.151771e-001
         vertex -9.822911e-003 2.000000e-002 1.136638e-001
      endloop
   endfacet
   facet normal 5.526724e-001 -4.480250e-001 7.027281e-001
      outer loop
         vertex -6.548607e-003 3.000000e-002 1.174425e-001
         vertex -9.822911e-003 2.000000e-002 1.136638e-001
         vertex -5.406408e-003 3.000000e-002 1.165875e-001
      endloop
   endfacet
   facet normal 5.185568e-001 -4.480250e-001 7.282667e-001
      outer loop
         vertex -5.406408e-003 3.000000e-002 1.165875e-001
         vertex -9.822911e-003 2.000000e-002 1.136638e-001
         vertex -8.109612e-003 2.000000e-002 1.123812e-001
      endloop
   endfacet
   facet normal 4.470384e-001 -4.480250e-001 7.742288e-001
      outer loop
         vertex -5.406408e-003 3.000000e-002 1.165875e-001
         vertex -8.109612e-003 2.000000e-002 1.123812e-001
         vertex -4.154150e-003 3.000000e-002 1.159037e-001
      endloop
   endfacet
   facet normal 4.096355e-001 -4.480250e-001 7.946523e-001
      outer loop
         vertex -4.154150e-003 3.000000e-002 1.159037e-001
         vertex -8.109612e-003 2.000000e-002 1.123812e-001
         vertex -6.231225e-003 2.000000e-002 1.113555e-001
      endloop
   endfacet
   facet normal 3.323039e-001 -4.480250e-001 8.299685e-001
      outer loop
         vertex -4.154150e-003 3.000000e-002 1.159037e-001
         vertex -6.231225e-003 2.000000e-002 1.113555e-001
         vertex -2.817326e-003 3.000000e-002 1.154051e-001
      endloop
   endfacet
   facet normal 2.923752e-001 -4.480250e-001 8.448611e-001
      outer loop
         vertex -2.817326e-003 3.000000e-002 1.154051e-001
         vertex -6.231225e-003 2.000000e-002 1.113555e-001
         vertex -4.225988e-003 2.000000e-002 1.106076e-001
      endloop
   endfacet
   facet normal 2.108047e-001 -4.480250e-001 8.688124e-001
      outer loop
         vertex -2.817326e-003 3.000000e-002 1.154051e-001
         vertex -4.225988e-003 2.000000e-002 1.106076e-001
         vertex -1.423148e-003 3.000000e-002 1.151018e-001
      endloop
   endfacet
   facet normal 1.691630e-001 -4.480250e-001 8.778710e-001
      outer loop
         vertex -1.423148e-003 3.000000e-002 1.151018e-001
         vertex -4.225988e-003 2.000000e-002 1.106076e-001
         vertex -2.134723e-003 2.000000e-002 1.101527e-001
      endloop
   endfacet
   facet normal 8.501415e-002 -4.480250e-001 8.899698e-001
      outer loop
         vertex -1.423148e-003 3.000000e-002 1.151018e-001
         vertex -2.134723e-003 2.000000e-002 1.101527e-001
         vertex 0.000000e+000 3.000000e-002 1.150000e-001
      endloop
   endfacet
   facet normal 4.250708e-002 -4.480250e-001 8.930100e-001
      outer loop
         vertex 0.000000e+000 3.000000e-002 1.150000e-001
         vertex -2.134723e-003 2.000000e-002 1.101527e-001
         vertex 0.000000e+000 2.000000e-002 1.100000e-001
      endloop
   endfacet
   facet normal -4.250708e-002 -4.480250e-001 8.930100e-001
      outer loop
         vertex 0.000000e+000 3.000000e-002 1.150000e-001
         vertex 0.000000e+000 2.000000e-002 1.100000e-001
         vertex 1.423148e-003 3.000000e-002 1.151018e-001
      endloop
   endfacet
   facet normal -8.501415e-002 -4.480250e-001 8.899698e-001
      outer loop
         vertex 1.423148e-003 3.000000e-002 1.151018e-001
         vertex 0.000000e+000 2.000000e-002 1.100000e-001
         vertex 2.134723e-003 2.000000e-002 1.101527e-001
      endloop
   endfacet
   facet normal -1.691630e-001 -4.480250e-001 8.778710e-001
      outer loop
         vertex 1.423148e-003 3.000000e-002 3.651018e-001
         vertex 2.134723e-003 2.000000e-002 3.601527e-001
         vertex 2.817326e-003 3.000000e-002 3.654051e-001
      endloop
   endfacet
   facet normal -2.108047e-001 -4.480250e-001 8.688124e-001
      outer loop
         vertex 2.817326e-003 3.000000e-002 3.654051e-001
         vertex 2.134723e-003 2.000000e-002 3.601527e-001
         vertex 4.225988e-003 2.000000e-002 3.606076e-001
      endloop
   endfacet
   facet normal -2.923752e-001 -4.480250e-001 8.448611e-001
      outer loop
         vertex 2.817326e-003 3.000000e-002 3.654051e-001
         vertex 4.225988e-003 2.000000e-002 3.606076e-001
         vertex 4.154150e-003 3.000000e-002 3.659037e-001
      endloop
   endfacet
   facet normal -3.323039e-001 -4.480250e-001 8.299685e-001
      outer loop
         vertex 4.154150e-003 3.000000e-002 3.659037e-001
         vertex 4.225988e-003 2.000000e-002 3.606076e-001
         vertex 6.231225e-003 2.000000e-002 3.613555e-001
      endloop
   endfacet
   facet normal -4.096355e-001 -4.480250e-001 7.946523e-001
      outer loop
         vertex 4.154150e-003 3.000000e-002 3.659037e-001
         vertex 6.231225e-003 2.000000e-002 3.613555e-001
         vertex 5.406408e-003 3.000000e-002 3.665875e-001
      endloop
   endfacet
   facet normal -4.470384e-001 -4.480250e-001 7.742288e-001
      outer loop
         vertex 5.406408e-003 3.000000e-002 3.665875e-001
         vertex 6.231225e-003 2.000000e-002 3.613555e-001
         vertex 8.109612e-003 2.000000e-002 3.623812e-001
      endloop
   endfacet
   facet normal -5.185568e-001 -4.480250e-001 7.282667e-001
      outer loop
         vertex 5.406408e-003 3.000000e-002 3.665875e-001
         vertex 8.109612e-003 2.000000e-002 3.623812e-001
         vertex 6.548607e-003 3.000000e-002 3.674425e-001
      endloop
   endfacet
   facet normal -5.526724e-001 -4.480250e-001 7.027281e-001
      outer loop
         vertex 6.548607e-003 3.000000e-002 3.674425e-001
         vertex 8.109612e-003 2.000000e-002 3.623812e-001
         vertex 9.822911e-003 2.000000e-002 3.636638e-001
      endloop
   endfacet
   facet normal -6.169218e-001 -4.480250e-001 6.470556e-001
      outer loop
         vertex 6.548607e-003 3.000000e-002 3.674425e-001
         vertex 9.822911e-003 2.000000e-002 3.636638e-001
         vertex 7.557496e-003 3.000000e-002 3.684514e-001
      endloop
   endfacet
   facet normal -6.470556e-001 -4.480250e-001 6.169218e-001
      outer loop
         vertex 7.557496e-003 3.000000e-002 3.684514e-001
         vertex 9.822911e-003 2.000000e-002 3.636638e-001
         vertex 1.133624e-002 2.000000e-002 3.651771e-001
      endloop
   endfacet
   facet normal -7.027281e-001 -4.480250e-001 5.526724e-001
      outer loop
         vertex 7.557496e-003 3.000000e-002 3.684514e-001
         vertex 1.133624e-002 2.000000e-002 3.651771e-001
         vertex 8.412535e-003 3.000000e-002 3.695936e-001
      endloop
   endfacet
   facet normal -7.282667e-001 -4.480250e-001 5.185568e-001
      outer loop
         vertex 8.412535e-003 3.000000e-002 3.695936e-001
         vertex 1.133624e-002 2.000000e-002 3.651771e-001
         vertex 1.261880e-002 2.000000e-002 3.668904e-001
      endloop
   endfacet
   facet normal -7.742288e-001 -4.480250e-001 4.470384e-001
      outer loop
         vertex 8.412535e-003 3.000000e-002 3.695936e-001
         vertex 1.261880e-002 2.000000e-002 3.668904e-001
         vertex 9.096320e-003 3.000000e-002 3.708459e-001
      endloop
   endfacet
   facet normal -7.946523e-001 -4.480250e-001 4.096355e-001
      outer loop
         vertex 9.096320e-003 3.000000e-002 3.708459e-001
         vertex 1.261880e-002 2.000000e-002 3.668904e-001
         vertex 1.364448e-002 2.000000e-002 3.687688e-001
      endloop
   endfacet
   facet normal -8.299685e-001 -4.480250e-001 3.323039e-001
      outer loop
         vertex 9.096320e-003 3.000000e-002 3.708459e-001
         vertex 1.364448e-002 2.000000e-002 3.687688e-001
         vertex 9.594929e-003 3.000000e-002 3.721827e-001
      endloop
   endfacet
   facet normal -8.448611e-001 -4.480250e-001 2.923752e-001
      outer loop
         vertex 9.594929e-003 3.000000e-002 3.721827e-001
         vertex 1.364448e-002 2.000000e-002 3.687688e-001
         vertex 1.439239e-002 2.000000e-002 3.707740e-001
      endloop
   endfacet
   facet normal -8.688124e-001 -4.480250e-001 2.108047e-001
      outer loop
         vertex 9.594929e-003 3.000000e-002 3.721827e-001
         vertex 1.439239e-002 2.000000e-002 3.707740e-001
         vertex 9.898215e-003 3.000000e-002 3.735768e-001
      endloop
   endfacet
   facet normal -8.778710e-001 -4.480250e-001 1.691630e-001
      outer loop
         vertex 9.898215e-003 3.000000e-002 3.735768e-001
         vertex 1.439239e-002 2.000000e-002 3.707740e-001
         vertex 1.484732e-002 2.000000e-002 3.728653e-001
      endloop
   endfacet
   facet normal -8.899698e-001 -4.480250e-001 8.501415e-002
      outer loop
         vertex 9.898215e-003 3.000000e-002 3.735768e-001
         vertex 1.484732e-002 2.000000e-002 3.728653e-001
         vertex 1.000000e-002 3.000000e-002 3.750000e-001
      endloop
   endfacet
   facet normal -8.930100e-001 -4.480250e-001 4.250708e-002
      outer loop
         vertex 1.000000e-002 3.000000e-002 3.750000e-001
         vertex 1.484732e-002 2.000000e-002 3.728653e-001
         vertex 1.500000e-002 2.000000e-002 3.750000e-001
      endloop
   endfacet
   facet normal -8.930100e-001 -4.480250e-001 -4.250708e-002
      outer loop
         vertex 1.000000e-002 3.000000e-002 3.750000e-001
         vertex 1.500000e-002 2.000000e-002 3.750000e-001
         vertex 9.898215e-003 3.000000e-002 3.764232e-001
      endloop
   endfacet
   facet normal -8.899698e-001 -4.480250e-001 -8.501415e-002
      outer loop
         vertex 9.898215e-003 3.000000e-002 3.764232e-001
         vertex 1.500000e-002 2.000000e-002 3.750000e-001
         vertex 1.484732e-002 2.000000e-002 3.771347e-001
      endloop
   endfacet
   facet normal -8.778710e-001 -4.480250e-001 -1.691630e-001
      outer loop
         vertex 9.898215e-003 3.000000e-002 3.764232e-001
         vertex 1.484732e-002 2.000000e-002 3.771347e-001
         vertex 9.594929e-003 3.000000e-002 3.778173e-001
      endloop
   endfacet
   facet normal -8.688124e-001 -4.480250e-001 -2.108047e-001
      outer loop
         vertex 9.594929e-003 3.000000e-002 3.778173e-001
         vertex 1.484732e-002 2.000000e-002 3.771347e-001
         vertex 1.439239e-002 2.000000e-002 3.792260e-001
      endloop
   endfacet
   facet normal -8.448611e-001 -4.480250e-001 -2.923752e-001
      outer loop
         vertex 9.594929e-003 3.000000e-002 3.778173e-001
         vertex 1.439239e-002 2.000000e-002 3.792260e-001
         vertex 9.096320e-003 3.000000e-002 3.791541e-001
      endloop
   endfacet
   facet normal -8.299685e-001 -4.480250e-001 -3.323039e-001
      outer loop
         vertex 9.096320e-003 3.000000e-002 3.791541e-001
         vertex 1.439239e-002 2.000000e-002 3.792260e-001
         vertex 1.364448e-002 2.000000e-002 3.812312e-001
      endloop
   endfacet
   facet normal -7.946523e-001 -4.480250e-001 -4.096355e-001
      outer loop
         vertex 9.096320e-003 3.000000e-002 3.791541e-001
         vertex 1.364448e-002 2.000000e-002 3.812312e-001
         vertex 8.412535e-003 3.000000e-002 3.804064e-001
      endloop
   endfacet
   facet normal -7.742288e-001 -4.480250e-001 -4.470384e-001
      outer loop
         vertex 8.412535e-003 3.000000e-002 3.804064e-001
         vertex 1.364448e-002 2.000000e-002 3.812312e-001
         vertex 1.261880e-002 2.000000e-002 3.831096e-001
      endloop
   endfacet
   facet normal -7.282667e-001 -4.480250e-001 -5.185568e-001
      outer loop
         vertex 8.412535e-003 3.000000e-002 3.804064e-001
         vertex 1.261880e-002 2.000000e-002 3.831096e-001
         vertex 7.557496e-003 3.000000e-002 3.815486e-001
      endloop
   endfacet
   facet normal -7.027281e-001 -4.480250e-001 -5.526724e-001
      outer loop
         vertex 7.557496e-003 3.000000e-002 3.815486e-001
         vertex 1.261880e-002 2.000000e-002 3.831096e-001
         vertex 1.133624e-002 2.000000e-002 3.848229e-001
      endloop
   endfacet
   facet normal -6.470556e-001 -4.480250e-001 -6.169218e-001
      outer loop
         vertex 7.557496e-003 3.000000e-002 3.815486e-001
         vertex 1.133624e-002 2.000000e-002 3.848229e-001
         vertex 6.548607e-003 3.000000e-002 3.825575e-001
      endloop
   endfacet
   facet normal -6.169218e-001 -4.480250e-001 -6.470556e-001
      outer loop
         vertex 6.548607e-003 3.000000e-002 3.825575e-001
         vertex 1.133624e-002 2.000000e-002 3.848229e-001
         vertex 9.822911e-003 2.000000e-002 3.863362e-001
      endloop
   endfacet
   facet normal -5.526724e-001 -4.480250e-001 -7.027281e-001
      outer loop
         vertex 6.548607e-003 3.000000e-002 3.825575e-001
         vertex 9.822911e-003 2.000000e-002 3.863362e-001
         vertex 5.406408e-003 3.000000e-002 3.834125e-001
      endloop
   endfacet
   facet normal -5.185568e-001 -4.480250e-001 -7.282667e-001
      outer loop
         vertex 5.406408e-003 3.000000e-002 3.834125e-001
         vertex 9.822911e-003 2.000000e-002 3.863362e-001
         vertex 8.109612e-003 2.000000e-002 3.876188e-001
      endloop
   endfacet
   facet normal -4.470384e-001 -4.480250e-001 -7.742288e-001
      outer loop
         vertex 5.406408e-003 3.000000e-002 3.834125e-001
         vertex 8.109612e-003 2.000000e-002 3.876188e-001
         vertex 4.154150e-003 3.000000e-002 3.840963e-001
      endloop
   endfacet
   facet normal -4.096355e-001 -4.480250e-001 -7.946523e-001
      outer loop
         vertex 4.154150e-003 3.000000e-002 3.840963e-001
         vertex 8.109612e-003 2.000000e-002 3.876188e-001
         vertex 6.231225e-003 2.000000e-002 3.886445e-001
      endloop
   endfacet
   facet normal -3.323039e-001 -4.480250e-001 -8.299685e-001
      outer loop
         vertex 4.154150e-003 3.000000e-002 3.840963e-001
         vertex 6.231225e-003 2.000000e-002 3.886445e-001
         vertex 2.817326e-003 3.000000e-002 3.845949e-001
      endloop
   endfacet
   facet normal -2.923752e-001 -4.480250e-001 -8.448611e-001
      outer loop
         vertex 2.817326e-003 3.000000e-002 3.845949e-001
         vertex 6.231225e-003 2.000000e-002 3.886445e-001
         vertex 4.225988e-003 2.000000e-002 3.893924e-001
      endloop
   endfacet
   facet normal -2.108047e-001 -4.480250e-001 -8.688124e-001
      outer loop
         vertex 2.817326e-003 3.000000e-002 3.845949e-001
         vertex 4.225988e-003 2.000000e-002 3.893924e-001
         vertex 1.423148e-003 3.000000e-002 3.848982e-001
      endloop
   endfacet
   facet normal -1.691630e-001 -4.480250e-001 -8.778710e-001
      outer loop
         vertex 1.423148e-003 3.000000e-002 3.848982e-001
         vertex 4.225988e-003 2.000000e-002 3.893924e-001
         vertex 2.134723e-003 2.000000e-002 3.898473e-001
      endloop
   endfacet
   facet normal -8.501415e-002 -4.480250e-001 -8.899698e-001
      outer loop
         vertex 1.423148e-003 3.000000e-002 3.848982e-001
         vertex 2.134723e-003 2.000000e-002 3.898473e-001
         vertex -8.326672e-019 3.000000e-002 3.850000e-001
      endloop
   endfacet
   facet normal -4.250708e-002 -4.480250e-001 -8.930100e-001
      outer loop
         vertex -8.326672e-019 3.000000e-002 3.850000e-001
         vertex 2.134723e-003 2.000000e-002 3.898473e-001
         vertex -1.249001e-018 2.000000e-002 3.900000e-001
      endloop
   endfacet
   facet normal 4.250708e-002 -4.480250e-001 -8.930100e-001
      outer loop
         vertex -8.326672e-019 3.000000e-002 3.850000e-001
         vertex -1.249001e-018 2.000000e-002 3.900000e-001
         vertex -1.423148e-003 3.000000e-002 3.848982e-001
      endloop
   endfacet
   facet normal 8.501415e-002 -4.480250e-001 -8.899698e-001
      outer loop
         vertex -1.423148e-003 3.000000e-002 3.848982e-001
         vertex -1.249001e-018 2.000000e-002 3.900000e-001
         vertex -2.134723e-003 2.000000e-002 3.898473e-001
      endloop
   endfacet
   facet normal 1.691630e-001 -4.480250e-001 -8.778710e-001
      outer loop
         vertex -1.423148e-003 3.000000e-002 3.848982e-001
         vertex -2.134723e-003 2.000000e-002 3.898473e-001
         vertex -2.817326e-003 3.000000e-002 3.845949e-001
      endloop
   endfacet
   facet normal 2.108047e-001 -4.480250e-001 -8.688124e-001
      outer loop
         vertex -2.817326e-003 3.000000e-002 3.845949e-001
         vertex -2.134723e-003 2.000000e-002 3.898473e-001
         vertex -4.225988e-003 2.000000e-002 3.893924e-001
      endloop
   endfacet
   facet normal 2.923752e-001 -4.480250e-001 -8.448611e-001
      outer loop
         vertex -2.817326e-003 3.000000e-002 3.845949e-001
         vertex -4.225988e-003 2.000000e-002 3.893924e-001
         vertex -4.154150e-003 3.000000e-002 3.840963e-001
      endloop
   endfacet
   facet normal 3.323039e-001 -4.480250e-001 -8.299685e-001
      outer loop
         vertex -4.154150e-003 3.000000e-002 3.840963e-001
         vertex -4.225988e-003 2.000000e-002 3.893924e-001
         vertex -6.231225e-003 2.000000e-002 3.886445e-001
      endloop
   endfacet
   facet normal 4.096355e-001 -4.480250e-001 -7.946523e-001
      outer loop
         vertex -4.154150e-003 3.000000e-002 3.840963e-001
         vertex -6.231225e-003 2.000000e-002 3.886445e-001
         vertex -5.406408e-003 3.000000e-002 3.834125e-001
      endloop
   endfacet
   facet normal 4.470384e-001 -4.480250e-001 -7.742288e-001
      outer loop
         vertex -5.406408e-003 3.000000e-002 3.834125e-001
         vertex -6.231225e-003 2.000000e-002 3.886445e-001
         vertex -8.109612e-003 2.000000e-002 3.876188e-001
      endloop
   endfacet
   facet normal 5.185568e-001 -4.480250e-001 -7.282667e-001
      outer loop
         vertex -5.406408e-003 3.000000e-002 3.834125e-001
         vertex -8.109612e-003 2.000000e-002 3.876188e-001
         vertex -6.548607e-003 3.000000e-002 3.825575e-001
      endloop
   endfacet
   facet normal 5.526724e-001 -4.480250e-001 -7.027281e-001
      outer loop
         vertex -6.548607e-003 3.000000e-002 3.825575e-001
         vertex -8.109612e-003 2.000000e-002 3.876188e-001
         vertex -9.822911e-003 2.000000e-002 3.863362e-001
      endloop
   endfacet
   facet normal 6.169218e-001 -4.480250e-001 -6.470556e-001
      outer loop
         vertex -6.548607e-003 3.000000e-002 3.825575e-001
         vertex -9.822911e-003 2.000000e-002 3.863362e-001
         vertex -7.557496e-003 3.000000e-002 3.815486e-001
      endloop
   endfacet
   facet normal 6.470556e-001 -4.480250e-001 -6.169218e-001
      outer loop
         vertex -7.557496e-003 3.000000e-002 3.815486e-001
         vertex -9.822911e-003 2.000000e-002 3.863362e-001
         vertex -1.133624e-002 2.000000e-002 3.848229e-001
      endloop
   endfacet
   facet normal 7.027281e-001 -4.480250e-001 -5.526724e-001
      outer loop
         vertex -7.557496e-003 3.000000e-002 3.815486e-001
         vertex -1.133624e-002 2.000000e-002 3.848229e-001
         vertex -8.412535e-003 3.000000e-002 3.804064e-001
      endloop
   endfacet
   facet normal 7.282667e-001 -4.480250e-001 -5.185568e-001
      outer loop
         vertex -8.412535e-003 3.000000e-002 3.804064e-001
         vertex -1.133624e-002 2.000000e-002 3.848229e-001
         vertex -1.261880e-002 2.000000e-002 3.831096e-001
      endloop
   endfacet
   facet normal 7.742288e-001 -4.480250e-001 -4.470384e-001
      outer loop
         vertex -8.412535e-003 3.000000e-002 3.804064e-001
         vertex -1.261880e-002 2.000000e-002 3.831096e-001
         vertex -9.096320e-003 3.000000e-002 3.791541e-001
      endloop
   endfacet
   facet normal 7.946523e-001 -4.480250e-001 -4.096355e-001
      outer loop
         vertex -9.096320e-003 3.000000e-002 3.791541e-001
         vertex -1.261880e-002 2.000000e-002 3.831096e-001
         vertex -1.364448e-002 2.000000e-002 3.812312e-001
      endloop
   endfacet
   facet normal 8.299685e-001 -4.480250e-001 -3.323039e-001
      outer loop
         vertex -9.096320e-003 3.000000e-002 3.791541e-001
         vertex -1.364448e-002 2.000000e-002 3.812312e-001
         vertex -9.594929e-003 3.000000e-002 3.778173e-001
      endloop
   endfacet
   facet normal 8.448611e-001 -4.480250e-001 -2.923752e-001
      outer loop
         vertex -9.594929e-003 3.000000e-002 3.778173e-001
         vertex -1.364448e-002 2.000000e-002 3.812312e-001
         vertex -1.439239e-002 2.000000e-002 3.792260e-001
      endloop
   endfacet
   facet normal 8.688124e-001 -4.480250e-001 -2.108047e-001
      outer loop
         vertex -9.594929e-003 3.000000e-002 3.778173e-001
         vertex -1.439239e-002 2.000000e-002 3.792260e-001
         vertex -9.898215e-003 3.000000e-002 3.764232e-001
      endloop
   endfacet
   facet normal 8.778710e-001 -4.480250e-001 -1.691630e-001
      outer loop
         vertex -9.898215e-003 3.000000e-002 3.764232e-001
         vertex -1.439239e-002 2.000000e-002 3.792260e-001
         vertex -1.484732e-002 2.000000e-002 3.771347e-001
      endloop
   endfacet
   facet normal 8.899698e-001 -4.480250e-001 -8.501415e-002
      outer loop
         vertex -9.898215e-003 3.000000e-002 3.764232e-001
         vertex -1.484732e-002 2.000000e-002 3.771347e-001
         vertex -1.000000e-002 3.000000e-002 3.750000e-001
      endloop
   endfacet
   facet normal 8.930100e-001 -4.480250e-001 -4.250708e-002
      outer loop
         vertex -1.000000e-002 3.000000e-002 3.750000e-001
         vertex -1.484732e-002 2.000000e-002 3.771347e-001
         vertex -1.500000e-002 2.000000e-002 3.750000e-001
      endloop
   endfacet
   facet normal 8.930100e-001 -4.480250e-001 4.250708e-002
      outer loop
         vertex -1.000000e-002 3.000000e-002 3.750000e-001
         vertex -1.500000e-002 2.000000e-002 3.750000e-001
         vertex -9.898215e-003 3.000000e-002 3.735768e-001
      endloop
   endfacet
   facet normal 8.899698e-001 -4.480250e-001 8.501415e-002
      outer loop
         vertex -9.898215e-003 3.000000e-002 3.735768e-001
         vertex -1.500000e-002 2.000000e-002 3.750000e-001
         vertex -1.484732e-002 2.000000e-002 3.728653e-001
      endloop
   endfacet
   facet normal 8.778710e-001 -4.480250e-001 1.691630e-001
      outer loop
         vertex -9.898215e-003 3.000000e-002 3.735768e-001
         vertex -1.484732e-002 2.000000e-002 3.728653e-001
         vertex -9.594929e-003 3.000000e-002 3.721827e-001
      endloop
   endfacet
   facet normal 8.688124e-001 -4.480250e-001 2.108047e-001
      outer loop
         vertex -9.594929e-003 3.000000e-002 3.721827e-001
         vertex -1.484732e-002 2.000000e-002 3.728653e-001
         vertex -1.439239e-002 2.000000e-002 3.707740e-001
      endloop
   endfacet
   facet normal 8.448611e-001 -4.480250e-001 2.923752e-001
      outer loop
         vertex -9.594929e-003 3.000000e-002 3.721827e-001
         vertex -1.439239e-002 2.000000e-002 3.707740e-001
         vertex -9.096320e-003 3.000000e-002 3.708459e-001
      endloop
   endfacet
   facet normal 8.299685e-001 -4.480250e-001 3.323039e-001
      outer loop
         vertex -9.096320e-003 3.000000e-002 3.708459e-001
         vertex -1.439239e-002 2.000000e-002 3.707740e-001
         vertex -1.364448e-002 2.000000e-002 3.687688e-001
      endloop
   endfacet
   facet normal 7.946523e-001 -4.480250e-001 4.096355e-001
      outer loop
         vertex -9.096320e-003 3.000000e-002 3.708459e-001
         vertex -1.364448e-002 2.000000e-002 3.687688e-001
         vertex -8.412535e-003 3.000000e-002 3.695936e-001
      endloop
   endfacet
   facet normal 7.742288e-001 -4.480250e-001 4.470384e-001
      outer loop
         vertex -8.412535e-003 3.000000e-002 3.695936e-001
         vertex -1.364448e-002 2.000000e-002 3.687688e-001
         vertex -1.261880e-002 2.000000e-002 3.668904e-001
      endloop
   endfacet
   facet normal 7.282667e-001 -4.480250e-001 5.185568e-001
      outer loop
         vertex -8.412535e-003 3.000000e-002 3.695936e-001
         vertex -1.261880e-002 2.000000e-002 3.668904e-001
         vertex -7.557496e-003 3.000000e-002 3.684514e-001
      endloop
   endfacet
   facet normal 7.027281e-001 -4.480250e-001 5.526724e-001
      outer loop
         vertex -7.557496e-003 3.000000e-002 3.684514e-001
         vertex -1.261880e-002 2.000000e-002 3.668904e-001
         vertex -1.133624e-002 2.000000e-002 3.651771e-001
      endloop
   endfacet
   facet normal 6.470556e-001 -4.480250e-001 6.169218e-001
      outer loop
         vertex -7.557496e-003 3.000000e-002 3.684514e-001
         vertex -1.133624e-002 2.000000e-002 3.651771e-001
         vertex -6.548607e-003 3.000000e-002 3.674425e-001
      endloop
   endfacet
   facet normal 6.169218e-001 -4.480250e-001 6.470556e-001
      outer loop
         vertex -6.548607e-003 3.000000e-002 3.674425e-001
         vertex -1.133624e-002 2.000000e-002 3.651771e-001
         vertex -9.822911e-003 2.000000e-002 3.636638e-001
      endloop
   endfacet
   facet normal 5.526724e-001 -4.480250e-001 7.027281e-001
      outer loop
         vertex -6.548607e-003 3.000000e-002 3.674425e-001
         vertex -9.822911e-003 2.000000e-002 3.636638e-001
         vertex -5.406408e-003 3.000000e-002 3.665875e-001
      endloop
   endfacet
   facet normal 5.185568e-001 -4.480250e-001 7.282667e-001
      outer loop
         vertex -5.406408e-003 3.000000e-002 3.665875e-001
         vertex -9.822911e-003 2.000000e-002 3.636638e-001
         vertex -8.109612e-003 2.000000e-002 3.623812e-001
      endloop
   endfacet
   facet normal 4.470384e-001 -4.480250e-001 7.742288e-001
      outer loop
         vertex -5.406408e-003 3.000000e-002 3.665875e-001
         vertex -8.109612e-003 2.000000e-002 3.623812e-001
         vertex -4.154150e-003 3.000000e-002 3.659037e-001
      endloop
   endfacet
   facet normal 4.096355e-001 -4.480250e-001 7.946523e-001
      outer loop
         vertex -4.154150e-003 3.000000e-002 3.659037e-001
         vertex -8.109612e-003 2.000000e-002 3.623812e-001
         vertex -6.231225e-003 2.000000e-002 3.613555e-001
      endloop
   endfacet
   facet normal 3.323039e-001 -4.480250e-001 8.299685e-001
      outer loop
         vertex -4.154150e-003 3.000000e-002 3.659037e-001
         vertex -6.231225e-003 2.000000e-002 3.613555e-001
         vertex -2.817326e-003 3.000000e-002 3.654051e-001
      endloop
   endfacet
   facet normal 2.923752e-001 -4.480250e-001 8.448611e-001
      outer loop
         vertex -2.817326e-003 3.000000e-002 3.654051e-001
         vertex -6.231225e-003 2.000000e-002 3.613555e-001
         vertex -4.225988e-003 2.000000e-002 3.606076e-001
      endloop
   endfacet
   facet normal 2.108047e-001 -4.480250e-001 8.688124e-001
      outer loop
         vertex -2.817326e-003 3.000000e-002 3.654051e-001
         vertex -4.225988e-003 2.000000e-002 3.606076e-001
         vertex -1.423148e-003 3.000000e-002 3.651018e-001
      endloop
   endfacet
   facet normal 1.691630e-001 -4.480250e-001 8.778710e-001
      outer loop
         vertex -1.423148e-003 3.000000e-002 3.651018e-001
         vertex -4.225988e-003 2.000000e-002 3.606076e-001
         vertex -2.134723e-003 2.000000e-002 3.601527e-001
      endloop
   endfacet
   facet normal 8.501415e-002 -4.480250e-001 8.899698e-001
      outer loop
         vertex -1.423148e-003 3.000000e-002 3.651018e-001
         vertex -2.134723e-003 2.000000e-002 3.601527e-001
         vertex 0.000000e+000 3.000000e-002 3.650000e-001
      endloop
   endfacet
   facet normal 4.250708e-002 -4.480250e-001 8.930100e-001
      outer loop
         vertex 0.000000e+000 3.000000e-002 3.650000e-001
         vertex -2.134723e-003 2.000000e-002 3.601527e-001
         vertex 0.000000e+000 2.000000e-002 3.600000e-001
      endloop
   endfacet
   facet normal -4.250708e-002 -4.480250e-001 8.930100e-001
      outer loop
         vertex 0.000000e+000 3.000000e-002 3.650000e-001
         vertex 0.000000e+000 2.000000e-002 3.600000e-001
         vertex 1.423148e-003 3.000000e-002 3.651018e-001
      endloop
   endfacet
   facet normal -8.501415e-002 -4.480250e-001 8.899698e-001
      outer loop
         vertex 1.423148e-003 3.000000e-002 3.651018e-001
         vertex 0.000000e+000 2.000000e-002 3.600000e-001
         vertex 2.134723e-003 2.000000e-002 3.601527e-001
      endloop
   endfacet
   facet normal -4.754595e-002 0.000000e+000 9.988691e-001
      outer loop
         vertex -3.673940e-018 2.000000e-002 3.600000e-001
         vertex -3.673940e-018 -7.979728e-017 3.600000e-001
         vertex 2.134723e-003 2.000000e-002 3.601527e-001
      endloop
   endfacet
   facet normal -9.509189e-002 0.000000e+000 9.954685e-001
      outer loop
         vertex 2.134723e-003 2.000000e-002 3.601527e-001
         vertex -3.673940e-018 -7.979728e-017 3.600000e-001
         vertex 2.134723e-003 -7.979728e-017 3.601527e-001
      endloop
   endfacet
   facet normal -1.892159e-001 0.000000e+000 9.819355e-001
      outer loop
         vertex 2.134723e-003 2.000000e-002 3.601527e-001
         vertex 2.134723e-003 -7.979728e-017 3.601527e-001
         vertex 4.225988e-003 2.000000e-002 3.606076e-001
      endloop
   endfacet
   facet normal -2.357940e-001 0.000000e+000 9.718031e-001
      outer loop
         vertex 4.225988e-003 2.000000e-002 3.606076e-001
         vertex 2.134723e-003 -7.979728e-017 3.601527e-001
         vertex 4.225988e-003 -7.979728e-017 3.606076e-001
      endloop
   endfacet
   facet normal -3.270339e-001 0.000000e+000 9.450126e-001
      outer loop
         vertex 4.225988e-003 2.000000e-002 3.606076e-001
         vertex 4.225988e-003 -7.979728e-017 3.606076e-001
         vertex 6.231225e-003 2.000000e-002 3.613555e-001
      endloop
   endfacet
   facet normal -3.716959e-001 0.000000e+000 9.283545e-001
      outer loop
         vertex 6.231225e-003 2.000000e-002 3.613555e-001
         vertex 4.225988e-003 -7.979728e-017 3.606076e-001
         vertex 6.231225e-003 -7.979728e-017 3.613555e-001
      endloop
   endfacet
   facet normal -4.581946e-001 0.000000e+000 8.888519e-001
      outer loop
         vertex 6.231225e-003 2.000000e-002 3.613555e-001
         vertex 6.231225e-003 -7.979728e-017 3.613555e-001
         vertex 8.109612e-003 2.000000e-002 3.623812e-001
      endloop
   endfacet
   facet normal -5.000312e-001 0.000000e+000 8.660074e-001
      outer loop
         vertex 8.109612e-003 2.000000e-002 3.623812e-001
         vertex 6.231225e-003 -7.979728e-017 3.613555e-001
         vertex 8.109612e-003 -7.979728e-017 3.623812e-001
      endloop
   endfacet
   facet normal -5.800276e-001 0.000000e+000 8.145968e-001
      outer loop
         vertex 8.109612e-003 2.000000e-002 3.623812e-001
         vertex 8.109612e-003 -7.979728e-017 3.623812e-001
         vertex 9.822911e-003 2.000000e-002 3.636638e-001
      endloop
   endfacet
   facet normal -6.181873e-001 0.000000e+000 7.860308e-001
      outer loop
         vertex 9.822911e-003 2.000000e-002 3.636638e-001
         vertex 8.109612e-003 -7.979728e-017 3.623812e-001
         vertex 9.822911e-003 -7.979728e-017 3.636638e-001
      endloop
   endfacet
   facet normal -6.900530e-001 0.000000e+000 7.237589e-001
      outer loop
         vertex 9.822911e-003 2.000000e-002 3.636638e-001
         vertex 9.822911e-003 -7.979728e-017 3.636638e-001
         vertex 1.133624e-002 2.000000e-002 3.651771e-001
      endloop
   endfacet
   facet normal -7.237589e-001 0.000000e+000 6.900530e-001
      outer loop
         vertex 1.133624e-002 2.000000e-002 3.651771e-001
         vertex 9.822911e-003 -7.979728e-017 3.636638e-001
         vertex 1.133624e-002 -7.979728e-017 3.651771e-001
      endloop
   endfacet
   facet normal -7.860308e-001 0.000000e+000 6.181873e-001
      outer loop
         vertex 1.133624e-002 2.000000e-002 3.651771e-001
         vertex 1.133624e-002 -7.979728e-017 3.651771e-001
         vertex 1.261880e-002 2.000000e-002 3.668904e-001
      endloop
   endfacet
   facet normal -8.145968e-001 0.000000e+000 5.800276e-001
      outer loop
         vertex 1.261880e-002 2.000000e-002 3.668904e-001
         vertex 1.133624e-002 -7.979728e-017 3.651771e-001
         vertex 1.261880e-002 -7.979728e-017 3.668904e-001
      endloop
   endfacet
   facet normal -8.660074e-001 0.000000e+000 5.000312e-001
      outer loop
         vertex 1.261880e-002 2.000000e-002 3.668904e-001
         vertex 1.261880e-002 -7.979728e-017 3.668904e-001
         vertex 1.364448e-002 2.000000e-002 3.687688e-001
      endloop
   endfacet
   facet normal -8.888519e-001 0.000000e+000 4.581946e-001
      outer loop
         vertex 1.364448e-002 2.000000e-002 3.687688e-001
         vertex 1.261880e-002 -7.979728e-017 3.668904e-001
         vertex 1.364448e-002 -7.979728e-017 3.687688e-001
      endloop
   endfacet
   facet normal -9.283545e-001 0.000000e+000 3.716959e-001
      outer loop
         vertex 1.364448e-002 2.000000e-002 3.687688e-001
         vertex 1.364448e-002 -7.979728e-017 3.687688e-001
         vertex 1.439239e-002 2.000000e-002 3.707740e-001
      endloop
   endfacet
   facet normal -9.450126e-001 0.000000e+000 3.270340e-001
      outer loop
         vertex 1.439239e-002 2.000000e-002 3.707740e-001
         vertex 1.364448e-002 -7.979728e-017 3.687688e-001
         vertex 1.439239e-002 -7.979728e-017 3.707740e-001
      endloop
   endfacet
   facet normal -9.718031e-001 0.000000e+000 2.357940e-001
      outer loop
         vertex 1.439239e-002 2.000000e-002 3.707740e-001
         vertex 1.439239e-002 -7.979728e-017 3.707740e-001
         vertex 1.484732e-002 2.000000e-002 3.728653e-001
      endloop
   endfacet
   facet normal -9.819355e-001 0.000000e+000 1.892159e-001
      outer loop
         vertex 1.484732e-002 2.000000e-002 3.728653e-001
         vertex 1.439239e-002 -7.979728e-017 3.707740e-001
         vertex 1.484732e-002 -7.979728e-017 3.728653e-001
      endloop
   endfacet
   facet normal -9.954685e-001 0.000000e+000 9.509189e-002
      outer loop
         vertex 1.484732e-002 2.000000e-002 3.728653e-001
         vertex 1.484732e-002 -7.979728e-017 3.728653e-001
         vertex 1.500000e-002 2.000000e-002 3.750000e-001
      endloop
   endfacet
   facet normal -9.988691e-001 0.000000e+000 4.754595e-002
      outer loop
         vertex 1.500000e-002 2.000000e-002 3.750000e-001
         vertex 1.484732e-002 -7.979728e-017 3.728653e-001
         vertex 1.500000e-002 -7.979728e-017 3.750000e-001
      endloop
   endfacet
   facet normal -9.988691e-001 0.000000e+000 -4.754595e-002
      outer loop
         vertex 1.500000e-002 2.000000e-002 3.750000e-001
         vertex 1.500000e-002 -7.979728e-017 3.750000e-001
         vertex 1.484732e-002 2.000000e-002 3.771347e-001
      endloop
   endfacet
   facet normal -9.954685e-001 0.000000e+000 -9.509189e-002
      outer loop
         vertex 1.484732e-002 2.000000e-002 3.771347e-001
         vertex 1.500000e-002 -7.979728e-017 3.750000e-001
         vertex 1.484732e-002 -7.979728e-017 3.771347e-001
      endloop
   endfacet
   facet normal -9.819355e-001 0.000000e+000 -1.892159e-001
      outer loop
         vertex 1.484732e-002 2.000000e-002 3.771347e-001
         vertex 1.484732e-002 -7.979728e-017 3.771347e-001
         vertex 1.439239e-002 2.000000e-002 3.792260e-001
      endloop
   endfacet
   facet normal -9.718031e-001 0.000000e+000 -2.357940e-001
      outer loop
         vertex 1.439239e-002 2.000000e-002 3.792260e-001
         vertex 1.484732e-002 -7.979728e-017 3.771347e-001
         vertex 1.439239e-002 -7.979728e-017 3.792260e-001
      endloop
   endfacet
   facet normal -9.450126e-001 0.000000e+000 -3.270339e-001
      outer loop
         vertex 1.439239e-002 2.000000e-002 3.792260e-001
         vertex 1.439239e-002 -7.979728e-017 3.792260e-001
         vertex 1.364448e-002 2.000000e-002 3.812312e-001
      endloop
   endfacet
   facet normal -9.283545e-001 0.000000e+000 -3.716959e-001
      outer loop
         vertex 1.364448e-002 2.000000e-002 3.812312e-001
         vertex 1.439239e-002 -7.979728e-017 3.792260e-001
         vertex 1.364448e-002 -7.979728e-017 3.812312e-001
      endloop
   endfacet
   facet normal -8.888519e-001 0.000000e+000 -4.581946e-001
      outer loop
         vertex 1.364448e-002 2.000000e-002 3.812312e-001
         vertex 1.364448e-002 -7.979728e-017 3.812312e-001
         vertex 1.261880e-002 2.000000e-002 3.831096e-001
      endloop
   endfacet
   facet normal -8.660074e-001 0.000000e+000 -5.000312e-001
      outer loop
         vertex 1.261880e-002 2.000000e-002 3.831096e-001
         vertex 1.364448e-002 -7.979728e-017 3.812312e-001
         vertex 1.261880e-002 -7.979728e-017 3.831096e-001
      endloop
   endfacet
   facet normal -8.145968e-001 0.000000e+000 -5.800276e-001
      outer loop
         vertex 1.261880e-002 2.000000e-002 3.831096e-001
         vertex 1.261880e-002 -7.979728e-017 3.831096e-001
         vertex 1.133624e-002 2.000000e-002 3.848229e-001
      endloop
   endfacet
   facet normal -7.860308e-001 0.000000e+000 -6.181873e-001
      outer loop
         vertex 1.133624e-002 2.000000e-002 3.848229e-001
         vertex 1.261880e-002 -7.979728e-017 3.831096e-001
         vertex 1.133624e-002 -7.979728e-017 3.848229e-001
      endloop
   endfacet
   facet normal -7.237589e-001 0.000000e+000 -6.900530e-001
      outer loop
         vertex 1.133624e-002 2.000000e-002 3.848229e-001
         vertex 1.133624e-002 -7.979728e-017 3.848229e-001
         vertex 9.822911e-003 2.000000e-002 3.863362e-001
      endloop
   endfacet
   facet normal -6.900530e-001 0.000000e+000 -7.237589e-001
      outer loop
         vertex 9.822911e-003 2.000000e-002 3.863362e-001
         vertex 1.133624e-002 -7.979728e-017 3.848229e-001
         vertex 9.822911e-003 -7.979728e-017 3.863362e-001
      endloop
   endfacet
   facet normal -6.181873e-001 0.000000e+000 -7.860308e-001
      outer loop
         vertex 9.822911e-003 2.000000e-002 3.863362e-001
         vertex 9.822911e-003 -7.979728e-017 3.863362e-001
         vertex 8.109612e-003 2.000000e-002 3.876188e-001
      endloop
   endfacet
   facet normal -5.800276e-001 0.000000e+000 -8.145968e-001
      outer loop
         vertex 8.109612e-003 2.000000e-002 3.876188e-001
         vertex 9.822911e-003 -7.979728e-017 3.863362e-001
         vertex 8.109612e-003 -7.979728e-017 3.876188e-001
      endloop
   endfacet
   facet normal -5.000312e-001 0.000000e+000 -8.660074e-001
      outer loop
         vertex 8.109612e-003 2.000000e-002 3.876188e-001
         vertex 8.109612e-003 -7.979728e-017 3.876188e-001
         vertex 6.231225e-003 2.000000e-002 3.886445e-001
      endloop
   endfacet
   facet normal -4.581946e-001 0.000000e+000 -8.888519e-001
      outer loop
         vertex 6.231225e-003 2.000000e-002 3.886445e-001
         vertex 8.109612e-003 -7.979728e-017 3.876188e-001
         vertex 6.231225e-003 -7.979728e-017 3.886445e-001
      endloop
   endfacet
   facet normal -3.716959e-001 0.000000e+000 -9.283545e-001
      outer loop
         vertex 6.231225e-003 2.000000e-002 3.886445e-001
         vertex 6.231225e-003 -7.979728e-017 3.886445e-001
         vertex 4.225988e-003 2.000000e-002 3.893924e-001
      endloop
   endfacet
   facet normal -3.270340e-001 0.000000e+000 -9.450126e-001
      outer loop
         vertex 4.225988e-003 2.000000e-002 3.893924e-001
         vertex 6.231225e-003 -7.979728e-017 3.886445e-001
         vertex 4.225988e-003 -7.979728e-017 3.893924e-001
      endloop
   endfacet
   facet normal -2.357940e-001 0.000000e+000 -9.718031e-001
      outer loop
         vertex 4.225988e-003 2.000000e-002 3.893924e-001
         vertex 4.225988e-003 -7.979728e-017 3.893924e-001
         vertex 2.134723e-003 2.000000e-002 3.898473e-001
      endloop
   endfacet
   facet normal -1.892159e-001 0.000000e+000 -9.819355e-001
      outer loop
         vertex 2.134723e-003 2.000000e-002 3.898473e-001
         vertex 4.225988e-003 -7.979728e-017 3.893924e-001
         vertex 2.134723e-003 -7.979728e-017 3.898473e-001
      endloop
   endfacet
   facet normal -9.509189e-002 0.000000e+000 -9.954685e-001
      outer loop
         vertex 2.134723e-003 2.000000e-002 3.898473e-001
         vertex 2.134723e-003 -7.979728e-017 3.898473e-001
         vertex 1.836970e-018 2.000000e-002 3.900000e-001
      endloop
   endfacet
   facet normal -4.754595e-002 0.000000e+000 -9.988691e-001
      outer loop
         vertex 1.836970e-018 2.000000e-002 3.900000e-001
         vertex 2.134723e-003 -7.979728e-017 3.898473e-001
         vertex 1.836970e-018 -7.979728e-017 3.900000e-001
      endloop
   endfacet
   facet normal 4.754595e-002 0.000000e+000 -9.988691e-001
      outer loop
         vertex 1.836970e-018 2.000000e-002 3.900000e-001
         vertex 1.836970e-018 -7.979728e-017 3.900000e-001
         vertex -2.134723e-003 2.000000e-002 3.898473e-001
      endloop
   endfacet
   facet normal 9.509189e-002 0.000000e+000 -9.954685e-001
      outer loop
         vertex -2.134723e-003 2.000000e-002 3.898473e-001
         vertex 1.836970e-018 -7.979728e-017 3.900000e-001
         vertex -2.134723e-003 -7.979728e-017 3.898473e-001
      endloop
   endfacet
   facet normal 1.892159e-001 0.000000e+000 -9.819355e-001
      outer loop
         vertex -2.134723e-003 2.000000e-002 3.898473e-001
         vertex -2.134723e-003 -7.979728e-017 3.898473e-001
         vertex -4.225988e-003 2.000000e-002 3.893924e-001
      endloop
   endfacet
   facet normal 2.357940e-001 0.000000e+000 -9.718031e-001
      outer loop
         vertex -4.225988e-003 2.000000e-002 3.893924e-001
         vertex -2.134723e-003 -7.979728e-017 3.898473e-001
         vertex -4.225988e-003 -7.979728e-017 3.893924e-001
      endloop
   endfacet
   facet normal 3.270339e-001 0.000000e+000 -9.450126e-001
      outer loop
         vertex -4.225988e-003 2.000000e-002 3.893924e-001
         vertex -4.225988e-003 -7.979728e-017 3.893924e-001
         vertex -6.231225e-003 2.000000e-002 3.886445e-001
      endloop
   endfacet
   facet normal 3.716959e-001 0.000000e+000 -9.283545e-001
      outer loop
         vertex -6.231225e-003 2.000000e-002 3.886445e-001
         vertex -4.225988e-003 -7.979728e-017 3.893924e-001
         vertex -6.231225e-003 -7.979728e-017 3.886445e-001
      endloop
   endfacet
   facet normal 4.581946e-001 0.000000e+000 -8.888519e-001
      outer loop
         vertex -6.231225e-003 2.000000e-002 3.886445e-001
         vertex -6.231225e-003 -7.979728e-017 3.886445e-001
         vertex -8.109612e-003 2.000000e-002 3.876188e-001
      endloop
   endfacet
   facet normal 5.000312e-001 0.000000e+000 -8.660074e-001
      outer loop
         vertex -8.109612e-003 2.000000e-002 3.876188e-001
         vertex -6.231225e-003 -7.979728e-017 3.886445e-001
         vertex -8.109612e-003 -7.979728e-017 3.876188e-001
      endloop
   endfacet
   facet normal 5.800276e-001 0.000000e+000 -8.145968e-001
      outer loop
         vertex -8.109612e-003 2.000000e-002 3.876188e-001
         vertex -8.109612e-003 -7.979728e-017 3.876188e-001
         vertex -9.822911e-003 2.000000e-002 3.863362e-001
      endloop
   endfacet
   facet normal 6.181873e-001 0.000000e+000 -7.860308e-001
      outer loop
         vertex -9.822911e-003 2.000000e-002 3.863362e-001
         vertex -8.109612e-003 -7.979728e-017 3.876188e-001
         vertex -9.822911e-003 -7.979728e-017 3.863362e-001
      endloop
   endfacet
   facet normal 6.900530e-001 0.000000e+000 -7.237589e-001
      outer loop
         vertex -9.822911e-003 2.000000e-002 3.863362e-001
         vertex -9.822911e-003 -7.979728e-017 3.863362e-001
         vertex -1.133624e-002 2.000000e-002 3.848229e-001
      endloop
   endfacet
   facet normal 7.237589e-001 0.000000e+000 -6.900530e-001
      outer loop
         vertex -1.133624e-002 2.000000e-002 3.848229e-001
         vertex -9.822911e-003 -7.979728e-017 3.863362e-001
         vertex -1.133624e-002 -7.979728e-017 3.848229e-001
      endloop
   endfacet
   facet normal 7.860308e-001 0.000000e+000 -6.181873e-001
      outer loop
         vertex -1.133624e-002 2.000000e-002 3.848229e-001
         vertex -1.133624e-002 -7.979728e-017 3.848229e-001
         vertex -1.261880e-002 2.000000e-002 3.831096e-001
      endloop
   endfacet
   facet normal 8.145968e-001 0.000000e+000 -5.800276e-001
      outer loop
         vertex -1.261880e-002 2.000000e-002 3.831096e-001
         vertex -1.133624e-002 -7.979728e-017 3.848229e-001
         vertex -1.261880e-002 -7.979728e-017 3.831096e-001
      endloop
   endfacet
   facet normal 8.660074e-001 0.000000e+000 -5.000312e-001
      outer loop
         vertex -1.261880e-002 2.000000e-002 3.831096e-001
         vertex -1.261880e-002 -7.979728e-017 3.831096e-001
         vertex -1.364448e-002 2.000000e-002 3.812312e-001
      endloop
   endfacet
   facet normal 8.888519e-001 0.000000e+000 -4.581946e-001
      outer loop
         vertex -1.364448e-002 2.000000e-002 3.812312e-001
         vertex -1.261880e-002 -7.979728e-017 3.831096e-001
         vertex -1.364448e-002 -7.979728e-017 3.812312e-001
      endloop
   endfacet
   facet normal 9.283545e-001 0.000000e+000 -3.716959e-001
      outer loop
         vertex -1.364448e-002 2.000000e-002 3.812312e-001
         vertex -1.364448e-002 -7.979728e-017 3.812312e-001
         vertex -1.439239e-002 2.000000e-002 3.792260e-001
      endloop
   endfacet
   facet normal 9.450126e-001 0.000000e+000 -3.270340e-001
      outer loop
         vertex -1.439239e-002 2.000000e-002 3.792260e-001
         vertex -1.364448e-002 -7.979728e-017 3.812312e-001
         vertex -1.439239e-002 -7.979728e-017 3.792260e-001
      endloop
   endfacet
   facet normal 9.718031e-001 0.000000e+000 -2.357940e-001
      outer loop
         vertex -1.439239e-002 2.000000e-002 3.792260e-001
         vertex -1.439239e-002 -7.979728e-017 3.792260e-001
         vertex -1.484732e-002 2.000000e-002 3.771347e-001
      endloop
   endfacet
   facet normal 9.819355e-001 0.000000e+000 -1.892159e-001
      outer loop
         vertex -1.484732e-002 2.000000e-002 3.771347e-001
         vertex -1.439239e-002 -7.979728e-017 3.792260e-001
         vertex -1.484732e-002 -7.979728e-017 3.771347e-001
      endloop
   endfacet
   facet normal 9.954685e-001 0.000000e+000 -9.509189e-002
      outer loop
         vertex -1.484732e-002 2.000000e-002 3.771347e-001
         vertex -1.484732e-002 -7.979728e-017 3.771347e-001
         vertex -1.500000e-002 2.000000e-002 3.750000e-001
      endloop
   endfacet
   facet normal 9.988691e-001 0.000000e+000 -4.754595e-002
      outer loop
         vertex -1.500000e-002 2.000000e-002 3.750000e-001
         vertex -1.484732e-002 -7.979728e-017 3.771347e-001
         vertex -1.500000e-002 -7.979728e-017 3.750000e-001
      endloop
   endfacet
   facet normal 9.988691e-001 0.000000e+000 4.754595e-002
      outer loop
         vertex -1.500000e-002 2.000000e-002 3.750000e-001
         vertex -1.500000e-002 -7.979728e-017 3.750000e-001
         vertex -1.484732e-002 2.000000e-002 3.728653e-001
      endloop
   endfacet
   facet normal 9.954685e-001 0.000000e+000 9.509189e-002
      outer loop
         vertex -1.484732e-002 2.000000e-002 3.728653e-001
         vertex -1.500000e-002 -7.979728e-017 3.750000e-001
         vertex -1.484732e-002 -7.979728e-017 3.728653e-001
      endloop
   endfacet
   facet normal 9.819355e-001 0.000000e+000 1.892159e-001
      outer loop
         vertex -1.484732e-002 2.000000e-002 3.728653e-001
         vertex -1.484732e-002 -7.979728e-017 3.728653e-001
         vertex -1.439239e-002 2.000000e-002 3.707740e-001
      endloop
   endfacet
   facet normal 9.718031e-001 0.000000e+000 2.357940e-001
      outer loop
         vertex -1.439239e-002 2.000000e-002 3.707740e-001
         vertex -1.484732e-002 -7.979728e-017 3.728653e-001
         vertex -1.439239e-002 -7.979728e-017 3.707740e-001
      endloop
   endfacet
   facet normal 9.450126e-001 0.000000e+000 3.270339e-001
      outer loop
         vertex -1.439239e-002 2.000000e-002 3.707740e-001
         vertex -1.439239e-002 -7.979728e-017 3.707740e-001
         vertex -1.364448e-002 2.000000e-002 3.687688e-001
      endloop
   endfacet
   facet normal 9.283545e-001 0.000000e+000 3.716959e-001
      outer loop
         vertex -1.364448e-002 2.000000e-002 3.687688e-001
         vertex -1.439239e-002 -7.979728e-017 3.707740e-001
         vertex -1.364448e-002 -7.979728e-017 3.687688e-001
      endloop
   endfacet
   facet normal 8.888519e-001 0.000000e+000 4.581946e-001
      outer loop
         vertex -1.364448e-002 2.000000e-002 3.687688e-001
         vertex -1.364448e-002 -7.979728e-017 3.687688e-001
         vertex -1.261880e-002 2.000000e-002 3.668904e-001
      endloop
   endfacet
   facet normal 8.660074e-001 0.000000e+000 5.000312e-001
      outer loop
         vertex -1.261880e-002 2.000000e-002 3.668904e-001
         vertex -1.364448e-002 -7.979728e-017 3.687688e-001
         vertex -1.261880e-002 -7.979728e-017 3.668904e-001
      endloop
   endfacet
   facet normal 8.145968e-001 0.000000e+000 5.800276e-001
      outer loop
         vertex -1.261880e-002 2.000000e-002 3.668904e-001
         vertex -1.261880e-002 -7.979728e-017 3.668904e-001
         vertex -1.133624e-002 2.000000e-002 3.651771e-001
      endloop
   endfacet
   facet normal 7.860308e-001 0.000000e+000 6.181873e-001
      outer loop
         vertex -1.133624e-002 2.000000e-002 3.651771e-001
         vertex -1.261880e-002 -7.979728e-017 3.668904e-001
         vertex -1.133624e-002 -7.979728e-017 3.651771e-001
      endloop
   endfacet
   facet normal 7.237589e-001 0.000000e+000 6.900530e-001
      outer loop
         vertex -1.133624e-002 2.000000e-002 3.651771e-001
         vertex -1.133624e-002 -7.979728e-017 3.651771e-001
         vertex -9.822911e-003 2.000000e-002 3.636638e-001
      endloop
   endfacet
   facet normal 6.900530e-001 0.000000e+000 7.237589e-001
      outer loop
         vertex -9.822911e-003 2.000000e-002 3.636638e-001
         vertex -1.133624e-002 -7.979728e-017 3.651771e-001
         vertex -9.822911e-003 -7.979728e-017 3.636638e-001
      endloop
   endfacet
   facet normal 6.181873e-001 0.000000e+000 7.860308e-001
      outer loop
         vertex -9.822911e-003 2.000000e-002 3.636638e-001
         vertex -9.822911e-003 -7.979728e-017 3.636638e-001
         vertex -8.109612e-003 2.000000e-002 3.623812e-001
      endloop
   endfacet
   facet normal 5.800276e-001 0.000000e+000 8.145968e-001
      outer loop
         vertex -8.109612e-003 2.000000e-002 3.623812e-001
         vertex -9.822911e-003 -7.979728e-017 3.636638e-001
         vertex -8.109612e-003 -7.979728e-017 3.623812e-001
      endloop
   endfacet
   facet normal 5.000312e-001 0.000000e+000 8.660074e-001
      outer loop
         vertex -8.109612e-003 2.000000e-002 3.623812e-001
         vertex -8.109612e-003 -7.979728e-017 3.623812e-001
         vertex -6.231225e-003 2.000000e-002 3.613555e-001
      endloop
   endfacet
   facet normal 4.581946e-001 0.000000e+000 8.888519e-001
      outer loop
         vertex -6.231225e-003 2.000000e-002 3.613555e-001
         vertex -8.109612e-003 -7.979728e-017 3.623812e-001
         vertex -6.231225e-003 -7.979728e-017 3.613555e-001
      endloop
   endfacet
   facet normal 3.716959e-001 0.000000e+000 9.283545e-001
      outer loop
         vertex -6.231225e-003 2.000000e-002 3.613555e-001
         vertex -6.231225e-003 -7.979728e-017 3.613555e-001
         vertex -4.225988e-003 2.000000e-002 3.606076e-001
      endloop
   endfacet
   facet normal 3.270340e-001 0.000000e+000 9.450126e-001
      outer loop
         vertex -4.225988e-003 2.000000e-002 3.606076e-001
         vertex -6.231225e-003 -7.979728e-017 3.613555e-001
         vertex -4.225988e-003 -7.979728e-017 3.606076e-001
      endloop
   endfacet
   facet normal 2.357940e-001 0.000000e+000 9.718031e-001
      outer loop
         vertex -4.225988e-003 2.000000e-002 3.606076e-001
         vertex -4.225988e-003 -7.979728e-017 3.606076e-001
         vertex -2.134723e-003 2.000000e-002 3.601527e-001
      endloop
   endfacet
   facet normal 1.892159e-001 0.000000e+000 9.819355e-001
      outer loop
         vertex -2.134723e-003 2.000000e-002 3.601527e-001
         vertex -4.225988e-003 -7.979728e-017 3.606076e-001
         vertex -2.134723e-003 -7.979728e-017 3.601527e-001
      endloop
   endfacet
   facet normal 9.509189e-002 0.000000e+000 9.954685e-001
      outer loop
         vertex -2.134723e-003 2.000000e-002 3.601527e-001
         vertex -2.134723e-003 -7.979728e-017 3.601527e-001
         vertex -3.673940e-018 2.000000e-002 3.600000e-001
      endloop
   endfacet
   facet normal 4.754595e-002 0.000000e+000 9.988691e-001
      outer loop
         vertex -3.673940e-018 2.000000e-002 3.600000e-001
         vertex -2.134723e-003 -7.979728e-017 3.601527e-001
         vertex -3.673940e-018 -7.979728e-017 3.600000e-001
      endloop
   endfacet
   facet normal 0.000000e+000 0.000000e+000 -1.000000e+000
      outer loop
         vertex -9.500000e-002 0.000000e+000 2.525000e-001
         vertex -9.500000e-002 4.080000e-001 2.525000e-001
         vertex 1.250000e-001 0.000000e+000 2.525000e-001
      endloop
   endfacet
   facet normal 0.000000e+000 0.000000e+000 -1.000000e+000
      outer loop
         vertex 1.250000e-001 0.000000e+000 2.525000e-001
         vertex -9.500000e-002 4.080000e-001 2.525000e-001
         vertex 1.250000e-001 4.080000e-001 2.525000e-001
      endloop
   endfacet
   facet normal 0.000000e+000 0.000000e+000 1.000000e+000
      outer loop
         vertex -9.500000e-002 4.080000e-001 2.475000e-001
         vertex -9.500000e-002 0.000000e+000 2.475000e-001
         vertex 1.250000e-001 4.080000e-001 2.475000e-001
      endloop
   endfacet
   facet normal 0.000000e+000 0.000000e+000 1.000000e+000
      outer loop
         vertex 1.250000e-001 4.080000e-001 2.475000e-001
         vertex -9.500000e-002 0.000000e+000 2.475000e-001
         vertex 1.250000e-001 0.000000e+000 2.475000e-001
      endloop
   endfacet
   facet normal 0.000000e+000 -1.000000e+000 0.000000e+000
      outer loop
         vertex 1.250000e-001 4.080000e-001 2.475000e-001
         vertex 1.250000e-001 4.080000e-001 2.525000e-001
         vertex -9.500000e-002 4.080000e-001 2.475000e-001
      endloop
   endfacet
   facet normal 0.000000e+000 -1.000000e+000 0.000000e+000
      outer loop
         vertex -9.500000e-002 4.080000e-001 2.475000e-001
         vertex 1.250000e-001 4.080000e-001 2.525000e-001
         vertex -9.500000e-002 4.080000e-001 2.525000e-001
      endloop
   endfacet
   facet normal 1.000000e+000 -1.360567e-016 0.000000e+000
      outer loop
         vertex -9.500000e-002 4.080000e-001 2.475000e-001
         vertex -9.500000e-002 4.080000e-001 2.525000e-001
         vertex -9.500000e-002 0.000000e+000 2.475000e-001
      endloop
   endfacet
   facet normal 1.000000e+000 -1.360567e-016 0.000000e+000
      outer loop
         vertex -9.500000e-002 0.000000e+000 2.475000e-001
         vertex -9.500000e-002 4.080000e-001 2.525000e-001
         vertex -9.500000e-002 0.000000e+000 2.525000e-001
      endloop
   endfacet
   facet normal -1.000000e+000 0.000000e+000 0.000000e+000
      outer loop
         vertex -1.250000e-001 0.000000e+000 5.000000e-001
         vertex -1.250000e-001 4.080000e-001 5.000000e-001
         vertex -1.250000e-001 0.000000e+000 0.000000e+000
      endloop
   endfacet
   facet normal -1.000000e+000 0.000000e+000 0.000000e+000
      outer loop
         vertex -1.250000e-001 0.000000e+000 0.000000e+000
         vertex -1.250000e-001 4.080000e-001 5.000000e-001
         vertex -1.250000e-001 4.080000e-001 0.000000e+000
      endloop
   endfacet
   facet normal -8.191521e-001 -5.735765e-001 0.000000e+000
      outer loop
         vertex -1.250000e-001 4.080000e-001 5.000000e-001
         vertex -4.075000e-001 8.114518e-001 5.000000e-001
         vertex -1.250000e-001 4.080000e-001 -2.220446e-016
      endloop
   endfacet
   facet normal -8.191521e-001 -5.735765e-001 0.000000e+000
      outer loop
         vertex -1.250000e-001 4.080000e-001 -2.220446e-016
         vertex -4.075000e-001 8.114518e-001 5.000000e-001
         vertex -4.075000e-001 8.114518e-001 -2.220446e-016
      endloop
   endfacet
   facet normal -1.000000e+000 0.000000e+000 0.000000e+000
      outer loop
         vertex -4.075000e-001 8.114518e-001 5.000000e-001
         vertex -4.075000e-001 9.000000e-001 5.000000e-001
         vertex -4.075000e-001 8.114518e-001 0.000000e+000
      endloop
   endfacet
   facet normal -1.000000e+000 0.000000e+000 0.000000e+000
      outer loop
         vertex -4.075000e-001 8.114518e-001 0.000000e+000
         vertex -4.075000e-001 9.000000e-001 5.000000e-001
         vertex -4.075000e-001 9.000000e-001 0.000000e+000
      endloop
   endfacet
   facet normal 0.000000e+000 0.000000e+000 -1.000000e+000
      outer loop
         vertex 1.250000e-001 0.000000e+000 0.000000e+000
         vertex -1.250000e-001 0.000000e+000 0.000000e+000
         vertex 1.250000e-001 4.080000e-001 0.000000e+000
      endloop
   endfacet
   facet normal 0.000000e+000 0.000000e+000 -1.000000e+000
      outer loop
         vertex 1.250000e-001 4.080000e-001 0.000000e+000
         vertex -1.250000e-001 0.000000e+000 0.000000e+000
         vertex -1.250000e-001 4.080000e-001 0.000000e+000
      endloop
   endfacet
   facet normal 0.000000e+000 0.000000e+000 -1.000000e+000
      outer loop
         vertex 1.250000e-001 4.080000e-001 0.000000e+000
         vertex -1.250000e-001 4.080000e-001 0.000000e+000
         vertex 4.075000e-001 8.114518e-001 0.000000e+000
      endloop
   endfacet
   facet normal 0.000000e+000 0.000000e+000 -1.000000e+000
      outer loop
         vertex 4.075000e-001 8.114518e-001 0.000000e+000
         vertex -1.250000e-001 4.080000e-001 0.000000e+000
         vertex -4.075000e-001 8.114518e-001 0.000000e+000
      endloop
   endfacet
   facet normal 0.000000e+000 0.000000e+000 -1.000000e+000
      outer loop
         vertex 4.075000e-001 8.114518e-001 0.000000e+000
         vertex -4.075000e-001 8.114518e-001 0.000000e+000
         vertex 4.075000e-001 9.000000e-001 0.000000e+000
      endloop
   endfacet
   facet normal 0.000000e+000 0.000000e+000 -1.000000e+000
      outer loop
         vertex 4.075000e-001 9.000000e-001 0.000000e+000
         vertex -4.075000e-001 8.114518e-001 0.000000e+000
         vertex -4.075000e-001 9.000000e-001 0.000000e+000
      endloop
   endfacet
   facet normal 0.000000e+000 0.000000e+000 1.000000e+000
      outer loop
         vertex -1.250000e-001 0.000000e+000 5.000000e-001
         vertex 1.250000e-001 0.000000e+000 5.000000e-001
         vertex -1.250000e-001 4.080000e-001 5.000000e-001
      endloop
   endfacet
   facet normal 0.000000e+000 0.000000e+000 1.000000e+000
      outer loop
         vertex -1.250000e-001 4.080000e-001 5.000000e-001
         vertex 1.250000e-001 0.000000e+000 5.000000e-001
         vertex 1.250000e-001 4.080000e-001 5.000000e-001
      endloop
   endfacet
   facet normal 0.000000e+000 0.000000e+000 1.000000e+000
      outer loop
         vertex -1.250000e-001 4.080000e-001 5.000000e-001
         vertex 1.250000e-001 4.080000e-001 5.000000e-001
         vertex -4.075000e-001 8.114518e-001 5.000000e-001
      endloop
   endfacet
   facet normal 0.000000e+000 0.000000e+000 1.000000e+000
      outer loop
         vertex -4.075000e-001 8.114518e-001 5.000000e-001
         vertex 1.250000e-001 4.080000e-001 5.000000e-001
         vertex 4.075000e-001 8.114518e-001 5.000000e-001
      endloop
   endfacet
   facet normal 0.000000e+000 0.000000e+000 1.000000e+000
      outer loop
         vertex -4.075000e-001 8.114518e-001 5.000000e-001
         vertex 4.075000e-001 8.114518e-001 5.000000e-001
         vertex -4.075000e-001 9.000000e-001 5.000000e-001
      endloop
   endfacet
   facet normal 0.000000e+000 0.000000e+000 1.000000e+000
      outer loop
         vertex -4.075000e-001 9.000000e-001 5.000000e-001
         vertex 4.075000e-001 8.114518e-001 5.000000e-001
         vertex 4.075000e-001 9.000000e-001 5.000000e-001
      endloop
   endfacet
   facet normal 1.000000e+000 0.000000e+000 0.000000e+000
      outer loop
         vertex 4.075000e-001 9.000000e-001 5.000000e-001
         vertex 4.075000e-001 8.114518e-001 5.000000e-001
         vertex 4.075000e-001 9.000000e-001 0.000000e+000
      endloop
   endfacet
   facet normal 1.000000e+000 0.000000e+000 0.000000e+000
      outer loop
         vertex 4.075000e-001 9.000000e-001 0.000000e+000
         vertex 4.075000e-001 8.114518e-001 5.000000e-001
         vertex 4.075000e-001 8.114518e-001 0.000000e+000
      endloop
   endfacet
   facet normal 8.191521e-001 -5.735765e-001 0.000000e+000
      outer loop
         vertex 1.250000e-001 4.080000e-001 -2.220446e-016
         vertex 4.075000e-001 8.114518e-001 -2.220446e-016
         vertex 1.250000e-001 4.080000e-001 2.475000e-001
      endloop
   endfacet
   facet normal 8.191521e-001 -5.735765e-001 0.000000e+000
      outer loop
         vertex 1.250000e-001 4.080000e-001 2.475000e-001
         vertex 4.075000e-001 8.114518e-001 -2.220446e-016
         vertex 4.075000e-001 8.114518e-001 5.000000e-001
      endloop
   endfacet
   facet normal 8.191521e-001 -5.735765e-001 0.000000e+000
      outer loop
         vertex 1.250000e-001 4.080000e-001 2.475000e-001
         vertex 4.075000e-001 8.114518e-001 5.000000e-001
         vertex 1.250000e-001 4.080000e-001 2.525000e-001
      endloop
   endfacet
   facet normal 8.191521e-001 -5.735765e-001 0.000000e+000
      outer loop
         vertex 1.250000e-001 4.080000e-001 2.525000e-001
         vertex 4.075000e-001 8.114518e-001 5.000000e-001
         vertex 1.250000e-001 4.080000e-001 5.000000e-001
      endloop
   endfacet
   facet normal 1.000000e+000 0.000000e+000 0.000000e+000
      outer loop
         vertex 1.250000e-001 0.000000e+000 2.475000e-001
         vertex 1.250000e-001 0.000000e+000 0.000000e+000
         vertex 1.250000e-001 4.080000e-001 2.475000e-001
      endloop
   endfacet
   facet normal 1.000000e+000 0.000000e+000 0.000000e+000
      outer loop
         vertex 1.250000e-001 4.080000e-001 2.475000e-001
         vertex 1.250000e-001 0.000000e+000 0.000000e+000
         vertex 1.250000e-001 4.080000e-001 0.000000e+000
      endloop
   endfacet
   facet normal 1.000000e+000 0.000000e+000 0.000000e+000
      outer loop
         vertex 1.250000e-001 4.080000e-001 5.000000e-001
         vertex 1.250000e-001 0.000000e+000 5.000000e-001
         vertex 1.250000e-001 4.080000e-001 2.525000e-001
      endloop
   endfacet
   facet normal 1.000000e+000 0.000000e+000 0.000000e+000
      outer loop
         vertex 1.250000e-001 4.080000e-001 2.525000e-001
         vertex 1.250000e-001 0.000000e+000 5.000000e-001
         vertex 1.250000e-001 0.000000e+000 2.525000e-001
      endloop
   endfacet
endsolid casing
