solid solid
  facet normal -1.18680e-03  1.04083e-18 -1.31762e-18
     outer loop
       vertex -1.00000e-01  2.29129e-01  2.00000e+00
       vertex -1.00000e-01  2.76601e-01  2.00000e+00
       vertex -1.00000e-01  2.29129e-01  1.95000e+00
     endloop
  endfacet
  facet normal -6.93889e-18  1.25000e-03  6.93889e-18
     outer loop
       vertex -1.00000e-01  3.71545e-01  2.00000e+00
       vertex -5.00000e-02  3.71545e-01  2.00000e+00
       vertex -1.00000e-01  3.71545e-01  1.95000e+00
     endloop
  endfacet
  facet normal -6.20105e-04  1.10134e-03  6.88454e-19
     outer loop
       vertex -1.00000e-01  2.29129e-01  5.00000e-02
       vertex -1.00000e-01  2.29129e-01  0.00000e+00
       vertex -1.44054e-01  2.04325e-01  0.00000e+00
     endloop
  endfacet
  facet normal  1.18680e-03 -3.46945e-19 -1.92593e-33
     outer loop
       vertex  1.00000e-01  3.71545e-01  2.00000e+00
       vertex  1.00000e-01  3.24073e-01  2.00000e+00
       vertex  1.00000e-01  3.71545e-01  1.95000e+00
     endloop
  endfacet
  facet normal  6.93889e-18  1.25000e-03  6.93889e-18
     outer loop
       vertex  1.00000e-01  3.71545e-01  2.00000e+00
       vertex  1.00000e-01  3.71545e-01  1.95000e+00
       vertex  5.00000e-02  3.71545e-01  2.00000e+00
     endloop
  endfacet
  facet normal  0.00000e+00  0.00000e+00 -1.18680e-03
     outer loop
       vertex -1.00000e-01  3.71545e-01  0.00000e+00
       vertex -5.00000e-02  3.71545e-01  0.00000e+00
       vertex -1.00000e-01  3.24073e-01  0.00000e+00
     endloop
  endfacet
  facet normal  1.04273e-03  4.55338e-04  3.81394e-05
     outer loop
       vertex  2.38485e-01  7.50000e-02  2.00000e+00
       vertex  2.29541e-01  9.90494e-02  1.95739e+00
       vertex  2.17110e-01  1.23948e-01  2.00000e+00
     endloop
  endfacet
  facet normal  5.86792e-04  1.05362e-03  3.25261e-19
     outer loop
       vertex  1.42145e-01  2.05657e-01  0.00000e+00
       vertex  1.00000e-01  2.29129e-01  0.00000e+00
       vertex  1.00000e-01  2.29129e-01  5.00000e-02
     endloop
  endfacet
  facet normal -1.02466e-03  4.46448e-04  3.71982e-05
     outer loop
       vertex -2.29830e-01  9.83772e-02  1.95783e+00
       vertex -2.38485e-01  7.50000e-02  2.00000e+00
       vertex -2.17312e-01  1.23593e-01  2.00000e+00
     endloop
  endfacet
  facet normal -8.94486e-04  6.44191e-04  3.67596e-05
     outer loop
       vertex -2.05860e-01  1.41851e-01  1.95872e+00
       vertex -2.17312e-01  1.23593e-01  2.00000e+00
       vertex -1.86099e-01  1.66935e-01  2.00000e+00
     endloop
  endfacet
  facet normal -7.55143e-04  8.39412e-04  3.69004e-05
     outer loop
       vertex -1.70839e-01  1.82521e-01  1.95772e+00
       vertex -1.86099e-01  1.66935e-01  2.00000e+00
       vertex -1.46390e-01  2.02657e-01  2.00000e+00
     endloop
  endfacet
  facet normal -5.98166e-04  1.04825e-03  3.48141e-05
     outer loop
       vertex -1.30758e-01  2.13078e-01  1.95481e+00
       vertex -1.46390e-01  2.02657e-01  2.00000e+00
       vertex -1.00000e-01  2.29129e-01  2.00000e+00
     endloop
  endfacet
  facet normal -4.01266e-04  7.68955e-04 -4.45495e-19
     outer loop
       vertex -1.00000e-01  2.29129e-01  2.00000e+00
       vertex -1.00000e-01  2.29129e-01  1.95000e+00
       vertex -1.30758e-01  2.13078e-01  1.95481e+00
     endloop
  endfacet
  facet normal  1.18680e-03  3.46945e-19  6.58808e-19
     outer loop
       vertex  1.00000e-01  2.29129e-01  0.00000e+00
       vertex  1.00000e-01  2.76601e-01  0.00000e+00
       vertex  1.00000e-01  2.29129e-01  5.00000e-02
     endloop
  endfacet
  facet normal  1.01319e-03  2.14757e-04  2.74327e-05
     outer loop
       vertex  2.38485e-01  7.50000e-02  2.00000e+00
       vertex  2.48404e-01  2.82012e-02  2.00000e+00
       vertex  2.44567e-01  5.18384e-02  1.95670e+00
     endloop
  endfacet
  facet normal -1.04598e-03  2.18377e-04  3.01291e-05
     outer loop
       vertex -2.48572e-01  2.66871e-02  2.00000e+00
       vertex -2.38485e-01  7.50000e-02  2.00000e+00
       vertex -2.44723e-01  5.10931e-02  1.95670e+00
     endloop
  endfacet
  facet normal -4.01266e-04  7.68955e-04  0.00000e+00
     outer loop
       vertex -1.30758e-01  2.13078e-01  1.95481e+00
       vertex -1.00000e-01  2.29129e-01  1.95000e+00
       vertex -1.00000e-01  2.29129e-01  1.90000e+00
     endloop
  endfacet
  facet normal  1.01407e-03  3.23183e-04 -3.04418e-05
     outer loop
       vertex  2.38485e-01  7.50000e-02  2.00000e+00
       vertex  2.44567e-01  5.18384e-02  1.95670e+00
       vertex  2.29541e-01  9.90494e-02  1.95739e+00
     endloop
  endfacet
  facet normal -1.01022e-03  3.18919e-04 -3.05329e-05
     outer loop
       vertex -2.29830e-01  9.83772e-02  1.95783e+00
       vertex -2.44723e-01  5.10931e-02  1.95670e+00
       vertex -2.38485e-01  7.50000e-02  2.00000e+00
     endloop
  endfacet
  facet normal -1.04937e-03 -2.01443e-04  3.01291e-05
     outer loop
       vertex -2.39666e-01 -7.11356e-02  2.00000e+00
       vertex -2.48970e-01 -2.26660e-02  2.00000e+00
       vertex -2.45517e-01 -4.71310e-02  1.95670e+00
     endloop
  endfacet
  facet normal -1.06849e-03  8.63548e-06  3.01291e-05
     outer loop
       vertex -2.48970e-01 -2.26660e-02  2.00000e+00
       vertex -2.48572e-01  2.66871e-02  2.00000e+00
       vertex -2.49992e-01  2.02041e-03  1.95670e+00
     endloop
  endfacet
  facet normal  8.94342e-04 -5.84727e-04  3.01291e-05
     outer loop
       vertex  2.21728e-01 -1.15484e-01  2.00000e+00
       vertex  1.94720e-01 -1.56793e-01  2.00000e+00
       vertex  2.09246e-01 -1.36807e-01  1.95670e+00
     endloop
  endfacet
  facet normal  4.14655e-04 -9.84791e-04  3.01291e-05
     outer loop
       vertex  1.19285e-01 -2.19707e-01  2.00000e+00
       vertex  7.37983e-02 -2.38859e-01  2.00000e+00
       vertex  9.70155e-02 -2.30408e-01  1.95670e+00
     endloop
  endfacet
  facet normal -5.94643e-04 -8.87779e-04  3.01291e-05
     outer loop
       vertex -1.17944e-01 -2.20430e-01  2.00000e+00
       vertex -1.58950e-01 -1.92963e-01  2.00000e+00
       vertex -1.39127e-01 -2.07711e-01  1.95670e+00
     endloop
  endfacet
  facet normal  0.00000e+00  0.00000e+00 -1.18680e-03
     outer loop
       vertex  1.00000e-01  3.24073e-01  0.00000e+00
       vertex  5.00000e-02  3.71545e-01  0.00000e+00
       vertex  1.00000e-01  3.71545e-01  0.00000e+00
     endloop
  endfacet
  facet normal  9.91786e-04 -3.97634e-04  3.01291e-05
     outer loop
       vertex  2.40095e-01 -6.96739e-02  2.00000e+00
       vertex  2.21728e-01 -1.15484e-01  2.00000e+00
       vertex  2.32045e-01 -9.30332e-02  1.95670e+00
     endloop
  endfacet
  facet normal  2.13108e-04 -1.04706e-03  3.01291e-05
     outer loop
       vertex  7.37983e-02 -2.38859e-01  2.00000e+00
       vertex  2.54352e-02 -2.48703e-01  2.00000e+00
       vertex  4.98602e-02 -2.44977e-01  1.95670e+00
     endloop
  endfacet
  facet normal  6.00041e-04 -8.84140e-04  3.01291e-05
     outer loop
       vertex  1.60123e-01 -1.91991e-01  2.00000e+00
       vertex  1.19285e-01 -2.19707e-01  2.00000e+00
       vertex  1.40390e-01 -2.06859e-01  1.95670e+00
     endloop
  endfacet
  facet normal -9.89344e-04 -4.03671e-04  3.01291e-05
     outer loop
       vertex -2.21021e-01 -1.16833e-01  2.00000e+00
       vertex -2.39666e-01 -7.11356e-02  2.00000e+00
       vertex -2.31474e-01 -9.44455e-02  1.95670e+00
     endloop
  endfacet
  facet normal  1.06842e-03  1.51462e-05  3.01291e-05
     outer loop
       vertex  2.48404e-01  2.82012e-02  2.00000e+00
       vertex  2.49104e-01 -2.11484e-02  2.00000e+00
       vertex  2.49975e-01  3.54371e-03  1.95670e+00
     endloop
  endfacet
  facet normal  1.05058e-03 -1.95045e-04  3.01291e-05
     outer loop
       vertex  2.49104e-01 -2.11484e-02  2.00000e+00
       vertex  2.40095e-01 -6.96739e-02  2.00000e+00
       vertex  2.45800e-01 -4.56340e-02  1.95670e+00
     endloop
  endfacet
  facet normal  7.62042e-04 -7.49029e-04  3.01291e-05
     outer loop
       vertex  1.94720e-01 -1.56793e-01  2.00000e+00
       vertex  1.60123e-01 -1.91991e-01  2.00000e+00
       vertex  1.78292e-01 -1.75248e-01  1.95670e+00
     endloop
  endfacet
  facet normal -4.08647e-04 -9.87299e-04  3.01291e-05
     outer loop
       vertex -7.23414e-02 -2.39305e-01  2.00000e+00
       vertex -1.17944e-01 -2.20430e-01  2.00000e+00
       vertex -9.56097e-02 -2.30995e-01  1.95670e+00
     endloop
  endfacet
  facet normal -8.90762e-04 -5.90165e-04  3.01291e-05
     outer loop
       vertex -1.93761e-01 -1.57977e-01  2.00000e+00
       vertex -2.21021e-01 -1.16833e-01  2.00000e+00
       vertex -2.08409e-01 -1.38079e-01  1.95670e+00
     endloop
  endfacet
  facet normal  3.25556e-06 -1.06852e-03  3.01291e-05
     outer loop
       vertex  2.54352e-02 -2.48703e-01  2.00000e+00
       vertex -2.39192e-02 -2.48853e-01  2.00000e+00
       vertex  7.61693e-04 -2.49999e-01  1.95670e+00
     endloop
  endfacet
  facet normal -2.06724e-04 -1.04834e-03  3.01291e-05
     outer loop
       vertex -2.39192e-02 -2.48853e-01  2.00000e+00
       vertex -7.23414e-02 -2.39305e-01  2.00000e+00
       vertex -4.83665e-02 -2.45277e-01  1.95670e+00
     endloop
  endfacet
  facet normal -7.57463e-04 -7.53659e-04  3.01291e-05
     outer loop
       vertex -1.58950e-01 -1.92963e-01  2.00000e+00
       vertex -1.93761e-01 -1.57977e-01  2.00000e+00
       vertex -1.77221e-01 -1.76331e-01  1.95670e+00
     endloop
  endfacet
  facet normal -9.05402e-04  4.99837e-04 -3.01220e-05
     outer loop
       vertex -2.05860e-01  1.41851e-01  1.95872e+00
       vertex -2.29830e-01  9.83772e-02  1.95783e+00
       vertex -2.17312e-01  1.23593e-01  2.00000e+00
     endloop
  endfacet
  facet normal -5.10989e-04  9.41367e-04  0.00000e+00
     outer loop
       vertex -1.37655e-01  2.08689e-01  1.78036e+00
       vertex -1.00000e-01  2.29129e-01  1.80000e+00
       vertex -1.00000e-01  2.29129e-01  1.75000e+00
     endloop
  endfacet
  facet normal -6.84062e-04  1.19039e-03  0.00000e+00
     outer loop
       vertex -1.00000e-01  2.29129e-01  1.85000e+00
       vertex -1.00000e-01  2.29129e-01  1.80000e+00
       vertex -1.47616e-01  2.01766e-01  1.82701e+00
     endloop
  endfacet
  facet normal  9.47692e-04 -4.93591e-04 -3.01291e-05
     outer loop
       vertex  2.09246e-01 -1.36807e-01  1.95670e+00
       vertex  2.32045e-01 -9.30332e-02  1.95670e+00
       vertex  2.21728e-01 -1.15484e-01  2.00000e+00
     endloop
  endfacet
  facet normal -8.51926e-04  7.32665e-04 -3.73828e-05
     outer loop
       vertex -1.70839e-01  1.82521e-01  1.95772e+00
       vertex -2.05860e-01  1.41851e-01  1.95872e+00
       vertex -1.86099e-01  1.66935e-01  2.00000e+00
     endloop
  endfacet
  facet normal  1.04558e-03  1.17091e-04 -2.87529e-05
     outer loop
       vertex  2.44567e-01  5.18384e-02  1.95670e+00
       vertex  2.48404e-01  2.82012e-02  2.00000e+00
       vertex  2.49975e-01  3.54371e-03  1.95670e+00
     endloop
  endfacet
  facet normal  1.02619e-03 -2.97794e-04 -3.01291e-05
     outer loop
       vertex  2.32045e-01 -9.30332e-02  1.95670e+00
       vertex  2.45800e-01 -4.56340e-02  1.95670e+00
       vertex  2.40095e-01 -6.96739e-02  2.00000e+00
     endloop
  endfacet
  facet normal  5.09838e-04 -9.39051e-04 -3.01291e-05
     outer loop
       vertex  9.70155e-02 -2.30408e-01  1.95670e+00
       vertex  1.40390e-01 -2.06859e-01  1.95670e+00
       vertex  1.19285e-01 -2.19707e-01  2.00000e+00
     endloop
  endfacet
  facet normal -6.75293e-04  8.82910e-04 -2.99909e-05
     outer loop
       vertex -1.30758e-01  2.13078e-01  1.95481e+00
       vertex -1.70839e-01  1.82521e-01  1.95772e+00
       vertex -1.46390e-01  2.02657e-01  2.00000e+00
     endloop
  endfacet
  facet normal  3.15422e-04 -1.02091e-03 -3.01291e-05
     outer loop
       vertex  4.98602e-02 -2.44977e-01  1.95670e+00
       vertex  9.70155e-02 -2.30408e-01  1.95670e+00
       vertex  7.37983e-02 -2.38859e-01  2.00000e+00
     endloop
  endfacet
  facet normal  1.06470e-03 -9.03908e-05 -3.01291e-05
     outer loop
       vertex  2.45800e-01 -4.56340e-02  1.95670e+00
       vertex  2.49975e-01  3.54371e-03  1.95670e+00
       vertex  2.49104e-01 -2.11484e-02  2.00000e+00
     endloop
  endfacet
  facet normal  8.32256e-04 -6.70151e-04 -3.01291e-05
     outer loop
       vertex  1.78292e-01 -1.75248e-01  1.95670e+00
       vertex  2.09246e-01 -1.36807e-01  1.95670e+00
       vertex  1.94720e-01 -1.56793e-01  2.00000e+00
     endloop
  endfacet
  facet normal  6.84384e-04 -8.20592e-04 -3.01291e-05
     outer loop
       vertex  1.40390e-01 -2.06859e-01  1.95670e+00
       vertex  1.78292e-01 -1.75248e-01  1.95670e+00
       vertex  1.60123e-01 -1.91991e-01  2.00000e+00
     endloop
  endfacet
  facet normal -1.06413e-03 -9.68769e-05 -3.01291e-05
     outer loop
       vertex -2.49992e-01  2.02041e-03  1.95670e+00
       vertex -2.45517e-01 -4.71310e-02  1.95670e+00
       vertex -2.48970e-01 -2.26660e-02  2.00000e+00
     endloop
  endfacet
  facet normal -1.06242e-03  1.14064e-04 -3.01291e-05
     outer loop
       vertex -2.44723e-01  5.10931e-02  1.95670e+00
       vertex -2.49992e-01  2.02041e-03  1.95670e+00
       vertex -2.48572e-01  2.66871e-02  2.00000e+00
     endloop
  endfacet
  facet normal  1.08713e-04 -1.06298e-03 -3.01291e-05
     outer loop
       vertex  7.61693e-04 -2.49999e-01  1.95670e+00
       vertex  4.98602e-02 -2.44977e-01  1.95670e+00
       vertex  2.54352e-02 -2.48703e-01  2.00000e+00
     endloop
  endfacet
  facet normal -5.04107e-04 -9.42141e-04 -3.01291e-05
     outer loop
       vertex -1.39127e-01 -2.07711e-01  1.95670e+00
       vertex -9.56097e-02 -2.30995e-01  1.95670e+00
       vertex -1.17944e-01 -2.20430e-01  2.00000e+00
     endloop
  endfacet
  facet normal -1.02436e-03 -3.04042e-04 -3.01291e-05
     outer loop
       vertex -2.45517e-01 -4.71310e-02  1.95670e+00
       vertex -2.31474e-01 -9.44455e-02  1.95670e+00
       vertex -2.39666e-01 -7.11356e-02  2.00000e+00
     endloop
  endfacet
  facet normal -6.79371e-04 -8.24747e-04 -3.01291e-05
     outer loop
       vertex -1.77221e-01 -1.76331e-01  1.95670e+00
       vertex -1.39127e-01 -2.07711e-01  1.95670e+00
       vertex -1.58950e-01 -1.92963e-01  2.00000e+00
     endloop
  endfacet
  facet normal -1.02234e-04 -1.06363e-03 -3.01291e-05
     outer loop
       vertex -4.83665e-02 -2.45277e-01  1.95670e+00
       vertex  7.61693e-04 -2.49999e-01  1.95670e+00
       vertex -2.39192e-02 -2.48853e-01  2.00000e+00
     endloop
  endfacet
  facet normal -3.09195e-04 -1.02282e-03 -3.01291e-05
     outer loop
       vertex -9.56097e-02 -2.30995e-01  1.95670e+00
       vertex -4.83665e-02 -2.45277e-01  1.95670e+00
       vertex -7.23414e-02 -2.39305e-01  2.00000e+00
     endloop
  endfacet
  facet normal -9.44667e-04 -4.99357e-04 -3.01291e-05
     outer loop
       vertex -2.31474e-01 -9.44455e-02  1.95670e+00
       vertex -2.08409e-01 -1.38079e-01  1.95670e+00
       vertex -2.21021e-01 -1.16833e-01  2.00000e+00
     endloop
  endfacet
  facet normal -8.28157e-04 -6.75210e-04 -3.01291e-05
     outer loop
       vertex -2.08409e-01 -1.38079e-01  1.95670e+00
       vertex -1.77221e-01 -1.76331e-01  1.95670e+00
       vertex -1.93761e-01 -1.57977e-01  2.00000e+00
     endloop
  endfacet
  facet normal -7.28145e-04  1.21740e-03 -5.21156e-05
     outer loop
       vertex -1.51502e-01  1.98865e-01  1.91261e+00
       vertex -1.30758e-01  2.13078e-01  1.95481e+00
       vertex -1.00000e-01  2.29129e-01  1.90000e+00
     endloop
  endfacet
  facet normal -4.53004e-04  8.51806e-04  0.00000e+00
     outer loop
       vertex -1.00000e-01  2.29129e-01  1.70000e+00
       vertex -1.34072e-01  2.11009e-01  1.69736e+00
       vertex -1.00000e-01  2.29129e-01  1.75000e+00
     endloop
  endfacet
  facet normal -4.53004e-04  8.51806e-04  0.00000e+00
     outer loop
       vertex -1.00000e-01  2.29129e-01  1.70000e+00
       vertex -1.00000e-01  2.29129e-01  1.65000e+00
       vertex -1.34072e-01  2.11009e-01  1.69736e+00
     endloop
  endfacet
  facet normal  6.84751e-04  1.19133e-03 -0.00000e+00
     outer loop
       vertex  1.00000e-01  2.29129e-01  1.80000e+00
       vertex  1.00000e-01  2.29129e-01  1.85000e+00
       vertex  1.47653e-01  2.01739e-01  1.82610e+00
     endloop
  endfacet
  facet normal  4.43098e-04  8.36163e-04  0.00000e+00
     outer loop
       vertex  1.33447e-01  2.11405e-01  1.86947e+00
       vertex  1.00000e-01  2.29129e-01  1.85000e+00
       vertex  1.00000e-01  2.29129e-01  1.90000e+00
     endloop
  endfacet
  facet normal  1.04558e-03  1.17091e-04  2.87599e-05
     outer loop
       vertex  2.44567e-01  5.18384e-02  1.95670e+00
       vertex  2.49975e-01  3.54371e-03  1.95670e+00
       vertex  2.48447e-01  2.78228e-02  1.91340e+00
     endloop
  endfacet
  facet normal  1.05385e-03 -8.94703e-05  3.01098e-05
     outer loop
       vertex  2.49050e-01 -2.17710e-02  1.91384e+00
       vertex  2.49975e-01  3.54371e-03  1.95670e+00
       vertex  2.45800e-01 -4.56340e-02  1.95670e+00
     endloop
  endfacet
  facet normal  1.01058e-03 -2.93263e-04  3.01017e-05
     outer loop
       vertex  2.39886e-01 -7.03886e-02  1.91406e+00
       vertex  2.45800e-01 -4.56340e-02  1.95670e+00
       vertex  2.32045e-01 -9.30332e-02  1.95670e+00
     endloop
  endfacet
  facet normal  9.30933e-04 -4.84862e-04  3.00973e-05
     outer loop
       vertex  2.21356e-01 -1.16195e-01  1.91417e+00
       vertex  2.32045e-01 -9.30332e-02  1.95670e+00
       vertex  2.09246e-01 -1.36807e-01  1.95670e+00
     endloop
  endfacet
  facet normal  1.02235e-03  3.24921e-04  3.04597e-05
     outer loop
       vertex  2.29541e-01  9.90494e-02  1.95739e+00
       vertex  2.44567e-01  5.18384e-02  1.95670e+00
       vertex  2.38041e-01  7.63980e-02  1.91375e+00
     endloop
  endfacet
  facet normal  1.04743e-03  2.24615e-04 -3.07103e-05
     outer loop
       vertex  2.44567e-01  5.18384e-02  1.95670e+00
       vertex  2.48447e-01  2.78228e-02  1.91340e+00
       vertex  2.38041e-01  7.63980e-02  1.91375e+00
     endloop
  endfacet
  facet normal  1.06835e-03  1.27242e-05 -3.05641e-05
     outer loop
       vertex  2.48447e-01  2.78228e-02  1.91340e+00
       vertex  2.49975e-01  3.54371e-03  1.95670e+00
       vertex  2.49050e-01 -2.17710e-02  1.91384e+00
     endloop
  endfacet
  facet normal  8.16535e-04 -6.57492e-04  3.00950e-05
     outer loop
       vertex  1.94198e-01 -1.57439e-01  1.91422e+00
       vertex  2.09246e-01 -1.36807e-01  1.95670e+00
       vertex  1.78292e-01 -1.75248e-01  1.95670e+00
     endloop
  endfacet
  facet normal  6.71055e-04 -8.04610e-04  3.00939e-05
     outer loop
       vertex  1.59473e-01 -1.92531e-01  1.91424e+00
       vertex  1.78292e-01 -1.75248e-01  1.95670e+00
       vertex  1.40390e-01 -2.06859e-01  1.95670e+00
     endloop
  endfacet
  facet normal  4.99765e-04 -9.20497e-04  3.00933e-05
     outer loop
       vertex  1.18536e-01 -2.20112e-01  1.91426e+00
       vertex  1.40390e-01 -2.06859e-01  1.95670e+00
       vertex  9.70155e-02 -2.30408e-01  1.95670e+00
     endloop
  endfacet
  facet normal  1.03925e-03 -1.96024e-04 -3.03248e-05
     outer loop
       vertex  2.49050e-01 -2.17710e-02  1.91384e+00
       vertex  2.45800e-01 -4.56340e-02  1.95670e+00
       vertex  2.39886e-01 -7.03886e-02  1.91406e+00
     endloop
  endfacet
  facet normal  9.75417e-04 -3.94650e-04 -3.02061e-05
     outer loop
       vertex  2.39886e-01 -7.03886e-02  1.91406e+00
       vertex  2.32045e-01 -9.30332e-02  1.95670e+00
       vertex  2.21356e-01 -1.16195e-01  1.91417e+00
     endloop
  endfacet
  facet normal  3.09147e-04 -1.00060e-03  3.00931e-05
     outer loop
       vertex  7.29816e-02 -2.39110e-01  1.91426e+00
       vertex  9.70155e-02 -2.30408e-01  1.95670e+00
       vertex  4.98602e-02 -2.44977e-01  1.95670e+00
     endloop
  endfacet
  facet normal  8.76606e-04 -5.77267e-04 -3.01478e-05
     outer loop
       vertex  2.21356e-01 -1.16195e-01  1.91417e+00
       vertex  2.09246e-01 -1.36807e-01  1.95670e+00
       vertex  1.94198e-01 -1.57439e-01  1.91422e+00
     endloop
  endfacet
  facet normal  1.07374e-03  1.33334e-05  3.05692e-05
     outer loop
       vertex  2.48447e-01  2.78228e-02  1.91340e+00
       vertex  2.49050e-01 -2.17710e-02  1.91384e+00
       vertex  2.49986e-01  2.65405e-03  1.87032e+00
     endloop
  endfacet
  facet normal  1.05172e-03  2.25090e-04  3.07202e-05
     outer loop
       vertex  2.38041e-01  7.63980e-02  1.91375e+00
       vertex  2.48447e-01  2.78228e-02  1.91340e+00
       vertex  2.44389e-01  5.26705e-02  1.87028e+00
     endloop
  endfacet
  facet normal  1.07787e-03  1.20594e-04 -3.19515e-05
     outer loop
       vertex  2.48447e-01  2.78228e-02  1.91340e+00
       vertex  2.49986e-01  2.65405e-03  1.87032e+00
       vertex  2.44389e-01  5.26705e-02  1.87028e+00
     endloop
  endfacet
  facet normal  1.06543e-04 -1.04177e-03  3.00929e-05
     outer loop
       vertex  2.45837e-02 -2.48788e-01  1.91426e+00
       vertex  4.98602e-02 -2.44977e-01  1.95670e+00
       vertex  7.61693e-04 -2.49999e-01  1.95670e+00
     endloop
  endfacet
  facet normal  1.06545e-03 -9.44470e-05 -3.01011e-05
     outer loop
       vertex  2.45638e-01 -4.64952e-02  1.87065e+00
       vertex  2.49986e-01  2.65405e-03  1.87032e+00
       vertex  2.49050e-01 -2.17710e-02  1.91384e+00
     endloop
  endfacet
  facet normal  1.05261e-03 -1.98269e-04  3.03462e-05
     outer loop
       vertex  2.49050e-01 -2.17710e-02  1.91384e+00
       vertex  2.39886e-01 -7.03886e-02  1.91406e+00
       vertex  2.45638e-01 -4.64952e-02  1.87065e+00
     endloop
  endfacet
  facet normal  7.45158e-04 -7.37383e-04 -3.01193e-05
     outer loop
       vertex  1.94198e-01 -1.57439e-01  1.91422e+00
       vertex  1.78292e-01 -1.75248e-01  1.95670e+00
       vertex  1.59473e-01 -1.92531e-01  1.91424e+00
     endloop
  endfacet
  facet normal  5.85401e-04 -8.68908e-04 -3.01055e-05
     outer loop
       vertex  1.59473e-01 -1.92531e-01  1.91424e+00
       vertex  1.40390e-01 -2.06859e-01  1.95670e+00
       vertex  1.18536e-01 -2.20112e-01  1.91426e+00
     endloop
  endfacet
  facet normal -1.00190e-04 -1.04237e-03  3.00929e-05
     outer loop
       vertex -2.47716e-02 -2.48770e-01  1.91427e+00
       vertex  7.61693e-04 -2.49999e-01  1.95670e+00
       vertex -4.83665e-02 -2.45277e-01  1.95670e+00
     endloop
  endfacet
  facet normal  4.03162e-04 -9.66711e-04 -3.00989e-05
     outer loop
       vertex  1.18536e-01 -2.20112e-01  1.91426e+00
       vertex  9.70155e-02 -2.30408e-01  1.95670e+00
       vertex  7.29816e-02 -2.39110e-01  1.91426e+00
     endloop
  endfacet
  facet normal  1.02561e-03 -3.01609e-04 -3.01130e-05
     outer loop
       vertex  2.31721e-01 -9.38381e-02  1.87081e+00
       vertex  2.45638e-01 -4.64952e-02  1.87065e+00
       vertex  2.39886e-01 -7.03886e-02  1.91406e+00
     endloop
  endfacet
  facet normal  9.91742e-04 -4.01113e-04  3.02352e-05
     outer loop
       vertex  2.39886e-01 -7.03886e-02  1.91406e+00
       vertex  2.21356e-01 -1.16195e-01  1.91417e+00
       vertex  2.31721e-01 -9.38381e-02  1.87081e+00
     endloop
  endfacet
  facet normal -4.94019e-04 -9.23288e-04  3.00928e-05
     outer loop
       vertex -1.18699e-01 -2.20024e-01  1.91427e+00
       vertex -9.56097e-02 -2.30995e-01  1.95670e+00
       vertex -1.39127e-01 -2.07711e-01  1.95670e+00
     endloop
  endfacet
  facet normal -3.03010e-04 -1.00236e-03  3.00929e-05
     outer loop
       vertex -7.31611e-02 -2.39055e-01  1.91427e+00
       vertex -4.83665e-02 -2.45277e-01  1.95670e+00
       vertex -9.56097e-02 -2.30995e-01  1.95670e+00
     endloop
  endfacet
  facet normal  9.46162e-04 -4.97020e-04 -3.01200e-05
     outer loop
       vertex  2.08773e-01 -1.37528e-01  1.87089e+00
       vertex  2.31721e-01 -9.38381e-02  1.87081e+00
       vertex  2.21356e-01 -1.16195e-01  1.91417e+00
     endloop
  endfacet
  facet normal  8.92953e-04 -5.87954e-04  3.01806e-05
     outer loop
       vertex  2.21356e-01 -1.16195e-01  1.91417e+00
       vertex  1.94198e-01 -1.57439e-01  1.91422e+00
       vertex  2.08773e-01 -1.37528e-01  1.87089e+00
     endloop
  endfacet
  facet normal  2.05355e-04 -1.02694e-03 -3.00957e-05
     outer loop
       vertex  7.29816e-02 -2.39110e-01  1.91426e+00
       vertex  4.98602e-02 -2.44977e-01  1.95670e+00
       vertex  2.45837e-02 -2.48788e-01  1.91426e+00
     endloop
  endfacet
  facet normal -6.65774e-04 -8.08241e-04  3.00928e-05
     outer loop
       vertex -1.59611e-01 -1.92417e-01  1.91427e+00
       vertex -1.39127e-01 -2.07711e-01  1.95670e+00
       vertex -1.77221e-01 -1.76331e-01  1.95670e+00
     endloop
  endfacet
  facet normal  8.30010e-04 -6.73101e-04 -3.01241e-05
     outer loop
       vertex  1.77688e-01 -1.75860e-01  1.87093e+00
       vertex  2.08773e-01 -1.37528e-01  1.87089e+00
       vertex  1.94198e-01 -1.57439e-01  1.91422e+00
     endloop
  endfacet
  facet normal  7.59747e-04 -7.51775e-04  3.01539e-05
     outer loop
       vertex  1.94198e-01 -1.57439e-01  1.91422e+00
       vertex  1.59473e-01 -1.92531e-01  1.91424e+00
       vertex  1.77688e-01 -1.75860e-01  1.87093e+00
     endloop
  endfacet
  facet normal -3.96279e-07 -1.04720e-03 -3.00942e-05
     outer loop
       vertex  2.45837e-02 -2.48788e-01  1.91426e+00
       vertex  7.61693e-04 -2.49999e-01  1.95670e+00
       vertex -2.47716e-02 -2.48770e-01  1.91427e+00
     endloop
  endfacet
  facet normal -1.00386e-03 -2.97956e-04  3.00928e-05
     outer loop
       vertex -2.39908e-01 -7.03136e-02  1.91427e+00
       vertex -2.31474e-01 -9.44455e-02  1.95670e+00
       vertex -2.45517e-01 -4.71310e-02  1.95670e+00
     endloop
  endfacet
  facet normal -1.04283e-03 -9.49378e-05  3.00928e-05
     outer loop
       vertex -2.49047e-01 -2.18123e-02  1.91427e+00
       vertex -2.45517e-01 -4.71310e-02  1.95670e+00
       vertex -2.49992e-01  2.02041e-03  1.95670e+00
     endloop
  endfacet
  facet normal -8.11582e-04 -6.61696e-04  3.00928e-05
     outer loop
       vertex -1.94302e-01 -1.57311e-01  1.91427e+00
       vertex -1.77221e-01 -1.76331e-01  1.95670e+00
       vertex -2.08409e-01 -1.38079e-01  1.95670e+00
     endloop
  endfacet
  facet normal -4.18350e-04  7.96633e-04  0.00000e+00
     outer loop
       vertex -1.00000e-01  2.29129e-01  1.65000e+00
       vertex -1.00000e-01  2.29129e-01  1.60000e+00
       vertex -1.31865e-01  2.12395e-01  1.60557e+00
     endloop
  endfacet
  facet normal -9.25759e-04 -4.89362e-04  3.00928e-05
     outer loop
       vertex -2.21420e-01 -1.16074e-01  1.91427e+00
       vertex -2.08409e-01 -1.38079e-01  1.95670e+00
       vertex -2.31474e-01 -9.44455e-02  1.95670e+00
     endloop
  endfacet
  facet normal  6.81581e-04 -8.22985e-04 -3.01264e-05
     outer loop
       vertex  1.39678e-01 -2.07340e-01  1.87095e+00
       vertex  1.77688e-01 -1.75860e-01  1.87093e+00
       vertex  1.59473e-01 -1.92531e-01  1.91424e+00
     endloop
  endfacet
  facet normal -4.18350e-04  7.96633e-04  0.00000e+00
     outer loop
       vertex -1.31865e-01  2.12395e-01  1.60557e+00
       vertex -1.00000e-01  2.29129e-01  1.60000e+00
       vertex -1.00000e-01  2.29129e-01  1.55000e+00
     endloop
  endfacet
  facet normal  5.97124e-04 -8.86282e-04  3.01410e-05
     outer loop
       vertex  1.59473e-01 -1.92531e-01  1.91424e+00
       vertex  1.18536e-01 -2.20112e-01  1.91426e+00
       vertex  1.39678e-01 -2.07340e-01  1.87095e+00
     endloop
  endfacet
  facet normal -1.04116e-03  1.11780e-04  3.00928e-05
     outer loop
       vertex -2.48479e-01  2.75390e-02  1.91427e+00
       vertex -2.49992e-01  2.02041e-03  1.95670e+00
       vertex -2.44723e-01  5.10931e-02  1.95670e+00
     endloop
  endfacet
  facet normal -2.06111e-04 -1.02668e-03 -3.00935e-05
     outer loop
       vertex -2.47716e-02 -2.48770e-01  1.91427e+00
       vertex -4.83665e-02 -2.45277e-01  1.95670e+00
       vertex -7.31611e-02 -2.39055e-01  1.91427e+00
     endloop
  endfacet
  facet normal  5.06617e-04 -9.40818e-04 -3.01276e-05
     outer loop
       vertex  9.62243e-02 -2.30740e-01  1.87096e+00
       vertex  1.39678e-01 -2.07340e-01  1.87095e+00
       vertex  1.18536e-01 -2.20112e-01  1.91426e+00
     endloop
  endfacet
  facet normal  4.11323e-04 -9.86260e-04  3.01347e-05
     outer loop
       vertex  1.18536e-01 -2.20112e-01  1.91426e+00
       vertex  7.29816e-02 -2.39110e-01  1.91426e+00
       vertex  9.62243e-02 -2.30740e-01  1.87096e+00
     endloop
  endfacet
  facet normal -4.03786e-04 -9.66171e-04 -3.00931e-05
     outer loop
       vertex -7.31611e-02 -2.39055e-01  1.91427e+00
       vertex -9.56097e-02 -2.30995e-01  1.95670e+00
       vertex -1.18699e-01 -2.20024e-01  1.91427e+00
     endloop
  endfacet
  facet normal  4.89265e-04  9.08205e-04  0.00000e+00
     outer loop
       vertex  1.00000e-01  2.29129e-01  1.80000e+00
       vertex  1.36328e-01  2.09558e-01  1.77984e+00
       vertex  1.00000e-01  2.29129e-01  1.75000e+00
     endloop
  endfacet
  facet normal -5.85723e-04 -8.68012e-04 -3.00930e-05
     outer loop
       vertex -1.18699e-01 -2.20024e-01  1.91427e+00
       vertex -1.39127e-01 -2.07711e-01  1.95670e+00
       vertex -1.59611e-01 -1.92417e-01  1.91427e+00
     endloop
  endfacet
  facet normal  3.11918e-04 -1.02200e-03 -3.01283e-05
     outer loop
       vertex  4.90197e-02 -2.45147e-01  1.87096e+00
       vertex  9.62243e-02 -2.30740e-01  1.87096e+00
       vertex  7.29816e-02 -2.39110e-01  1.91426e+00
     endloop
  endfacet
  facet normal  2.09534e-04 -1.04781e-03  3.01318e-05
     outer loop
       vertex  7.29816e-02 -2.39110e-01  1.91426e+00
       vertex  2.45837e-02 -2.48788e-01  1.91426e+00
       vertex  4.90197e-02 -2.45147e-01  1.87096e+00
     endloop
  endfacet
  facet normal  1.05066e-04 -1.06335e-03 -3.01287e-05
     outer loop
       vertex -9.55791e-05 -2.50000e-01  1.87096e+00
       vertex  4.90197e-02 -2.45147e-01  1.87096e+00
       vertex  2.45837e-02 -2.48788e-01  1.91426e+00
     endloop
  endfacet
  facet normal -4.02724e-07 -1.06854e-03  3.01303e-05
     outer loop
       vertex  2.45837e-02 -2.48788e-01  1.91426e+00
       vertex -2.47716e-02 -2.48770e-01  1.91427e+00
       vertex -9.55791e-05 -2.50000e-01  1.87096e+00
     endloop
  endfacet
  facet normal -7.44831e-04 -7.36027e-04 -3.00929e-05
     outer loop
       vertex -1.59611e-01 -1.92417e-01  1.91427e+00
       vertex -1.77221e-01 -1.76331e-01  1.95670e+00
       vertex -1.94302e-01 -1.57311e-01  1.91427e+00
     endloop
  endfacet
  facet normal -8.74911e-04 -5.75357e-04 -3.00929e-05
     outer loop
       vertex -1.94302e-01 -1.57311e-01  1.91427e+00
       vertex -2.08409e-01 -1.38079e-01  1.95670e+00
       vertex -2.21420e-01 -1.16074e-01  1.91427e+00
     endloop
  endfacet
  facet normal -1.05881e-04 -1.06327e-03 -3.01289e-05
     outer loop
       vertex -4.92072e-02 -2.45109e-01  1.87097e+00
       vertex -9.55791e-05 -2.50000e-01  1.87096e+00
       vertex -2.47716e-02 -2.48770e-01  1.91427e+00
     endloop
  endfacet
  facet normal -2.10316e-04 -1.04763e-03  3.01297e-05
     outer loop
       vertex -2.47716e-02 -2.48770e-01  1.91427e+00
       vertex -7.31611e-02 -2.39055e-01  1.91427e+00
       vertex -4.92072e-02 -2.45109e-01  1.87097e+00
     endloop
  endfacet
  facet normal -9.70893e-04 -3.92265e-04 -3.00928e-05
     outer loop
       vertex -2.21420e-01 -1.16074e-01  1.91427e+00
       vertex -2.31474e-01 -9.44455e-02  1.95670e+00
       vertex -2.39908e-01 -7.03136e-02  1.91427e+00
     endloop
  endfacet
  facet normal -1.02903e-03 -1.93885e-04 -3.00928e-05
     outer loop
       vertex -2.39908e-01 -7.03136e-02  1.91427e+00
       vertex -2.45517e-01 -4.71310e-02  1.95670e+00
       vertex -2.49047e-01 -2.18123e-02  1.91427e+00
     endloop
  endfacet
  facet normal -3.12701e-04 -1.02175e-03 -3.01290e-05
     outer loop
       vertex -9.64011e-02 -2.30666e-01  1.87097e+00
       vertex -4.92072e-02 -2.45109e-01  1.87097e+00
       vertex -7.31611e-02 -2.39055e-01  1.91427e+00
     endloop
  endfacet
  facet normal -4.12029e-04 -9.85896e-04  3.01294e-05
     outer loop
       vertex -7.31611e-02 -2.39055e-01  1.91427e+00
       vertex -1.18699e-01 -2.20024e-01  1.91427e+00
       vertex -9.64011e-02 -2.30666e-01  1.87097e+00
     endloop
  endfacet
  facet normal -1.04707e-03  1.20522e-05 -3.00928e-05
     outer loop
       vertex -2.49047e-01 -2.18123e-02  1.91427e+00
       vertex -2.49992e-01  2.02041e-03  1.95670e+00
       vertex -2.48479e-01  2.75390e-02  1.91427e+00
     endloop
  endfacet
  facet normal -5.07334e-04 -9.40407e-04 -3.01290e-05
     outer loop
       vertex -1.39838e-01 -2.07233e-01  1.87097e+00
       vertex -9.64011e-02 -2.30666e-01  1.87097e+00
       vertex -1.18699e-01 -2.20024e-01  1.91427e+00
     endloop
  endfacet
  facet normal -5.97683e-04 -8.85737e-04  3.01292e-05
     outer loop
       vertex -1.18699e-01 -2.20024e-01  1.91427e+00
       vertex -1.59611e-01 -1.92417e-01  1.91427e+00
       vertex -1.39838e-01 -2.07233e-01  1.87097e+00
     endloop
  endfacet
  facet normal -1.02430e-03  2.17519e-04 -3.00928e-05
     outer loop
       vertex -2.48479e-01  2.75390e-02  1.91427e+00
       vertex -2.44723e-01  5.10931e-02  1.95670e+00
       vertex -2.38226e-01  7.58171e-02  1.91427e+00
     endloop
  endfacet
  facet normal -1.01715e-03  3.19645e-04  3.05059e-05
     outer loop
       vertex -2.38226e-01  7.58171e-02  1.91427e+00
       vertex -2.44723e-01  5.10931e-02  1.95670e+00
       vertex -2.29830e-01  9.83772e-02  1.95783e+00
     endloop
  endfacet
  facet normal -6.82194e-04 -8.22413e-04 -3.01291e-05
     outer loop
       vertex -1.77825e-01 -1.75723e-01  1.87097e+00
       vertex -1.39838e-01 -2.07233e-01  1.87097e+00
       vertex -1.59611e-01 -1.92417e-01  1.91427e+00
     endloop
  endfacet
  facet normal -7.60043e-04 -7.51058e-04  3.01291e-05
     outer loop
       vertex -1.59611e-01 -1.92417e-01  1.91427e+00
       vertex -1.94302e-01 -1.57311e-01  1.91427e+00
       vertex -1.77825e-01 -1.75723e-01  1.87097e+00
     endloop
  endfacet
  facet normal -8.30467e-04 -6.72367e-04 -3.01291e-05
     outer loop
       vertex -2.08881e-01 -1.37364e-01  1.87097e+00
       vertex -1.77825e-01 -1.75723e-01  1.87097e+00
       vertex -1.94302e-01 -1.57311e-01  1.91427e+00
     endloop
  endfacet
  facet normal -8.92780e-04 -5.87108e-04  3.01291e-05
     outer loop
       vertex -1.94302e-01 -1.57311e-01  1.91427e+00
       vertex -2.21420e-01 -1.16074e-01  1.91427e+00
       vertex -2.08881e-01 -1.37364e-01  1.87097e+00
     endloop
  endfacet
  facet normal -9.46373e-04 -4.96115e-04 -3.01291e-05
     outer loop
       vertex -2.31796e-01 -9.36514e-02  1.87097e+00
       vertex -2.08881e-01 -1.37364e-01  1.87097e+00
       vertex -2.21420e-01 -1.16074e-01  1.91427e+00
     endloop
  endfacet
  facet normal -9.90723e-04 -4.00277e-04  3.01291e-05
     outer loop
       vertex -2.21420e-01 -1.16074e-01  1.91427e+00
       vertex -2.39908e-01 -7.03136e-02  1.91427e+00
       vertex -2.31796e-01 -9.36514e-02  1.87097e+00
     endloop
  endfacet
  facet normal -1.02540e-03 -3.00528e-04 -3.01291e-05
     outer loop
       vertex -2.45677e-01 -4.62890e-02  1.87097e+00
       vertex -2.31796e-01 -9.36514e-02  1.87097e+00
       vertex -2.39908e-01 -7.03136e-02  1.91427e+00
     endloop
  endfacet
  facet normal -1.05005e-03 -1.97845e-04  3.01291e-05
     outer loop
       vertex -2.39908e-01 -7.03136e-02  1.91427e+00
       vertex -2.49047e-01 -2.18123e-02  1.91427e+00
       vertex -2.45677e-01 -4.62890e-02  1.87097e+00
     endloop
  endfacet
  facet normal -1.06445e-03 -9.32284e-05 -3.01291e-05
     outer loop
       vertex -2.49983e-01  2.87740e-03  1.87097e+00
       vertex -2.45677e-01 -4.62890e-02  1.87097e+00
       vertex -2.49047e-01 -2.18123e-02  1.91427e+00
     endloop
  endfacet
  facet normal -1.06846e-03  1.22983e-05  3.01291e-05
     outer loop
       vertex -2.49047e-01 -2.18123e-02  1.91427e+00
       vertex -2.48479e-01  2.75390e-02  1.91427e+00
       vertex -2.49983e-01  2.87740e-03  1.87097e+00
     endloop
  endfacet
  facet normal -1.06203e-03  1.17705e-04 -3.01291e-05
     outer loop
       vertex -2.48479e-01  2.75390e-02  1.91427e+00
       vertex -2.44547e-01  5.19317e-02  1.87097e+00
       vertex -2.49983e-01  2.87740e-03  1.87097e+00
     endloop
  endfacet
  facet normal -1.04522e-03  2.21962e-04  3.01291e-05
     outer loop
       vertex -2.48479e-01  2.75390e-02  1.91427e+00
       vertex -2.38226e-01  7.58171e-02  1.91427e+00
       vertex -2.44547e-01  5.19317e-02  1.87097e+00
     endloop
  endfacet
  facet normal -9.82669e-04  4.24757e-04 -3.05779e-05
     outer loop
       vertex -2.38226e-01  7.58171e-02  1.91427e+00
       vertex -2.29830e-01  9.83772e-02  1.95783e+00
       vertex -2.18563e-01  1.21368e-01  1.91510e+00
     endloop
  endfacet
  facet normal -1.03031e-03  3.30149e-04 -3.17259e-05
     outer loop
       vertex -2.44547e-01  5.19317e-02  1.87097e+00
       vertex -2.38226e-01  7.58171e-02  1.91427e+00
       vertex -2.29235e-01  9.97555e-02  1.87139e+00
     endloop
  endfacet
  facet normal -9.86525e-04  4.25297e-04  3.05803e-05
     outer loop
       vertex -2.38226e-01  7.58171e-02  1.91427e+00
       vertex -2.18563e-01  1.21368e-01  1.91510e+00
       vertex -2.29235e-01  9.97555e-02  1.87139e+00
     endloop
  endfacet
  facet normal -9.38981e-04  5.17099e-04  3.06360e-05
     outer loop
       vertex -2.18563e-01  1.21368e-01  1.91510e+00
       vertex -2.29830e-01  9.83772e-02  1.95783e+00
       vertex -2.05860e-01  1.41851e-01  1.95872e+00
     endloop
  endfacet
  facet normal -8.80584e-04  6.11306e-04 -3.06094e-05
     outer loop
       vertex -2.18563e-01  1.21368e-01  1.91510e+00
       vertex -2.05860e-01  1.41851e-01  1.95872e+00
       vertex -1.90281e-01  1.62151e-01  1.91597e+00
     endloop
  endfacet
  facet normal -9.37866e-04  5.25097e-04 -3.06430e-05
     outer loop
       vertex -2.29235e-01  9.97555e-02  1.87139e+00
       vertex -2.18563e-01  1.21368e-01  1.91510e+00
       vertex -2.05002e-01  1.43088e-01  1.87225e+00
     endloop
  endfacet
  facet normal -8.83398e-04  6.11954e-04  3.06081e-05
     outer loop
       vertex -2.18563e-01  1.21368e-01  1.91510e+00
       vertex -1.90281e-01  1.62151e-01  1.91597e+00
       vertex -2.05002e-01  1.43088e-01  1.87225e+00
     endloop
  endfacet
  facet normal -1.06203e-03  1.17705e-04  3.01291e-05
     outer loop
       vertex -2.49983e-01  2.87740e-03  1.87097e+00
       vertex -2.44547e-01  5.19317e-02  1.87097e+00
       vertex -2.48479e-01  2.75390e-02  1.82767e+00
     endloop
  endfacet
  facet normal  1.03837e-03 -9.16501e-05  3.00715e-05
     outer loop
       vertex  2.45638e-01 -4.64952e-02  1.87065e+00
       vertex  2.49098e-01 -2.12147e-02  1.82823e+00
       vertex  2.49986e-01  2.65405e-03  1.87032e+00
     endloop
  endfacet
  facet normal -1.05977e-03 -9.28186e-05  3.01247e-05
     outer loop
       vertex -2.49983e-01  2.87740e-03  1.87097e+00
       vertex -2.49021e-01 -2.21081e-02  1.82786e+00
       vertex -2.45677e-01 -4.62890e-02  1.87097e+00
     endloop
  endfacet
  facet normal -1.01570e-03 -2.97686e-04  3.01161e-05
     outer loop
       vertex -2.45677e-01 -4.62890e-02  1.87097e+00
       vertex -2.39763e-01 -7.08060e-02  1.82808e+00
       vertex -2.31796e-01 -9.36514e-02  1.87097e+00
     endloop
  endfacet
  facet normal -9.33688e-04 -4.89465e-04  3.01079e-05
     outer loop
       vertex -2.31796e-01 -9.36514e-02  1.87097e+00
       vertex -2.21115e-01 -1.16654e-01  1.82825e+00
       vertex -2.08881e-01 -1.37364e-01  1.87097e+00
     endloop
  endfacet
  facet normal -8.17121e-04 -6.61562e-04  3.01020e-05
     outer loop
       vertex -2.08881e-01 -1.37364e-01  1.87097e+00
       vertex -1.93834e-01 -1.57887e-01  1.82836e+00
       vertex -1.77825e-01 -1.75723e-01  1.87097e+00
     endloop
  endfacet
  facet normal -6.70092e-04 -8.07824e-04  3.00981e-05
     outer loop
       vertex -1.77825e-01 -1.75723e-01  1.87097e+00
       vertex -1.59000e-01 -1.92922e-01  1.82843e+00
       vertex -1.39838e-01 -2.07233e-01  1.87097e+00
     endloop
  endfacet
  facet normal -4.97828e-04 -9.22787e-04  3.00957e-05
     outer loop
       vertex -1.39838e-01 -2.07233e-01  1.87097e+00
       vertex -1.17976e-01 -2.20413e-01  1.82848e+00
       vertex -9.64011e-02 -2.30666e-01  1.87097e+00
     endloop
  endfacet
  facet normal -3.06660e-04 -1.00201e-03  3.00943e-05
     outer loop
       vertex -9.64011e-02 -2.30666e-01  1.87097e+00
       vertex -7.23600e-02 -2.39299e-01  1.82850e+00
       vertex -4.92072e-02 -2.45109e-01  1.87097e+00
     endloop
  endfacet
  facet normal -1.03799e-04 -1.04238e-03  3.00935e-05
     outer loop
       vertex -4.92072e-02 -2.45109e-01  1.87097e+00
       vertex -2.39297e-02 -2.48852e-01  1.82852e+00
       vertex -9.55791e-05 -2.50000e-01  1.87096e+00
     endloop
  endfacet
  facet normal  1.02983e-04 -1.04225e-03  3.00929e-05
     outer loop
       vertex -9.55791e-05 -2.50000e-01  1.87096e+00
       vertex  2.54293e-02 -2.48703e-01  1.82852e+00
       vertex  4.90197e-02 -2.45147e-01  1.87096e+00
     endloop
  endfacet
  facet normal  3.05690e-04 -1.00158e-03  3.00923e-05
     outer loop
       vertex  4.90197e-02 -2.45147e-01  1.87096e+00
       vertex  7.37947e-02 -2.38861e-01  1.82853e+00
       vertex  9.62243e-02 -2.30740e-01  1.87096e+00
     endloop
  endfacet
  facet normal  4.96436e-04 -9.21888e-04  3.00915e-05
     outer loop
       vertex  9.62243e-02 -2.30740e-01  1.87096e+00
       vertex  1.19282e-01 -2.19708e-01  1.82852e+00
       vertex  1.39678e-01 -2.07340e-01  1.87095e+00
     endloop
  endfacet
  facet normal  6.67757e-04 -8.06257e-04  3.00903e-05
     outer loop
       vertex  1.39678e-01 -2.07340e-01  1.87095e+00
       vertex  1.60119e-01 -1.91994e-01  1.82852e+00
       vertex  1.77688e-01 -1.75860e-01  1.87093e+00
     endloop
  endfacet
  facet normal  8.12891e-04 -6.59158e-04  3.00882e-05
     outer loop
       vertex  1.77688e-01 -1.75860e-01  1.87093e+00
       vertex  1.94715e-01 -1.56799e-01  1.82850e+00
       vertex  2.08773e-01 -1.37528e-01  1.87089e+00
     endloop
  endfacet
  facet normal  9.26007e-04 -4.86324e-04  3.00846e-05
     outer loop
       vertex  2.08773e-01 -1.37528e-01  1.87089e+00
       vertex  2.21721e-01 -1.15498e-01  1.82846e+00
       vertex  2.31721e-01 -9.38381e-02  1.87081e+00
     endloop
  endfacet
  facet normal  1.00236e-03 -2.94569e-04  3.00790e-05
     outer loop
       vertex  2.31721e-01 -9.38381e-02  1.87081e+00
       vertex  2.40086e-01 -6.97056e-02  1.82839e+00
       vertex  2.45638e-01 -4.64952e-02  1.87065e+00
     endloop
  endfacet
  facet normal -8.59171e-04  7.40779e-04  3.86722e-05
     outer loop
       vertex -1.90281e-01  1.62151e-01  1.91597e+00
       vertex -2.05860e-01  1.41851e-01  1.95872e+00
       vertex -1.70839e-01  1.82521e-01  1.95772e+00
     endloop
  endfacet
  facet normal  1.06018e-03  1.18671e-04  3.19479e-05
     outer loop
       vertex  2.49986e-01  2.65405e-03  1.87032e+00
       vertex  2.48419e-01  2.80685e-02  1.82791e+00
       vertex  2.44389e-01  5.26705e-02  1.87028e+00
     endloop
  endfacet
  facet normal  4.78408e-04  8.63534e-04 -3.57502e-05
     outer loop
       vertex  1.33447e-01  2.11405e-01  1.86947e+00
       vertex  1.47653e-01  2.01739e-01  1.82610e+00
       vertex  1.00000e-01  2.29129e-01  1.85000e+00
     endloop
  endfacet
  facet normal  6.01087e-04  1.03400e-03  5.82194e-05
     outer loop
       vertex  1.33447e-01  2.11405e-01  1.86947e+00
       vertex  1.00000e-01  2.29129e-01  1.90000e+00
       vertex  1.53619e-01  1.97234e-01  1.91288e+00
     endloop
  endfacet
  facet normal -1.03597e-03  3.31397e-04  3.17344e-05
     outer loop
       vertex -2.38136e-01  7.60999e-02  1.82786e+00
       vertex -2.44547e-01  5.19317e-02  1.87097e+00
       vertex -2.29235e-01  9.97555e-02  1.87139e+00
     endloop
  endfacet
  facet normal -8.00604e-04  8.42169e-04 -3.80720e-05
     outer loop
       vertex -1.90281e-01  1.62151e-01  1.91597e+00
       vertex -1.70839e-01  1.82521e-01  1.95772e+00
       vertex -1.51502e-01  1.98865e-01  1.91261e+00
     endloop
  endfacet
  facet normal  1.02771e-03  3.30992e-04 -3.05856e-05
     outer loop
       vertex  2.44389e-01  5.26705e-02  1.87028e+00
       vertex  2.29179e-01  9.98854e-02  1.87016e+00
       vertex  2.38041e-01  7.63980e-02  1.91375e+00
     endloop
  endfacet
  facet normal -8.15333e-04  6.99750e-04 -3.05809e-05
     outer loop
       vertex -2.05002e-01  1.43088e-01  1.87225e+00
       vertex -1.90281e-01  1.62151e-01  1.91597e+00
       vertex -1.72708e-01  1.80754e-01  1.87310e+00
     endloop
  endfacet
  facet normal -7.55651e-04  8.01662e-04  3.81095e-05
     outer loop
       vertex -1.90281e-01  1.62151e-01  1.91597e+00
       vertex -1.51502e-01  1.98865e-01  1.91261e+00
       vertex -1.72708e-01  1.80754e-01  1.87310e+00
     endloop
  endfacet
  facet normal  1.00678e-03  4.38398e-04 -3.14693e-05
     outer loop
       vertex  2.29541e-01  9.90494e-02  1.95739e+00
       vertex  2.38041e-01  7.63980e-02  1.91375e+00
       vertex  2.18030e-01  1.22323e-01  1.91334e+00
     endloop
  endfacet
  facet normal -6.65407e-04  8.75862e-04  3.20881e-05
     outer loop
       vertex -1.51502e-01  1.98865e-01  1.91261e+00
       vertex -1.70839e-01  1.82521e-01  1.95772e+00
       vertex -1.30758e-01  2.13078e-01  1.95481e+00
     endloop
  endfacet
  facet normal -1.04902e-03  2.23541e-04 -3.06731e-05
     outer loop
       vertex -2.48479e-01  2.75390e-02  1.82767e+00
       vertex -2.44547e-01  5.19317e-02  1.87097e+00
       vertex -2.38136e-01  7.60999e-02  1.82786e+00
     endloop
  endfacet
  facet normal -1.07251e-03  1.15906e-05 -3.06731e-05
     outer loop
       vertex -2.49983e-01  2.87740e-03  1.87097e+00
       vertex -2.48479e-01  2.75390e-02  1.82767e+00
       vertex -2.49021e-01 -2.21081e-02  1.82786e+00
     endloop
  endfacet
  facet normal -1.04703e-03 -1.99169e-04 -3.05176e-05
     outer loop
       vertex -2.45677e-01 -4.62890e-02  1.87097e+00
       vertex -2.49021e-01 -2.21081e-02  1.82786e+00
       vertex -2.39763e-01 -7.08060e-02  1.82808e+00
     endloop
  endfacet
  facet normal -9.81266e-04 -3.99237e-04 -3.03709e-05
     outer loop
       vertex -2.31796e-01 -9.36514e-02  1.87097e+00
       vertex -2.39763e-01 -7.08060e-02  1.82808e+00
       vertex -2.21115e-01 -1.16654e-01  1.82825e+00
     endloop
  endfacet
  facet normal -1.05138e-03  2.23801e-04  3.06729e-05
     outer loop
       vertex -2.48479e-01  2.75390e-02  1.82767e+00
       vertex -2.38136e-01  7.60999e-02  1.82786e+00
       vertex -2.44481e-01  5.22400e-02  1.78446e+00
     endloop
  endfacet
  facet normal -8.79535e-04 -5.82006e-04 -3.02635e-05
     outer loop
       vertex -2.08881e-01 -1.37364e-01  1.87097e+00
       vertex -2.21115e-01 -1.16654e-01  1.82825e+00
       vertex -1.93834e-01 -1.57887e-01  1.82836e+00
     endloop
  endfacet
  facet normal -7.45682e-04 -7.41463e-04 -3.01933e-05
     outer loop
       vertex -1.77825e-01 -1.75723e-01  1.87097e+00
       vertex -1.93834e-01 -1.57887e-01  1.82836e+00
       vertex -1.59000e-01 -1.92922e-01  1.82843e+00
     endloop
  endfacet
  facet normal -1.07315e-03  1.18938e-04 -3.12947e-05
     outer loop
       vertex -2.48479e-01  2.75390e-02  1.82767e+00
       vertex -2.44481e-01  5.22400e-02  1.78446e+00
       vertex -2.49987e-01  2.56218e-03  1.78446e+00
     endloop
  endfacet
  facet normal -1.07487e-03  1.18515e-05  3.06729e-05
     outer loop
       vertex -2.49021e-01 -2.21081e-02  1.82786e+00
       vertex -2.48479e-01  2.75390e-02  1.82767e+00
       vertex -2.49987e-01  2.56218e-03  1.78446e+00
     endloop
  endfacet
  facet normal -5.84305e-04 -8.72013e-04 -3.01502e-05
     outer loop
       vertex -1.39838e-01 -2.07233e-01  1.87097e+00
       vertex -1.59000e-01 -1.92922e-01  1.82843e+00
       vertex -1.17976e-01 -2.20413e-01  1.82848e+00
     endloop
  endfacet
  facet normal -4.01101e-04 -9.68806e-04 -3.01248e-05
     outer loop
       vertex -9.64011e-02 -2.30666e-01  1.87097e+00
       vertex -1.17976e-01 -2.20413e-01  1.82848e+00
       vertex -7.23600e-02 -2.39299e-01  1.82850e+00
     endloop
  endfacet
  facet normal -1.07015e-03 -9.58234e-05 -3.06459e-05
     outer loop
       vertex -2.49987e-01  2.56218e-03  1.78446e+00
       vertex -2.45566e-01 -4.68760e-02  1.78467e+00
       vertex -2.49021e-01 -2.21081e-02  1.82786e+00
     endloop
  endfacet
  facet normal -1.05435e-03 -2.00285e-04  3.05239e-05
     outer loop
       vertex -2.39763e-01 -7.08060e-02  1.82808e+00
       vertex -2.49021e-01 -2.21081e-02  1.82786e+00
       vertex -2.45566e-01 -4.68760e-02  1.78467e+00
     endloop
  endfacet
  facet normal -2.02789e-04 -1.02810e-03 -3.01102e-05
     outer loop
       vertex -4.92072e-02 -2.45109e-01  1.87097e+00
       vertex -7.23600e-02 -2.39299e-01  1.82850e+00
       vertex -2.39297e-02 -2.48852e-01  1.82852e+00
     endloop
  endfacet
  facet normal  3.16145e-06 -1.04754e-03 -3.01019e-05
     outer loop
       vertex -9.55791e-05 -2.50000e-01  1.87096e+00
       vertex -2.39297e-02 -2.48852e-01  1.82852e+00
       vertex  2.54293e-02 -2.48703e-01  1.82852e+00
     endloop
  endfacet
  facet normal -1.02767e-03 -3.04295e-04 -3.03781e-05
     outer loop
       vertex -2.45566e-01 -4.68760e-02  1.78467e+00
       vertex -2.31520e-01 -9.43316e-02  1.78486e+00
       vertex -2.39763e-01 -7.08060e-02  1.82808e+00
     endloop
  endfacet
  facet normal -9.92650e-04 -4.03642e-04  3.03867e-05
     outer loop
       vertex -2.21115e-01 -1.16654e-01  1.82825e+00
       vertex -2.39763e-01 -7.08060e-02  1.82808e+00
       vertex -2.31520e-01 -9.43316e-02  1.78486e+00
     endloop
  endfacet
  facet normal  2.08861e-04 -1.02629e-03 -3.00971e-05
     outer loop
       vertex  4.90197e-02 -2.45147e-01  1.87096e+00
       vertex  2.54293e-02 -2.48703e-01  1.82852e+00
       vertex  7.37947e-02 -2.38861e-01  1.82853e+00
     endloop
  endfacet
  facet normal  4.06354e-04 -9.65117e-04 -3.00938e-05
     outer loop
       vertex  9.62243e-02 -2.30740e-01  1.87096e+00
       vertex  7.37947e-02 -2.38861e-01  1.82853e+00
       vertex  1.19282e-01 -2.19708e-01  1.82852e+00
     endloop
  endfacet
  facet normal -9.46357e-04 -4.99912e-04 -3.02479e-05
     outer loop
       vertex -2.31520e-01 -9.43316e-02  1.78486e+00
       vertex -2.08440e-01 -1.38031e-01  1.78500e+00
       vertex -2.21115e-01 -1.16654e-01  1.82825e+00
     endloop
  endfacet
  facet normal -8.92737e-04 -5.90571e-04  3.02871e-05
     outer loop
       vertex -1.93834e-01 -1.57887e-01  1.82836e+00
       vertex -2.21115e-01 -1.16654e-01  1.82825e+00
       vertex -2.08440e-01 -1.38031e-01  1.78500e+00
     endloop
  endfacet
  facet normal  5.87949e-04 -8.66360e-04 -3.00907e-05
     outer loop
       vertex  1.39678e-01 -2.07340e-01  1.87095e+00
       vertex  1.19282e-01 -2.19708e-01  1.82852e+00
       vertex  1.60119e-01 -1.91994e-01  1.82852e+00
     endloop
  endfacet
  facet normal  7.46527e-04 -7.33833e-04 -3.00864e-05
     outer loop
       vertex  1.77688e-01 -1.75860e-01  1.87093e+00
       vertex  1.60119e-01 -1.91994e-01  1.82852e+00
       vertex  1.94715e-01 -1.56799e-01  1.82850e+00
     endloop
  endfacet
  facet normal -8.28958e-04 -6.75704e-04 -3.01852e-05
     outer loop
       vertex -2.08440e-01 -1.38031e-01  1.78500e+00
       vertex -1.77240e-01 -1.76312e-01  1.78510e+00
       vertex -1.93834e-01 -1.57887e-01  1.82836e+00
     endloop
  endfacet
  facet normal -7.58547e-04 -7.54130e-04  3.02221e-05
     outer loop
       vertex -1.59000e-01 -1.92922e-01  1.82843e+00
       vertex -1.93834e-01 -1.57887e-01  1.82836e+00
       vertex -1.77240e-01 -1.76312e-01  1.78510e+00
     endloop
  endfacet
  facet normal  8.75798e-04 -5.72691e-04 -3.00787e-05
     outer loop
       vertex  2.08773e-01 -1.37528e-01  1.87089e+00
       vertex  1.94715e-01 -1.56799e-01  1.82850e+00
       vertex  2.21721e-01 -1.15498e-01  1.82846e+00
     endloop
  endfacet
  facet normal  9.70507e-04 -3.89265e-04 -3.00637e-05
     outer loop
       vertex  2.31721e-01 -9.38381e-02  1.87081e+00
       vertex  2.21721e-01 -1.15498e-01  1.82846e+00
       vertex  2.40086e-01 -6.97056e-02  1.82839e+00
     endloop
  endfacet
  facet normal -6.79720e-04 -8.25095e-04 -3.01553e-05
     outer loop
       vertex -1.77240e-01 -1.76312e-01  1.78510e+00
       vertex -1.39137e-01 -2.07704e-01  1.78516e+00
       vertex -1.59000e-01 -1.92922e-01  1.82843e+00
     endloop
  endfacet
  facet normal -5.95193e-04 -8.88168e-04  3.01823e-05
     outer loop
       vertex -1.17976e-01 -2.20413e-01  1.82848e+00
       vertex -1.59000e-01 -1.92922e-01  1.82843e+00
       vertex -1.39137e-01 -2.07704e-01  1.78516e+00
     endloop
  endfacet
  facet normal -5.86646e-04  9.98708e-04 -5.52391e-05
     outer loop
       vertex -1.54224e-01  1.96761e-01  1.74067e+00
       vertex -1.37655e-01  2.08689e-01  1.78036e+00
       vertex -1.00000e-01  2.29129e-01  1.75000e+00
     endloop
  endfacet
  facet normal  1.02656e-03 -1.90896e-04 -3.00343e-05
     outer loop
       vertex  2.45638e-01 -4.64952e-02  1.87065e+00
       vertex  2.40086e-01 -6.97056e-02  1.82839e+00
       vertex  2.49098e-01 -2.12147e-02  1.82823e+00
     endloop
  endfacet
  facet normal -5.44833e-04  9.76285e-04  2.85418e-05
     outer loop
       vertex -1.37655e-01  2.08689e-01  1.78036e+00
       vertex -1.47616e-01  2.01766e-01  1.82701e+00
       vertex -1.00000e-01  2.29129e-01  1.80000e+00
     endloop
  endfacet
  facet normal  1.04111e-03  1.41467e-05 -2.99760e-05
     outer loop
       vertex  2.49986e-01  2.65405e-03  1.87032e+00
       vertex  2.49098e-01 -2.12147e-02  1.82823e+00
       vertex  2.48419e-01  2.80685e-02  1.82791e+00
     endloop
  endfacet
  facet normal -5.04243e-04 -9.42357e-04 -3.01410e-05
     outer loop
       vertex -1.39137e-01 -2.07704e-01  1.78516e+00
       vertex -9.56150e-02 -2.30993e-01  1.78519e+00
       vertex -1.17976e-01 -2.20413e-01  1.82848e+00
     endloop
  endfacet
  facet normal -4.08903e-04 -9.87573e-04  3.01588e-05
     outer loop
       vertex -7.23600e-02 -2.39299e-01  1.82850e+00
       vertex -1.17976e-01 -2.20413e-01  1.82848e+00
       vertex -9.56150e-02 -2.30993e-01  1.78519e+00
     endloop
  endfacet
  facet normal  1.03438e-03  2.21752e-04 -3.03591e-05
     outer loop
       vertex  2.44389e-01  5.26705e-02  1.87028e+00
       vertex  2.48419e-01  2.80685e-02  1.82791e+00
       vertex  2.38026e-01  7.64449e-02  1.82713e+00
     endloop
  endfacet
  facet normal -3.09239e-04 -1.02294e-03 -3.01342e-05
     outer loop
       vertex -9.56150e-02 -2.30993e-01  1.78519e+00
       vertex -4.83694e-02 -2.45276e-01  1.78521e+00
       vertex -7.23600e-02 -2.39299e-01  1.82850e+00
     endloop
  endfacet
  facet normal -2.06832e-04 -1.04851e-03  3.01452e-05
     outer loop
       vertex -2.39297e-02 -2.48852e-01  1.82852e+00
       vertex -7.23600e-02 -2.39299e-01  1.82850e+00
       vertex -4.83694e-02 -2.45276e-01  1.78521e+00
     endloop
  endfacet
  facet normal  1.01712e-03  3.27732e-04  3.05868e-05
     outer loop
       vertex  2.44389e-01  5.26705e-02  1.87028e+00
       vertex  2.38026e-01  7.64449e-02  1.82713e+00
       vertex  2.29179e-01  9.98854e-02  1.87016e+00
     endloop
  endfacet
  facet normal -1.02244e-04 -1.06368e-03 -3.01305e-05
     outer loop
       vertex -4.83694e-02 -2.45276e-01  1.78521e+00
       vertex  7.59517e-04 -2.49999e-01  1.78522e+00
       vertex -2.39297e-02 -2.48852e-01  1.82852e+00
     endloop
  endfacet
  facet normal  3.21666e-06 -1.06862e-03  3.01375e-05
     outer loop
       vertex  2.54293e-02 -2.48703e-01  1.82852e+00
       vertex -2.39297e-02 -2.48852e-01  1.82852e+00
       vertex  7.59517e-04 -2.49999e-01  1.78522e+00
     endloop
  endfacet
  facet normal  9.96180e-04  4.34340e-04  3.15087e-05
     outer loop
       vertex  2.29179e-01  9.98854e-02  1.87016e+00
       vertex  2.18030e-01  1.22323e-01  1.91334e+00
       vertex  2.38041e-01  7.63980e-02  1.91375e+00
     endloop
  endfacet
  facet normal  5.31507e-04  9.54457e-04  3.12136e-05
     outer loop
       vertex  1.47653e-01  2.01739e-01  1.82610e+00
       vertex  1.36328e-01  2.09558e-01  1.77984e+00
       vertex  1.00000e-01  2.29129e-01  1.80000e+00
     endloop
  endfacet
  facet normal  1.08706e-04 -1.06300e-03 -3.01279e-05
     outer loop
       vertex  7.59517e-04 -2.49999e-01  1.78522e+00
       vertex  4.98575e-02 -2.44978e-01  1.78522e+00
       vertex  2.54293e-02 -2.48703e-01  1.82852e+00
     endloop
  endfacet
  facet normal  2.13096e-04 -1.04711e-03  3.01330e-05
     outer loop
       vertex  7.37947e-02 -2.38861e-01  1.82853e+00
       vertex  2.54293e-02 -2.48703e-01  1.82852e+00
       vertex  4.98575e-02 -2.44978e-01  1.78522e+00
     endloop
  endfacet
  facet normal  3.15399e-04 -1.02089e-03 -3.01248e-05
     outer loop
       vertex  4.98575e-02 -2.44978e-01  1.78522e+00
       vertex  9.70108e-02 -2.30410e-01  1.78522e+00
       vertex  7.37947e-02 -2.38861e-01  1.82853e+00
     endloop
  endfacet
  facet normal  4.14646e-04 -9.84805e-04  3.01298e-05
     outer loop
       vertex  1.19282e-01 -2.19708e-01  1.82852e+00
       vertex  7.37947e-02 -2.38861e-01  1.82853e+00
       vertex  9.70108e-02 -2.30410e-01  1.78522e+00
     endloop
  endfacet
  facet normal  5.09768e-04 -9.38998e-04 -3.01194e-05
     outer loop
       vertex  9.70108e-02 -2.30410e-01  1.78522e+00
       vertex  1.40381e-01 -2.06865e-01  1.78522e+00
       vertex  1.19282e-01 -2.19708e-01  1.82852e+00
     endloop
  endfacet
  facet normal  6.00016e-04 -8.84124e-04  3.01268e-05
     outer loop
       vertex  1.60119e-01 -1.91994e-01  1.82852e+00
       vertex  1.19282e-01 -2.19708e-01  1.82852e+00
       vertex  1.40381e-01 -2.06865e-01  1.78522e+00
     endloop
  endfacet
  facet normal  6.84210e-04 -8.20502e-04 -3.01086e-05
     outer loop
       vertex  1.40381e-01 -2.06865e-01  1.78522e+00
       vertex  1.78277e-01 -1.75263e-01  1.78521e+00
       vertex  1.60119e-01 -1.91994e-01  1.82852e+00
     endloop
  endfacet
  facet normal  7.61973e-04 -7.48986e-04  3.01223e-05
     outer loop
       vertex  1.94715e-01 -1.56799e-01  1.82850e+00
       vertex  1.60119e-01 -1.91994e-01  1.82852e+00
       vertex  1.78277e-01 -1.75263e-01  1.78521e+00
     endloop
  endfacet
  facet normal  8.31863e-04 -6.70037e-04 -3.00868e-05
     outer loop
       vertex  1.78277e-01 -1.75263e-01  1.78521e+00
       vertex  2.09222e-01 -1.36844e-01  1.78518e+00
       vertex  1.94715e-01 -1.56799e-01  1.82850e+00
     endloop
  endfacet
  facet normal  8.94180e-04 -5.84657e-04  3.01143e-05
     outer loop
       vertex  2.21721e-01 -1.15498e-01  1.82846e+00
       vertex  1.94715e-01 -1.56799e-01  1.82850e+00
       vertex  2.09222e-01 -1.36844e-01  1.78518e+00
     endloop
  endfacet
  facet normal -7.67438e-04  1.26831e-03  6.01450e-05
     outer loop
       vertex -1.34072e-01  2.11009e-01  1.69736e+00
       vertex -1.54224e-01  1.96761e-01  1.74067e+00
       vertex -1.00000e-01  2.29129e-01  1.75000e+00
     endloop
  endfacet
  facet normal  9.46854e-04 -4.93523e-04 -3.00426e-05
     outer loop
       vertex  2.09222e-01 -1.36844e-01  1.78518e+00
       vertex  2.32011e-01 -9.31188e-02  1.78512e+00
       vertex  2.21721e-01 -1.15498e-01  1.82846e+00
     endloop
  endfacet
  facet normal  9.91433e-04 -3.97556e-04  3.00986e-05
     outer loop
       vertex  2.40086e-01 -6.97056e-02  1.82839e+00
       vertex  2.21721e-01 -1.15498e-01  1.82846e+00
       vertex  2.32011e-01 -9.31188e-02  1.78512e+00
     endloop
  endfacet
  facet normal  1.02449e-03 -2.97998e-04 -2.99528e-05
     outer loop
       vertex  2.32011e-01 -9.31188e-02  1.78512e+00
       vertex  2.45765e-01 -4.58195e-02  1.78501e+00
       vertex  2.40086e-01 -6.97056e-02  1.82839e+00
     endloop
  endfacet
  facet normal  5.82595e-04  9.93628e-04 -5.76033e-05
     outer loop
       vertex  1.36328e-01  2.09558e-01  1.77984e+00
       vertex  1.54285e-01  1.96713e-01  1.73988e+00
       vertex  1.00000e-01  2.29129e-01  1.75000e+00
     endloop
  endfacet
  facet normal  1.04985e-03 -1.95029e-04  3.00670e-05
     outer loop
       vertex  2.49098e-01 -2.12147e-02  1.82823e+00
       vertex  2.40086e-01 -6.97056e-02  1.82839e+00
       vertex  2.45765e-01 -4.58195e-02  1.78501e+00
     endloop
  endfacet
  facet normal  4.19601e-04  7.98646e-04 -0.00000e+00
     outer loop
       vertex  1.00000e-01  2.29129e-01  1.60000e+00
       vertex  1.00000e-01  2.29129e-01  1.65000e+00
       vertex  1.31946e-01  2.12345e-01  1.60547e+00
     endloop
  endfacet
  facet normal  4.56144e-04  8.56743e-04  0.00000e+00
     outer loop
       vertex  1.34270e-01  2.10883e-01  1.69679e+00
       vertex  1.00000e-01  2.29129e-01  1.70000e+00
       vertex  1.00000e-01  2.29129e-01  1.75000e+00
     endloop
  endfacet
  facet normal  4.19601e-04  7.98646e-04  0.00000e+00
     outer loop
       vertex  1.00000e-01  2.29129e-01  1.60000e+00
       vertex  1.31946e-01  2.12345e-01  1.60547e+00
       vertex  1.00000e-01  2.29129e-01  1.55000e+00
     endloop
  endfacet
  facet normal  1.06141e-03 -9.14809e-05 -2.97715e-05
     outer loop
       vertex  2.49980e-01  3.15976e-03  1.78477e+00
       vertex  2.49098e-01 -2.12147e-02  1.82823e+00
       vertex  2.45765e-01 -4.58195e-02  1.78501e+00
     endloop
  endfacet
  facet normal  4.56144e-04  8.56743e-04 -0.00000e+00
     outer loop
       vertex  1.00000e-01  2.29129e-01  1.65000e+00
       vertex  1.00000e-01  2.29129e-01  1.70000e+00
       vertex  1.34270e-01  2.10883e-01  1.69679e+00
     endloop
  endfacet
  facet normal  1.06700e-03  1.48948e-05  3.00027e-05
     outer loop
       vertex  2.48419e-01  2.80685e-02  1.82791e+00
       vertex  2.49098e-01 -2.12147e-02  1.82823e+00
       vertex  2.49980e-01  3.15976e-03  1.78477e+00
     endloop
  endfacet
  facet normal  1.05697e-03  1.17242e-04 -2.94571e-05
     outer loop
       vertex  2.49980e-01  3.15976e-03  1.78477e+00
       vertex  2.44564e-01  5.18501e-02  1.78423e+00
       vertex  2.48419e-01  2.80685e-02  1.82791e+00
     endloop
  endfacet
  facet normal  1.04738e-03  2.25515e-04  3.03375e-05
     outer loop
       vertex  2.38026e-01  7.64449e-02  1.82713e+00
       vertex  2.48419e-01  2.80685e-02  1.82791e+00
       vertex  2.44564e-01  5.18501e-02  1.78423e+00
     endloop
  endfacet
  facet normal -7.32204e-04  1.21702e-03 -6.11386e-05
     outer loop
       vertex -1.54455e-01  1.96580e-01  1.65425e+00
       vertex -1.34072e-01  2.11009e-01  1.69736e+00
       vertex -1.00000e-01  2.29129e-01  1.65000e+00
     endloop
  endfacet
  facet normal  9.82544e-04  4.27092e-04 -3.06523e-05
     outer loop
       vertex  2.29179e-01  9.98854e-02  1.87016e+00
       vertex  2.38026e-01  7.64449e-02  1.82713e+00
       vertex  2.18230e-01  1.21966e-01  1.82686e+00
     endloop
  endfacet
  facet normal  4.75763e-04  8.87359e-04  0.00000e+00
     outer loop
       vertex  1.00000e-01  2.29129e-01  1.55000e+00
       vertex  1.35494e-01  2.10098e-01  1.52413e+00
       vertex  1.00000e-01  2.29129e-01  1.50000e+00
     endloop
  endfacet
  facet normal  1.02829e-03  3.27995e-04 -3.13115e-05
     outer loop
       vertex  2.38026e-01  7.64449e-02  1.82713e+00
       vertex  2.44564e-01  5.18501e-02  1.78423e+00
       vertex  2.29356e-01  9.94768e-02  1.78370e+00
     endloop
  endfacet
  facet normal  9.85484e-04  4.28741e-04  3.06514e-05
     outer loop
       vertex  2.18230e-01  1.21966e-01  1.82686e+00
       vertex  2.38026e-01  7.64449e-02  1.82713e+00
       vertex  2.29356e-01  9.94768e-02  1.78370e+00
     endloop
  endfacet
  facet normal  9.35220e-04  5.23858e-04  3.06573e-05
     outer loop
       vertex  2.29179e-01  9.98854e-02  1.87016e+00
       vertex  2.18230e-01  1.21966e-01  1.82686e+00
       vertex  2.04925e-01  1.43199e-01  1.86993e+00
     endloop
  endfacet
  facet normal  9.37819e-04  5.24985e-04 -3.06574e-05
     outer loop
       vertex  2.29179e-01  9.98854e-02  1.87016e+00
       vertex  2.04925e-01  1.43199e-01  1.86993e+00
       vertex  2.18030e-01  1.22323e-01  1.91334e+00
     endloop
  endfacet
  facet normal  8.79445e-04  6.13308e-04 -3.06701e-05
     outer loop
       vertex  2.04925e-01  1.43199e-01  1.86993e+00
       vertex  2.18230e-01  1.21966e-01  1.82686e+00
       vertex  1.89824e-01  1.62686e-01  1.82662e+00
     endloop
  endfacet
  facet normal  9.39166e-04  5.23608e-04 -3.07192e-05
     outer loop
       vertex  2.29356e-01  9.94768e-02  1.78370e+00
       vertex  2.05160e-01  1.42861e-01  1.78344e+00
       vertex  2.18230e-01  1.21966e-01  1.82686e+00
     endloop
  endfacet
  facet normal  1.01652e-03 -2.95533e-04  2.99335e-05
     outer loop
       vertex  2.39877e-01 -7.04189e-02  1.74208e+00
       vertex  2.45765e-01 -4.58195e-02  1.78501e+00
       vertex  2.32011e-01 -9.31188e-02  1.78512e+00
     endloop
  endfacet
  facet normal  8.81516e-04  6.15113e-04  3.06700e-05
     outer loop
       vertex  1.89824e-01  1.62686e-01  1.82662e+00
       vertex  2.18230e-01  1.21966e-01  1.82686e+00
       vertex  2.05160e-01  1.42861e-01  1.78344e+00
     endloop
  endfacet
  facet normal  1.06043e-03 -9.11062e-05  2.97717e-05
     outer loop
       vertex  2.49980e-01  3.15976e-03  1.78477e+00
       vertex  2.45765e-01 -4.58195e-02  1.78501e+00
       vertex  2.49061e-01 -2.16443e-02  1.74159e+00
     endloop
  endfacet
  facet normal  9.32534e-04 -4.85982e-04  3.00066e-05
     outer loop
       vertex  2.21300e-01 -1.16303e-01  1.74250e+00
       vertex  2.32011e-01 -9.31188e-02  1.78512e+00
       vertex  2.09222e-01 -1.36844e-01  1.78518e+00
     endloop
  endfacet
  facet normal  8.15694e-04 -6.56973e-04  3.00433e-05
     outer loop
       vertex  1.94109e-01 -1.57550e-01  1.74273e+00
       vertex  2.09222e-01 -1.36844e-01  1.78518e+00
       vertex  1.78277e-01 -1.75263e-01  1.78521e+00
     endloop
  endfacet
  facet normal  6.69663e-04 -8.03035e-04  3.00638e-05
     outer loop
       vertex  1.59378e-01 -1.92610e-01  1.74283e+00
       vertex  1.78277e-01 -1.75263e-01  1.78521e+00
       vertex  1.40381e-01 -2.06865e-01  1.78522e+00
     endloop
  endfacet
  facet normal  4.98707e-04 -9.18612e-04  3.00759e-05
     outer loop
       vertex  1.18453e-01 -2.20157e-01  1.74286e+00
       vertex  1.40381e-01 -2.06865e-01  1.78522e+00
       vertex  9.70108e-02 -2.30410e-01  1.78522e+00
     endloop
  endfacet
  facet normal  3.08603e-04 -9.98899e-04  3.00834e-05
     outer loop
       vertex  7.29184e-02 -2.39129e-01  1.74286e+00
       vertex  9.70108e-02 -2.30410e-01  1.78522e+00
       vertex  4.98575e-02 -2.44978e-01  1.78522e+00
     endloop
  endfacet
  facet normal  1.06394e-04 -1.04044e-03  3.00883e-05
     outer loop
       vertex  2.45409e-02 -2.48793e-01  1.74284e+00
       vertex  4.98575e-02 -2.44978e-01  1.78522e+00
       vertex  7.59517e-04 -2.49999e-01  1.78522e+00
     endloop
  endfacet
  facet normal -1.00115e-04 -1.04141e-03  3.00923e-05
     outer loop
       vertex -2.47975e-02 -2.48767e-01  1.74282e+00
       vertex  7.59517e-04 -2.49999e-01  1.78522e+00
       vertex -4.83694e-02 -2.45276e-01  1.78521e+00
     endloop
  endfacet
  facet normal -3.02836e-04 -1.00168e-03  3.00971e-05
     outer loop
       vertex -7.31741e-02 -2.39051e-01  1.74280e+00
       vertex -4.83694e-02 -2.45276e-01  1.78521e+00
       vertex -9.56150e-02 -2.30993e-01  1.78519e+00
     endloop
  endfacet
  facet normal -4.93815e-04 -9.22782e-04  3.01052e-05
     outer loop
       vertex -1.18703e-01 -2.20022e-01  1.74277e+00
       vertex -9.56150e-02 -2.30993e-01  1.78519e+00
       vertex -1.39137e-01 -2.07704e-01  1.78516e+00
     endloop
  endfacet
  facet normal -6.65594e-04 -8.07838e-04  3.01211e-05
     outer loop
       vertex -1.59608e-01 -1.92420e-01  1.74272e+00
       vertex -1.39137e-01 -2.07704e-01  1.78516e+00
       vertex -1.77240e-01 -1.76312e-01  1.78510e+00
     endloop
  endfacet
  facet normal -8.11573e-04 -6.61387e-04  3.01537e-05
     outer loop
       vertex -1.94294e-01 -1.57321e-01  1.74265e+00
       vertex -1.77240e-01 -1.76312e-01  1.78510e+00
       vertex -2.08440e-01 -1.38031e-01  1.78500e+00
     endloop
  endfacet
  facet normal -9.26403e-04 -4.89175e-04  3.02210e-05
     outer loop
       vertex -2.21411e-01 -1.16092e-01  1.74253e+00
       vertex -2.08440e-01 -1.38031e-01  1.78500e+00
       vertex -2.31520e-01 -9.43316e-02  1.78486e+00
     endloop
  endfacet
  facet normal -1.00649e-03 -2.97776e-04  3.03588e-05
     outer loop
       vertex -2.39902e-01 -7.03358e-02  1.74235e+00
       vertex -2.31520e-01 -9.43316e-02  1.78486e+00
       vertex -2.45566e-01 -4.68760e-02  1.78467e+00
     endloop
  endfacet
  facet normal -1.05072e-03 -9.38315e-05  3.06372e-05
     outer loop
       vertex -2.49046e-01 -2.18220e-02  1.74206e+00
       vertex -2.45566e-01 -4.68760e-02  1.78467e+00
       vertex -2.49987e-01  2.56218e-03  1.78446e+00
     endloop
  endfacet
  facet normal -1.06309e-03  1.17823e-04  3.12945e-05
     outer loop
       vertex -2.48472e-01  2.75952e-02  1.74166e+00
       vertex -2.49987e-01  2.56218e-03  1.78446e+00
       vertex -2.44481e-01  5.22400e-02  1.78446e+00
     endloop
  endfacet
  facet normal  8.13427e-04  6.98457e-04  3.06619e-05
     outer loop
       vertex  2.04925e-01  1.43199e-01  1.86993e+00
       vertex  1.89824e-01  1.62686e-01  1.82662e+00
       vertex  1.72588e-01  1.80868e-01  1.86969e+00
     endloop
  endfacet
  facet normal  8.80432e-04  6.16486e-04  3.06622e-05
     outer loop
       vertex  2.18030e-01  1.22323e-01  1.91334e+00
       vertex  2.04925e-01  1.43199e-01  1.86993e+00
       vertex  1.89560e-01  1.62994e-01  1.91311e+00
     endloop
  endfacet
  facet normal -1.02717e-03  3.28862e-04 -3.06324e-05
     outer loop
       vertex -2.29345e-01  9.95036e-02  1.78432e+00
       vertex -2.44481e-01  5.22400e-02  1.78446e+00
       vertex -2.38136e-01  7.60999e-02  1.82786e+00
     endloop
  endfacet
  facet normal  4.32193e-04  8.18826e-04 -0.00000e+00
     outer loop
       vertex  1.00000e-01  2.29129e-01  1.45000e+00
       vertex  1.00000e-01  2.29129e-01  1.50000e+00
       vertex  1.32753e-01  2.11841e-01  1.44505e+00
     endloop
  endfacet
  facet normal  8.15637e-04  6.99974e-04 -3.06618e-05
     outer loop
       vertex  2.04925e-01  1.43199e-01  1.86993e+00
       vertex  1.72588e-01  1.80868e-01  1.86969e+00
       vertex  1.89560e-01  1.62994e-01  1.91311e+00
     endloop
  endfacet
  facet normal  4.32193e-04  8.18826e-04  0.00000e+00
     outer loop
       vertex  1.00000e-01  2.29129e-01  1.45000e+00
       vertex  1.32753e-01  2.11841e-01  1.44505e+00
       vertex  1.00000e-01  2.29129e-01  1.40000e+00
     endloop
  endfacet
  facet normal  1.04422e-03  1.16480e-04  2.94601e-05
     outer loop
       vertex  2.49980e-01  3.15976e-03  1.78477e+00
       vertex  2.48428e-01  2.79921e-02  1.74160e+00
       vertex  2.44564e-01  5.18501e-02  1.78423e+00
     endloop
  endfacet
  facet normal  8.45840e-04  9.12756e-04 -4.68219e-05
     outer loop
       vertex  1.72588e-01  1.80868e-01  1.86969e+00
       vertex  1.89824e-01  1.62686e-01  1.82662e+00
       vertex  1.47653e-01  2.01739e-01  1.82610e+00
     endloop
  endfacet
  facet normal  8.16926e-04  6.98776e-04 -3.06829e-05
     outer loop
       vertex  2.05160e-01  1.42861e-01  1.78344e+00
       vertex  1.72878e-01  1.80591e-01  1.78320e+00
       vertex  1.89824e-01  1.62686e-01  1.82662e+00
     endloop
  endfacet
  facet normal  8.43065e-04  9.11008e-04  4.66406e-05
     outer loop
       vertex  1.47653e-01  2.01739e-01  1.82610e+00
       vertex  1.89824e-01  1.62686e-01  1.82662e+00
       vertex  1.72878e-01  1.80591e-01  1.78320e+00
     endloop
  endfacet
  facet normal -9.59804e-04  5.36158e-04  3.06704e-05
     outer loop
       vertex -2.29235e-01  9.97555e-02  1.87139e+00
       vertex -2.05002e-01  1.43088e-01  1.87225e+00
       vertex -2.18252e-01  1.21926e-01  1.82753e+00
     endloop
  endfacet
  facet normal  1.05286e-03 -1.98557e-04 -3.06301e-05
     outer loop
       vertex  2.49061e-01 -2.16443e-02  1.74159e+00
       vertex  2.45765e-01 -4.58195e-02  1.78501e+00
       vertex  2.39877e-01 -7.04189e-02  1.74208e+00
     endloop
  endfacet
  facet normal  6.63275e-04  8.50388e-04  2.77389e-05
     outer loop
       vertex  1.72588e-01  1.80868e-01  1.86969e+00
       vertex  1.47653e-01  2.01739e-01  1.82610e+00
       vertex  1.33447e-01  2.11405e-01  1.86947e+00
     endloop
  endfacet
  facet normal  7.41224e-04  7.78252e-04  3.06535e-05
     outer loop
       vertex  1.89560e-01  1.62994e-01  1.91311e+00
       vertex  1.72588e-01  1.80868e-01  1.86969e+00
       vertex  1.53619e-01  1.97234e-01  1.91288e+00
     endloop
  endfacet
  facet normal -1.00139e-03  4.34279e-04 -3.12384e-05
     outer loop
       vertex -2.18252e-01  1.21926e-01  1.82753e+00
       vertex -2.38136e-01  7.60999e-02  1.82786e+00
       vertex -2.29235e-01  9.97555e-02  1.87139e+00
     endloop
  endfacet
  facet normal  6.61243e-04  8.47346e-04 -3.06623e-05
     outer loop
       vertex  1.72588e-01  1.80868e-01  1.86969e+00
       vertex  1.33447e-01  2.11405e-01  1.86947e+00
       vertex  1.53619e-01  1.97234e-01  1.91288e+00
     endloop
  endfacet
  facet normal  1.07152e-03  1.36791e-05 -3.06565e-05
     outer loop
       vertex  2.49980e-01  3.15976e-03  1.78477e+00
       vertex  2.49061e-01 -2.16443e-02  1.74159e+00
       vertex  2.48428e-01  2.79921e-02  1.74160e+00
     endloop
  endfacet
  facet normal  9.82691e-04 -3.98147e-04 -3.03724e-05
     outer loop
       vertex  2.39877e-01 -7.04189e-02  1.74208e+00
       vertex  2.32011e-01 -9.31188e-02  1.78512e+00
       vertex  2.21300e-01 -1.16303e-01  1.74250e+00
     endloop
  endfacet
  facet normal  8.77827e-04 -5.78866e-04 -3.01771e-05
     outer loop
       vertex  2.21300e-01 -1.16303e-01  1.74250e+00
       vertex  2.09222e-01 -1.36844e-01  1.78518e+00
       vertex  1.94109e-01 -1.57550e-01  1.74273e+00
     endloop
  endfacet
  facet normal -8.54042e-04  7.31543e-04  3.06086e-05
     outer loop
       vertex -2.05002e-01  1.43088e-01  1.87225e+00
       vertex -1.72708e-01  1.80754e-01  1.87310e+00
       vertex -1.89858e-01  1.62647e-01  1.82734e+00
     endloop
  endfacet
  facet normal  7.43720e-04 -7.36808e-04 -3.00778e-05
     outer loop
       vertex  1.94109e-01 -1.57550e-01  1.74273e+00
       vertex  1.78277e-01 -1.75263e-01  1.78521e+00
       vertex  1.59378e-01 -1.92610e-01  1.74283e+00
     endloop
  endfacet
  facet normal  1.05608e-03 -1.98539e-04  3.06306e-05
     outer loop
       vertex  2.49061e-01 -2.16443e-02  1.74159e+00
       vertex  2.39877e-01 -7.04189e-02  1.74208e+00
       vertex  2.45602e-01 -4.66884e-02  1.69854e+00
     endloop
  endfacet
  facet normal  5.83599e-04 -8.67072e-04 -3.00427e-05
     outer loop
       vertex  1.59378e-01 -1.92610e-01  1.74283e+00
       vertex  1.40381e-01 -2.06865e-01  1.78522e+00
       vertex  1.18453e-01 -2.20157e-01  1.74286e+00
     endloop
  endfacet
  facet normal  4.01905e-04 -9.64554e-04 -3.00399e-05
     outer loop
       vertex  1.18453e-01 -2.20157e-01  1.74286e+00
       vertex  9.70108e-02 -2.30410e-01  1.78522e+00
       vertex  7.29184e-02 -2.39129e-01  1.74286e+00
     endloop
  endfacet
  facet normal  1.07689e-03 -9.46552e-05 -3.14762e-05
     outer loop
       vertex  2.49061e-01 -2.16443e-02  1.74159e+00
       vertex  2.45602e-01 -4.66884e-02  1.69854e+00
       vertex  2.49980e-01  3.19941e-03  1.69829e+00
     endloop
  endfacet
  facet normal  1.07463e-03  1.37051e-05  3.06565e-05
     outer loop
       vertex  2.48428e-01  2.79921e-02  1.74160e+00
       vertex  2.49061e-01 -2.16443e-02  1.74159e+00
       vertex  2.49980e-01  3.19941e-03  1.69829e+00
     endloop
  endfacet
  facet normal  2.04751e-04 -1.02502e-03 -3.00491e-05
     outer loop
       vertex  7.29184e-02 -2.39129e-01  1.74286e+00
       vertex  4.98575e-02 -2.44978e-01  1.78522e+00
       vertex  2.45409e-02 -2.48793e-01  1.74284e+00
     endloop
  endfacet
  facet normal  1.02820e-03 -3.03773e-04 -3.03818e-05
     outer loop
       vertex  2.31590e-01 -9.41594e-02  1.69899e+00
       vertex  2.45602e-01 -4.66884e-02  1.69854e+00
       vertex  2.39877e-01 -7.04189e-02  1.74208e+00
     endloop
  endfacet
  facet normal -5.26911e-07 -1.04572e-03 -3.00603e-05
     outer loop
       vertex  2.45409e-02 -2.48793e-01  1.74284e+00
       vertex  7.59517e-04 -2.49999e-01  1.78522e+00
       vertex -2.47975e-02 -2.48767e-01  1.74282e+00
     endloop
  endfacet
  facet normal  9.93523e-04 -4.01984e-04  3.03943e-05
     outer loop
       vertex  2.39877e-01 -7.04189e-02  1.74208e+00
       vertex  2.21300e-01 -1.16303e-01  1.74250e+00
       vertex  2.31590e-01 -9.41594e-02  1.69899e+00
     endloop
  endfacet
  facet normal -2.05966e-04 -1.02561e-03 -3.00695e-05
     outer loop
       vertex -2.47975e-02 -2.48767e-01  1.74282e+00
       vertex -4.83694e-02 -2.45276e-01  1.78521e+00
       vertex -7.31741e-02 -2.39051e-01  1.74280e+00
     endloop
  endfacet
  facet normal -4.03484e-04 -9.65398e-04 -3.00757e-05
     outer loop
       vertex -7.31741e-02 -2.39051e-01  1.74280e+00
       vertex -9.56150e-02 -2.30993e-01  1.78519e+00
       vertex -1.18703e-01 -2.20022e-01  1.74277e+00
     endloop
  endfacet
  facet normal  9.45099e-04 -4.98167e-04 -3.00149e-05
     outer loop
       vertex  2.08613e-01 -1.37771e-01  1.69932e+00
       vertex  2.31590e-01 -9.41594e-02  1.69899e+00
       vertex  2.21300e-01 -1.16303e-01  1.74250e+00
     endloop
  endfacet
  facet normal  8.93075e-04 -5.88577e-04  3.02154e-05
     outer loop
       vertex  2.21300e-01 -1.16303e-01  1.74250e+00
       vertex  1.94109e-01 -1.57550e-01  1.74273e+00
       vertex  2.08613e-01 -1.37771e-01  1.69932e+00
     endloop
  endfacet
  facet normal -5.85292e-04 -8.67421e-04 -3.00791e-05
     outer loop
       vertex -1.18703e-01 -2.20022e-01  1.74277e+00
       vertex -1.39137e-01 -2.07704e-01  1.78516e+00
       vertex -1.59608e-01 -1.92420e-01  1.74272e+00
     endloop
  endfacet
  facet normal -7.44254e-04 -7.35564e-04 -3.00812e-05
     outer loop
       vertex -1.59608e-01 -1.92420e-01  1.74272e+00
       vertex -1.77240e-01 -1.76312e-01  1.78510e+00
       vertex -1.94294e-01 -1.57321e-01  1.74265e+00
     endloop
  endfacet
  facet normal  8.28279e-04 -6.73144e-04 -2.99567e-05
     outer loop
       vertex  1.77548e-01 -1.76002e-01  1.69948e+00
       vertex  2.08613e-01 -1.37771e-01  1.69932e+00
       vertex  1.94109e-01 -1.57550e-01  1.74273e+00
     endloop
  endfacet
  facet normal  7.59114e-04 -7.51885e-04  3.01218e-05
     outer loop
       vertex  1.94109e-01 -1.57550e-01  1.74273e+00
       vertex  1.59378e-01 -1.92610e-01  1.74283e+00
       vertex  1.77548e-01 -1.76002e-01  1.69948e+00
     endloop
  endfacet
  facet normal -8.74223e-04 -5.75069e-04 -3.00849e-05
     outer loop
       vertex -1.94294e-01 -1.57321e-01  1.74265e+00
       vertex -2.08440e-01 -1.38031e-01  1.78500e+00
       vertex -2.21411e-01 -1.16092e-01  1.74253e+00
     endloop
  endfacet
  facet normal -9.70430e-04 -3.92299e-04 -3.00976e-05
     outer loop
       vertex -2.21411e-01 -1.16092e-01  1.74253e+00
       vertex -2.31520e-01 -9.43316e-02  1.78486e+00
       vertex -2.39902e-01 -7.03358e-02  1.74235e+00
     endloop
  endfacet
  facet normal  6.80220e-04 -8.22466e-04 -2.99881e-05
     outer loop
       vertex  1.39576e-01 -2.07409e-01  1.69955e+00
       vertex  1.77548e-01 -1.76002e-01  1.69948e+00
       vertex  1.59378e-01 -1.92610e-01  1.74283e+00
     endloop
  endfacet
  facet normal  5.96387e-04 -8.86010e-04  3.00870e-05
     outer loop
       vertex  1.59378e-01 -1.92610e-01  1.74283e+00
       vertex  1.18453e-01 -2.20157e-01  1.74286e+00
       vertex  1.39576e-01 -2.07409e-01  1.69955e+00
     endloop
  endfacet
  facet normal -1.02998e-03 -1.94312e-04 -3.01370e-05
     outer loop
       vertex -2.39902e-01 -7.03358e-02  1.74235e+00
       vertex -2.45566e-01 -4.68760e-02  1.78467e+00
       vertex -2.49046e-01 -2.18220e-02  1.74206e+00
     endloop
  endfacet
  facet normal -1.05258e-03  1.19731e-05 -3.02443e-05
     outer loop
       vertex -2.49046e-01 -2.18220e-02  1.74206e+00
       vertex -2.49987e-01  2.56218e-03  1.78446e+00
       vertex -2.48472e-01  2.75952e-02  1.74166e+00
     endloop
  endfacet
  facet normal  5.05792e-04 -9.40166e-04 -3.00322e-05
     outer loop
       vertex  1.18453e-01 -2.20157e-01  1.74286e+00
       vertex  9.61585e-02 -2.30767e-01  1.69956e+00
       vertex  1.39576e-01 -2.07409e-01  1.69955e+00
     endloop
  endfacet
  facet normal  4.10761e-04 -9.85824e-04  3.00824e-05
     outer loop
       vertex  1.18453e-01 -2.20157e-01  1.74286e+00
       vertex  7.29184e-02 -2.39129e-01  1.74286e+00
       vertex  9.61585e-02 -2.30767e-01  1.69956e+00
     endloop
  endfacet
  facet normal -1.04282e-03  2.21926e-04 -3.05408e-05
     outer loop
       vertex -2.48472e-01  2.75952e-02  1.74166e+00
       vertex -2.44481e-01  5.22400e-02  1.78446e+00
       vertex -2.38141e-01  7.60854e-02  1.74125e+00
     endloop
  endfacet
  facet normal -7.58612e-04  1.27739e-03  6.29638e-05
     outer loop
       vertex -1.31865e-01  2.12395e-01  1.60557e+00
       vertex -1.54455e-01  1.96580e-01  1.65425e+00
       vertex -1.00000e-01  2.29129e-01  1.65000e+00
     endloop
  endfacet
  facet normal  1.00964e-03  3.22735e-04  3.13159e-05
     outer loop
       vertex  2.44564e-01  5.18501e-02  1.78423e+00
       vertex  2.38062e-01  7.63301e-02  1.74156e+00
       vertex  2.29356e-01  9.94768e-02  1.78370e+00
     endloop
  endfacet
  facet normal -1.01963e-03  3.26629e-04  3.06322e-05
     outer loop
       vertex -2.38141e-01  7.60854e-02  1.74125e+00
       vertex -2.44481e-01  5.22400e-02  1.78446e+00
       vertex -2.29345e-01  9.95036e-02  1.78432e+00
     endloop
  endfacet
  facet normal  3.11509e-04 -1.02142e-03 -3.00669e-05
     outer loop
       vertex  4.89829e-02 -2.45154e-01  1.69955e+00
       vertex  9.61585e-02 -2.30767e-01  1.69956e+00
       vertex  7.29184e-02 -2.39129e-01  1.74286e+00
     endloop
  endfacet
  facet normal  2.09196e-04 -1.04737e-03  3.00896e-05
     outer loop
       vertex  7.29184e-02 -2.39129e-01  1.74286e+00
       vertex  2.45409e-02 -2.48793e-01  1.74284e+00
       vertex  4.89829e-02 -2.45154e-01  1.69955e+00
     endloop
  endfacet
  facet normal  9.29598e-04  5.18636e-04  3.07208e-05
     outer loop
       vertex  2.29356e-01  9.94768e-02  1.78370e+00
       vertex  2.18404e-01  1.21655e-01  1.74071e+00
       vertex  2.05160e-01  1.42861e-01  1.78344e+00
     endloop
  endfacet
  facet normal  1.04920e-04 -1.06291e-03 -3.00885e-05
     outer loop
       vertex -1.11104e-04 -2.50000e-01  1.69953e+00
       vertex  4.89829e-02 -2.45154e-01  1.69955e+00
       vertex  2.45409e-02 -2.48793e-01  1.74284e+00
     endloop
  endfacet
  facet normal  4.26900e-04  8.10363e-04 -0.00000e+00
     outer loop
       vertex  1.00000e-01  2.29129e-01  1.35000e+00
       vertex  1.00000e-01  2.29129e-01  1.40000e+00
       vertex  1.32415e-01  2.12053e-01  1.35248e+00
     endloop
  endfacet
  facet normal -5.63108e-07 -1.06818e-03  3.00992e-05
     outer loop
       vertex  2.45409e-02 -2.48793e-01  1.74284e+00
       vertex -2.47975e-02 -2.48767e-01  1.74282e+00
       vertex -1.11104e-04 -2.50000e-01  1.69953e+00
     endloop
  endfacet
  facet normal  1.03075e-03  2.21006e-04 -3.02634e-05
     outer loop
       vertex  2.44564e-01  5.18501e-02  1.78423e+00
       vertex  2.48428e-01  2.79921e-02  1.74160e+00
       vertex  2.38062e-01  7.63301e-02  1.74156e+00
     endloop
  endfacet
  facet normal  4.89469e-04  9.08517e-04  0.00000e+00
     outer loop
       vertex  1.36341e-01  2.09550e-01  1.26814e+00
       vertex  1.00000e-01  2.29129e-01  1.25000e+00
       vertex  1.00000e-01  2.29129e-01  1.30000e+00
     endloop
  endfacet
  facet normal  4.26900e-04  8.10363e-04  0.00000e+00
     outer loop
       vertex  1.00000e-01  2.29129e-01  1.35000e+00
       vertex  1.32415e-01  2.12053e-01  1.35248e+00
       vertex  1.00000e-01  2.29129e-01  1.30000e+00
     endloop
  endfacet
  facet normal -1.05864e-04 -1.06293e-03 -3.00987e-05
     outer loop
       vertex -4.92062e-02 -2.45110e-01  1.69951e+00
       vertex -1.11104e-04 -2.50000e-01  1.69953e+00
       vertex -2.47975e-02 -2.48767e-01  1.74282e+00
     endloop
  endfacet
  facet normal -2.10361e-04 -1.04735e-03  3.01071e-05
     outer loop
       vertex -2.47975e-02 -2.48767e-01  1.74282e+00
       vertex -7.31741e-02 -2.39051e-01  1.74280e+00
       vertex -4.92062e-02 -2.45110e-01  1.69951e+00
     endloop
  endfacet
  facet normal  8.13280e-04  6.96040e-04  3.06824e-05
     outer loop
       vertex  2.05160e-01  1.42861e-01  1.78344e+00
       vertex  1.90109e-01  1.62354e-01  1.74021e+00
       vertex  1.72878e-01  1.80591e-01  1.78320e+00
     endloop
  endfacet
  facet normal -3.12556e-04 -1.02147e-03 -3.00990e-05
     outer loop
       vertex -9.63850e-02 -2.30673e-01  1.69948e+00
       vertex -4.92062e-02 -2.45110e-01  1.69951e+00
       vertex -7.31741e-02 -2.39051e-01  1.74280e+00
     endloop
  endfacet
  facet normal -4.12003e-04 -9.85688e-04  3.01122e-05
     outer loop
       vertex -7.31741e-02 -2.39051e-01  1.74280e+00
       vertex -1.18703e-01 -2.20022e-01  1.74277e+00
       vertex -9.63850e-02 -2.30673e-01  1.69948e+00
     endloop
  endfacet
  facet normal -9.93671e-04  4.31376e-04  3.12419e-05
     outer loop
       vertex -2.18252e-01  1.21926e-01  1.82753e+00
       vertex -2.29345e-01  9.95036e-02  1.78432e+00
       vertex -2.38136e-01  7.60999e-02  1.82786e+00
     endloop
  endfacet
  facet normal  6.56848e-04  8.26340e-04 -2.11267e-05
     outer loop
       vertex  1.72878e-01  1.80591e-01  1.78320e+00
       vertex  1.36328e-01  2.09558e-01  1.77984e+00
       vertex  1.47653e-01  2.01739e-01  1.82610e+00
     endloop
  endfacet
  facet normal  1.06511e-03  1.19720e-04 -3.03792e-05
     outer loop
       vertex  2.49980e-01  3.19941e-03  1.69829e+00
       vertex  2.44451e-01  5.23804e-02  1.69828e+00
       vertex  2.48428e-01  2.79921e-02  1.74160e+00
     endloop
  endfacet
  facet normal -5.07032e-04 -9.40148e-04 -3.00900e-05
     outer loop
       vertex -1.39806e-01 -2.07254e-01  1.69944e+00
       vertex -9.63850e-02 -2.30673e-01  1.69948e+00
       vertex -1.18703e-01 -2.20022e-01  1.74277e+00
     endloop
  endfacet
  facet normal -5.97608e-04 -8.85577e-04  3.01143e-05
     outer loop
       vertex -1.18703e-01 -2.20022e-01  1.74277e+00
       vertex -1.59608e-01 -1.92420e-01  1.74272e+00
       vertex -1.39806e-01 -2.07254e-01  1.69944e+00
     endloop
  endfacet
  facet normal -6.81655e-04 -8.22185e-04 -3.00707e-05
     outer loop
       vertex -1.77775e-01 -1.75773e-01  1.69939e+00
       vertex -1.39806e-01 -2.07254e-01  1.69944e+00
       vertex -1.59608e-01 -1.92420e-01  1.74272e+00
     endloop
  endfacet
  facet normal -7.59928e-04 -7.50931e-04  3.01144e-05
     outer loop
       vertex -1.59608e-01 -1.92420e-01  1.74272e+00
       vertex -1.94294e-01 -1.57321e-01  1.74265e+00
       vertex -1.77775e-01 -1.75773e-01  1.69939e+00
     endloop
  endfacet
  facet normal -9.12417e-04  6.36085e-04 -3.06614e-05
     outer loop
       vertex -1.89858e-01  1.62647e-01  1.82734e+00
       vertex -2.18252e-01  1.21926e-01  1.82753e+00
       vertex -2.05002e-01  1.43088e-01  1.87225e+00
     endloop
  endfacet
  facet normal -8.29587e-04 -6.72249e-04 -3.00404e-05
     outer loop
       vertex -2.08815e-01 -1.37463e-01  1.69929e+00
       vertex -1.77775e-01 -1.75773e-01  1.69939e+00
       vertex -1.94294e-01 -1.57321e-01  1.74265e+00
     endloop
  endfacet
  facet normal -8.92648e-04 -5.87016e-04  3.01146e-05
     outer loop
       vertex -1.94294e-01 -1.57321e-01  1.74265e+00
       vertex -2.21411e-01 -1.16092e-01  1.74253e+00
       vertex -2.08815e-01 -1.37463e-01  1.69929e+00
     endloop
  endfacet
  facet normal -7.44660e-04  1.23429e-03 -5.53221e-05
     outer loop
       vertex -1.52558e-01  1.98056e-01  1.56419e+00
       vertex -1.31865e-01  2.12395e-01  1.60557e+00
       vertex -1.00000e-01  2.29129e-01  1.55000e+00
     endloop
  endfacet
  facet normal  9.64796e-04  4.17902e-04 -3.02207e-05
     outer loop
       vertex  2.29356e-01  9.94768e-02  1.78370e+00
       vertex  2.38062e-01  7.63301e-02  1.74156e+00
       vertex  2.18404e-01  1.21655e-01  1.74071e+00
     endloop
  endfacet
  facet normal -9.45106e-04 -4.96297e-04 -3.00026e-05
     outer loop
       vertex -2.31726e-01 -9.38257e-02  1.69914e+00
       vertex -2.08815e-01 -1.37463e-01  1.69929e+00
       vertex -2.21411e-01 -1.16092e-01  1.74253e+00
     endloop
  endfacet
  facet normal -9.90668e-04 -4.00229e-04  3.01213e-05
     outer loop
       vertex -2.21411e-01 -1.16092e-01  1.74253e+00
       vertex -2.39902e-01 -7.03358e-02  1.74235e+00
       vertex -2.31726e-01 -9.38257e-02  1.69914e+00
     endloop
  endfacet
  facet normal -8.98045e-04  9.69341e-04 -4.69924e-05
     outer loop
       vertex -1.47616e-01  2.01766e-01  1.82701e+00
       vertex -1.89858e-01  1.62647e-01  1.82734e+00
       vertex -1.72708e-01  1.80754e-01  1.87310e+00
     endloop
  endfacet
  facet normal  8.74833e-04  6.07829e-04 -3.05203e-05
     outer loop
       vertex  2.05160e-01  1.42861e-01  1.78344e+00
       vertex  2.18404e-01  1.21655e-01  1.74071e+00
       vertex  1.90109e-01  1.62354e-01  1.74021e+00
     endloop
  endfacet
  facet normal -1.02397e-03 -3.01282e-04 -2.99768e-05
     outer loop
       vertex -2.45627e-01 -4.65548e-02  1.69890e+00
       vertex -2.31726e-01 -9.38257e-02  1.69914e+00
       vertex -2.39902e-01 -7.03358e-02  1.74235e+00
     endloop
  endfacet
  facet normal -1.05037e-03 -1.97797e-04  3.01505e-05
     outer loop
       vertex -2.39902e-01 -7.03358e-02  1.74235e+00
       vertex -2.49046e-01 -2.18220e-02  1.74206e+00
       vertex -2.45627e-01 -4.65548e-02  1.69890e+00
     endloop
  endfacet
  facet normal  1.04651e-03  2.24439e-04  3.02800e-05
     outer loop
       vertex  2.38062e-01  7.63301e-02  1.74156e+00
       vertex  2.48428e-01  2.79921e-02  1.74160e+00
       vertex  2.44451e-01  5.23804e-02  1.69828e+00
     endloop
  endfacet
  facet normal  4.89933e-04  9.09230e-04  0.00000e+00
     outer loop
       vertex  1.00000e-01  2.29129e-01  1.20000e+00
       vertex  1.36369e-01  2.09531e-01  1.18394e+00
       vertex  1.00000e-01  2.29129e-01  1.15000e+00
     endloop
  endfacet
  facet normal  2.66663e-04  5.38734e-04  0.00000e+00
     outer loop
       vertex  1.00000e-01  2.29129e-01  1.25000e+00
       vertex  1.21549e-01  2.18462e-01  1.22667e+00
       vertex  1.00000e-01  2.29129e-01  1.20000e+00
     endloop
  endfacet
  facet normal -1.06386e-03 -9.46579e-05 -3.00285e-05
     outer loop
       vertex -2.49987e-01  2.55404e-03  1.69856e+00
       vertex -2.45627e-01 -4.65548e-02  1.69890e+00
       vertex -2.49046e-01 -2.18220e-02  1.74206e+00
     endloop
  endfacet
  facet normal -1.06991e-03  1.26564e-05  3.02441e-05
     outer loop
       vertex -2.49046e-01 -2.18220e-02  1.74206e+00
       vertex -2.48472e-01  2.75952e-02  1.74166e+00
       vertex -2.49987e-01  2.55404e-03  1.69856e+00
     endloop
  endfacet
  facet normal  7.41635e-04  7.72941e-04 -3.06482e-05
     outer loop
       vertex  1.72878e-01  1.80591e-01  1.78320e+00
       vertex  1.90109e-01  1.62354e-01  1.74021e+00
       vertex  1.54285e-01  1.96713e-01  1.73988e+00
     endloop
  endfacet
  facet normal  6.00304e-04  7.60396e-04  2.53388e-05
     outer loop
       vertex  1.72878e-01  1.80591e-01  1.78320e+00
       vertex  1.54285e-01  1.96713e-01  1.73988e+00
       vertex  1.36328e-01  2.09558e-01  1.77984e+00
     endloop
  endfacet
  facet normal -1.06504e-03  1.16666e-04 -3.03542e-05
     outer loop
       vertex -2.44588e-01  5.17384e-02  1.69816e+00
       vertex -2.49987e-01  2.55404e-03  1.69856e+00
       vertex -2.48472e-01  2.75952e-02  1.74166e+00
     endloop
  endfacet
  facet normal -1.04980e-03  2.23939e-04  3.05352e-05
     outer loop
       vertex -2.48472e-01  2.75952e-02  1.74166e+00
       vertex -2.38141e-01  7.60854e-02  1.74125e+00
       vertex -2.44588e-01  5.17384e-02  1.69816e+00
     endloop
  endfacet
  facet normal  5.05709e-04 -9.39983e-04  3.00322e-05
     outer loop
       vertex  1.39576e-01 -2.07409e-01  1.69955e+00
       vertex  9.61585e-02 -2.30767e-01  1.69956e+00
       vertex  1.18435e-01 -2.20166e-01  1.65625e+00
     endloop
  endfacet
  facet normal -9.83625e-04  4.25857e-04 -3.06634e-05
     outer loop
       vertex -2.38141e-01  7.60854e-02  1.74125e+00
       vertex -2.29345e-01  9.95036e-02  1.78432e+00
       vertex -2.18411e-01  1.21641e-01  1.74104e+00
     endloop
  endfacet
  facet normal -1.02612e-03  3.26477e-04 -3.09447e-05
     outer loop
       vertex -2.29481e-01  9.91888e-02  1.69784e+00
       vertex -2.44588e-01  5.17384e-02  1.69816e+00
       vertex -2.38141e-01  7.60854e-02  1.74125e+00
     endloop
  endfacet
  facet normal  3.09899e-04 -1.01619e-03  3.00609e-05
     outer loop
       vertex  7.25945e-02 -2.39228e-01  1.65647e+00
       vertex  9.61585e-02 -2.30767e-01  1.69956e+00
       vertex  4.89829e-02 -2.45154e-01  1.69955e+00
     endloop
  endfacet
  facet normal -9.86247e-04  4.27270e-04  3.06631e-05
     outer loop
       vertex -2.38141e-01  7.60854e-02  1.74125e+00
       vertex -2.18411e-01  1.21641e-01  1.74104e+00
       vertex -2.29481e-01  9.91888e-02  1.69784e+00
     endloop
  endfacet
  facet normal  1.03763e-04 -1.05141e-03  3.00722e-05
     outer loop
       vertex  2.39832e-02 -2.48847e-01  1.65671e+00
       vertex  4.89829e-02 -2.45154e-01  1.69955e+00
       vertex -1.11104e-04 -2.50000e-01  1.69953e+00
     endloop
  endfacet
  facet normal -1.04303e-04 -1.04699e-03  3.00736e-05
     outer loop
       vertex -2.54881e-02 -2.48697e-01  1.65687e+00
       vertex -1.11104e-04 -2.50000e-01  1.69953e+00
       vertex -4.92062e-02 -2.45110e-01  1.69951e+00
     endloop
  endfacet
  facet normal  1.00965e-03  3.21674e-04 -2.89704e-05
     outer loop
       vertex  2.44451e-01  5.23804e-02  1.69828e+00
       vertex  2.29650e-01  9.87967e-02  1.69784e+00
       vertex  2.38062e-01  7.63301e-02  1.74156e+00
     endloop
  endfacet
  facet normal  9.81221e-04  4.26151e-04  3.01934e-05
     outer loop
       vertex  2.18404e-01  1.21655e-01  1.74071e+00
       vertex  2.38062e-01  7.63301e-02  1.74156e+00
       vertex  2.29650e-01  9.87967e-02  1.69784e+00
     endloop
  endfacet
  facet normal -9.36219e-04  5.22345e-04  3.06621e-05
     outer loop
       vertex -2.18411e-01  1.21641e-01  1.74104e+00
       vertex -2.29345e-01  9.95036e-02  1.78432e+00
       vertex -2.05161e-01  1.42859e-01  1.78414e+00
     endloop
  endfacet
  facet normal -3.07065e-04 -1.00341e-03  3.00683e-05
     outer loop
       vertex -7.39079e-02 -2.38826e-01  1.65696e+00
       vertex -4.92062e-02 -2.45110e-01  1.69951e+00
       vertex -9.63850e-02 -2.30673e-01  1.69948e+00
     endloop
  endfacet
  facet normal  9.41216e-04  5.21075e-04 -3.09121e-05
     outer loop
       vertex  2.29650e-01  9.87967e-02  1.69784e+00
       vertex  2.05519e-01  1.42344e-01  1.69716e+00
       vertex  2.18404e-01  1.21655e-01  1.74071e+00
     endloop
  endfacet
  facet normal  8.80996e-04  6.12869e-04  3.05123e-05
     outer loop
       vertex  1.90109e-01  1.62354e-01  1.74021e+00
       vertex  2.18404e-01  1.21655e-01  1.74071e+00
       vertex  2.05519e-01  1.42344e-01  1.69716e+00
     endloop
  endfacet
  facet normal -9.39661e-04  5.22348e-04 -3.06953e-05
     outer loop
       vertex -2.05347e-01  1.42592e-01  1.69765e+00
       vertex -2.29481e-01  9.91888e-02  1.69784e+00
       vertex -2.18411e-01  1.21641e-01  1.74104e+00
     endloop
  endfacet
  facet normal -4.97249e-04 -9.21914e-04  3.00556e-05
     outer loop
       vertex -1.19409e-01 -2.19639e-01  1.65700e+00
       vertex -9.63850e-02 -2.30673e-01  1.69948e+00
       vertex -1.39806e-01 -2.07254e-01  1.69944e+00
     endloop
  endfacet
  facet normal  8.19521e-04  6.97575e-04 -3.08714e-05
     outer loop
       vertex  2.05519e-01  1.42344e-01  1.69716e+00
       vertex  1.73257e-01  1.80227e-01  1.69675e+00
       vertex  1.90109e-01  1.62354e-01  1.74021e+00
     endloop
  endfacet
  facet normal  7.43755e-04  7.75732e-04  3.06471e-05
     outer loop
       vertex  1.54285e-01  1.96713e-01  1.73988e+00
       vertex  1.90109e-01  1.62354e-01  1.74021e+00
       vertex  1.73257e-01  1.80227e-01  1.69675e+00
     endloop
  endfacet
  facet normal -9.38713e-04  5.23473e-04 -3.06621e-05
     outer loop
       vertex -2.05161e-01  1.42859e-01  1.78414e+00
       vertex -2.29345e-01  9.95036e-02  1.78432e+00
       vertex -2.18252e-01  1.21926e-01  1.82753e+00
     endloop
  endfacet
  facet normal -8.80358e-04  6.12039e-04 -3.06710e-05
     outer loop
       vertex -2.18411e-01  1.21641e-01  1.74104e+00
       vertex -2.05161e-01  1.42859e-01  1.78414e+00
       vertex -1.90066e-01  1.62404e-01  1.74085e+00
     endloop
  endfacet
  facet normal -6.67629e-04 -8.05158e-04  3.00338e-05
     outer loop
       vertex -1.60235e-01 -1.91898e-01  1.65700e+00
       vertex -1.39806e-01 -2.07254e-01  1.69944e+00
       vertex -1.77775e-01 -1.75773e-01  1.69939e+00
     endloop
  endfacet
  facet normal -8.82445e-04  6.13774e-04  3.06709e-05
     outer loop
       vertex -2.18411e-01  1.21641e-01  1.74104e+00
       vertex -1.90066e-01  1.62404e-01  1.74085e+00
       vertex -2.05347e-01  1.42592e-01  1.69765e+00
     endloop
  endfacet
  facet normal  4.11584e-04 -9.90143e-04 -3.06654e-05
     outer loop
       vertex  1.18435e-01 -2.20166e-01  1.65625e+00
       vertex  9.61585e-02 -2.30767e-01  1.69956e+00
       vertex  7.25945e-02 -2.39228e-01  1.65647e+00
     endloop
  endfacet
  facet normal  7.70132e-04  1.27092e-03  6.01997e-05
     outer loop
       vertex  1.54285e-01  1.96713e-01  1.73988e+00
       vertex  1.34270e-01  2.10883e-01  1.69679e+00
       vertex  1.00000e-01  2.29129e-01  1.75000e+00
     endloop
  endfacet
  facet normal -8.11457e-04 -6.57412e-04  3.00014e-05
     outer loop
       vertex -1.94803e-01 -1.56690e-01  1.65698e+00
       vertex -1.77775e-01 -1.75773e-01  1.69939e+00
       vertex -2.08815e-01 -1.37463e-01  1.69929e+00
     endloop
  endfacet
  facet normal  2.06478e-04 -1.04422e-03 -3.04852e-05
     outer loop
       vertex  7.25945e-02 -2.39228e-01  1.65647e+00
       vertex  4.89829e-02 -2.45154e-01  1.69955e+00
       vertex  2.39832e-02 -2.48847e-01  1.65671e+00
     endloop
  endfacet
  facet normal -8.14613e-04  6.97097e-04  3.06641e-05
     outer loop
       vertex -1.90066e-01  1.62404e-01  1.74085e+00
       vertex -2.05161e-01  1.42859e-01  1.78414e+00
       vertex -1.72887e-01  1.80582e-01  1.78395e+00
     endloop
  endfacet
  facet normal -9.22957e-04 -4.84458e-04  2.99618e-05
     outer loop
       vertex -2.21774e-01 -1.15396e-01  1.65691e+00
       vertex -2.08815e-01 -1.37463e-01  1.69929e+00
       vertex -2.31726e-01 -9.38257e-02  1.69914e+00
     endloop
  endfacet
  facet normal -8.81562e-04  6.14849e-04  3.06607e-05
     outer loop
       vertex -2.05161e-01  1.42859e-01  1.78414e+00
       vertex -2.18252e-01  1.21926e-01  1.82753e+00
       vertex -1.89858e-01  1.62647e-01  1.82734e+00
     endloop
  endfacet
  facet normal -3.29667e-06 -1.05733e-03 -3.03235e-05
     outer loop
       vertex  2.39832e-02 -2.48847e-01  1.65671e+00
       vertex -1.11104e-04 -2.50000e-01  1.69953e+00
       vertex -2.54881e-02 -2.48697e-01  1.65687e+00
     endloop
  endfacet
  facet normal -8.16785e-04  6.98654e-04 -3.06641e-05
     outer loop
       vertex -1.72887e-01  1.80582e-01  1.78395e+00
       vertex -2.05161e-01  1.42859e-01  1.78414e+00
       vertex -1.89858e-01  1.62647e-01  1.82734e+00
     endloop
  endfacet
  facet normal -7.42061e-04  7.73958e-04 -3.06714e-05
     outer loop
       vertex -1.90066e-01  1.62404e-01  1.74085e+00
       vertex -1.72887e-01  1.80582e-01  1.78395e+00
       vertex -1.54224e-01  1.96761e-01  1.74067e+00
     endloop
  endfacet
  facet normal -9.97913e-04 -2.93317e-04  2.99355e-05
     outer loop
       vertex -2.40107e-01 -6.96323e-02  1.65680e+00
       vertex -2.31726e-01 -9.38257e-02  1.69914e+00
       vertex -2.45627e-01 -4.65548e-02  1.69890e+00
     endloop
  endfacet
  facet normal -8.17795e-04  6.97703e-04 -3.06798e-05
     outer loop
       vertex -1.73116e-01  1.80363e-01  1.69746e+00
       vertex -2.05347e-01  1.42592e-01  1.69765e+00
       vertex -1.90066e-01  1.62404e-01  1.74085e+00
     endloop
  endfacet
  facet normal -2.10309e-04 -1.03126e-03 -3.02136e-05
     outer loop
       vertex -2.54881e-02 -2.48697e-01  1.65687e+00
       vertex -4.92062e-02 -2.45110e-01  1.69951e+00
       vertex -7.39079e-02 -2.38826e-01  1.65696e+00
     endloop
  endfacet
  facet normal -7.43758e-04  7.76055e-04  3.06714e-05
     outer loop
       vertex -1.90066e-01  1.62404e-01  1.74085e+00
       vertex -1.54224e-01  1.96761e-01  1.74067e+00
       vertex -1.73116e-01  1.80363e-01  1.69746e+00
     endloop
  endfacet
  facet normal -5.79192e-04  7.28938e-04  2.27277e-05
     outer loop
       vertex -1.54224e-01  1.96761e-01  1.74067e+00
       vertex -1.72887e-01  1.80582e-01  1.78395e+00
       vertex -1.37655e-01  2.08689e-01  1.78036e+00
     endloop
  endfacet
  facet normal -1.03461e-03 -9.16447e-05  2.99907e-05
     outer loop
       vertex -2.49100e-01 -2.11902e-02  1.65659e+00
       vertex -2.45627e-01 -4.65548e-02  1.69890e+00
       vertex -2.49987e-01  2.55404e-03  1.69856e+00
     endloop
  endfacet
  facet normal -8.45780e-04  9.13694e-04  4.68773e-05
     outer loop
       vertex -1.72887e-01  1.80582e-01  1.78395e+00
       vertex -1.89858e-01  1.62647e-01  1.82734e+00
       vertex -1.47616e-01  2.01766e-01  1.82701e+00
     endloop
  endfacet
  facet normal -4.07776e-04 -9.67003e-04 -3.01454e-05
     outer loop
       vertex -7.39079e-02 -2.38826e-01  1.65696e+00
       vertex -9.63850e-02 -2.30673e-01  1.69948e+00
       vertex -1.19409e-01 -2.19639e-01  1.65700e+00
     endloop
  endfacet
  facet normal -6.43261e-04  8.04037e-04 -1.80286e-05
     outer loop
       vertex -1.37655e-01  2.08689e-01  1.78036e+00
       vertex -1.72887e-01  1.80582e-01  1.78395e+00
       vertex -1.47616e-01  2.01766e-01  1.82701e+00
     endloop
  endfacet
  facet normal -1.03550e-03  1.13924e-04  3.03294e-05
     outer loop
       vertex -2.48421e-01  2.80509e-02  1.65624e+00
       vertex -2.49987e-01  2.55404e-03  1.69856e+00
       vertex -2.44588e-01  5.17384e-02  1.69816e+00
     endloop
  endfacet
  facet normal -5.88738e-04 -8.66408e-04 -3.01013e-05
     outer loop
       vertex -1.19409e-01 -2.19639e-01  1.65700e+00
       vertex -1.39806e-01 -2.07254e-01  1.69944e+00
       vertex -1.60235e-01 -1.91898e-01  1.65700e+00
     endloop
  endfacet
  facet normal -1.00377e-03  3.19771e-04  3.09401e-05
     outer loop
       vertex -2.38098e-01  7.62197e-02  1.65569e+00
       vertex -2.44588e-01  5.17384e-02  1.69816e+00
       vertex -2.29481e-01  9.91888e-02  1.69784e+00
     endloop
  endfacet
  facet normal -7.46339e-04 -7.32802e-04 -3.00664e-05
     outer loop
       vertex -1.60235e-01 -1.91898e-01  1.65700e+00
       vertex -1.77775e-01 -1.75773e-01  1.69939e+00
       vertex -1.94803e-01 -1.56690e-01  1.65698e+00
     endloop
  endfacet
  facet normal  4.12822e-04 -9.92413e-04  3.06652e-05
     outer loop
       vertex  1.18435e-01 -2.20166e-01  1.65625e+00
       vertex  7.25945e-02 -2.39228e-01  1.65647e+00
       vertex  9.58115e-02 -2.30912e-01  1.61306e+00
     endloop
  endfacet
  facet normal  4.34702e-04  8.22826e-04 -0.00000e+00
     outer loop
       vertex  1.00000e-01  2.29129e-01  1.10000e+00
       vertex  1.00000e-01  2.29129e-01  1.15000e+00
       vertex  1.32913e-01  2.11741e-01  1.09872e+00
     endloop
  endfacet
  facet normal  4.34702e-04  8.22826e-04  0.00000e+00
     outer loop
       vertex  1.00000e-01  2.29129e-01  1.10000e+00
       vertex  1.32913e-01  2.11741e-01  1.09872e+00
       vertex  1.00000e-01  2.29129e-01  1.05000e+00
     endloop
  endfacet
  facet normal  3.11021e-04 -1.02802e-03 -3.06037e-05
     outer loop
       vertex  4.83263e-02 -2.45285e-01  1.61329e+00
       vertex  9.58115e-02 -2.30912e-01  1.61306e+00
       vertex  7.25945e-02 -2.39228e-01  1.65647e+00
     endloop
  endfacet
  facet normal  2.08393e-04 -1.05242e-03  3.04938e-05
     outer loop
       vertex  7.25945e-02 -2.39228e-01  1.65647e+00
       vertex  2.39832e-02 -2.48847e-01  1.65671e+00
       vertex  4.83263e-02 -2.45285e-01  1.61329e+00
     endloop
  endfacet
  facet normal -8.74309e-04 -5.71096e-04 -3.00297e-05
     outer loop
       vertex -1.94803e-01 -1.56690e-01  1.65698e+00
       vertex -2.08815e-01 -1.37463e-01  1.69929e+00
       vertex -2.21774e-01 -1.15396e-01  1.65691e+00
     endloop
  endfacet
  facet normal  8.18702e-04 -6.65101e-04  2.99484e-05
     outer loop
       vertex  1.77548e-01 -1.76002e-01  1.69948e+00
       vertex  1.94296e-01 -1.57319e-01  1.65657e+00
       vertex  2.08613e-01 -1.37771e-01  1.69932e+00
     endloop
  endfacet
  facet normal  1.00487e-03 -2.96307e-04  3.03705e-05
     outer loop
       vertex  2.31590e-01 -9.41594e-02  1.69899e+00
       vertex  2.39944e-01 -7.01923e-02  1.65643e+00
       vertex  2.45602e-01 -4.66884e-02  1.69854e+00
     endloop
  endfacet
  facet normal  6.73127e-04 -8.13768e-04  2.99867e-05
     outer loop
       vertex  1.39576e-01 -2.07409e-01  1.69955e+00
       vertex  1.59474e-01 -1.92531e-01  1.65665e+00
       vertex  1.77548e-01 -1.76002e-01  1.69948e+00
     endloop
  endfacet
  facet normal  9.28133e-04 -4.88784e-04  2.99991e-05
     outer loop
       vertex  2.08613e-01 -1.37771e-01  1.69932e+00
       vertex  2.21469e-01 -1.15980e-01  1.65659e+00
       vertex  2.31590e-01 -9.41594e-02  1.69899e+00
     endloop
  endfacet
  facet normal  1.05988e-03 -9.28538e-05  3.14774e-05
     outer loop
       vertex  2.45602e-01 -4.66884e-02  1.69854e+00
       vertex  2.49055e-01 -2.17129e-02  1.65592e+00
       vertex  2.49980e-01  3.19941e-03  1.69829e+00
     endloop
  endfacet
  facet normal  1.01975e-04 -1.06617e-03 -3.03016e-05
     outer loop
       vertex -8.97683e-04 -2.49998e-01  1.61349e+00
       vertex  4.83263e-02 -2.45285e-01  1.61329e+00
       vertex  2.39832e-02 -2.48847e-01  1.65671e+00
     endloop
  endfacet
  facet normal -3.14089e-06 -1.07106e-03  3.03431e-05
     outer loop
       vertex  2.39832e-02 -2.48847e-01  1.65671e+00
       vertex -2.54881e-02 -2.48697e-01  1.65687e+00
       vertex -8.97683e-04 -2.49998e-01  1.61349e+00
     endloop
  endfacet
  facet normal -9.67453e-04 -3.87635e-04 -2.99842e-05
     outer loop
       vertex -2.21774e-01 -1.15396e-01  1.65691e+00
       vertex -2.31726e-01 -9.38257e-02  1.69914e+00
       vertex -2.40107e-01 -6.96323e-02  1.65680e+00
     endloop
  endfacet
  facet normal -9.27865e-04  5.16068e-04  3.06966e-05
     outer loop
       vertex -2.18470e-01  1.21535e-01  1.65499e+00
       vertex -2.29481e-01  9.91888e-02  1.69784e+00
       vertex -2.05347e-01  1.42592e-01  1.69765e+00
     endloop
  endfacet
  facet normal -1.09532e-04 -1.06394e-03 -3.01793e-05
     outer loop
       vertex -5.00207e-02 -2.44945e-01  1.61361e+00
       vertex -8.97683e-04 -2.49998e-01  1.61349e+00
       vertex -2.54881e-02 -2.48697e-01  1.65687e+00
     endloop
  endfacet
  facet normal -2.13671e-04 -1.04830e-03  3.02412e-05
     outer loop
       vertex -2.54881e-02 -2.48697e-01  1.65687e+00
       vertex -7.39079e-02 -2.38826e-01  1.65696e+00
       vertex -5.00207e-02 -2.44945e-01  1.61361e+00
     endloop
  endfacet
  facet normal -1.02220e-03 -1.89902e-04 -2.99306e-05
     outer loop
       vertex -2.40107e-01 -6.96323e-02  1.65680e+00
       vertex -2.45627e-01 -4.65548e-02  1.69890e+00
       vertex -2.49100e-01 -2.11902e-02  1.65659e+00
     endloop
  endfacet
  facet normal -3.16220e-04 -1.02099e-03 -3.01287e-05
     outer loop
       vertex -9.71663e-02 -2.30345e-01  1.61368e+00
       vertex -5.00207e-02 -2.44945e-01  1.61361e+00
       vertex -7.39079e-02 -2.38826e-01  1.65696e+00
     endloop
  endfacet
  facet normal -4.15361e-04 -9.85119e-04  3.01778e-05
     outer loop
       vertex -7.39079e-02 -2.38826e-01  1.65696e+00
       vertex -1.19409e-01 -2.19639e-01  1.65700e+00
       vertex -9.71663e-02 -2.30345e-01  1.61368e+00
     endloop
  endfacet
  facet normal -1.03745e-03  1.40957e-05 -2.98904e-05
     outer loop
       vertex -2.49100e-01 -2.11902e-02  1.65659e+00
       vertex -2.49987e-01  2.55404e-03  1.69856e+00
       vertex -2.48421e-01  2.80509e-02  1.65624e+00
     endloop
  endfacet
  facet normal -5.10378e-04 -9.38622e-04 -3.01005e-05
     outer loop
       vertex -1.40512e-01 -2.06776e-01  1.61370e+00
       vertex -9.71663e-02 -2.30345e-01  1.61368e+00
       vertex -1.19409e-01 -2.19639e-01  1.65700e+00
     endloop
  endfacet
  facet normal -6.00598e-04 -8.83872e-04  3.01368e-05
     outer loop
       vertex -1.19409e-01 -2.19639e-01  1.65700e+00
       vertex -1.60235e-01 -1.91898e-01  1.65700e+00
       vertex -1.40512e-01 -2.06776e-01  1.61370e+00
     endloop
  endfacet
  facet normal -1.01603e-03  2.17408e-04 -2.99388e-05
     outer loop
       vertex -2.48421e-01  2.80509e-02  1.65624e+00
       vertex -2.44588e-01  5.17384e-02  1.69816e+00
       vertex -2.38098e-01  7.62197e-02  1.65569e+00
     endloop
  endfacet
  facet normal -8.12137e-04  6.93176e-04  3.06808e-05
     outer loop
       vertex -1.90224e-01  1.62219e-01  1.65455e+00
       vertex -2.05347e-01  1.42592e-01  1.69765e+00
       vertex -1.73116e-01  1.80363e-01  1.69746e+00
     endloop
  endfacet
  facet normal -6.84497e-04 -8.19856e-04 -3.00714e-05
     outer loop
       vertex -1.78374e-01 -1.75165e-01  1.61369e+00
       vertex -1.40512e-01 -2.06776e-01  1.61370e+00
       vertex -1.60235e-01 -1.91898e-01  1.65700e+00
     endloop
  endfacet
  facet normal -7.62260e-04 -7.48390e-04  3.01043e-05
     outer loop
       vertex -1.60235e-01 -1.91898e-01  1.65700e+00
       vertex -1.94803e-01 -1.56690e-01  1.65698e+00
       vertex -1.78374e-01 -1.75165e-01  1.61369e+00
     endloop
  endfacet
  facet normal -9.63209e-04  4.16731e-04 -3.01797e-05
     outer loop
       vertex -2.38098e-01  7.62197e-02  1.65569e+00
       vertex -2.29481e-01  9.91888e-02  1.69784e+00
       vertex -2.18470e-01  1.21535e-01  1.65499e+00
     endloop
  endfacet
  facet normal -6.62915e-04  8.44481e-04 -3.06430e-05
     outer loop
       vertex -1.34072e-01  2.11009e-01  1.69736e+00
       vertex -1.73116e-01  1.80363e-01  1.69746e+00
       vertex -1.54224e-01  1.96761e-01  1.74067e+00
     endloop
  endfacet
  facet normal  6.81682e-04  1.18713e-03  0.00000e+00
     outer loop
       vertex  1.47485e-01  2.01862e-01  9.71636e-01
       vertex  1.00000e-01  2.29129e-01  9.50000e-01
       vertex  1.00000e-01  2.29129e-01  1.00000e+00
     endloop
  endfacet
  facet normal  5.13452e-04  9.45098e-04  0.00000e+00
     outer loop
       vertex  1.37804e-01  2.08591e-01  1.01752e+00
       vertex  1.00000e-01  2.29129e-01  1.00000e+00
       vertex  1.00000e-01  2.29129e-01  1.05000e+00
     endloop
  endfacet
  facet normal -8.31722e-04 -6.69270e-04 -3.00279e-05
     outer loop
       vertex -2.09279e-01 -1.36756e-01  1.61365e+00
       vertex -1.78374e-01 -1.75165e-01  1.61369e+00
       vertex -1.94803e-01 -1.56690e-01  1.65698e+00
     endloop
  endfacet
  facet normal  1.06070e-03  1.19245e-04  3.03780e-05
     outer loop
       vertex  2.49980e-01  3.19941e-03  1.69829e+00
       vertex  2.48454e-01  2.77632e-02  1.65515e+00
       vertex  2.44451e-01  5.23804e-02  1.69828e+00
     endloop
  endfacet
  facet normal -8.94048e-04 -5.83898e-04  3.00696e-05
     outer loop
       vertex -1.94803e-01 -1.56690e-01  1.65698e+00
       vertex -2.21774e-01 -1.15396e-01  1.65691e+00
       vertex -2.09279e-01 -1.36756e-01  1.61365e+00
     endloop
  endfacet
  facet normal  5.11998e-04  9.42896e-04  0.00000e+00
     outer loop
       vertex  1.00000e-01  2.29129e-01  9.50000e-01
       vertex  1.37716e-01  2.08649e-01  9.27544e-01
       vertex  1.00000e-01  2.29129e-01  9.00000e-01
     endloop
  endfacet
  facet normal  5.95671e-04 -8.84137e-04 -3.03511e-05
     outer loop
       vertex  1.18435e-01 -2.20166e-01  1.65625e+00
       vertex  1.59474e-01 -1.92531e-01  1.65665e+00
       vertex  1.39576e-01 -2.07409e-01  1.69955e+00
     endloop
  endfacet
  facet normal -9.46218e-04 -4.92816e-04 -2.99590e-05
     outer loop
       vertex -2.32033e-01 -9.30633e-02  1.61356e+00
       vertex -2.09279e-01 -1.36756e-01  1.61365e+00
       vertex -2.21774e-01 -1.15396e-01  1.65691e+00
     endloop
  endfacet
  facet normal -9.90803e-04 -3.96835e-04  3.00259e-05
     outer loop
       vertex -2.21774e-01 -1.15396e-01  1.65691e+00
       vertex -2.40107e-01 -6.96323e-02  1.65680e+00
       vertex -2.32033e-01 -9.30633e-02  1.61356e+00
     endloop
  endfacet
  facet normal -8.72414e-04  6.05382e-04 -3.04488e-05
     outer loop
       vertex -2.18470e-01  1.21535e-01  1.65499e+00
       vertex -2.05347e-01  1.42592e-01  1.69765e+00
       vertex -1.90224e-01  1.62219e-01  1.65455e+00
     endloop
  endfacet
  facet normal -1.02348e-03 -2.97584e-04 -2.98564e-05
     outer loop
       vertex -2.45767e-01 -4.58125e-02  1.61339e+00
       vertex -2.32033e-01 -9.30633e-02  1.61356e+00
       vertex -2.40107e-01 -6.96323e-02  1.65680e+00
     endloop
  endfacet
  facet normal -1.04881e-03 -1.94586e-04  2.99723e-05
     outer loop
       vertex -2.40107e-01 -6.96323e-02  1.65680e+00
       vertex -2.49100e-01 -2.11902e-02  1.65659e+00
       vertex -2.45767e-01 -4.58125e-02  1.61339e+00
     endloop
  endfacet
  facet normal -7.40002e-04  7.70052e-04 -3.05802e-05
     outer loop
       vertex -1.90224e-01  1.62219e-01  1.65455e+00
       vertex -1.73116e-01  1.80363e-01  1.69746e+00
       vertex -1.54455e-01  1.96580e-01  1.65425e+00
     endloop
  endfacet
  facet normal -1.06070e-03 -9.14681e-05 -2.97236e-05
     outer loop
       vertex -2.49100e-01 -2.11902e-02  1.65659e+00
       vertex -2.49980e-01  3.14073e-03  1.61312e+00
       vertex -2.45767e-01 -4.58125e-02  1.61339e+00
     endloop
  endfacet
  facet normal -1.06609e-03  1.49119e-05  2.99251e-05
     outer loop
       vertex -2.49100e-01 -2.11902e-02  1.65659e+00
       vertex -2.48421e-01  2.80509e-02  1.65624e+00
       vertex -2.49980e-01  3.14073e-03  1.61312e+00
     endloop
  endfacet
  facet normal  7.58635e-04  1.27526e-03  6.35788e-05
     outer loop
       vertex  1.54615e-01  1.96454e-01  1.65371e+00
       vertex  1.31946e-01  2.12345e-01  1.60547e+00
       vertex  1.00000e-01  2.29129e-01  1.65000e+00
     endloop
  endfacet
  facet normal  4.85423e-04  9.02291e-04 -0.00000e+00
     outer loop
       vertex  1.00000e-01  2.29129e-01  8.50000e-01
       vertex  1.00000e-01  2.29129e-01  9.00000e-01
       vertex  1.36092e-01  2.09712e-01  8.47108e-01
     endloop
  endfacet
  facet normal -6.61290e-04  8.42618e-04  3.06436e-05
     outer loop
       vertex -1.54455e-01  1.96580e-01  1.65425e+00
       vertex -1.73116e-01  1.80363e-01  1.69746e+00
       vertex -1.34072e-01  2.11009e-01  1.69736e+00
     endloop
  endfacet
  facet normal  4.85423e-04  9.02291e-04  0.00000e+00
     outer loop
       vertex  1.00000e-01  2.29129e-01  8.50000e-01
       vertex  1.36092e-01  2.09712e-01  8.47108e-01
       vertex  1.00000e-01  2.29129e-01  8.00000e-01
     endloop
  endfacet
  facet normal -1.05717e-03  1.17406e-04 -2.95996e-05
     outer loop
       vertex -2.44552e-01  5.19081e-02  1.61267e+00
       vertex -2.49980e-01  3.14073e-03  1.61312e+00
       vertex -2.48421e-01  2.80509e-02  1.65624e+00
     endloop
  endfacet
  facet normal  7.67971e-04  1.24488e-03 -6.56120e-05
     outer loop
       vertex  1.31946e-01  2.12345e-01  1.60547e+00
       vertex  1.55097e-01  1.96073e-01  1.56773e+00
       vertex  1.00000e-01  2.29129e-01  1.55000e+00
     endloop
  endfacet
  facet normal -1.04285e-03  2.23851e-04  2.99487e-05
     outer loop
       vertex -2.48421e-01  2.80509e-02  1.65624e+00
       vertex -2.38098e-01  7.62197e-02  1.65569e+00
       vertex -2.44552e-01  5.19081e-02  1.61267e+00
     endloop
  endfacet
  facet normal  7.30588e-04  1.21417e-03 -6.16281e-05
     outer loop
       vertex  1.34270e-01  2.10883e-01  1.69679e+00
       vertex  1.54615e-01  1.96454e-01  1.65371e+00
       vertex  1.00000e-01  2.29129e-01  1.65000e+00
     endloop
  endfacet
  facet normal -1.01616e-03  3.22546e-04 -2.98326e-05
     outer loop
       vertex -2.29650e-01  9.87970e-02  1.61204e+00
       vertex -2.44552e-01  5.19081e-02  1.61267e+00
       vertex -2.38098e-01  7.62197e-02  1.65569e+00
     endloop
  endfacet
  facet normal -9.81002e-04  4.25370e-04  3.01627e-05
     outer loop
       vertex -2.38098e-01  7.62197e-02  1.65569e+00
       vertex -2.18470e-01  1.21535e-01  1.65499e+00
       vertex -2.29650e-01  9.87970e-02  1.61204e+00
     endloop
  endfacet
  facet normal -1.01537e-03 -2.95023e-04  2.98331e-05
     outer loop
       vertex -2.45767e-01 -4.58125e-02  1.61339e+00
       vertex -2.39867e-01 -7.04536e-02  1.57050e+00
       vertex -2.32033e-01 -9.30633e-02  1.61356e+00
     endloop
  endfacet
  facet normal -1.05987e-03 -9.10616e-05  2.97237e-05
     outer loop
       vertex -2.45767e-01 -4.58125e-02  1.61339e+00
       vertex -2.49980e-01  3.14073e-03  1.61312e+00
       vertex -2.49058e-01 -2.16831e-02  1.56996e+00
     endloop
  endfacet
  facet normal -9.39788e-04  5.20110e-04 -3.07271e-05
     outer loop
       vertex -2.05577e-01  1.42260e-01  1.61147e+00
       vertex -2.29650e-01  9.87970e-02  1.61204e+00
       vertex -2.18470e-01  1.21535e-01  1.65499e+00
     endloop
  endfacet
  facet normal -8.80688e-04  6.11785e-04  3.04414e-05
     outer loop
       vertex -2.18470e-01  1.21535e-01  1.65499e+00
       vertex -1.90224e-01  1.62219e-01  1.65455e+00
       vertex -2.05577e-01  1.42260e-01  1.61147e+00
     endloop
  endfacet
  facet normal -9.30863e-04 -4.84697e-04  2.99134e-05
     outer loop
       vertex -2.32033e-01 -9.30633e-02  1.61356e+00
       vertex -2.21288e-01 -1.16326e-01  1.57099e+00
       vertex -2.09279e-01 -1.36756e-01  1.61365e+00
     endloop
  endfacet
  facet normal -8.13878e-04 -6.54842e-04  2.99722e-05
     outer loop
       vertex -2.09279e-01 -1.36756e-01  1.61365e+00
       vertex -1.94107e-01 -1.57551e-01  1.57129e+00
       vertex -1.78374e-01 -1.75165e-01  1.61369e+00
     endloop
  endfacet
  facet normal -6.68194e-04 -8.00310e-04  3.00150e-05
     outer loop
       vertex -1.78374e-01 -1.75165e-01  1.61369e+00
       vertex -1.59402e-01 -1.92590e-01  1.57142e+00
       vertex -1.40512e-01 -2.06776e-01  1.61370e+00
     endloop
  endfacet
  facet normal -4.97860e-04 -9.15657e-04  3.00480e-05
     outer loop
       vertex -1.40512e-01 -2.06776e-01  1.61370e+00
       vertex -1.18515e-01 -2.20123e-01  1.57144e+00
       vertex -9.71663e-02 -2.30345e-01  1.61368e+00
     endloop
  endfacet
  facet normal -3.08406e-04 -9.96027e-04  3.00819e-05
     outer loop
       vertex -9.71663e-02 -2.30345e-01  1.61368e+00
       vertex -7.30235e-02 -2.39097e-01  1.57139e+00
       vertex -5.00207e-02 -2.44945e-01  1.61361e+00
     endloop
  endfacet
  facet normal -1.06716e-04 -1.03807e-03  3.01397e-05
     outer loop
       vertex -5.00207e-02 -2.44945e-01  1.61361e+00
       vertex -2.46882e-02 -2.48778e-01  1.57128e+00
       vertex -8.97683e-04 -2.49998e-01  1.61349e+00
     endloop
  endfacet
  facet normal  9.97780e-05 -1.04069e-03  3.02722e-05
     outer loop
       vertex -8.97683e-04 -2.49998e-01  1.61349e+00
       vertex  2.46144e-02 -2.48785e-01  1.57110e+00
       vertex  4.83263e-02 -2.45285e-01  1.61329e+00
     endloop
  endfacet
  facet normal  3.04611e-04 -1.00588e-03  3.05889e-05
     outer loop
       vertex  4.83263e-02 -2.45285e-01  1.61329e+00
       vertex  7.29750e-02 -2.39112e-01  1.57081e+00
       vertex  9.58115e-02 -2.30912e-01  1.61306e+00
     endloop
  endfacet
  facet normal  5.96215e-04  1.02724e-03  6.23727e-05
     outer loop
       vertex  1.55097e-01  1.96073e-01  1.56773e+00
       vertex  1.35494e-01  2.10098e-01  1.52413e+00
       vertex  1.00000e-01  2.29129e-01  1.55000e+00
     endloop
  endfacet
  facet normal  5.02919e-04 -9.36085e-04 -3.05437e-05
     outer loop
       vertex  9.58115e-02 -2.30912e-01  1.61306e+00
       vertex  1.39497e-01 -2.07462e-01  1.61371e+00
       vertex  1.18435e-01 -2.20166e-01  1.65625e+00
     endloop
  endfacet
  facet normal -8.18886e-04  6.96296e-04 -3.07406e-05
     outer loop
       vertex -1.73382e-01  1.80107e-01  1.61110e+00
       vertex -2.05577e-01  1.42260e-01  1.61147e+00
       vertex -1.90224e-01  1.62219e-01  1.65455e+00
     endloop
  endfacet
  facet normal -7.43804e-04  7.74542e-04  3.05774e-05
     outer loop
       vertex -1.90224e-01  1.62219e-01  1.65455e+00
       vertex -1.54455e-01  1.96580e-01  1.65425e+00
       vertex -1.73382e-01  1.80107e-01  1.61110e+00
     endloop
  endfacet
  facet normal -1.04728e-03  1.16852e-04  2.96030e-05
     outer loop
       vertex -2.48432e-01  2.79523e-02  1.56994e+00
       vertex -2.49980e-01  3.14073e-03  1.61312e+00
       vertex -2.44552e-01  5.19081e-02  1.61267e+00
     endloop
  endfacet
  facet normal  9.98289e-04  3.18599e-04  2.89712e-05
     outer loop
       vertex  2.38069e-01  7.63102e-02  1.65504e+00
       vertex  2.29650e-01  9.87967e-02  1.69784e+00
       vertex  2.44451e-01  5.23804e-02  1.69828e+00
     endloop
  endfacet
  facet normal -1.05267e-03 -1.98714e-04 -3.06230e-05
     outer loop
       vertex -2.45767e-01 -4.58125e-02  1.61339e+00
       vertex -2.49058e-01 -2.16831e-02  1.56996e+00
       vertex -2.39867e-01 -7.04536e-02  1.57050e+00
     endloop
  endfacet
  facet normal  5.15317e-04  8.90047e-04 -5.60550e-05
     outer loop
       vertex  1.00000e-01  2.29129e-01  1.50000e+00
       vertex  1.35494e-01  2.10098e-01  1.52413e+00
       vertex  1.53668e-01  1.97196e-01  1.48634e+00
     endloop
  endfacet
  facet normal  7.54744e-04 -7.46450e-04 -3.04341e-05
     outer loop
       vertex  1.77548e-01 -1.76002e-01  1.69948e+00
       vertex  1.59474e-01 -1.92531e-01  1.65665e+00
       vertex  1.94296e-01 -1.57319e-01  1.65657e+00
     endloop
  endfacet
  facet normal -1.07139e-03  1.34900e-05 -3.06542e-05
     outer loop
       vertex -2.49058e-01 -2.16831e-02  1.56996e+00
       vertex -2.49980e-01  3.14073e-03  1.61312e+00
       vertex -2.48432e-01  2.79523e-02  1.56994e+00
     endloop
  endfacet
  facet normal -9.81958e-04 -3.98045e-04 -3.03471e-05
     outer loop
       vertex -2.32033e-01 -9.30633e-02  1.61356e+00
       vertex -2.39867e-01 -7.04536e-02  1.57050e+00
       vertex -2.21288e-01 -1.16326e-01  1.57099e+00
     endloop
  endfacet
  facet normal  8.83293e-04 -5.80610e-04 -3.03261e-05
     outer loop
       vertex  2.08613e-01 -1.37771e-01  1.69932e+00
       vertex  1.94296e-01 -1.57319e-01  1.65657e+00
       vertex  2.21469e-01 -1.15980e-01  1.65659e+00
     endloop
  endfacet
  facet normal -8.76136e-04 -5.77870e-04 -3.01222e-05
     outer loop
       vertex -2.09279e-01 -1.36756e-01  1.61365e+00
       vertex -2.21288e-01 -1.16326e-01  1.57099e+00
       vertex -1.94107e-01 -1.57551e-01  1.57129e+00
     endloop
  endfacet
  facet normal  9.72548e-04 -3.92515e-04 -3.01441e-05
     outer loop
       vertex  2.31590e-01 -9.41594e-02  1.69899e+00
       vertex  2.21469e-01 -1.15980e-01  1.65659e+00
       vertex  2.39944e-01 -7.01923e-02  1.65643e+00
     endloop
  endfacet
  facet normal -1.05601e-03 -1.98660e-04  3.06238e-05
     outer loop
       vertex -2.39867e-01 -7.04536e-02  1.57050e+00
       vertex -2.49058e-01 -2.16831e-02  1.56996e+00
       vertex -2.45587e-01 -4.67652e-02  1.52693e+00
     endloop
  endfacet
  facet normal  1.02666e-03 -1.93268e-04 -3.00673e-05
     outer loop
       vertex  2.45602e-01 -4.66884e-02  1.69854e+00
       vertex  2.39944e-01 -7.01923e-02  1.65643e+00
       vertex  2.49055e-01 -2.17129e-02  1.65592e+00
     endloop
  endfacet
  facet normal -7.41670e-04 -7.34716e-04 -3.00028e-05
     outer loop
       vertex -1.78374e-01 -1.75165e-01  1.61369e+00
       vertex -1.94107e-01 -1.57551e-01  1.57129e+00
       vertex -1.59402e-01 -1.92590e-01  1.57142e+00
     endloop
  endfacet
  facet normal -1.07703e-03 -9.50034e-05 -3.14998e-05
     outer loop
       vertex -2.45587e-01 -4.67652e-02  1.52693e+00
       vertex -2.49058e-01 -2.16831e-02  1.56996e+00
       vertex -2.49980e-01  3.13418e-03  1.52665e+00
     endloop
  endfacet
  facet normal -1.07460e-03  1.35530e-05  3.06542e-05
     outer loop
       vertex -2.49058e-01 -2.16831e-02  1.56996e+00
       vertex -2.48432e-01  2.79523e-02  1.56994e+00
       vertex -2.49980e-01  3.13418e-03  1.52665e+00
     endloop
  endfacet
  facet normal -5.81910e-04 -8.64171e-04 -2.99614e-05
     outer loop
       vertex -1.40512e-01 -2.06776e-01  1.61370e+00
       vertex -1.59402e-01 -1.92590e-01  1.57142e+00
       vertex -1.18515e-01 -2.20123e-01  1.57144e+00
     endloop
  endfacet
  facet normal  7.59320e-04  1.25088e-03  5.90517e-05
     outer loop
       vertex  1.53668e-01  1.97196e-01  1.48634e+00
       vertex  1.32753e-01  2.11841e-01  1.44505e+00
       vertex  1.00000e-01  2.29129e-01  1.50000e+00
     endloop
  endfacet
  facet normal  1.05775e-03  1.23884e-05 -3.03579e-05
     outer loop
       vertex  2.49980e-01  3.19941e-03  1.69829e+00
       vertex  2.49055e-01 -2.17129e-02  1.65592e+00
       vertex  2.48454e-01  2.77632e-02  1.65515e+00
     endloop
  endfacet
  facet normal -4.00968e-04 -9.61257e-04 -2.99611e-05
     outer loop
       vertex -9.71663e-02 -2.30345e-01  1.61368e+00
       vertex -1.18515e-01 -2.20123e-01  1.57144e+00
       vertex -7.30235e-02 -2.39097e-01  1.57139e+00
     endloop
  endfacet
  facet normal -1.02836e-03 -3.04263e-04 -3.04213e-05
     outer loop
       vertex -2.45587e-01 -4.67652e-02  1.52693e+00
       vertex -2.31552e-01 -9.42528e-02  1.52745e+00
       vertex -2.39867e-01 -7.04536e-02  1.57050e+00
     endloop
  endfacet
  facet normal -9.93309e-04 -4.01990e-04  3.03735e-05
     outer loop
       vertex -2.21288e-01 -1.16326e-01  1.57099e+00
       vertex -2.39867e-01 -7.04536e-02  1.57050e+00
       vertex -2.31552e-01 -9.42528e-02  1.52745e+00
     endloop
  endfacet
  facet normal -2.04677e-04 -1.02162e-03 -2.99761e-05
     outer loop
       vertex -5.00207e-02 -2.44945e-01  1.61361e+00
       vertex -7.30235e-02 -2.39097e-01  1.57139e+00
       vertex -2.46882e-02 -2.48778e-01  1.57128e+00
     endloop
  endfacet
  facet normal  7.71935e-04  1.28475e-03 -6.82155e-05
     outer loop
       vertex  1.32753e-01  2.11841e-01  1.44505e+00
       vertex  1.55817e-01  1.95502e-01  1.39832e+00
       vertex  1.00000e-01  2.29129e-01  1.40000e+00
     endloop
  endfacet
  facet normal -2.65822e-07 -1.04254e-03 -2.99972e-05
     outer loop
       vertex -8.97683e-04 -2.49998e-01  1.61349e+00
       vertex -2.46882e-02 -2.48778e-01  1.57128e+00
       vertex  2.46144e-02 -2.48785e-01  1.57110e+00
     endloop
  endfacet
  facet normal  2.04564e-04 -1.02363e-03 -3.00372e-05
     outer loop
       vertex  4.83263e-02 -2.45285e-01  1.61329e+00
       vertex  2.46144e-02 -2.48785e-01  1.57110e+00
       vertex  7.29750e-02 -2.39112e-01  1.57081e+00
     endloop
  endfacet
  facet normal -9.44425e-04 -4.98275e-04 -2.99585e-05
     outer loop
       vertex -2.08574e-01 -1.37830e-01  1.52784e+00
       vertex -2.21288e-01 -1.16326e-01  1.57099e+00
       vertex -2.31552e-01 -9.42528e-02  1.52745e+00
     endloop
  endfacet
  facet normal -8.92640e-04 -5.88318e-04  3.01706e-05
     outer loop
       vertex -1.94107e-01 -1.57551e-01  1.57129e+00
       vertex -2.21288e-01 -1.16326e-01  1.57099e+00
       vertex -2.08574e-01 -1.37830e-01  1.52784e+00
     endloop
  endfacet
  facet normal  4.03292e-04 -9.67703e-04 -3.01488e-05
     outer loop
       vertex  9.58115e-02 -2.30912e-01  1.61306e+00
       vertex  7.29750e-02 -2.39112e-01  1.57081e+00
       vertex  1.18542e-01 -2.20109e-01  1.57037e+00
     endloop
  endfacet
  facet normal -8.27317e-04 -6.72621e-04 -2.98470e-05
     outer loop
       vertex -1.77541e-01 -1.76010e-01  1.52806e+00
       vertex -1.94107e-01 -1.57551e-01  1.57129e+00
       vertex -2.08574e-01 -1.37830e-01  1.52784e+00
     endloop
  endfacet
  facet normal -7.58645e-04 -7.51307e-04  3.00589e-05
     outer loop
       vertex -1.59402e-01 -1.92590e-01  1.57142e+00
       vertex -1.94107e-01 -1.57551e-01  1.57129e+00
       vertex -1.77541e-01 -1.76010e-01  1.52806e+00
     endloop
  endfacet
  facet normal  5.04006e-04 -9.39791e-04  3.05402e-05
     outer loop
       vertex  9.58115e-02 -2.30912e-01  1.61306e+00
       vertex  1.18542e-01 -2.20109e-01  1.57037e+00
       vertex  1.39497e-01 -2.07462e-01  1.61371e+00
     endloop
  endfacet
  facet normal  5.90400e-04 -8.77188e-04  3.03499e-05
     outer loop
       vertex  1.18435e-01 -2.20166e-01  1.65625e+00
       vertex  1.39497e-01 -2.07462e-01  1.61371e+00
       vertex  1.59474e-01 -1.92531e-01  1.65665e+00
     endloop
  endfacet
  facet normal -6.79491e-04 -8.21435e-04 -2.98629e-05
     outer loop
       vertex -1.39624e-01 -2.07377e-01  1.52813e+00
       vertex -1.59402e-01 -1.92590e-01  1.57142e+00
       vertex -1.77541e-01 -1.76010e-01  1.52806e+00
     endloop
  endfacet
  facet normal -5.96098e-04 -8.85196e-04  3.00162e-05
     outer loop
       vertex -1.18515e-01 -2.20123e-01  1.57144e+00
       vertex -1.59402e-01 -1.92590e-01  1.57142e+00
       vertex -1.39624e-01 -2.07377e-01  1.52813e+00
     endloop
  endfacet
  facet normal -5.05537e-04 -9.38815e-04 -2.99026e-05
     outer loop
       vertex -9.62780e-02 -2.30717e-01  1.52812e+00
       vertex -1.18515e-01 -2.20123e-01  1.57144e+00
       vertex -1.39624e-01 -2.07377e-01  1.52813e+00
     endloop
  endfacet
  facet normal -4.10768e-04 -9.84907e-04  3.00109e-05
     outer loop
       vertex -7.30235e-02 -2.39097e-01  1.57139e+00
       vertex -1.18515e-01 -2.20123e-01  1.57144e+00
       vertex -9.62780e-02 -2.30717e-01  1.52812e+00
     endloop
  endfacet
  facet normal -3.11821e-04 -1.01983e-03 -2.99216e-05
     outer loop
       vertex -7.30235e-02 -2.39097e-01  1.57139e+00
       vertex -9.62780e-02 -2.30717e-01  1.52812e+00
       vertex -4.91879e-02 -2.45113e-01  1.52804e+00
     endloop
  endfacet
  facet normal -2.09521e-04 -1.04647e-03  3.00196e-05
     outer loop
       vertex -2.46882e-02 -2.48778e-01  1.57128e+00
       vertex -7.30235e-02 -2.39097e-01  1.57139e+00
       vertex -4.91879e-02 -2.45113e-01  1.52804e+00
     endloop
  endfacet
  facet normal -1.05929e-04 -1.06108e-03 -2.99050e-05
     outer loop
       vertex -2.46882e-02 -2.48778e-01  1.57128e+00
       vertex -4.91879e-02 -2.45113e-01  1.52804e+00
       vertex -1.98400e-04 -2.50000e-01  1.52789e+00
     endloop
  endfacet
  facet normal -4.69416e-08 -1.06741e-03  3.00325e-05
     outer loop
       vertex  2.46144e-02 -2.48785e-01  1.57110e+00
       vertex -2.46882e-02 -2.48778e-01  1.57128e+00
       vertex -1.98400e-04 -2.50000e-01  1.52789e+00
     endloop
  endfacet
  facet normal  1.04823e-03  2.24158e-04 -3.06651e-05
     outer loop
       vertex  2.44451e-01  5.23804e-02  1.69828e+00
       vertex  2.48454e-01  2.77632e-02  1.65515e+00
       vertex  2.38069e-01  7.63102e-02  1.65504e+00
     endloop
  endfacet
  facet normal  9.19698e-04  5.10114e-04  3.09098e-05
     outer loop
       vertex  2.29650e-01  9.87967e-02  1.69784e+00
       vertex  2.18384e-01  1.21691e-01  1.65524e+00
       vertex  2.05519e-01  1.42344e-01  1.69716e+00
     endloop
  endfacet
  facet normal  1.03949e-04 -1.06107e-03 -2.98665e-05
     outer loop
       vertex  2.46144e-02 -2.48785e-01  1.57110e+00
       vertex -1.98400e-04 -2.50000e-01  1.52789e+00
       vertex  4.87787e-02 -2.45195e-01  1.52765e+00
     endloop
  endfacet
  facet normal  2.09603e-04 -1.04699e-03  3.00595e-05
     outer loop
       vertex  7.29750e-02 -2.39112e-01  1.57081e+00
       vertex  2.46144e-02 -2.48785e-01  1.57110e+00
       vertex  4.87787e-02 -2.45195e-01  1.52765e+00
     endloop
  endfacet
  facet normal -9.94558e-04  3.16477e-04  2.98263e-05
     outer loop
       vertex -2.38064e-01  7.63250e-02  1.56992e+00
       vertex -2.44552e-01  5.19081e-02  1.61267e+00
       vertex -2.29650e-01  9.87970e-02  1.61204e+00
     endloop
  endfacet
  facet normal  8.04618e-04  6.85561e-04  3.08766e-05
     outer loop
       vertex  2.05519e-01  1.42344e-01  1.69716e+00
       vertex  1.90253e-01  1.62184e-01  1.65446e+00
       vertex  1.73257e-01  1.80227e-01  1.69675e+00
     endloop
  endfacet
  facet normal  3.09865e-04 -1.02057e-03 -2.98851e-05
     outer loop
       vertex  7.29750e-02 -2.39112e-01  1.57081e+00
       vertex  4.87787e-02 -2.45195e-01  1.52765e+00
       vertex  9.58764e-02 -2.30885e-01  1.52729e+00
     endloop
  endfacet
  facet normal  4.11688e-04 -9.86461e-04  3.01517e-05
     outer loop
       vertex  1.18542e-01 -2.20109e-01  1.57037e+00
       vertex  7.29750e-02 -2.39112e-01  1.57081e+00
       vertex  9.58764e-02 -2.30885e-01  1.52729e+00
     endloop
  endfacet
  facet normal -9.16934e-04  5.08262e-04  3.07254e-05
     outer loop
       vertex -2.18454e-01  1.21565e-01  1.56955e+00
       vertex -2.29650e-01  9.87970e-02  1.61204e+00
       vertex -2.05577e-01  1.42260e-01  1.61147e+00
     endloop
  endfacet
  facet normal -1.03369e-03  2.21553e-04 -3.03316e-05
     outer loop
       vertex -2.48432e-01  2.79523e-02  1.56994e+00
       vertex -2.44552e-01  5.19081e-02  1.61267e+00
       vertex -2.38064e-01  7.63250e-02  1.56992e+00
     endloop
  endfacet
  facet normal -8.04830e-04  6.84940e-04  3.07445e-05
     outer loop
       vertex -1.90342e-01  1.62079e-01  1.56874e+00
       vertex -2.05577e-01  1.42260e-01  1.61147e+00
       vertex -1.73382e-01  1.80107e-01  1.61110e+00
     endloop
  endfacet
  facet normal  6.60834e-04  8.40486e-04 -3.05705e-05
     outer loop
       vertex  1.73257e-01  1.80227e-01  1.69675e+00
       vertex  1.34270e-01  2.10883e-01  1.69679e+00
       vertex  1.54285e-01  1.96713e-01  1.73988e+00
     endloop
  endfacet
  facet normal  5.92261e-04 -8.80958e-04 -2.93049e-05
     outer loop
       vertex  1.39497e-01 -2.07462e-01  1.61371e+00
       vertex  1.18542e-01 -2.20109e-01  1.57037e+00
       vertex  1.59122e-01 -1.92822e-01  1.57021e+00
     endloop
  endfacet
  facet normal  6.81977e-04 -8.24459e-04 -3.05830e-05
     outer loop
       vertex  1.59474e-01 -1.92531e-01  1.65665e+00
       vertex  1.39497e-01 -2.07462e-01  1.61371e+00
       vertex  1.77710e-01 -1.75839e-01  1.61331e+00
     endloop
  endfacet
  facet normal -1.06616e-03  1.19692e-04 -3.04960e-05
     outer loop
       vertex -2.48432e-01  2.79523e-02  1.56994e+00
       vertex -2.44451e-01  5.23787e-02  1.52663e+00
       vertex -2.49980e-01  3.13418e-03  1.52665e+00
     endloop
  endfacet
  facet normal  7.62384e-04 -7.53869e-04  3.04383e-05
     outer loop
       vertex  1.94296e-01 -1.57319e-01  1.65657e+00
       vertex  1.59474e-01 -1.92531e-01  1.65665e+00
       vertex  1.77710e-01 -1.75839e-01  1.61331e+00
     endloop
  endfacet
  facet normal -7.42132e-04  9.48039e-04 -3.63909e-05
     outer loop
       vertex -1.31865e-01  2.12395e-01  1.60557e+00
       vertex -1.73382e-01  1.80107e-01  1.61110e+00
       vertex -1.54455e-01  1.96580e-01  1.65425e+00
     endloop
  endfacet
  facet normal  6.84861e-04 -8.27179e-04  3.05776e-05
     outer loop
       vertex  1.77710e-01 -1.75839e-01  1.61331e+00
       vertex  1.39497e-01 -2.07462e-01  1.61371e+00
       vertex  1.59122e-01 -1.92822e-01  1.57021e+00
     endloop
  endfacet
  facet normal  8.33676e-04 -6.75260e-04 -3.05481e-05
     outer loop
       vertex  1.77710e-01 -1.75839e-01  1.61331e+00
       vertex  2.08917e-01 -1.37309e-01  1.61328e+00
       vertex  1.94296e-01 -1.57319e-01  1.65657e+00
     endloop
  endfacet
  facet normal  7.84588e-04  1.29891e-03  6.84337e-05
     outer loop
       vertex  1.55817e-01  1.95502e-01  1.39832e+00
       vertex  1.32415e-01  2.12053e-01  1.35248e+00
       vertex  1.00000e-01  2.29129e-01  1.40000e+00
     endloop
  endfacet
  facet normal  8.94966e-04 -5.88311e-04  3.03403e-05
     outer loop
       vertex  2.21469e-01 -1.15980e-01  1.65659e+00
       vertex  1.94296e-01 -1.57319e-01  1.65657e+00
       vertex  2.08917e-01 -1.37309e-01  1.61328e+00
     endloop
  endfacet
  facet normal  5.04477e-04 -9.40525e-04 -3.01553e-05
     outer loop
       vertex  1.39382e-01 -2.07540e-01  1.52699e+00
       vertex  1.18542e-01 -2.20109e-01  1.57037e+00
       vertex  9.58764e-02 -2.30885e-01  1.52729e+00
     endloop
  endfacet
  facet normal  9.45610e-04 -4.95675e-04 -2.99592e-05
     outer loop
       vertex  2.08917e-01 -1.37309e-01  1.61328e+00
       vertex  2.31786e-01 -9.36772e-02  1.61321e+00
       vertex  2.21469e-01 -1.15980e-01  1.65659e+00
     endloop
  endfacet
  facet normal  9.91354e-04 -3.99888e-04  3.01649e-05
     outer loop
       vertex  2.39944e-01 -7.01923e-02  1.65643e+00
       vertex  2.21469e-01 -1.15980e-01  1.65659e+00
       vertex  2.31786e-01 -9.36772e-02  1.61321e+00
     endloop
  endfacet
  facet normal  5.90848e-04 -8.78510e-04  2.93039e-05
     outer loop
       vertex  1.59122e-01 -1.92822e-01  1.57021e+00
       vertex  1.18542e-01 -2.20109e-01  1.57037e+00
       vertex  1.39382e-01 -2.07540e-01  1.52699e+00
     endloop
  endfacet
  facet normal  1.02089e-03 -3.00209e-04 -2.95760e-05
     outer loop
       vertex  2.31786e-01 -9.36772e-02  1.61321e+00
       vertex  2.45616e-01 -4.66135e-02  1.61288e+00
       vertex  2.39944e-01 -7.01923e-02  1.65643e+00
     endloop
  endfacet
  facet normal  1.04969e-03 -1.96973e-04  3.00709e-05
     outer loop
       vertex  2.49055e-01 -2.17129e-02  1.65592e+00
       vertex  2.39944e-01 -7.01923e-02  1.65643e+00
       vertex  2.45616e-01 -4.66135e-02  1.61288e+00
     endloop
  endfacet
  facet normal  5.05585e-04 -9.41817e-04  3.01590e-05
     outer loop
       vertex  1.39382e-01 -2.07540e-01  1.52699e+00
       vertex  9.58764e-02 -2.30885e-01  1.52729e+00
       vertex  1.17975e-01 -2.20413e-01  1.48384e+00
     endloop
  endfacet
  facet normal  7.57272e-04 -7.51024e-04 -3.06573e-05
     outer loop
       vertex  1.59122e-01 -1.92822e-01  1.57021e+00
       vertex  1.94085e-01 -1.57578e-01  1.57047e+00
       vertex  1.77710e-01 -1.75839e-01  1.61331e+00
     endloop
  endfacet
  facet normal -9.56968e-04  4.14577e-04 -3.00194e-05
     outer loop
       vertex -2.38064e-01  7.63250e-02  1.56992e+00
       vertex -2.29650e-01  9.87970e-02  1.61204e+00
       vertex -2.18454e-01  1.21565e-01  1.56955e+00
     endloop
  endfacet
  facet normal  8.24978e-04 -6.68167e-04  3.05439e-05
     outer loop
       vertex  1.77710e-01 -1.75839e-01  1.61331e+00
       vertex  1.94085e-01 -1.57578e-01  1.57047e+00
       vertex  2.08917e-01 -1.37309e-01  1.61328e+00
     endloop
  endfacet
  facet normal  1.06196e-03 -9.52125e-05 -2.97736e-05
     outer loop
       vertex  2.45616e-01 -4.66135e-02  1.61288e+00
       vertex  2.49989e-01  2.35919e-03  1.61224e+00
       vertex  2.49055e-01 -2.17129e-02  1.65592e+00
     endloop
  endfacet
  facet normal  1.07128e-03  1.35029e-05  3.03362e-05
     outer loop
       vertex  2.48454e-01  2.77632e-02  1.65515e+00
       vertex  2.49055e-01 -2.17129e-02  1.65592e+00
       vertex  2.49989e-01  2.35919e-03  1.61224e+00
     endloop
  endfacet
  facet normal  6.81943e-04 -8.24730e-04 -3.06192e-05
     outer loop
       vertex  1.59122e-01 -1.92822e-01  1.57021e+00
       vertex  1.39382e-01 -2.07540e-01  1.52699e+00
       vertex  1.77626e-01 -1.75923e-01  1.52717e+00
     endloop
  endfacet
  facet normal -1.04727e-03  2.24487e-04  3.03438e-05
     outer loop
       vertex -2.48432e-01  2.79523e-02  1.56994e+00
       vertex -2.38064e-01  7.63250e-02  1.56992e+00
       vertex -2.44451e-01  5.23787e-02  1.52663e+00
     endloop
  endfacet
  facet normal -8.57517e-04  5.94395e-04 -3.00455e-05
     outer loop
       vertex -2.18454e-01  1.21565e-01  1.56955e+00
       vertex -2.05577e-01  1.42260e-01  1.61147e+00
       vertex -1.90342e-01  1.62079e-01  1.56874e+00
     endloop
  endfacet
  facet normal  9.44211e-04 -4.94842e-04  2.99590e-05
     outer loop
       vertex  2.08917e-01 -1.37309e-01  1.61328e+00
       vertex  2.21375e-01 -1.16160e-01  1.56997e+00
       vertex  2.31786e-01 -9.36772e-02  1.61321e+00
     endloop
  endfacet
  facet normal  4.94101e-04  9.15627e-04  0.00000e+00
     outer loop
       vertex  1.36625e-01  2.09365e-01  6.63629e-01
       vertex  1.00000e-01  2.29129e-01  6.50000e-01
       vertex  1.00000e-01  2.29129e-01  7.00000e-01
     endloop
  endfacet
  facet normal  7.60735e-04 -7.54918e-04  3.06605e-05
     outer loop
       vertex  1.59122e-01 -1.92822e-01  1.57021e+00
       vertex  1.77626e-01 -1.75923e-01  1.52717e+00
       vertex  1.94085e-01 -1.57578e-01  1.57047e+00
     endloop
  endfacet
  facet normal -8.02963e-04  8.38825e-04 -3.55029e-05
     outer loop
       vertex -1.90342e-01  1.62079e-01  1.56874e+00
       vertex -1.73382e-01  1.80107e-01  1.61110e+00
       vertex -1.52558e-01  1.98056e-01  1.56419e+00
     endloop
  endfacet
  facet normal  8.91646e-04 -5.87864e-04 -3.05774e-05
     outer loop
       vertex  2.08917e-01 -1.37309e-01  1.61328e+00
       vertex  1.94085e-01 -1.57578e-01  1.57047e+00
       vertex  2.21375e-01 -1.16160e-01  1.56997e+00
     endloop
  endfacet
  facet normal  6.00795e-04 -8.94600e-04 -3.11624e-05
     outer loop
       vertex  1.39382e-01 -2.07540e-01  1.52699e+00
       vertex  1.17975e-01 -2.20413e-01  1.48384e+00
       vertex  1.59408e-01 -1.92585e-01  1.48378e+00
     endloop
  endfacet
  facet normal  5.15933e-04  9.48851e-04 -0.00000e+00
     outer loop
       vertex  1.00000e-01  2.29129e-01  5.00000e-01
       vertex  1.00000e-01  2.29129e-01  5.50000e-01
       vertex  1.37954e-01  2.08491e-01  5.19046e-01
     endloop
  endfacet
  facet normal  6.84430e-04 -8.28077e-04  3.06204e-05
     outer loop
       vertex  1.77626e-01 -1.75923e-01  1.52717e+00
       vertex  1.39382e-01 -2.07540e-01  1.52699e+00
       vertex  1.59408e-01 -1.92585e-01  1.48378e+00
     endloop
  endfacet
  facet normal -7.07731e-04  9.16265e-04  3.64013e-05
     outer loop
       vertex -1.52558e-01  1.98056e-01  1.56419e+00
       vertex -1.73382e-01  1.80107e-01  1.61110e+00
       vertex -1.31865e-01  2.12395e-01  1.60557e+00
     endloop
  endfacet
  facet normal  6.48998e-04  1.10080e-03  6.37908e-05
     outer loop
       vertex  1.55645e-01  1.95639e-01  1.31179e+00
       vertex  1.36341e-01  2.09550e-01  1.26814e+00
       vertex  1.00000e-01  2.29129e-01  1.30000e+00
     endloop
  endfacet
  facet normal  1.07493e-03  1.18314e-04 -3.15883e-05
     outer loop
       vertex  2.48454e-01  2.77632e-02  1.65515e+00
       vertex  2.49989e-01  2.35919e-03  1.61224e+00
       vertex  2.44490e-01  5.21976e-02  1.61179e+00
     endloop
  endfacet
  facet normal  9.68872e-04  4.20417e-04 -3.03057e-05
     outer loop
       vertex  2.38069e-01  7.63102e-02  1.65504e+00
       vertex  2.18384e-01  1.21691e-01  1.65524e+00
       vertex  2.29650e-01  9.87967e-02  1.69784e+00
     endloop
  endfacet
  facet normal  7.78119e-04  1.26906e-03 -6.76811e-05
     outer loop
       vertex  1.32415e-01  2.12053e-01  1.35248e+00
       vertex  1.55645e-01  1.95639e-01  1.31179e+00
       vertex  1.00000e-01  2.29129e-01  1.30000e+00
     endloop
  endfacet
  facet normal  6.77535e-04  1.18145e-03 -0.00000e+00
     outer loop
       vertex  1.00000e-01  2.29129e-01  7.00000e-01
       vertex  1.00000e-01  2.29129e-01  7.50000e-01
       vertex  1.47258e-01  2.02027e-01  7.15797e-01
     endloop
  endfacet
  facet normal  8.25149e-04 -6.70844e-04 -2.94321e-05
     outer loop
       vertex  1.94085e-01 -1.57578e-01  1.57047e+00
       vertex  1.77626e-01 -1.75923e-01  1.52717e+00
       vertex  2.08514e-01 -1.37920e-01  1.52692e+00
     endloop
  endfacet
  facet normal  8.96918e-04 -5.90587e-04  3.05716e-05
     outer loop
       vertex  2.21375e-01 -1.16160e-01  1.56997e+00
       vertex  1.94085e-01 -1.57578e-01  1.57047e+00
       vertex  2.08514e-01 -1.37920e-01  1.52692e+00
     endloop
  endfacet
  facet normal  1.05103e-03  2.24901e-04  3.06649e-05
     outer loop
       vertex  2.38069e-01  7.63102e-02  1.65504e+00
       vertex  2.48454e-01  2.77632e-02  1.65515e+00
       vertex  2.44490e-01  5.21976e-02  1.61179e+00
     endloop
  endfacet
  facet normal  3.64243e-04  7.07842e-04  0.00000e+00
     outer loop
       vertex  1.00000e-01  2.29129e-01  5.00000e-01
       vertex  1.28314e-01  2.14559e-01  4.74107e-01
       vertex  1.00000e-01  2.29129e-01  4.50000e-01
     endloop
  endfacet
  facet normal  3.11662e-04 -1.02497e-03  2.98719e-05
     outer loop
       vertex  9.58764e-02 -2.30885e-01  1.52729e+00
       vertex  4.87787e-02 -2.45195e-01  1.52765e+00
       vertex  7.21041e-02 -2.39376e-01  1.48395e+00
     endloop
  endfacet
  facet normal  7.53860e-04 -7.47825e-04 -2.93525e-05
     outer loop
       vertex  1.93866e-01 -1.57848e-01  1.48375e+00
       vertex  1.77626e-01 -1.75923e-01  1.52717e+00
       vertex  1.59408e-01 -1.92585e-01  1.48378e+00
     endloop
  endfacet
  facet normal -1.01422e-03  3.24085e-04 -2.96251e-05
     outer loop
       vertex -2.38064e-01  7.63250e-02  1.56992e+00
       vertex -2.29507e-01  9.91279e-02  1.52643e+00
       vertex -2.44451e-01  5.23787e-02  1.52663e+00
     endloop
  endfacet
  facet normal -9.79385e-04  4.24789e-04  3.00375e-05
     outer loop
       vertex -2.38064e-01  7.63250e-02  1.56992e+00
       vertex -2.18454e-01  1.21565e-01  1.56955e+00
       vertex -2.29507e-01  9.91279e-02  1.52643e+00
     endloop
  endfacet
  facet normal  8.22868e-04 -6.68612e-04  2.94306e-05
     outer loop
       vertex  2.08514e-01 -1.37920e-01  1.52692e+00
       vertex  1.77626e-01 -1.75923e-01  1.52717e+00
       vertex  1.93866e-01 -1.57848e-01  1.48375e+00
     endloop
  endfacet
  facet normal  5.98099e-04 -8.90446e-04  3.11597e-05
     outer loop
       vertex  1.39196e-01 -2.07665e-01  1.44083e+00
       vertex  1.59408e-01 -1.92585e-01  1.48378e+00
       vertex  1.17975e-01 -2.20413e-01  1.48384e+00
     endloop
  endfacet
  facet normal  4.11400e-04 -9.95326e-04 -3.06399e-05
     outer loop
       vertex  7.21041e-02 -2.39376e-01  1.48395e+00
       vertex  1.17975e-01 -2.20413e-01  1.48384e+00
       vertex  9.58764e-02 -2.30885e-01  1.52729e+00
     endloop
  endfacet
  facet normal -9.29283e-04  5.14209e-04 -2.93459e-05
     outer loop
       vertex -2.18454e-01  1.21565e-01  1.56955e+00
       vertex -2.05803e-01  1.41934e-01  1.52585e+00
       vertex -2.29507e-01  9.91279e-02  1.52643e+00
     endloop
  endfacet
  facet normal -8.76975e-04  6.09087e-04  3.00256e-05
     outer loop
       vertex -2.18454e-01  1.21565e-01  1.56955e+00
       vertex -1.90342e-01  1.62079e-01  1.56874e+00
       vertex -2.05803e-01  1.41934e-01  1.52585e+00
     endloop
  endfacet
  facet normal  1.01304e-03 -2.97488e-04  2.95790e-05
     outer loop
       vertex  2.39909e-01 -7.03129e-02  1.57000e+00
       vertex  2.45616e-01 -4.66135e-02  1.61288e+00
       vertex  2.31786e-01 -9.36772e-02  1.61321e+00
     endloop
  endfacet
  facet normal  7.52075e-04 -7.45996e-04  2.93543e-05
     outer loop
       vertex  1.93866e-01 -1.57848e-01  1.48375e+00
       vertex  1.59408e-01 -1.92585e-01  1.48378e+00
       vertex  1.77468e-01 -1.76083e-01  1.44046e+00
     endloop
  endfacet
  facet normal -8.17416e-04  6.91994e-04 -3.03811e-05
     outer loop
       vertex -1.73802e-01  1.79702e-01  1.52511e+00
       vertex -2.05803e-01  1.41934e-01  1.52585e+00
       vertex -1.90342e-01  1.62079e-01  1.56874e+00
     endloop
  endfacet
  facet normal -7.44692e-04  7.86608e-04  3.54015e-05
     outer loop
       vertex -1.90342e-01  1.62079e-01  1.56874e+00
       vertex -1.52558e-01  1.98056e-01  1.56419e+00
       vertex -1.73802e-01  1.79702e-01  1.52511e+00
     endloop
  endfacet
  facet normal  6.80990e-04 -8.25611e-04 -3.06111e-05
     outer loop
       vertex  1.77468e-01 -1.76083e-01  1.44046e+00
       vertex  1.59408e-01 -1.92585e-01  1.48378e+00
       vertex  1.39196e-01 -2.07665e-01  1.44083e+00
     endloop
  endfacet
  facet normal  9.90972e-04 -4.00580e-04 -3.03079e-05
     outer loop
       vertex  2.21375e-01 -1.16160e-01  1.56997e+00
       vertex  2.39909e-01 -7.03129e-02  1.57000e+00
       vertex  2.31786e-01 -9.36772e-02  1.61321e+00
     endloop
  endfacet
  facet normal  8.56741e-04  5.94590e-04 -3.00335e-05
     outer loop
       vertex  2.05519e-01  1.42344e-01  1.69716e+00
       vertex  2.18384e-01  1.21691e-01  1.65524e+00
       vertex  1.90253e-01  1.62184e-01  1.65446e+00
     endloop
  endfacet
  facet normal  9.36817e-04 -4.93868e-04 -3.02428e-05
     outer loop
       vertex  2.08514e-01 -1.37920e-01  1.52692e+00
       vertex  2.31572e-01 -9.42039e-02  1.52729e+00
       vertex  2.21375e-01 -1.16160e-01  1.56997e+00
     endloop
  endfacet
  facet normal  1.04076e-03 -9.25463e-05  2.97862e-05
     outer loop
       vertex  2.45616e-01 -4.66135e-02  1.61288e+00
       vertex  2.48997e-01 -2.23724e-02  1.57006e+00
       vertex  2.49989e-01  2.35919e-03  1.61224e+00
     endloop
  endfacet
  facet normal  8.93208e-04 -5.90177e-04 -3.06324e-05
     outer loop
       vertex  2.08514e-01 -1.37920e-01  1.52692e+00
       vertex  1.93866e-01 -1.57848e-01  1.48375e+00
       vertex  2.21226e-01 -1.16443e-01  1.48381e+00
     endloop
  endfacet
  facet normal  3.25154e-04  6.19404e-04  1.71401e-05
     outer loop
       vertex  1.36341e-01  2.09550e-01  1.26814e+00
       vertex  1.21549e-01  2.18462e-01  1.22667e+00
       vertex  1.00000e-01  2.29129e-01  1.25000e+00
     endloop
  endfacet
  facet normal  7.31326e-04  7.59859e-04 -3.02904e-05
     outer loop
       vertex  1.73257e-01  1.80227e-01  1.69675e+00
       vertex  1.90253e-01  1.62184e-01  1.65446e+00
       vertex  1.54615e-01  1.96454e-01  1.65371e+00
     endloop
  endfacet
  facet normal  5.03670e-04 -9.41554e-04 -3.05749e-05
     outer loop
       vertex  1.39196e-01 -2.07665e-01  1.44083e+00
       vertex  1.17975e-01 -2.20413e-01  1.48384e+00
       vertex  9.54618e-02 -2.31056e-01  1.44074e+00
     endloop
  endfacet
  facet normal  6.83932e-04 -8.28466e-04  3.06131e-05
     outer loop
       vertex  1.77468e-01 -1.76083e-01  1.44046e+00
       vertex  1.39196e-01 -2.07665e-01  1.44083e+00
       vertex  1.58869e-01 -1.93030e-01  1.39735e+00
     endloop
  endfacet
  facet normal  8.30914e-04 -6.74552e-04 -3.06158e-05
     outer loop
       vertex  1.93866e-01 -1.57848e-01  1.48375e+00
       vertex  1.77468e-01 -1.76083e-01  1.44046e+00
       vertex  2.08749e-01 -1.37564e-01  1.44076e+00
     endloop
  endfacet
  facet normal  1.06632e-03 -3.90088e-04 -2.53912e-05
     outer loop
       vertex  2.30482e-01 -9.68400e-02  4.49172e-02
       vertex  2.24895e-01 -1.09189e-01  0.00000e+00
       vertex  2.42264e-01 -6.17100e-02  0.00000e+00
     endloop
  endfacet
  facet normal  1.18063e-03 -1.76179e-04 -2.23685e-05
     outer loop
       vertex  2.42264e-01 -6.17100e-02  0.00000e+00
       vertex  2.49726e-01 -1.17070e-02  0.00000e+00
       vertex  2.44793e-01 -5.07574e-02  4.72224e-02
     endloop
  endfacet
  facet normal  6.60055e-04  8.39408e-04  3.05745e-05
     outer loop
       vertex  1.73257e-01  1.80227e-01  1.69675e+00
       vertex  1.54615e-01  1.96454e-01  1.65371e+00
       vertex  1.34270e-01  2.10883e-01  1.69679e+00
     endloop
  endfacet
  facet normal  9.46286e-04 -4.99375e-04  3.02546e-05
     outer loop
       vertex  2.08514e-01 -1.37920e-01  1.52692e+00
       vertex  2.21226e-01 -1.16443e-01  1.48381e+00
       vertex  2.31572e-01 -9.42039e-02  1.52729e+00
     endloop
  endfacet
  facet normal  7.68403e-04 -7.62627e-04 -3.17026e-05
     outer loop
       vertex  1.77468e-01 -1.76083e-01  1.44046e+00
       vertex  1.58869e-01 -1.93030e-01  1.39735e+00
       vertex  1.94230e-01 -1.57400e-01  1.39731e+00
     endloop
  endfacet
  facet normal  8.33842e-04 -6.77399e-04  3.06174e-05
     outer loop
       vertex  2.08749e-01 -1.37564e-01  1.44076e+00
       vertex  1.77468e-01 -1.76083e-01  1.44046e+00
       vertex  1.94230e-01 -1.57400e-01  1.39731e+00
     endloop
  endfacet
  facet normal  1.06610e-03  1.17909e-04  3.15873e-05
     outer loop
       vertex  2.48533e-01  2.70418e-02  1.56924e+00
       vertex  2.44490e-01  5.21976e-02  1.61179e+00
       vertex  2.49989e-01  2.35919e-03  1.61224e+00
     endloop
  endfacet
  facet normal  8.90614e-04 -5.88562e-04  3.06282e-05
     outer loop
       vertex  2.21226e-01 -1.16443e-01  1.48381e+00
       vertex  1.93866e-01 -1.57848e-01  1.48375e+00
       vertex  2.08749e-01 -1.37564e-01  1.44076e+00
     endloop
  endfacet
  facet normal  1.19954e-03  6.53692e-05 -2.29347e-05
     outer loop
       vertex  2.49726e-01 -1.17070e-02  0.00000e+00
       vertex  2.46975e-01  3.87747e-02  0.00000e+00
       vertex  2.50000e-01 -6.58221e-05  4.75238e-02
     endloop
  endfacet
  facet normal  4.09277e-04 -9.89845e-04  3.06475e-05
     outer loop
       vertex  9.54618e-02 -2.31056e-01  1.44074e+00
       vertex  1.17975e-01 -2.20413e-01  1.48384e+00
       vertex  7.21041e-02 -2.39376e-01  1.48395e+00
     endloop
  endfacet
  facet normal  9.43974e-04 -4.95415e-04 -3.05305e-05
     outer loop
       vertex  2.21226e-01 -1.16443e-01  1.48381e+00
       vertex  2.08749e-01 -1.37564e-01  1.44076e+00
       vertex  2.31789e-01 -9.36685e-02  1.44085e+00
     endloop
  endfacet
  facet normal  9.78551e-04 -3.95598e-04  3.02931e-05
     outer loop
       vertex  2.21375e-01 -1.16160e-01  1.56997e+00
       vertex  2.31572e-01 -9.42039e-02  1.52729e+00
       vertex  2.39909e-01 -7.03129e-02  1.57000e+00
     endloop
  endfacet
  facet normal  8.94888e-04 -5.88772e-04 -3.02473e-05
     outer loop
       vertex  1.94230e-01 -1.57400e-01  1.39731e+00
       vertex  2.21397e-01 -1.16118e-01  1.39750e+00
       vertex  2.08749e-01 -1.37564e-01  1.44076e+00
     endloop
  endfacet
  facet normal  9.50311e-04 -4.98869e-04  3.05343e-05
     outer loop
       vertex  2.31789e-01 -9.36685e-02  1.44085e+00
       vertex  2.08749e-01 -1.37564e-01  1.44076e+00
       vertex  2.21397e-01 -1.16118e-01  1.39750e+00
     endloop
  endfacet
  facet normal  6.69180e-04  1.12553e-03 -6.71817e-05
     outer loop
       vertex  1.36369e-01  2.09531e-01  1.18394e+00
       vertex  1.56371e-01  1.95059e-01  1.14071e+00
       vertex  1.00000e-01  2.29129e-01  1.15000e+00
     endloop
  endfacet
  facet normal  3.46923e-04  6.57913e-04 -1.71879e-05
     outer loop
       vertex  1.00000e-01  2.29129e-01  1.20000e+00
       vertex  1.21549e-01  2.18462e-01  1.22667e+00
       vertex  1.36369e-01  2.09531e-01  1.18394e+00
     endloop
  endfacet
  facet normal  5.94265e-04 -8.87603e-04 -2.98609e-05
     outer loop
       vertex  1.17981e-01 -2.20410e-01  1.39748e+00
       vertex  1.58869e-01 -1.93030e-01  1.39735e+00
       vertex  1.39196e-01 -2.07665e-01  1.44083e+00
     endloop
  endfacet
  facet normal  9.92243e-04 -4.02412e-04  3.06379e-05
     outer loop
       vertex  2.21226e-01 -1.16443e-01  1.48381e+00
       vertex  2.31789e-01 -9.36685e-02  1.44085e+00
       vertex  2.39870e-01 -7.04453e-02  1.48418e+00
     endloop
  endfacet
  facet normal  1.02715e-03 -1.94684e-04 -2.91129e-05
     outer loop
       vertex  2.39909e-01 -7.03129e-02  1.57000e+00
       vertex  2.48997e-01 -2.23724e-02  1.57006e+00
       vertex  2.45616e-01 -4.66135e-02  1.61288e+00
     endloop
  endfacet
  facet normal  1.00781e-03  3.22217e-04 -3.00177e-05
     outer loop
       vertex  2.44490e-01  5.21976e-02  1.61179e+00
       vertex  2.29495e-01  9.91574e-02  1.61242e+00
       vertex  2.38069e-01  7.63102e-02  1.65504e+00
     endloop
  endfacet
  facet normal  9.95961e-04 -4.03434e-04 -3.06362e-05
     outer loop
       vertex  2.21226e-01 -1.16443e-01  1.48381e+00
       vertex  2.39870e-01 -7.04453e-02  1.48418e+00
       vertex  2.31572e-01 -9.42039e-02  1.52729e+00
     endloop
  endfacet
  facet normal  5.06383e-04 -9.46866e-04  3.05748e-05
     outer loop
       vertex  1.39196e-01 -2.07665e-01  1.44083e+00
       vertex  9.54618e-02 -2.31056e-01  1.44074e+00
       vertex  1.17981e-01 -2.20410e-01  1.39748e+00
     endloop
  endfacet
  facet normal  1.05237e-03  9.37367e-06 -3.02424e-05
     outer loop
       vertex  2.49989e-01  2.35919e-03  1.61224e+00
       vertex  2.48997e-01 -2.23724e-02  1.57006e+00
       vertex  2.48533e-01  2.70418e-02  1.56924e+00
     endloop
  endfacet
  facet normal  1.01701e-03 -2.99693e-04  3.05784e-05
     outer loop
       vertex  2.45613e-01 -4.66311e-02  1.52657e+00
       vertex  2.31572e-01 -9.42039e-02  1.52729e+00
       vertex  2.39870e-01 -7.04453e-02  1.48418e+00
     endloop
  endfacet
  facet normal  1.01793e-03 -2.99635e-04 -2.92403e-05
     outer loop
       vertex  2.31789e-01 -9.36685e-02  1.44085e+00
       vertex  2.45582e-01 -4.67899e-02  1.44065e+00
       vertex  2.39870e-01 -7.04453e-02  1.48418e+00
     endloop
  endfacet
  facet normal  9.02867e-04 -5.57631e-04 -2.94041e-05
     outer loop
       vertex  2.08565e-01 -1.37843e-01  4.19802e-02
       vertex  1.98328e-01 -1.52203e-01  0.00000e+00
       vertex  2.24895e-01 -1.09189e-01  0.00000e+00
     endloop
  endfacet
  facet normal  1.02436e-03 -3.02792e-04 -3.05729e-05
     outer loop
       vertex  2.39909e-01 -7.03129e-02  1.57000e+00
       vertex  2.31572e-01 -9.42039e-02  1.52729e+00
       vertex  2.45613e-01 -4.66311e-02  1.52657e+00
     endloop
  endfacet
  facet normal  1.03514e-03 -1.95752e-04 -3.02650e-05
     outer loop
       vertex  2.45613e-01 -4.66311e-02  1.52657e+00
       vertex  2.39870e-01 -7.04453e-02  1.48418e+00
       vertex  2.49041e-01 -2.18734e-02  1.48371e+00
     endloop
  endfacet
  facet normal  1.05168e-03 -1.98294e-04  3.02598e-05
     outer loop
       vertex  2.49041e-01 -2.18734e-02  1.48371e+00
       vertex  2.39870e-01 -7.04453e-02  1.48418e+00
       vertex  2.45582e-01 -4.67899e-02  1.44065e+00
     endloop
  endfacet
  facet normal  1.11090e-03  2.91973e-04 -1.65833e-05
     outer loop
       vertex  2.45675e-01  4.62999e-02  4.54391e-02
       vertex  2.46975e-01  3.87747e-02  0.00000e+00
       vertex  2.34124e-01  8.76708e-02  0.00000e+00
     endloop
  endfacet
  facet normal  1.02495e-03  2.16380e-04 -3.05307e-05
     outer loop
       vertex  2.48533e-01  2.70418e-02  1.56924e+00
       vertex  2.38308e-01  7.55602e-02  1.56983e+00
       vertex  2.44490e-01  5.21976e-02  1.61179e+00
     endloop
  endfacet
  facet normal  1.06344e-03 -9.43499e-05  3.05719e-05
     outer loop
       vertex  2.45613e-01 -4.66311e-02  1.52657e+00
       vertex  2.49041e-01 -2.18734e-02  1.48371e+00
       vertex  2.49985e-01  2.77138e-03  1.52695e+00
     endloop
  endfacet
  facet normal  1.04167e-03 -1.97516e-04  2.91128e-05
     outer loop
       vertex  2.39909e-01 -7.03129e-02  1.57000e+00
       vertex  2.45613e-01 -4.66311e-02  1.52657e+00
       vertex  2.48997e-01 -2.23724e-02  1.57006e+00
     endloop
  endfacet
  facet normal  9.92667e-04  3.16584e-04  3.00085e-05
     outer loop
       vertex  2.44490e-01  5.21976e-02  1.61179e+00
       vertex  2.38308e-01  7.55602e-02  1.56983e+00
       vertex  2.29495e-01  9.91574e-02  1.61242e+00
     endloop
  endfacet
  facet normal  1.06962e-03 -9.44235e-05 -3.05677e-05
     outer loop
       vertex  2.45613e-01 -4.66311e-02  1.52657e+00
       vertex  2.49985e-01  2.77138e-03  1.52695e+00
       vertex  2.48997e-01 -2.23724e-02  1.57006e+00
     endloop
  endfacet
  facet normal  9.69377e-04  4.20360e-04  3.03273e-05
     outer loop
       vertex  2.38069e-01  7.63102e-02  1.65504e+00
       vertex  2.29495e-01  9.91574e-02  1.61242e+00
       vertex  2.18384e-01  1.21691e-01  1.65524e+00
     endloop
  endfacet
  facet normal  1.07095e-03  1.27664e-05 -3.06391e-05
     outer loop
       vertex  2.49985e-01  2.77138e-03  1.52695e+00
       vertex  2.49041e-01 -2.18734e-02  1.48371e+00
       vertex  2.48455e-01  2.77552e-02  1.48388e+00
     endloop
  endfacet
  facet normal  1.07621e-03 -9.49665e-05 -3.14934e-05
     outer loop
       vertex  2.49041e-01 -2.18734e-02  1.48371e+00
       vertex  2.45582e-01 -4.67899e-02  1.44065e+00
       vertex  2.49981e-01  3.10423e-03  1.44050e+00
     endloop
  endfacet
  facet normal  1.07447e-03  1.25986e-05  3.06397e-05
     outer loop
       vertex  2.48455e-01  2.77552e-02  1.48388e+00
       vertex  2.49041e-01 -2.18734e-02  1.48371e+00
       vertex  2.49981e-01  3.10423e-03  1.44050e+00
     endloop
  endfacet
  facet normal  1.05473e-03  1.04017e-05  3.02335e-05
     outer loop
       vertex  2.48533e-01  2.70418e-02  1.56924e+00
       vertex  2.48997e-01 -2.23724e-02  1.57006e+00
       vertex  2.49985e-01  2.77138e-03  1.52695e+00
     endloop
  endfacet
  facet normal  1.05162e-03  1.16432e-04  3.01772e-05
     outer loop
       vertex  2.44563e-01  5.18563e-02  1.52651e+00
       vertex  2.49985e-01  2.77138e-03  1.52695e+00
       vertex  2.48455e-01  2.77552e-02  1.48388e+00
     endloop
  endfacet
  facet normal  1.04314e-03  1.14955e-04 -3.01737e-05
     outer loop
       vertex  2.48533e-01  2.70418e-02  1.56924e+00
       vertex  2.49985e-01  2.77138e-03  1.52695e+00
       vertex  2.44563e-01  5.18563e-02  1.52651e+00
     endloop
  endfacet
  facet normal  1.03370e-03  2.20581e-04 -3.03357e-05
     outer loop
       vertex  2.44563e-01  5.18563e-02  1.52651e+00
       vertex  2.48455e-01  2.77552e-02  1.48388e+00
       vertex  2.38125e-01  7.61351e-02  1.48368e+00
     endloop
  endfacet
  facet normal  1.06147e-03  1.18334e-04 -2.98960e-05
     outer loop
       vertex  2.49981e-01  3.10423e-03  1.44050e+00
       vertex  2.44526e-01  5.20284e-02  1.44048e+00
       vertex  2.48455e-01  2.77552e-02  1.48388e+00
     endloop
  endfacet
  facet normal  1.04741e-03  2.23760e-04  3.03403e-05
     outer loop
       vertex  2.38125e-01  7.61351e-02  1.48368e+00
       vertex  2.48455e-01  2.77552e-02  1.48388e+00
       vertex  2.44526e-01  5.20284e-02  1.44048e+00
     endloop
  endfacet
  facet normal  1.04381e-03  2.19613e-04  3.05474e-05
     outer loop
       vertex  2.48533e-01  2.70418e-02  1.56924e+00
       vertex  2.44563e-01  5.18563e-02  1.52651e+00
       vertex  2.38308e-01  7.55602e-02  1.56983e+00
     endloop
  endfacet
  facet normal  9.88414e-04  3.12835e-04  2.87623e-05
     outer loop
       vertex  2.44563e-01  5.18563e-02  1.52651e+00
       vertex  2.38125e-01  7.61351e-02  1.48368e+00
       vertex  2.29903e-01  9.82079e-02  1.52616e+00
     endloop
  endfacet
  facet normal  1.00805e-03  3.18607e-04 -2.87905e-05
     outer loop
       vertex  2.44563e-01  5.18563e-02  1.52651e+00
       vertex  2.29903e-01  9.82079e-02  1.52616e+00
       vertex  2.38308e-01  7.55602e-02  1.56983e+00
     endloop
  endfacet
  facet normal  9.78325e-04  4.20448e-04 -3.05042e-05
     outer loop
       vertex  2.29495e-01  9.91574e-02  1.61242e+00
       vertex  2.38308e-01  7.55602e-02  1.56983e+00
       vertex  2.18719e-01  1.21087e-01  1.56908e+00
     endloop
  endfacet
  facet normal  9.85583e-04  4.24571e-04  3.04900e-05
     outer loop
       vertex  2.18719e-01  1.21087e-01  1.56908e+00
       vertex  2.38308e-01  7.55602e-02  1.56983e+00
       vertex  2.29903e-01  9.82079e-02  1.52616e+00
     endloop
  endfacet
  facet normal  9.34046e-04  5.18707e-04 -3.05863e-05
     outer loop
       vertex  2.18384e-01  1.21691e-01  1.65524e+00
       vertex  2.29495e-01  9.91574e-02  1.61242e+00
       vertex  2.05399e-01  1.42517e-01  1.61192e+00
     endloop
  endfacet
  facet normal  5.39847e-04  9.84722e-04 -0.00000e+00
     outer loop
       vertex  1.00000e-01  2.29129e-01  4.00000e-01
       vertex  1.00000e-01  2.29129e-01  4.50000e-01
       vertex  1.39389e-01  2.07535e-01  4.32522e-01
     endloop
  endfacet
  facet normal  9.34096e-04  5.19436e-04  3.05825e-05
     outer loop
       vertex  2.05399e-01  1.42517e-01  1.61192e+00
       vertex  2.29495e-01  9.91574e-02  1.61242e+00
       vertex  2.18719e-01  1.21087e-01  1.56908e+00
     endloop
  endfacet
  facet normal  8.69039e-04  6.04288e-04  3.00386e-05
     outer loop
       vertex  1.90253e-01  1.62184e-01  1.65446e+00
       vertex  2.18384e-01  1.21691e-01  1.65524e+00
       vertex  2.05399e-01  1.42517e-01  1.61192e+00
     endloop
  endfacet
  facet normal  8.06911e-04  6.87193e-04 -3.04052e-05
     outer loop
       vertex  1.90253e-01  1.62184e-01  1.65446e+00
       vertex  2.05399e-01  1.42517e-01  1.61192e+00
       vertex  1.73290e-01  1.80196e-01  1.61137e+00
     endloop
  endfacet
  facet normal  1.02406e-03  3.27355e-04 -3.09289e-05
     outer loop
       vertex  2.44526e-01  5.20284e-02  1.44048e+00
       vertex  2.29367e-01  9.94515e-02  1.44050e+00
       vertex  2.38125e-01  7.61351e-02  1.48368e+00
     endloop
  endfacet
  facet normal  9.58882e-04  4.14947e-04 -3.00107e-05
     outer loop
       vertex  2.29903e-01  9.82079e-02  1.52616e+00
       vertex  2.38125e-01  7.61351e-02  1.48368e+00
       vertex  2.18542e-01  1.21406e-01  1.48392e+00
     endloop
  endfacet
  facet normal  7.31582e-04  7.61465e-04  3.02905e-05
     outer loop
       vertex  1.54615e-01  1.96454e-01  1.65371e+00
       vertex  1.90253e-01  1.62184e-01  1.65446e+00
       vertex  1.73290e-01  1.80196e-01  1.61137e+00
     endloop
  endfacet
  facet normal  8.79604e-04  6.07342e-04 -3.03335e-05
     outer loop
       vertex  2.18719e-01  1.21087e-01  1.56908e+00
       vertex  1.90593e-01  1.61785e-01  1.56835e+00
       vertex  2.05399e-01  1.42517e-01  1.61192e+00
     endloop
  endfacet
  facet normal  9.68787e-04 -3.93360e-04 -2.85399e-05
     outer loop
       vertex  2.39645e-01 -7.12048e-02  1.39791e+00
       vertex  2.31789e-01 -9.36685e-02  1.44085e+00
       vertex  2.21397e-01 -1.16118e-01  1.39750e+00
     endloop
  endfacet
  facet normal  7.28500e-04  9.30277e-04 -3.58997e-05
     outer loop
       vertex  1.54615e-01  1.96454e-01  1.65371e+00
       vertex  1.73290e-01  1.80196e-01  1.61137e+00
       vertex  1.31946e-01  2.12345e-01  1.60547e+00
     endloop
  endfacet
  facet normal  8.15581e-04  6.95469e-04  3.03937e-05
     outer loop
       vertex  1.73290e-01  1.80196e-01  1.61137e+00
       vertex  2.05399e-01  1.42517e-01  1.61192e+00
       vertex  1.90593e-01  1.61785e-01  1.56835e+00
     endloop
  endfacet
  facet normal  6.54658e-04  8.48477e-04  3.57856e-05
     outer loop
       vertex  1.31946e-01  2.12345e-01  1.60547e+00
       vertex  1.73290e-01  1.80196e-01  1.61137e+00
       vertex  1.55097e-01  1.96073e-01  1.56773e+00
     endloop
  endfacet
  facet normal  9.15070e-04  5.04504e-04 -3.04903e-05
     outer loop
       vertex  2.29903e-01  9.82079e-02  1.52616e+00
       vertex  2.06011e-01  1.41631e-01  1.52763e+00
       vertex  2.18719e-01  1.21087e-01  1.56908e+00
     endloop
  endfacet
  facet normal  8.86250e-04 -5.83370e-04  3.02446e-05
     outer loop
       vertex  2.08680e-01 -1.37668e-01  1.35447e+00
       vertex  2.21397e-01 -1.16118e-01  1.39750e+00
       vertex  1.94230e-01 -1.57400e-01  1.39731e+00
     endloop
  endfacet
  facet normal  7.92868e-04  1.29263e-03  7.05748e-05
     outer loop
       vertex  1.56371e-01  1.95059e-01  1.14071e+00
       vertex  1.32913e-01  2.11741e-01  1.09872e+00
       vertex  1.00000e-01  2.29129e-01  1.15000e+00
     endloop
  endfacet
  facet normal  9.80188e-04  4.23840e-04  3.00725e-05
     outer loop
       vertex  2.18542e-01  1.21406e-01  1.48392e+00
       vertex  2.38125e-01  7.61351e-02  1.48368e+00
       vertex  2.29367e-01  9.94515e-02  1.44050e+00
     endloop
  endfacet
  facet normal  7.43289e-04  7.68910e-04 -3.01083e-05
     outer loop
       vertex  1.90593e-01  1.61785e-01  1.56835e+00
       vertex  1.55097e-01  1.96073e-01  1.56773e+00
       vertex  1.73290e-01  1.80196e-01  1.61137e+00
     endloop
  endfacet
  facet normal  1.00408e-03 -2.95307e-04  2.92194e-05
     outer loop
       vertex  2.39645e-01 -7.12048e-02  1.39791e+00
       vertex  2.45582e-01 -4.67899e-02  1.44065e+00
       vertex  2.31789e-01 -9.36685e-02  1.44085e+00
     endloop
  endfacet
  facet normal  7.64382e-04 -7.58573e-04  3.17027e-05
     outer loop
       vertex  1.77450e-01 -1.76100e-01  1.35442e+00
       vertex  1.94230e-01 -1.57400e-01  1.39731e+00
       vertex  1.58869e-01 -1.93030e-01  1.39735e+00
     endloop
  endfacet
  facet normal  8.35945e-04  5.78261e-04  3.03259e-05
     outer loop
       vertex  2.18719e-01  1.21087e-01  1.56908e+00
       vertex  2.06011e-01  1.41631e-01  1.52763e+00
       vertex  1.90593e-01  1.61785e-01  1.56835e+00
     endloop
  endfacet
  facet normal  9.34125e-04  5.12922e-04  3.04599e-05
     outer loop
       vertex  2.29903e-01  9.82079e-02  1.52616e+00
       vertex  2.18542e-01  1.21406e-01  1.48392e+00
       vertex  2.06011e-01  1.41631e-01  1.52763e+00
     endloop
  endfacet
  facet normal  1.05329e-03 -9.27568e-05  3.14651e-05
     outer loop
       vertex  2.48967e-01 -2.27066e-02  1.39835e+00
       vertex  2.49981e-01  3.10423e-03  1.44050e+00
       vertex  2.45582e-01 -4.67899e-02  1.44065e+00
     endloop
  endfacet
  facet normal  7.36260e-04  7.62721e-04  3.00859e-05
     outer loop
       vertex  1.90593e-01  1.61785e-01  1.56835e+00
       vertex  1.74322e-01  1.79198e-01  1.52509e+00
       vertex  1.55097e-01  1.96073e-01  1.56773e+00
     endloop
  endfacet
  facet normal  5.94357e-04 -8.87445e-04  2.98612e-05
     outer loop
       vertex  1.39169e-01 -2.07683e-01  1.35400e+00
       vertex  1.58869e-01 -1.93030e-01  1.39735e+00
       vertex  1.17981e-01 -2.20410e-01  1.39748e+00
     endloop
  endfacet
  facet normal  1.03086e-03  1.14940e-04  2.98288e-05
     outer loop
       vertex  2.48587e-01  2.65384e-02  1.39835e+00
       vertex  2.44526e-01  5.20284e-02  1.44048e+00
       vertex  2.49981e-01  3.10423e-03  1.44050e+00
     endloop
  endfacet
  facet normal  7.90421e-04  6.64746e-04 -2.97198e-05
     outer loop
       vertex  1.90593e-01  1.61785e-01  1.56835e+00
       vertex  2.06011e-01  1.41631e-01  1.52763e+00
       vertex  1.74322e-01  1.79198e-01  1.52509e+00
     endloop
  endfacet
  facet normal  9.97494e-04  3.18835e-04  3.08242e-05
     outer loop
       vertex  2.38568e-01  7.47355e-02  1.39842e+00
       vertex  2.29367e-01  9.94515e-02  1.44050e+00
       vertex  2.44526e-01  5.20284e-02  1.44048e+00
     endloop
  endfacet
  facet normal  4.25080e-04  8.07447e-04  0.00000e+00
     outer loop
       vertex  1.32298e-01  2.12126e-01  6.11286e-01
       vertex  1.00000e-01  2.29129e-01  6.00000e-01
       vertex  1.00000e-01  2.29129e-01  6.50000e-01
     endloop
  endfacet
  facet normal  6.66868e-04  8.36999e-04 -3.05970e-05
     outer loop
       vertex  1.55097e-01  1.96073e-01  1.56773e+00
       vertex  1.74322e-01  1.79198e-01  1.52509e+00
       vertex  1.35494e-01  2.10098e-01  1.52413e+00
     endloop
  endfacet
  facet normal  8.40015e-04  5.73441e-04 -2.45233e-05
     outer loop
       vertex  2.06011e-01  1.41631e-01  1.52763e+00
       vertex  2.18542e-01  1.21406e-01  1.48392e+00
       vertex  1.92534e-01  1.59470e-01  1.48312e+00
     endloop
  endfacet
  facet normal  8.13421e-04  6.88156e-04  2.95008e-05
     outer loop
       vertex  1.74322e-01  1.79198e-01  1.52509e+00
       vertex  2.06011e-01  1.41631e-01  1.52763e+00
       vertex  1.92534e-01  1.59470e-01  1.48312e+00
     endloop
  endfacet
  facet normal  8.92292e-04  4.90482e-04 -2.55370e-05
     outer loop
       vertex  2.06844e-01  1.40412e-01  1.44023e+00
       vertex  2.18542e-01  1.21406e-01  1.48392e+00
       vertex  2.29367e-01  9.94515e-02  1.44050e+00
     endloop
  endfacet
  facet normal  8.23975e-04  5.63517e-04  2.45206e-05
     outer loop
       vertex  1.92534e-01  1.59470e-01  1.48312e+00
       vertex  2.18542e-01  1.21406e-01  1.48392e+00
       vertex  2.06844e-01  1.40412e-01  1.44023e+00
     endloop
  endfacet
  facet normal  7.59930e-04  7.86302e-04 -3.98403e-05
     outer loop
       vertex  1.74322e-01  1.79198e-01  1.52509e+00
       vertex  1.92534e-01  1.59470e-01  1.48312e+00
       vertex  1.53668e-01  1.97196e-01  1.48634e+00
     endloop
  endfacet
  facet normal  5.90114e-04  7.42437e-04  3.02996e-05
     outer loop
       vertex  1.35494e-01  2.10098e-01  1.52413e+00
       vertex  1.74322e-01  1.79198e-01  1.52509e+00
       vertex  1.53668e-01  1.97196e-01  1.48634e+00
     endloop
  endfacet
  facet normal  8.86745e-04  4.87774e-04  2.55886e-05
     outer loop
       vertex  2.06844e-01  1.40412e-01  1.44023e+00
       vertex  2.29367e-01  9.94515e-02  1.44050e+00
       vertex  2.19188e-01  1.20236e-01  1.39706e+00
     endloop
  endfacet
  facet normal  8.31671e-04  8.53420e-04  3.97305e-05
     outer loop
       vertex  1.75163e-01  1.78376e-01  1.44064e+00
       vertex  1.53668e-01  1.97196e-01  1.48634e+00
       vertex  1.92534e-01  1.59470e-01  1.48312e+00
     endloop
  endfacet
  facet normal  8.10206e-04  6.76455e-04 -3.02553e-05
     outer loop
       vertex  1.92534e-01  1.59470e-01  1.48312e+00
       vertex  2.06844e-01  1.40412e-01  1.44023e+00
       vertex  1.75163e-01  1.78376e-01  1.44064e+00
     endloop
  endfacet
  facet normal  9.74077e-04  4.13986e-04 -3.01852e-05
     outer loop
       vertex  2.19188e-01  1.20236e-01  1.39706e+00
       vertex  2.29367e-01  9.94515e-02  1.44050e+00
       vertex  2.38568e-01  7.47355e-02  1.39842e+00
     endloop
  endfacet
  facet normal  1.01438e-03  2.10925e-04 -2.98293e-05
     outer loop
       vertex  2.38568e-01  7.47355e-02  1.39842e+00
       vertex  2.44526e-01  5.20284e-02  1.44048e+00
       vertex  2.48587e-01  2.65384e-02  1.39835e+00
     endloop
  endfacet
  facet normal  9.72312e-04 -3.95313e-04  2.85441e-05
     outer loop
       vertex  2.39645e-01 -7.12048e-02  1.39791e+00
       vertex  2.21397e-01 -1.16118e-01  1.39750e+00
       vertex  2.31751e-01 -9.37637e-02  1.35441e+00
     endloop
  endfacet
  facet normal  8.72940e-04  5.98865e-04 -3.02897e-05
     outer loop
       vertex  2.06844e-01  1.40412e-01  1.44023e+00
       vertex  2.19188e-01  1.20236e-01  1.39706e+00
       vertex  1.91218e-01  1.61046e-01  1.39784e+00
     endloop
  endfacet
  facet normal  1.03774e-03  7.98890e-06 -2.98625e-05
     outer loop
       vertex  2.48587e-01  2.65384e-02  1.39835e+00
       vertex  2.49981e-01  3.10423e-03  1.44050e+00
       vertex  2.48967e-01 -2.27066e-02  1.39835e+00
     endloop
  endfacet
  facet normal  8.08918e-04  6.74720e-04  3.02341e-05
     outer loop
       vertex  1.75163e-01  1.78376e-01  1.44064e+00
       vertex  2.06844e-01  1.40412e-01  1.44023e+00
       vertex  1.91218e-01  1.61046e-01  1.39784e+00
     endloop
  endfacet
  facet normal  1.03085e-03 -1.97858e-04 -3.01784e-05
     outer loop
       vertex  2.48967e-01 -2.27066e-02  1.39835e+00
       vertex  2.45582e-01 -4.67899e-02  1.44065e+00
       vertex  2.39645e-01 -7.12048e-02  1.39791e+00
     endloop
  endfacet
  facet normal  8.07645e-04  1.32249e-03 -7.36202e-05
     outer loop
       vertex  1.32913e-01  2.11741e-01  1.09872e+00
       vertex  1.57041e-01  1.94520e-01  1.05407e+00
       vertex  1.00000e-01  2.29129e-01  1.05000e+00
     endloop
  endfacet
  facet normal  9.45367e-04 -4.96799e-04 -3.05742e-05
     outer loop
       vertex  2.31751e-01 -9.37637e-02  1.35441e+00
       vertex  2.21397e-01 -1.16118e-01  1.39750e+00
       vertex  2.08680e-01 -1.37668e-01  1.35447e+00
     endloop
  endfacet
  facet normal  7.33273e-04  7.53794e-04 -3.01519e-05
     outer loop
       vertex  1.75163e-01  1.78376e-01  1.44064e+00
       vertex  1.91218e-01  1.61046e-01  1.39784e+00
       vertex  1.55817e-01  1.95502e-01  1.39832e+00
     endloop
  endfacet
  facet normal  9.85129e-04  4.20497e-04  3.02440e-05
     outer loop
       vertex  2.19188e-01  1.20236e-01  1.39706e+00
       vertex  2.38568e-01  7.47355e-02  1.39842e+00
       vertex  2.30471e-01  9.68664e-02  1.35446e+00
     endloop
  endfacet
  facet normal  7.23171e-04  9.21651e-04 -3.94075e-05
     outer loop
       vertex  1.75163e-01  1.78376e-01  1.44064e+00
       vertex  1.32753e-01  2.11841e-01  1.44505e+00
       vertex  1.53668e-01  1.97196e-01  1.48634e+00
     endloop
  endfacet
  facet normal  7.46212e-04  7.66246e-04  3.02037e-05
     outer loop
       vertex  1.55817e-01  1.95502e-01  1.39832e+00
       vertex  1.91218e-01  1.61046e-01  1.39784e+00
       vertex  1.74067e-01  1.79445e-01  1.35478e+00
     endloop
  endfacet
  facet normal  8.83920e-04  6.05243e-04  3.03285e-05
     outer loop
       vertex  1.91218e-01  1.61046e-01  1.39784e+00
       vertex  2.19188e-01  1.20236e-01  1.39706e+00
       vertex  2.05830e-01  1.41894e-01  1.35416e+00
     endloop
  endfacet
  facet normal  8.23725e-04 -6.69322e-04 -3.04294e-05
     outer loop
       vertex  2.08680e-01 -1.37668e-01  1.35447e+00
       vertex  1.94230e-01 -1.57400e-01  1.39731e+00
       vertex  1.77450e-01 -1.76100e-01  1.35442e+00
     endloop
  endfacet
  facet normal  9.62748e-04  5.26623e-04 -3.38946e-05
     outer loop
       vertex  2.19188e-01  1.20236e-01  1.39706e+00
       vertex  2.30471e-01  9.68664e-02  1.35446e+00
       vertex  2.05830e-01  1.41894e-01  1.35416e+00
     endloop
  endfacet
  facet normal  7.45918e-04  9.40098e-04  3.94526e-05
     outer loop
       vertex  1.75163e-01  1.78376e-01  1.44064e+00
       vertex  1.55817e-01  1.95502e-01  1.39832e+00
       vertex  1.32753e-01  2.11841e-01  1.44505e+00
     endloop
  endfacet
  facet normal  8.14167e-04  6.89163e-04 -2.98015e-05
     outer loop
       vertex  2.05830e-01  1.41894e-01  1.35416e+00
       vertex  1.74067e-01  1.79445e-01  1.35478e+00
       vertex  1.91218e-01  1.61046e-01  1.39784e+00
     endloop
  endfacet
  facet normal  6.81369e-04 -8.25501e-04 -3.06293e-05
     outer loop
       vertex  1.77450e-01 -1.76100e-01  1.35442e+00
       vertex  1.58869e-01 -1.93030e-01  1.39735e+00
       vertex  1.39169e-01 -2.07683e-01  1.35400e+00
     endloop
  endfacet
  facet normal  9.41620e-04  4.66040e-04 -2.98961e-05
     outer loop
       vertex  2.27085e-01  1.04559e-01  4.15629e-02
       vertex  2.34124e-01  8.76708e-02  0.00000e+00
       vertex  2.11698e-01  1.32981e-01  0.00000e+00
     endloop
  endfacet
  facet normal  1.00240e-03  3.11412e-04 -2.78510e-05
     outer loop
       vertex  2.44753e-01  5.09493e-02  1.35508e+00
       vertex  2.30471e-01  9.68664e-02  1.35446e+00
       vertex  2.38568e-01  7.47355e-02  1.39842e+00
     endloop
  endfacet
  facet normal  1.04348e-03  2.16880e-04  2.98964e-05
     outer loop
       vertex  2.38568e-01  7.47355e-02  1.39842e+00
       vertex  2.48587e-01  2.65384e-02  1.39835e+00
       vertex  2.44753e-01  5.09493e-02  1.35508e+00
     endloop
  endfacet
  facet normal  8.18919e-04  6.38405e-04 -3.11298e-05
     outer loop
       vertex  2.00195e-01  1.49740e-01  4.10771e-02
       vertex  2.11698e-01  1.32981e-01  0.00000e+00
       vertex  1.80614e-01  1.72854e-01  0.00000e+00
     endloop
  endfacet
  facet normal  7.07130e-04  8.29276e-04 -3.23004e-05
     outer loop
       vertex  1.63212e-01  1.89372e-01  4.31133e-02
       vertex  1.80614e-01  1.72854e-01  0.00000e+00
       vertex  1.42145e-01  2.05657e-01  0.00000e+00
     endloop
  endfacet
  facet normal  3.77244e-04  7.29482e-04 -0.00000e+00
     outer loop
       vertex  1.00000e-01  2.29129e-01  2.50000e-01
       vertex  1.00000e-01  2.29129e-01  3.00000e-01
       vertex  1.29179e-01  2.14039e-01  2.44282e-01
     endloop
  endfacet
  facet normal  3.77244e-04  7.29482e-04  0.00000e+00
     outer loop
       vertex  1.00000e-01  2.29129e-01  2.50000e-01
       vertex  1.29179e-01  2.14039e-01  2.44282e-01
       vertex  1.00000e-01  2.29129e-01  2.00000e-01
     endloop
  endfacet
  facet normal  6.09961e-04  1.08691e-03 -0.00000e+00
     outer loop
       vertex  1.00000e-01  2.29129e-01  1.50000e-01
       vertex  1.00000e-01  2.29129e-01  2.00000e-01
       vertex  1.43476e-01  2.04730e-01  1.89996e-01
     endloop
  endfacet
  facet normal  4.81097e-04  8.95615e-04  0.00000e+00
     outer loop
       vertex  1.35825e-01  2.09885e-01  3.25390e-01
       vertex  1.00000e-01  2.29129e-01  3.00000e-01
       vertex  1.00000e-01  2.29129e-01  3.50000e-01
     endloop
  endfacet
  facet normal  6.92407e-04  1.20177e-03 -0.00000e+00
     outer loop
       vertex  1.00000e-01  2.29129e-01  3.50000e-01
       vertex  1.00000e-01  2.29129e-01  4.00000e-01
       vertex  1.48071e-01  2.01433e-01  3.77179e-01
     endloop
  endfacet
  facet normal  1.06097e-03  1.13400e-04 -3.00428e-05
     outer loop
       vertex  2.49993e-01  1.92084e-03  1.35505e+00
       vertex  2.44753e-01  5.09493e-02  1.35508e+00
       vertex  2.48587e-01  2.65384e-02  1.39835e+00
     endloop
  endfacet
  facet normal  3.41534e-04  6.69561e-04  0.00000e+00
     outer loop
       vertex  1.26782e-01  2.15467e-01  5.67828e-01
       vertex  1.00000e-01  2.29129e-01  5.50000e-01
       vertex  1.00000e-01  2.29129e-01  6.00000e-01
     endloop
  endfacet
  facet normal  1.06615e-03  8.21378e-06  2.99309e-05
     outer loop
       vertex  2.48587e-01  2.65384e-02  1.39835e+00
       vertex  2.48967e-01 -2.27066e-02  1.39835e+00
       vertex  2.49993e-01  1.92084e-03  1.35505e+00
     endloop
  endfacet
  facet normal  1.05767e-03 -9.56702e-05 -2.93518e-05
     outer loop
       vertex  2.45579e-01 -4.68076e-02  1.35483e+00
       vertex  2.49993e-01  1.92084e-03  1.35505e+00
       vertex  2.48967e-01 -2.27066e-02  1.39835e+00
     endloop
  endfacet
  facet normal  1.04998e-03 -2.02078e-04  3.01791e-05
     outer loop
       vertex  2.48967e-01 -2.27066e-02  1.39835e+00
       vertex  2.39645e-01 -7.12048e-02  1.39791e+00
       vertex  2.45579e-01 -4.68076e-02  1.35483e+00
     endloop
  endfacet
  facet normal  6.03765e-04  1.00315e-03  6.84138e-05
     outer loop
       vertex  1.57041e-01  1.94520e-01  1.05407e+00
       vertex  1.37804e-01  2.08591e-01  1.01752e+00
       vertex  1.00000e-01  2.29129e-01  1.05000e+00
     endloop
  endfacet
  facet normal  1.01659e-03 -2.99117e-04 -2.93750e-05
     outer loop
       vertex  2.39645e-01 -7.12048e-02  1.39791e+00
       vertex  2.31751e-01 -9.37637e-02  1.35441e+00
       vertex  2.45579e-01 -4.68076e-02  1.35483e+00
     endloop
  endfacet
  facet normal  1.01657e-03 -2.99639e-04  2.93859e-05
     outer loop
       vertex  2.45579e-01 -4.68076e-02  1.35483e+00
       vertex  2.31751e-01 -9.37637e-02  1.35441e+00
       vertex  2.39923e-01 -7.02632e-02  1.31132e+00
     endloop
  endfacet
  facet normal  1.04438e-03 -9.47247e-05  2.92987e-05
     outer loop
       vertex  2.45579e-01 -4.68076e-02  1.35483e+00
       vertex  2.49074e-01 -2.15026e-02  1.31208e+00
       vertex  2.49993e-01  1.92084e-03  1.35505e+00
     endloop
  endfacet
  facet normal  9.94681e-04 -4.02309e-04 -3.07639e-05
     outer loop
       vertex  2.39923e-01 -7.02632e-02  1.31132e+00
       vertex  2.31751e-01 -9.37637e-02  1.35441e+00
       vertex  2.21284e-01 -1.16334e-01  1.31114e+00
     endloop
  endfacet
  facet normal  9.50555e-04 -4.99446e-04  3.05760e-05
     outer loop
       vertex  2.31751e-01 -9.37637e-02  1.35441e+00
       vertex  2.08680e-01 -1.37668e-01  1.35447e+00
       vertex  2.21284e-01 -1.16334e-01  1.31114e+00
     endloop
  endfacet
  facet normal  1.05193e-03 -1.96932e-04 -3.05784e-05
     outer loop
       vertex  2.45579e-01 -4.68076e-02  1.35483e+00
       vertex  2.39923e-01 -7.02632e-02  1.31132e+00
       vertex  2.49074e-01 -2.15026e-02  1.31208e+00
     endloop
  endfacet
  facet normal  9.57885e-04  2.98321e-04  2.76896e-05
     outer loop
       vertex  2.44753e-01  5.09493e-02  1.35508e+00
       vertex  2.38147e-01  7.60648e-02  1.31302e+00
       vertex  2.30471e-01  9.68664e-02  1.35446e+00
     endloop
  endfacet
  facet normal  9.22723e-04  5.05177e-04  3.38332e-05
     outer loop
       vertex  2.30471e-01  9.68664e-02  1.35446e+00
       vertex  2.18768e-01  1.20998e-01  1.31331e+00
       vertex  2.05830e-01  1.41894e-01  1.35416e+00
     endloop
  endfacet
  facet normal  1.03548e-03  1.10633e-04  2.99537e-05
     outer loop
       vertex  2.49993e-01  1.92084e-03  1.35505e+00
       vertex  2.48438e-01  2.79010e-02  1.31283e+00
       vertex  2.44753e-01  5.09493e-02  1.35508e+00
     endloop
  endfacet
  facet normal  1.05571e-03 -1.98590e-04  3.05815e-05
     outer loop
       vertex  2.49074e-01 -2.15026e-02  1.31208e+00
       vertex  2.39923e-01 -7.02632e-02  1.31132e+00
       vertex  2.45832e-01 -4.54582e-02  1.26841e+00
     endloop
  endfacet
  facet normal  9.97391e-04 -4.03652e-04  3.07626e-05
     outer loop
       vertex  2.39923e-01 -7.02632e-02  1.31132e+00
       vertex  2.21284e-01 -1.16334e-01  1.31114e+00
       vertex  2.31812e-01 -9.36125e-02  1.26793e+00
     endloop
  endfacet
  facet normal  8.08677e-04  6.83530e-04  2.98153e-05
     outer loop
       vertex  2.05830e-01  1.41894e-01  1.35416e+00
       vertex  1.90906e-01  1.61415e-01  1.31141e+00
       vertex  1.74067e-01  1.79445e-01  1.35478e+00
     endloop
  endfacet
  facet normal  9.13093e-04  1.43518e-03  9.59211e-05
     outer loop
       vertex  1.63212e-01  1.89372e-01  4.31133e-02
       vertex  1.42145e-01  2.05657e-01  0.00000e+00
       vertex  1.00000e-01  2.29129e-01  5.00000e-02
     endloop
  endfacet
  facet normal  1.03921e-03 -3.02264e-04 -3.16114e-05
     outer loop
       vertex  2.45832e-01 -4.54582e-02  1.26841e+00
       vertex  2.39923e-01 -7.02632e-02  1.31132e+00
       vertex  2.31812e-01 -9.36125e-02  1.26793e+00
     endloop
  endfacet
  facet normal  5.30180e-04  9.52190e-04 -2.77757e-05
     outer loop
       vertex  1.47485e-01  2.01862e-01  9.71636e-01
       vertex  1.00000e-01  2.29129e-01  1.00000e+00
       vertex  1.37804e-01  2.08591e-01  1.01752e+00
     endloop
  endfacet
  facet normal  8.94568e-04 -5.90090e-04 -3.03420e-05
     outer loop
       vertex  1.94044e-01 -1.57629e-01  1.31114e+00
       vertex  2.21284e-01 -1.16334e-01  1.31114e+00
       vertex  2.08680e-01 -1.37668e-01  1.35447e+00
     endloop
  endfacet
  facet normal  1.05265e-03  1.39939e-05 -3.01436e-05
     outer loop
       vertex  2.49993e-01  1.92084e-03  1.35505e+00
       vertex  2.49074e-01 -2.15026e-02  1.31208e+00
       vertex  2.48438e-01  2.79010e-02  1.31283e+00
     endloop
  endfacet
  facet normal  5.27703e-04  9.41166e-04  2.79558e-05
     outer loop
       vertex  1.47485e-01  2.01862e-01  9.71636e-01
       vertex  1.37716e-01  2.08649e-01  9.27544e-01
       vertex  1.00000e-01  2.29129e-01  9.50000e-01
     endloop
  endfacet
  facet normal  8.32035e-04 -6.76145e-04  3.04349e-05
     outer loop
       vertex  2.08680e-01 -1.37668e-01  1.35447e+00
       vertex  1.77450e-01 -1.76100e-01  1.35442e+00
       vertex  1.94044e-01 -1.57629e-01  1.31114e+00
     endloop
  endfacet
  facet normal  5.82079e-04  9.94098e-04 -5.78894e-05
     outer loop
       vertex  1.37716e-01  2.08649e-01  9.27544e-01
       vertex  1.54825e-01  1.96289e-01  8.87324e-01
       vertex  1.00000e-01  2.29129e-01  9.00000e-01
     endloop
  endfacet
  facet normal  1.01540e-03  2.17074e-04 -2.98540e-05
     outer loop
       vertex  2.44753e-01  5.09493e-02  1.35508e+00
       vertex  2.48438e-01  2.79010e-02  1.31283e+00
       vertex  2.38147e-01  7.60648e-02  1.31302e+00
     endloop
  endfacet
  facet normal  1.06822e-03 -8.91336e-05 -3.03863e-05
     outer loop
       vertex  2.45832e-01 -4.54582e-02  1.26841e+00
       vertex  2.49970e-01  3.87295e-03  1.26916e+00
       vertex  2.49074e-01 -2.15026e-02  1.31208e+00
     endloop
  endfacet
  facet normal  9.27963e-04  4.00409e-04 -2.90992e-05
     outer loop
       vertex  2.30471e-01  9.68664e-02  1.35446e+00
       vertex  2.38147e-01  7.60648e-02  1.31302e+00
       vertex  2.18768e-01  1.20998e-01  1.31331e+00
     endloop
  endfacet
  facet normal  7.59065e-04 -7.52031e-04 -2.99315e-05
     outer loop
       vertex  1.59378e-01 -1.92610e-01  1.31091e+00
       vertex  1.94044e-01 -1.57629e-01  1.31114e+00
       vertex  1.77450e-01 -1.76100e-01  1.35442e+00
     endloop
  endfacet
  facet normal  6.83583e-04 -8.28998e-04  3.06268e-05
     outer loop
       vertex  1.77450e-01 -1.76100e-01  1.35442e+00
       vertex  1.39169e-01 -2.07683e-01  1.35400e+00
       vertex  1.59378e-01 -1.92610e-01  1.31091e+00
     endloop
  endfacet
  facet normal  1.06972e-03  1.33005e-05  3.02050e-05
     outer loop
       vertex  2.48438e-01  2.79010e-02  1.31283e+00
       vertex  2.49074e-01 -2.15026e-02  1.31208e+00
       vertex  2.49970e-01  3.87295e-03  1.26916e+00
     endloop
  endfacet
  facet normal  8.45285e-04  5.81310e-04 -2.96470e-05
     outer loop
       vertex  2.05830e-01  1.41894e-01  1.35416e+00
       vertex  2.18768e-01  1.20998e-01  1.31331e+00
       vertex  1.90906e-01  1.61415e-01  1.31141e+00
     endloop
  endfacet
  facet normal  7.45409e-04  1.22113e-03  6.03595e-05
     outer loop
       vertex  1.54825e-01  1.96289e-01  8.87324e-01
       vertex  1.36092e-01  2.09712e-01  8.47108e-01
       vertex  1.00000e-01  2.29129e-01  9.00000e-01
     endloop
  endfacet
  facet normal  1.05404e-03  1.20254e-04 -2.91944e-05
     outer loop
       vertex  2.49970e-01  3.87295e-03  1.26916e+00
       vertex  2.44446e-01  5.24032e-02  1.26962e+00
       vertex  2.48438e-01  2.79010e-02  1.31283e+00
     endloop
  endfacet
  facet normal  1.04278e-03  2.22685e-04  2.99379e-05
     outer loop
       vertex  2.38147e-01  7.60648e-02  1.31302e+00
       vertex  2.48438e-01  2.79010e-02  1.31283e+00
       vertex  2.44446e-01  5.24032e-02  1.26962e+00
     endloop
  endfacet
  facet normal  7.28281e-04  9.27705e-04 -3.68576e-05
     outer loop
       vertex  1.74067e-01  1.79445e-01  1.35478e+00
       vertex  1.32415e-01  2.12053e-01  1.35248e+00
       vertex  1.55817e-01  1.95502e-01  1.39832e+00
     endloop
  endfacet
  facet normal  7.49042e-04  1.24177e-03 -6.20441e-05
     outer loop
       vertex  1.36092e-01  2.09712e-01  8.47108e-01
       vertex  1.55195e-01  1.95997e-01  8.03230e-01
       vertex  1.00000e-01  2.29129e-01  8.00000e-01
     endloop
  endfacet
  facet normal  1.01350e-03  3.24471e-04 -2.98114e-05
     outer loop
       vertex  2.44446e-01  5.24032e-02  1.26962e+00
       vertex  2.29457e-01  9.92447e-02  1.26987e+00
       vertex  2.38147e-01  7.60648e-02  1.31302e+00
     endloop
  endfacet
  facet normal  9.72888e-04  4.19405e-04  2.93607e-05
     outer loop
       vertex  2.18768e-01  1.20998e-01  1.31331e+00
       vertex  2.38147e-01  7.60648e-02  1.31302e+00
       vertex  2.29457e-01  9.92447e-02  1.26987e+00
     endloop
  endfacet
  facet normal  9.04616e-04  4.96662e-04 -2.61194e-05
     outer loop
       vertex  2.18768e-01  1.20998e-01  1.31331e+00
       vertex  2.29457e-01  9.92447e-02  1.26987e+00
       vertex  2.06783e-01  1.40501e-01  1.26909e+00
     endloop
  endfacet
  facet normal  9.96761e-04 -2.90528e-04  3.15896e-05
     outer loop
       vertex  2.39817e-01 -7.06242e-02  1.22676e+00
       vertex  2.45832e-01 -4.54582e-02  1.26841e+00
       vertex  2.31812e-01 -9.36125e-02  1.26793e+00
     endloop
  endfacet
  facet normal  8.75052e-04  6.04616e-04  2.95076e-05
     outer loop
       vertex  1.90906e-01  1.61415e-01  1.31141e+00
       vertex  2.18768e-01  1.20998e-01  1.31331e+00
       vertex  2.06783e-01  1.40501e-01  1.26909e+00
     endloop
  endfacet
  facet normal  1.00744e-03 -8.49599e-05  3.02507e-05
     outer loop
       vertex  2.48972e-01 -2.26521e-02  1.22791e+00
       vertex  2.49970e-01  3.87295e-03  1.26916e+00
       vertex  2.45832e-01 -4.54582e-02  1.26841e+00
     endloop
  endfacet
  facet normal  9.78559e-04  3.12983e-04  2.96056e-05
     outer loop
       vertex  2.38723e-01  7.42383e-02  1.22796e+00
       vertex  2.29457e-01  9.92447e-02  1.26987e+00
       vertex  2.44446e-01  5.24032e-02  1.26962e+00
     endloop
  endfacet
  facet normal  8.93120e-04  4.91325e-04  2.61167e-05
     outer loop
       vertex  2.06783e-01  1.40501e-01  1.26909e+00
       vertex  2.29457e-01  9.92447e-02  1.26987e+00
       vertex  2.19437e-01  1.19781e-01  1.22619e+00
     endloop
  endfacet
  facet normal  9.41833e-04 -4.94296e-04 -3.04419e-05
     outer loop
       vertex  2.08809e-01 -1.37473e-01  1.26843e+00
       vertex  2.31812e-01 -9.36125e-02  1.26793e+00
       vertex  2.21284e-01 -1.16334e-01  1.31114e+00
     endloop
  endfacet
  facet normal  9.99915e-04  1.13536e-04  2.89922e-05
     outer loop
       vertex  2.48622e-01  2.62165e-02  1.22817e+00
       vertex  2.44446e-01  5.24032e-02  1.26962e+00
       vertex  2.49970e-01  3.87295e-03  1.26916e+00
     endloop
  endfacet
  facet normal  9.76498e-04  4.12351e-04 -3.01379e-05
     outer loop
       vertex  2.19437e-01  1.19781e-01  1.22619e+00
       vertex  2.29457e-01  9.92447e-02  1.26987e+00
       vertex  2.38723e-01  7.42383e-02  1.22796e+00
     endloop
  endfacet
  facet normal  8.81826e-04 -5.81676e-04  3.03396e-05
     outer loop
       vertex  2.08809e-01 -1.37473e-01  1.26843e+00
       vertex  2.21284e-01 -1.16334e-01  1.31114e+00
       vertex  1.94044e-01 -1.57629e-01  1.31114e+00
     endloop
  endfacet
  facet normal  8.75997e-04  5.97905e-04 -3.04023e-05
     outer loop
       vertex  2.06783e-01  1.40501e-01  1.26909e+00
       vertex  2.19437e-01  1.19781e-01  1.22619e+00
       vertex  1.91529e-01  1.60676e-01  1.22632e+00
     endloop
  endfacet
  facet normal  7.38691e-04  7.61411e-04 -2.97340e-05
     outer loop
       vertex  1.90906e-01  1.61415e-01  1.31141e+00
       vertex  1.55645e-01  1.95639e-01  1.31179e+00
       vertex  1.74067e-01  1.79445e-01  1.35478e+00
     endloop
  endfacet
  facet normal  9.98215e-04  2.05631e-04 -2.93489e-05
     outer loop
       vertex  2.38723e-01  7.42383e-02  1.22796e+00
       vertex  2.44446e-01  5.24032e-02  1.26962e+00
       vertex  2.48622e-01  2.62165e-02  1.22817e+00
     endloop
  endfacet
  facet normal  9.86210e-04  4.18808e-04  3.01988e-05
     outer loop
       vertex  2.19437e-01  1.19781e-01  1.22619e+00
       vertex  2.38723e-01  7.42383e-02  1.22796e+00
       vertex  2.30811e-01  9.60527e-02  1.18380e+00
     endloop
  endfacet
  facet normal  7.53809e-04 -7.47216e-04  2.99330e-05
     outer loop
       vertex  1.59378e-01 -1.92610e-01  1.31091e+00
       vertex  1.77586e-01 -1.75963e-01  1.26793e+00
       vertex  1.94044e-01 -1.57629e-01  1.31114e+00
     endloop
  endfacet
  facet normal  8.85421e-04  6.04144e-04  3.04144e-05
     outer loop
       vertex  1.91529e-01  1.60676e-01  1.22632e+00
       vertex  2.19437e-01  1.19781e-01  1.22619e+00
       vertex  2.06434e-01  1.41015e-01  1.18295e+00
     endloop
  endfacet
  facet normal  9.84473e-04 -1.87171e-04 -2.90913e-05
     outer loop
       vertex  2.48972e-01 -2.26521e-02  1.22791e+00
       vertex  2.45832e-01 -4.54582e-02  1.26841e+00
       vertex  2.39817e-01 -7.06242e-02  1.22676e+00
     endloop
  endfacet
  facet normal  9.62970e-04  5.21476e-04 -3.35100e-05
     outer loop
       vertex  2.19437e-01  1.19781e-01  1.22619e+00
       vertex  2.30811e-01  9.60527e-02  1.18380e+00
       vertex  2.06434e-01  1.41015e-01  1.18295e+00
     endloop
  endfacet
  facet normal  1.00449e-03  7.34671e-06 -2.90365e-05
     outer loop
       vertex  2.48622e-01  2.62165e-02  1.22817e+00
       vertex  2.49970e-01  3.87295e-03  1.26916e+00
       vertex  2.48972e-01 -2.26521e-02  1.22791e+00
     endloop
  endfacet
  facet normal  9.99916e-04  3.07029e-04 -2.74780e-05
     outer loop
       vertex  2.44890e-01  5.02884e-02  1.18476e+00
       vertex  2.30811e-01  9.60527e-02  1.18380e+00
       vertex  2.38723e-01  7.42383e-02  1.22796e+00
     endloop
  endfacet
  facet normal  1.03966e-03  2.14430e-04  2.95384e-05
     outer loop
       vertex  2.38723e-01  7.42383e-02  1.22796e+00
       vertex  2.48622e-01  2.62165e-02  1.22817e+00
       vertex  2.44890e-01  5.02884e-02  1.18476e+00
     endloop
  endfacet
  facet normal  9.54280e-04 -3.85564e-04 -2.97337e-05
     outer loop
       vertex  2.39817e-01 -7.06242e-02  1.22676e+00
       vertex  2.31812e-01 -9.36125e-02  1.26793e+00
       vertex  2.21370e-01 -1.16170e-01  1.22531e+00
     endloop
  endfacet
  facet normal  9.40391e-04 -4.92843e-04  3.04448e-05
     outer loop
       vertex  2.21370e-01 -1.16170e-01  1.22531e+00
       vertex  2.31812e-01 -9.36125e-02  1.26793e+00
       vertex  2.08809e-01 -1.37473e-01  1.26843e+00
     endloop
  endfacet
  facet normal  6.82261e-04  8.74116e-04  3.69059e-05
     outer loop
       vertex  1.74067e-01  1.79445e-01  1.35478e+00
       vertex  1.55645e-01  1.95639e-01  1.31179e+00
       vertex  1.32415e-01  2.12053e-01  1.35248e+00
     endloop
  endfacet
  facet normal  1.04786e-03  1.10765e-04 -2.86590e-05
     outer loop
       vertex  2.48622e-01  2.62165e-02  1.22817e+00
       vertex  2.49992e-01  2.01736e-03  1.18474e+00
       vertex  2.44890e-01  5.02884e-02  1.18476e+00
     endloop
  endfacet
  facet normal  1.05802e-03  7.42656e-06  2.92459e-05
     outer loop
       vertex  2.48622e-01  2.62165e-02  1.22817e+00
       vertex  2.48972e-01 -2.26521e-02  1.22791e+00
       vertex  2.49992e-01  2.01736e-03  1.18474e+00
     endloop
  endfacet
  facet normal  7.98696e-04  6.68087e-04 -3.05117e-05
     outer loop
       vertex  2.06783e-01  1.40501e-01  1.26909e+00
       vertex  1.74964e-01  1.78571e-01  1.26974e+00
       vertex  1.90906e-01  1.61415e-01  1.31141e+00
     endloop
  endfacet
  facet normal  8.27115e-04 -6.70537e-04 -3.05098e-05
     outer loop
       vertex  2.08809e-01 -1.37473e-01  1.26843e+00
       vertex  1.94044e-01 -1.57629e-01  1.31114e+00
       vertex  1.77586e-01 -1.75963e-01  1.26793e+00
     endloop
  endfacet
  facet normal  8.20809e-04  6.85528e-04  3.06017e-05
     outer loop
       vertex  2.06783e-01  1.40501e-01  1.26909e+00
       vertex  1.91529e-01  1.60676e-01  1.22632e+00
       vertex  1.74964e-01  1.78571e-01  1.26974e+00
     endloop
  endfacet
  facet normal -6.68297e-04  1.16874e-03  0.00000e+00
     outer loop
       vertex -1.00000e-01  2.29129e-01  8.00000e-01
       vertex -1.00000e-01  2.29129e-01  7.50000e-01
       vertex -1.46750e-01  2.02397e-01  7.88300e-01
     endloop
  endfacet
  facet normal  1.04190e-03 -9.17313e-05 -2.77957e-05
     outer loop
       vertex  2.48972e-01 -2.26521e-02  1.22791e+00
       vertex  2.45759e-01 -4.58551e-02  1.18405e+00
       vertex  2.49992e-01  2.01736e-03  1.18474e+00
     endloop
  endfacet
  facet normal  1.03876e-03 -1.98927e-04  2.91397e-05
     outer loop
       vertex  2.48972e-01 -2.26521e-02  1.22791e+00
       vertex  2.39817e-01 -7.06242e-02  1.22676e+00
       vertex  2.45759e-01 -4.58551e-02  1.18405e+00
     endloop
  endfacet
  facet normal  1.01560e-03 -2.93530e-04 -2.89420e-05
     outer loop
       vertex  2.45759e-01 -4.58551e-02  1.18405e+00
       vertex  2.39817e-01 -7.06242e-02  1.22676e+00
       vertex  2.32194e-01 -9.26598e-02  1.18275e+00
     endloop
  endfacet
  facet normal  9.86174e-04 -4.00375e-04  2.96559e-05
     outer loop
       vertex  2.39817e-01 -7.06242e-02  1.22676e+00
       vertex  2.21370e-01 -1.16170e-01  1.22531e+00
       vertex  2.32194e-01 -9.26598e-02  1.18275e+00
     endloop
  endfacet
  facet normal  7.16279e-04  7.37656e-04  2.96657e-05
     outer loop
       vertex  1.90906e-01  1.61415e-01  1.31141e+00
       vertex  1.74964e-01  1.78571e-01  1.26974e+00
       vertex  1.55645e-01  1.95639e-01  1.31179e+00
     endloop
  endfacet
  facet normal  8.88110e-04 -5.83466e-04 -2.95478e-05
     outer loop
       vertex  2.21370e-01 -1.16170e-01  1.22531e+00
       vertex  2.08809e-01 -1.37473e-01  1.26843e+00
       vertex  1.94435e-01 -1.57147e-01  1.22488e+00
     endloop
  endfacet
  facet normal  8.33171e-04 -6.76255e-04  3.05014e-05
     outer loop
       vertex  2.08809e-01 -1.37473e-01  1.26843e+00
       vertex  1.77586e-01 -1.75963e-01  1.26793e+00
       vertex  1.94435e-01 -1.57147e-01  1.22488e+00
     endloop
  endfacet
  facet normal  7.32320e-04  7.43874e-04 -2.71966e-05
     outer loop
       vertex  1.91529e-01  1.60676e-01  1.22632e+00
       vertex  1.57519e-01  1.94133e-01  1.22566e+00
       vertex  1.74964e-01  1.78571e-01  1.26974e+00
     endloop
  endfacet
  facet normal  1.02132e-03  1.07934e-04  2.84896e-05
     outer loop
       vertex  2.44890e-01  5.02884e-02  1.18476e+00
       vertex  2.49992e-01  2.01736e-03  1.18474e+00
       vertex  2.48412e-01  2.81346e-02  1.14243e+00
     endloop
  endfacet
  facet normal -3.60334e-04  7.01297e-04  0.00000e+00
     outer loop
       vertex -1.00000e-01  2.29129e-01  8.00000e-01
       vertex -1.28052e-01  2.14715e-01  8.28141e-01
       vertex -1.00000e-01  2.29129e-01  8.50000e-01
     endloop
  endfacet
  facet normal -4.68512e-04  8.76089e-04  0.00000e+00
     outer loop
       vertex -1.00000e-01  2.29129e-01  8.50000e-01
       vertex -1.35044e-01  2.10388e-01  8.72504e-01
       vertex -1.00000e-01  2.29129e-01  9.00000e-01
     endloop
  endfacet
  facet normal -6.46500e-04  1.13849e-03  0.00000e+00
     outer loop
       vertex -1.00000e-01  2.29129e-01  9.00000e-01
       vertex -1.45540e-01  2.03269e-01  9.22671e-01
       vertex -1.00000e-01  2.29129e-01  9.50000e-01
     endloop
  endfacet
  facet normal  1.03651e-03 -9.20571e-05  2.77962e-05
     outer loop
       vertex  2.49992e-01  2.01736e-03  1.18474e+00
       vertex  2.45759e-01 -4.58551e-02  1.18405e+00
       vertex  2.49083e-01 -2.13976e-02  1.14110e+00
     endloop
  endfacet
  facet normal  9.54784e-04 -4.96206e-04 -3.12721e-05
     outer loop
       vertex  2.21370e-01 -1.16170e-01  1.22531e+00
       vertex  2.09117e-01 -1.37004e-01  1.18180e+00
       vertex  2.32194e-01 -9.26598e-02  1.18275e+00
     endloop
  endfacet
  facet normal  8.87040e-04 -5.83378e-04  2.95424e-05
     outer loop
       vertex  2.21370e-01 -1.16170e-01  1.22531e+00
       vertex  1.94435e-01 -1.57147e-01  1.22488e+00
       vertex  2.09117e-01 -1.37004e-01  1.18180e+00
     endloop
  endfacet
  facet normal  6.65030e-04  8.27555e-04 -3.03700e-05
     outer loop
       vertex  1.55645e-01  1.95639e-01  1.31179e+00
       vertex  1.74964e-01  1.78571e-01  1.26974e+00
       vertex  1.36341e-01  2.09550e-01  1.26814e+00
     endloop
  endfacet
  facet normal  9.91757e-04 -2.88221e-04  2.89835e-05
     outer loop
       vertex  2.45759e-01 -4.58551e-02  1.18405e+00
       vertex  2.32194e-01 -9.26598e-02  1.18275e+00
       vertex  2.39964e-01 -7.01249e-02  1.14100e+00
     endloop
  endfacet
  facet normal  6.78698e-04 -8.20953e-04 -3.04315e-05
     outer loop
       vertex  1.39419e-01 -2.07514e-01  1.26786e+00
       vertex  1.77586e-01 -1.75963e-01  1.26793e+00
       vertex  1.59378e-01 -1.92610e-01  1.31091e+00
     endloop
  endfacet
  facet normal  6.70283e-04  8.37252e-04  3.03203e-05
     outer loop
       vertex  1.36341e-01  2.09550e-01  1.26814e+00
       vertex  1.74964e-01  1.78571e-01  1.26974e+00
       vertex  1.57519e-01  1.94133e-01  1.22566e+00
     endloop
  endfacet
  facet normal  1.06517e-03  1.52443e-05 -3.03718e-05
     outer loop
       vertex  2.49992e-01  2.01736e-03  1.18474e+00
       vertex  2.49083e-01 -2.13976e-02  1.14110e+00
       vertex  2.48412e-01  2.81346e-02  1.14243e+00
     endloop
  endfacet
  facet normal  1.04764e-03 -1.95997e-04 -3.05310e-05
     outer loop
       vertex  2.49083e-01 -2.13976e-02  1.14110e+00
       vertex  2.45759e-01 -4.58551e-02  1.18405e+00
       vertex  2.39964e-01 -7.01249e-02  1.14100e+00
     endloop
  endfacet
  facet normal  9.35763e-04  2.88442e-04  2.71291e-05
     outer loop
       vertex  2.44890e-01  5.02884e-02  1.18476e+00
       vertex  2.38109e-01  7.61850e-02  1.14332e+00
       vertex  2.30811e-01  9.60527e-02  1.18380e+00
     endloop
  endfacet
  facet normal  9.27812e-04 -4.83519e-04  3.13006e-05
     outer loop
       vertex  2.21579e-01 -1.15771e-01  1.14041e+00
       vertex  2.32194e-01 -9.26598e-02  1.18275e+00
       vertex  2.09117e-01 -1.37004e-01  1.18180e+00
     endloop
  endfacet
  facet normal  8.95549e-04  4.86182e-04  3.33503e-05
     outer loop
       vertex  2.30811e-01  9.60527e-02  1.18380e+00
       vertex  2.18862e-01  1.20829e-01  1.14350e+00
       vertex  2.06434e-01  1.41015e-01  1.18295e+00
     endloop
  endfacet
  facet normal  9.59618e-04 -3.86121e-04 -2.98316e-05
     outer loop
       vertex  2.39964e-01 -7.01249e-02  1.14100e+00
       vertex  2.32194e-01 -9.26598e-02  1.18275e+00
       vertex  2.21579e-01 -1.15771e-01  1.14041e+00
     endloop
  endfacet
  facet normal  7.57639e-04 -7.48164e-04 -3.04996e-05
     outer loop
       vertex  1.59614e-01 -1.92415e-01  1.22503e+00
       vertex  1.94435e-01 -1.57147e-01  1.22488e+00
       vertex  1.77586e-01 -1.75963e-01  1.26793e+00
     endloop
  endfacet
  facet normal  8.09489e-04  6.80362e-04 -3.02397e-05
     outer loop
       vertex  2.06434e-01  1.41015e-01  1.18295e+00
       vertex  1.74664e-01  1.78864e-01  1.18409e+00
       vertex  1.91529e-01  1.60676e-01  1.22632e+00
     endloop
  endfacet
  facet normal  1.07278e-03  1.37070e-05  3.03962e-05
     outer loop
       vertex  2.48412e-01  2.81346e-02  1.14243e+00
       vertex  2.49083e-01 -2.13976e-02  1.14110e+00
       vertex  2.49958e-01  4.55910e-03  1.09848e+00
     endloop
  endfacet
  facet normal -5.37672e-04  9.81482e-04  0.00000e+00
     outer loop
       vertex -1.39259e-01  2.07622e-01  7.35920e-01
       vertex -1.00000e-01  2.29129e-01  7.50000e-01
       vertex -1.00000e-01  2.29129e-01  7.00000e-01
     endloop
  endfacet
  facet normal  1.05494e-03 -1.97489e-04  3.05315e-05
     outer loop
       vertex  2.49083e-01 -2.13976e-02  1.14110e+00
       vertex  2.39964e-01 -7.01249e-02  1.14100e+00
       vertex  2.45750e-01 -4.59018e-02  1.09775e+00
     endloop
  endfacet
  facet normal  8.28510e-04 -6.69098e-04 -3.04793e-05
     outer loop
       vertex  1.77993e-01 -1.75552e-01  1.18199e+00
       vertex  2.09117e-01 -1.37004e-01  1.18180e+00
       vertex  1.94435e-01 -1.57147e-01  1.22488e+00
     endloop
  endfacet
  facet normal  1.08474e-03 -8.99956e-05 -3.25220e-05
     outer loop
       vertex  2.49958e-01  4.55910e-03  1.09848e+00
       vertex  2.49083e-01 -2.13976e-02  1.14110e+00
       vertex  2.45750e-01 -4.59018e-02  1.09775e+00
     endloop
  endfacet
  facet normal  1.00707e-03  2.16481e-04 -2.95098e-05
     outer loop
       vertex  2.44890e-01  5.02884e-02  1.18476e+00
       vertex  2.48412e-01  2.81346e-02  1.14243e+00
       vertex  2.38109e-01  7.61850e-02  1.14332e+00
     endloop
  endfacet
  facet normal  8.67293e-04 -5.67267e-04 -2.98858e-05
     outer loop
       vertex  2.21579e-01 -1.15771e-01  1.14041e+00
       vertex  2.09117e-01 -1.37004e-01  1.18180e+00
       vertex  1.94601e-01 -1.56941e-01  1.13897e+00
     endloop
  endfacet
  facet normal  1.02086e-03 -2.96362e-04 -2.94036e-05
     outer loop
       vertex  2.32091e-01 -9.29181e-02  1.09741e+00
       vertex  2.45750e-01 -4.59018e-02  1.09775e+00
       vertex  2.39964e-01 -7.01249e-02  1.14100e+00
     endloop
  endfacet
  facet normal  9.88170e-04 -3.98391e-04  2.98497e-05
     outer loop
       vertex  2.39964e-01 -7.01249e-02  1.14100e+00
       vertex  2.21579e-01 -1.15771e-01  1.14041e+00
       vertex  2.32091e-01 -9.29181e-02  1.09741e+00
     endloop
  endfacet
  facet normal  7.57746e-04 -7.48015e-04  3.05086e-05
     outer loop
       vertex  1.77993e-01 -1.75552e-01  1.18199e+00
       vertex  1.94435e-01 -1.57147e-01  1.22488e+00
       vertex  1.59614e-01 -1.92415e-01  1.22503e+00
     endloop
  endfacet
  facet normal  7.00479e-04  7.12571e-04  2.71680e-05
     outer loop
       vertex  1.91529e-01  1.60676e-01  1.22632e+00
       vertex  1.74664e-01  1.78864e-01  1.18409e+00
       vertex  1.57519e-01  1.94133e-01  1.22566e+00
     endloop
  endfacet
  facet normal  8.27435e-04 -6.67929e-04  3.04791e-05
     outer loop
       vertex  1.94601e-01 -1.56941e-01  1.13897e+00
       vertex  2.09117e-01 -1.37004e-01  1.18180e+00
       vertex  1.77993e-01 -1.75552e-01  1.18199e+00
     endloop
  endfacet
  facet normal  6.76191e-04 -8.18041e-04  3.04233e-05
     outer loop
       vertex  1.59614e-01 -1.92415e-01  1.22503e+00
       vertex  1.77586e-01 -1.75963e-01  1.26793e+00
       vertex  1.39419e-01 -2.07514e-01  1.26786e+00
     endloop
  endfacet
  facet normal  9.36742e-04 -4.84509e-04 -2.84878e-05
     outer loop
       vertex  2.09801e-01 -1.35953e-01  1.09641e+00
       vertex  2.32091e-01 -9.29181e-02  1.09741e+00
       vertex  2.21579e-01 -1.15771e-01  1.14041e+00
     endloop
  endfacet
  facet normal  8.91241e-04 -5.85051e-04  2.98059e-05
     outer loop
       vertex  2.21579e-01 -1.15771e-01  1.14041e+00
       vertex  1.94601e-01 -1.56941e-01  1.13897e+00
       vertex  2.09801e-01 -1.35953e-01  1.09641e+00
     endloop
  endfacet
  facet normal  9.01796e-04  3.88902e-04 -2.83050e-05
     outer loop
       vertex  2.30811e-01  9.60527e-02  1.18380e+00
       vertex  2.38109e-01  7.61850e-02  1.14332e+00
       vertex  2.18862e-01  1.20829e-01  1.14350e+00
     endloop
  endfacet
  facet normal  1.05553e-03  1.23980e-04 -2.93593e-05
     outer loop
       vertex  2.49958e-01  4.55910e-03  1.09848e+00
       vertex  2.44278e-01  5.31808e-02  1.09958e+00
       vertex  2.48412e-01  2.81346e-02  1.14243e+00
     endloop
  endfacet
  facet normal  8.17314e-04  5.59620e-04 -2.88653e-05
     outer loop
       vertex  2.06434e-01  1.41015e-01  1.18295e+00
       vertex  2.18862e-01  1.20829e-01  1.14350e+00
       vertex  1.91304e-01  1.60943e-01  1.14092e+00
     endloop
  endfacet
  facet normal -6.46698e-04  1.13877e-03  0.00000e+00
     outer loop
       vertex -1.00000e-01  2.29129e-01  6.50000e-01
       vertex -1.00000e-01  2.29129e-01  6.00000e-01
       vertex -1.45551e-01  2.03261e-01  6.14069e-01
     endloop
  endfacet
  facet normal  7.62233e-04 -7.50988e-04 -3.06246e-05
     outer loop
       vertex  1.94601e-01 -1.56941e-01  1.13897e+00
       vertex  1.77993e-01 -1.75552e-01  1.18199e+00
       vertex  1.59769e-01 -1.92286e-01  1.13876e+00
     endloop
  endfacet
  facet normal  5.08939e-04  7.53263e-04 -1.96441e-05
     outer loop
       vertex  1.57519e-01  1.94133e-01  1.22566e+00
       vertex  1.21549e-01  2.18462e-01  1.22667e+00
       vertex  1.36341e-01  2.09550e-01  1.26814e+00
     endloop
  endfacet
  facet normal  5.98103e-04 -8.86736e-04 -3.06091e-05
     outer loop
       vertex  1.59614e-01 -1.92415e-01  1.22503e+00
       vertex  1.39419e-01 -2.07514e-01  1.26786e+00
       vertex  1.18469e-01 -2.20148e-01  1.22448e+00
     endloop
  endfacet
  facet normal  6.81995e-04 -8.19689e-04 -2.99162e-05
     outer loop
       vertex  1.40131e-01 -2.07035e-01  1.18146e+00
       vertex  1.77993e-01 -1.75552e-01  1.18199e+00
       vertex  1.59614e-01 -1.92415e-01  1.22503e+00
     endloop
  endfacet
  facet normal -4.81203e-04  8.95780e-04  0.00000e+00
     outer loop
       vertex -1.00000e-01  2.29129e-01  5.50000e-01
       vertex -1.35831e-01  2.09881e-01  5.66003e-01
       vertex -1.00000e-01  2.29129e-01  6.00000e-01
     endloop
  endfacet
  facet normal  8.47202e-04 -6.79052e-04 -3.22769e-05
     outer loop
       vertex  2.09801e-01 -1.35953e-01  1.09641e+00
       vertex  1.94601e-01 -1.56941e-01  1.13897e+00
       vertex  1.78193e-01 -1.75349e-01  1.09556e+00
     endloop
  endfacet
  facet normal  8.06672e-04  6.76182e-04  3.02359e-05
     outer loop
       vertex  2.06434e-01  1.41015e-01  1.18295e+00
       vertex  1.91304e-01  1.60943e-01  1.14092e+00
       vertex  1.74664e-01  1.78864e-01  1.18409e+00
     endloop
  endfacet
  facet normal  6.00179e-04 -8.91028e-04  3.06046e-05
     outer loop
       vertex  1.59614e-01 -1.92415e-01  1.22503e+00
       vertex  1.18469e-01 -2.20148e-01  1.22448e+00
       vertex  1.40131e-01 -2.07035e-01  1.18146e+00
     endloop
  endfacet
  facet normal  6.76047e-04 -8.13544e-04  2.99200e-05
     outer loop
       vertex  1.40131e-01 -2.07035e-01  1.18146e+00
       vertex  1.59769e-01 -1.92286e-01  1.13876e+00
       vertex  1.77993e-01 -1.75552e-01  1.18199e+00
     endloop
  endfacet
  facet normal  7.65130e-04 -7.54205e-04  3.06234e-05
     outer loop
       vertex  1.94601e-01 -1.56941e-01  1.13897e+00
       vertex  1.59769e-01 -1.92286e-01  1.13876e+00
       vertex  1.78193e-01 -1.75349e-01  1.09556e+00
     endloop
  endfacet
  facet normal  1.04057e-03  2.22571e-04  2.97113e-05
     outer loop
       vertex  2.38109e-01  7.61850e-02  1.14332e+00
       vertex  2.48412e-01  2.81346e-02  1.14243e+00
       vertex  2.44278e-01  5.31808e-02  1.09958e+00
     endloop
  endfacet
  facet normal  6.38592e-04  7.97287e-04 -2.94680e-05
     outer loop
       vertex  1.57519e-01  1.94133e-01  1.22566e+00
       vertex  1.74664e-01  1.78864e-01  1.18409e+00
       vertex  1.36369e-01  2.09531e-01  1.18394e+00
     endloop
  endfacet
  facet normal  5.15224e-04  7.60934e-04  1.96573e-05
     outer loop
       vertex  1.57519e-01  1.94133e-01  1.22566e+00
       vertex  1.36369e-01  2.09531e-01  1.18394e+00
       vertex  1.21549e-01  2.18462e-01  1.22667e+00
     endloop
  endfacet
  facet normal  9.98562e-04  3.21309e-04 -2.81483e-05
     outer loop
       vertex  2.44278e-01  5.31808e-02  1.09958e+00
       vertex  2.29511e-01  9.91191e-02  1.10011e+00
       vertex  2.38109e-01  7.61850e-02  1.14332e+00
     endloop
  endfacet
  facet normal  9.66589e-04  4.16614e-04  2.87938e-05
     outer loop
       vertex  2.18862e-01  1.20829e-01  1.14350e+00
       vertex  2.38109e-01  7.61850e-02  1.14332e+00
       vertex  2.29511e-01  9.91191e-02  1.10011e+00
     endloop
  endfacet
  facet normal  1.00450e-03 -8.42476e-05  3.23754e-05
     outer loop
       vertex  2.48978e-01 -2.25831e-02  1.05827e+00
       vertex  2.49958e-01  4.55910e-03  1.09848e+00
       vertex  2.45750e-01 -4.59018e-02  1.09775e+00
     endloop
  endfacet
  facet normal  8.91824e-04  4.86755e-04 -2.46554e-05
     outer loop
       vertex  2.18862e-01  1.20829e-01  1.14350e+00
       vertex  2.29511e-01  9.91191e-02  1.10011e+00
       vertex  2.07353e-01  1.39660e-01  1.09897e+00
     endloop
  endfacet
  facet normal  8.68837e-04  5.98702e-04  2.86298e-05
     outer loop
       vertex  1.91304e-01  1.60943e-01  1.14092e+00
       vertex  2.18862e-01  1.20829e-01  1.14350e+00
       vertex  2.07353e-01  1.39660e-01  1.09897e+00
     endloop
  endfacet
  facet normal  9.81173e-04 -2.85259e-04  2.93896e-05
     outer loop
       vertex  2.39888e-01 -7.03827e-02  1.05583e+00
       vertex  2.45750e-01 -4.59018e-02  1.09775e+00
       vertex  2.32091e-01 -9.29181e-02  1.09741e+00
     endloop
  endfacet
  facet normal  9.61573e-04  1.11682e-04  2.88705e-05
     outer loop
       vertex  2.48670e-01  2.57488e-02  1.05941e+00
       vertex  2.44278e-01  5.31808e-02  1.09958e+00
       vertex  2.49958e-01  4.55910e-03  1.09848e+00
     endloop
  endfacet
  facet normal -5.62101e-04  1.01763e-03  0.00000e+00
     outer loop
       vertex -1.00000e-01  2.29129e-01  5.00000e-01
       vertex -1.00000e-01  2.29129e-01  4.50000e-01
       vertex -1.40705e-01  2.06645e-01  4.87916e-01
     endloop
  endfacet
  facet normal -3.58963e-04  6.98997e-04  0.00000e+00
     outer loop
       vertex -1.27960e-01  2.14770e-01  5.28430e-01
       vertex -1.00000e-01  2.29129e-01  5.50000e-01
       vertex -1.00000e-01  2.29129e-01  5.00000e-01
     endloop
  endfacet
  facet normal  7.38157e-04  7.55657e-04 -2.91744e-05
     outer loop
       vertex  1.74664e-01  1.78864e-01  1.18409e+00
       vertex  1.91304e-01  1.60943e-01  1.14092e+00
       vertex  1.56371e-01  1.95059e-01  1.14071e+00
     endloop
  endfacet
  facet normal  8.99328e-04 -4.66455e-04  2.84653e-05
     outer loop
       vertex  2.21472e-01 -1.15975e-01  1.05508e+00
       vertex  2.32091e-01 -9.29181e-02  1.09741e+00
       vertex  2.09801e-01 -1.35953e-01  1.09641e+00
     endloop
  endfacet
  facet normal  9.43776e-04  3.03062e-04  2.76531e-05
     outer loop
       vertex  2.38972e-01  7.34341e-02  1.05873e+00
       vertex  2.29511e-01  9.91191e-02  1.10011e+00
       vertex  2.44278e-01  5.31808e-02  1.09958e+00
     endloop
  endfacet
  facet normal  6.63884e-04  8.29148e-04  2.95933e-05
     outer loop
       vertex  1.36369e-01  2.09531e-01  1.18394e+00
       vertex  1.74664e-01  1.78864e-01  1.18409e+00
       vertex  1.56371e-01  1.95059e-01  1.14071e+00
     endloop
  endfacet
  facet normal  8.34924e-04  6.94375e-04 -3.28793e-05
     outer loop
       vertex  1.91304e-01  1.60943e-01  1.14092e+00
       vertex  2.07353e-01  1.39660e-01  1.09897e+00
       vertex  1.74806e-01  1.78726e-01  1.09752e+00
     endloop
  endfacet
  facet normal -4.32080e-04  8.18645e-04  0.00000e+00
     outer loop
       vertex -1.32746e-01  2.11846e-01  4.40184e-01
       vertex -1.00000e-01  2.29129e-01  4.50000e-01
       vertex -1.00000e-01  2.29129e-01  4.00000e-01
     endloop
  endfacet
  facet normal  8.77678e-04  4.80409e-04  2.46540e-05
     outer loop
       vertex  2.07353e-01  1.39660e-01  1.09897e+00
       vertex  2.29511e-01  9.91191e-02  1.10011e+00
       vertex  2.19883e-01  1.18961e-01  1.05625e+00
     endloop
  endfacet
  facet normal -8.03371e-04  1.34816e-03  0.00000e+00
     outer loop
       vertex -1.00000e-01  2.29129e-01  1.15000e+00
       vertex -1.00000e-01  2.29129e-01  1.10000e+00
       vertex -1.53927e-01  1.96994e-01  1.14262e+00
     endloop
  endfacet
  facet normal  7.38531e-04  7.56397e-04  2.91728e-05
     outer loop
       vertex  1.56371e-01  1.95059e-01  1.14071e+00
       vertex  1.91304e-01  1.60943e-01  1.14092e+00
       vertex  1.74806e-01  1.78726e-01  1.09752e+00
     endloop
  endfacet
  facet normal  9.73766e-04  4.06675e-04 -2.98015e-05
     outer loop
       vertex  2.19883e-01  1.18961e-01  1.05625e+00
       vertex  2.29511e-01  9.91191e-02  1.10011e+00
       vertex  2.38972e-01  7.34341e-02  1.05873e+00
     endloop
  endfacet
  facet normal  9.56251e-04  6.73767e-06 -2.78673e-05
     outer loop
       vertex  2.48670e-01  2.57488e-02  1.05941e+00
       vertex  2.49958e-01  4.55910e-03  1.09848e+00
       vertex  2.48978e-01 -2.25831e-02  1.05827e+00
     endloop
  endfacet
  facet normal  8.14835e-04 -6.54465e-04  3.22743e-05
     outer loop
       vertex  1.94576e-01 -1.56972e-01  1.05459e+00
       vertex  2.09801e-01 -1.35953e-01  1.09641e+00
       vertex  1.78193e-01 -1.75349e-01  1.09556e+00
     endloop
  endfacet
  facet normal  8.19356e-04  6.83849e-04  3.29517e-05
     outer loop
       vertex  2.07353e-01  1.39660e-01  1.09897e+00
       vertex  1.92160e-01  1.59920e-01  1.05627e+00
       vertex  1.74806e-01  1.78726e-01  1.09752e+00
     endloop
  endfacet
  facet normal  8.74653e-04  5.92002e-04 -3.03059e-05
     outer loop
       vertex  2.07353e-01  1.39660e-01  1.09897e+00
       vertex  2.19883e-01  1.18961e-01  1.05625e+00
       vertex  1.92160e-01  1.59920e-01  1.05627e+00
     endloop
  endfacet
  facet normal -4.23876e-04  8.05517e-04  0.00000e+00
     outer loop
       vertex -1.32221e-01  2.12174e-01  6.91410e-01
       vertex -1.00000e-01  2.29129e-01  7.00000e-01
       vertex -1.00000e-01  2.29129e-01  6.50000e-01
     endloop
  endfacet
  facet normal  9.67253e-04  1.96327e-04 -2.83045e-05
     outer loop
       vertex  2.38972e-01  7.34341e-02  1.05873e+00
       vertex  2.44278e-01  5.31808e-02  1.09958e+00
       vertex  2.48670e-01  2.57488e-02  1.05941e+00
     endloop
  endfacet
  facet normal -6.05393e-04  1.08038e-03  0.00000e+00
     outer loop
       vertex -1.00000e-01  2.29129e-01  1.10000e+00
       vertex -1.00000e-01  2.29129e-01  1.05000e+00
       vertex -1.43215e-01  2.04913e-01  1.08211e+00
     endloop
  endfacet
  facet normal  9.71883e-04 -1.83347e-04 -2.88336e-05
     outer loop
       vertex  2.48978e-01 -2.25831e-02  1.05827e+00
       vertex  2.45750e-01 -4.59018e-02  1.09775e+00
       vertex  2.39888e-01 -7.03827e-02  1.05583e+00
     endloop
  endfacet
  facet normal  9.86323e-04  4.15186e-04  2.99170e-05
     outer loop
       vertex  2.19883e-01  1.18961e-01  1.05625e+00
       vertex  2.38972e-01  7.34341e-02  1.05873e+00
       vertex  2.31387e-01  9.46572e-02  1.01424e+00
     endloop
  endfacet
  facet normal -4.82250e-04  8.97396e-04  0.00000e+00
     outer loop
       vertex -1.35896e-01  2.09839e-01  1.04006e+00
       vertex -1.00000e-01  2.29129e-01  1.05000e+00
       vertex -1.00000e-01  2.29129e-01  1.00000e+00
     endloop
  endfacet
  facet normal  6.82926e-04 -8.20516e-04 -3.04370e-05
     outer loop
       vertex  1.40132e-01 -2.07034e-01  1.09573e+00
       vertex  1.78193e-01 -1.75349e-01  1.09556e+00
       vertex  1.59769e-01 -1.92286e-01  1.13876e+00
     endloop
  endfacet
  facet normal  5.92728e-04 -8.77609e-04 -3.05295e-05
     outer loop
       vertex  1.18687e-01 -2.20031e-01  1.13871e+00
       vertex  1.59769e-01 -1.92286e-01  1.13876e+00
       vertex  1.40131e-01 -2.07035e-01  1.18146e+00
     endloop
  endfacet
  facet normal  5.03826e-04 -9.32458e-04 -3.05365e-05
     outer loop
       vertex  9.65161e-02 -2.30618e-01  1.18199e+00
       vertex  1.40131e-01 -2.07035e-01  1.18146e+00
       vertex  1.18469e-01 -2.20148e-01  1.22448e+00
     endloop
  endfacet
  facet normal  8.86783e-04  6.00184e-04  3.03217e-05
     outer loop
       vertex  1.92160e-01  1.59920e-01  1.05627e+00
       vertex  2.19883e-01  1.18961e-01  1.05625e+00
       vertex  2.07028e-01  1.40141e-01  1.01296e+00
     endloop
  endfacet
  facet normal  9.56249e-04 -3.85764e-04 -2.97643e-05
     outer loop
       vertex  2.39888e-01 -7.03827e-02  1.05583e+00
       vertex  2.32091e-01 -9.29181e-02  1.09741e+00
       vertex  2.21472e-01 -1.15975e-01  1.05508e+00
     endloop
  endfacet
  facet normal  5.03051e-04 -9.34957e-04  2.93350e-05
     outer loop
       vertex  1.39419e-01 -2.07514e-01  1.26786e+00
       vertex  9.63405e-02 -2.30691e-01  1.26791e+00
       vertex  1.18469e-01 -2.20148e-01  1.22448e+00
     endloop
  endfacet
  facet normal  9.70941e-04  5.19031e-04 -3.43742e-05
     outer loop
       vertex  2.19883e-01  1.18961e-01  1.05625e+00
       vertex  2.31387e-01  9.46572e-02  1.01424e+00
       vertex  2.07028e-01  1.40141e-01  1.01296e+00
     endloop
  endfacet
  facet normal  9.94148e-04  2.99307e-04 -2.67038e-05
     outer loop
       vertex  2.45105e-01  4.92301e-02  1.01577e+00
       vertex  2.31387e-01  9.46572e-02  1.01424e+00
       vertex  2.38972e-01  7.34341e-02  1.05873e+00
     endloop
  endfacet
  facet normal  1.03241e-03  2.10398e-04  2.88576e-05
     outer loop
       vertex  2.38972e-01  7.34341e-02  1.05873e+00
       vertex  2.48670e-01  2.57488e-02  1.05941e+00
       vertex  2.45105e-01  4.92301e-02  1.01577e+00
     endloop
  endfacet
  facet normal  8.52071e-04 -5.58649e-04 -2.94441e-05
     outer loop
       vertex  2.21472e-01 -1.15975e-01  1.05508e+00
       vertex  2.09801e-01 -1.35953e-01  1.09641e+00
       vertex  1.94576e-01 -1.56972e-01  1.05459e+00
     endloop
  endfacet
  facet normal  1.01971e-03  1.06897e-04 -2.57989e-05
     outer loop
       vertex  2.48670e-01  2.57488e-02  1.05941e+00
       vertex  2.49986e-01  2.61193e-03  1.01555e+00
       vertex  2.45105e-01  4.92301e-02  1.01577e+00
     endloop
  endfacet
  facet normal  1.04668e-03  5.99479e-06  2.82429e-05
     outer loop
       vertex  2.48670e-01  2.57488e-02  1.05941e+00
       vertex  2.48978e-01 -2.25831e-02  1.05827e+00
       vertex  2.49986e-01  2.61193e-03  1.01555e+00
     endloop
  endfacet
  facet normal  7.34096e-04 -7.20683e-04 -2.97107e-05
     outer loop
       vertex  1.94576e-01 -1.56972e-01  1.05459e+00
       vertex  1.78193e-01 -1.75349e-01  1.09556e+00
       vertex  1.60123e-01 -1.91991e-01  1.05277e+00
     endloop
  endfacet
  facet normal  1.02962e-03 -8.61022e-05 -2.64756e-05
     outer loop
       vertex  2.49986e-01  2.61193e-03  1.01555e+00
       vertex  2.48978e-01 -2.25831e-02  1.05827e+00
       vertex  2.45997e-01 -4.45609e-02  1.01381e+00
     endloop
  endfacet
  facet normal  1.03591e-03 -1.98457e-04  2.86348e-05
     outer loop
       vertex  2.48978e-01 -2.25831e-02  1.05827e+00
       vertex  2.39888e-01 -7.03827e-02  1.05583e+00
       vertex  2.45997e-01 -4.45609e-02  1.01381e+00
     endloop
  endfacet
  facet normal  6.79237e-04 -8.15769e-04  3.04372e-05
     outer loop
       vertex  1.60123e-01 -1.91991e-01  1.05277e+00
       vertex  1.78193e-01 -1.75349e-01  1.09556e+00
       vertex  1.40132e-01 -2.07034e-01  1.09573e+00
     endloop
  endfacet
  facet normal  5.96561e-04 -8.83398e-04  3.05295e-05
     outer loop
       vertex  1.40132e-01 -2.07034e-01  1.09573e+00
       vertex  1.59769e-01 -1.92286e-01  1.13876e+00
       vertex  1.18687e-01 -2.20031e-01  1.13871e+00
     endloop
  endfacet
  facet normal  5.07559e-04 -9.37988e-04  3.05458e-05
     outer loop
       vertex  1.18687e-01 -2.20031e-01  1.13871e+00
       vertex  1.40131e-01 -2.07035e-01  1.18146e+00
       vertex  9.65161e-02 -2.30618e-01  1.18199e+00
     endloop
  endfacet
  facet normal  1.03935e-03 -2.98011e-04 -3.20354e-05
     outer loop
       vertex  2.45997e-01 -4.45609e-02  1.01381e+00
       vertex  2.39888e-01 -7.03827e-02  1.05583e+00
       vertex  2.32054e-01 -9.30114e-02  1.01216e+00
     endloop
  endfacet
  facet normal  9.87015e-04 -3.99180e-04  2.97714e-05
     outer loop
       vertex  2.39888e-01 -7.03827e-02  1.05583e+00
       vertex  2.21472e-01 -1.15975e-01  1.05508e+00
       vertex  2.32054e-01 -9.30114e-02  1.01216e+00
     endloop
  endfacet
  facet normal  4.05170e-04 -9.72321e-04  3.02560e-05
     outer loop
       vertex  9.65161e-02 -2.30618e-01  1.18199e+00
       vertex  1.18469e-01 -2.20148e-01  1.22448e+00
       vertex  7.28405e-02 -2.39153e-01  1.22474e+00
     endloop
  endfacet
  facet normal  4.11323e-04 -9.87937e-04 -3.02621e-05
     outer loop
       vertex  7.28405e-02 -2.39153e-01  1.22474e+00
       vertex  1.18469e-01 -2.20148e-01  1.22448e+00
       vertex  9.63405e-02 -2.30691e-01  1.26791e+00
     endloop
  endfacet
  facet normal  9.46227e-04 -4.92247e-04 -3.00831e-05
     outer loop
       vertex  2.09268e-01 -1.36774e-01  1.01153e+00
       vertex  2.32054e-01 -9.30114e-02  1.01216e+00
       vertex  2.21472e-01 -1.15975e-01  1.05508e+00
     endloop
  endfacet
  facet normal  8.87472e-04 -5.82573e-04  2.95325e-05
     outer loop
       vertex  2.21472e-01 -1.15975e-01  1.05508e+00
       vertex  1.94576e-01 -1.56972e-01  1.05459e+00
       vertex  2.09268e-01 -1.36774e-01  1.01153e+00
     endloop
  endfacet
  facet normal  9.38041e-04  2.84153e-04  2.64733e-05
     outer loop
       vertex  2.45105e-01  4.92301e-02  1.01577e+00
       vertex  2.38586e-01  7.46767e-02  9.73617e-01
       vertex  2.31387e-01  9.46572e-02  1.01424e+00
     endloop
  endfacet
  facet normal  1.00931e-03  1.05565e-04  2.58009e-05
     outer loop
       vertex  2.45105e-01  4.92301e-02  1.01577e+00
       vertex  2.49986e-01  2.61193e-03  1.01555e+00
       vertex  2.48619e-01  2.62376e-02  9.72363e-01
     endloop
  endfacet
  facet normal  8.16625e-04 -6.52625e-04 -2.75068e-05
     outer loop
       vertex  1.79335e-01 -1.74181e-01  1.01041e+00
       vertex  2.09268e-01 -1.36774e-01  1.01153e+00
       vertex  1.94576e-01 -1.56972e-01  1.05459e+00
     endloop
  endfacet
  facet normal  7.57917e-04 -7.47193e-04  2.95839e-05
     outer loop
       vertex  1.94576e-01 -1.56972e-01  1.05459e+00
       vertex  1.60123e-01 -1.91991e-01  1.05277e+00
       vertex  1.79335e-01 -1.74181e-01  1.01041e+00
     endloop
  endfacet
  facet normal  9.77534e-04 -8.36529e-05  2.63592e-05
     outer loop
       vertex  2.49986e-01  2.61193e-03  1.01555e+00
       vertex  2.45997e-01 -4.45609e-02  1.01381e+00
       vertex  2.48917e-01 -2.32442e-02  9.73152e-01
     endloop
  endfacet
  facet normal  6.48954e-04  1.14869e-03  2.92900e-05
     outer loop
       vertex  1.47258e-01  2.02027e-01  7.15797e-01
       vertex  1.36625e-01  2.09365e-01  6.63629e-01
       vertex  1.00000e-01  2.29129e-01  7.00000e-01
     endloop
  endfacet
  facet normal  1.03693e-03  2.15560e-04 -3.02239e-05
     outer loop
       vertex  2.45105e-01  4.92301e-02  1.01577e+00
       vertex  2.48619e-01  2.62376e-02  9.72363e-01
       vertex  2.38586e-01  7.46767e-02  9.73617e-01
     endloop
  endfacet
  facet normal  9.61263e-04 -2.77716e-04  3.19187e-05
     outer loop
       vertex  2.39689e-01 -7.10567e-02  9.73226e-01
       vertex  2.45997e-01 -4.45609e-02  1.01381e+00
       vertex  2.32054e-01 -9.30114e-02  1.01216e+00
     endloop
  endfacet
  facet normal  4.05933e-04  7.61011e-04  1.56699e-05
     outer loop
       vertex  1.37954e-01  2.08491e-01  5.19046e-01
       vertex  1.28314e-01  2.14559e-01  4.74107e-01
       vertex  1.00000e-01  2.29129e-01  5.00000e-01
     endloop
  endfacet
  facet normal  1.05925e-03  5.89010e-06 -3.03040e-05
     outer loop
       vertex  2.48619e-01  2.62376e-02  9.72363e-01
       vertex  2.49986e-01  2.61193e-03  1.01555e+00
       vertex  2.48917e-01 -2.32442e-02  9.73152e-01
     endloop
  endfacet
  facet normal  9.04459e-04 -4.71359e-04  3.00816e-05
     outer loop
       vertex  2.21460e-01 -1.15997e-01  9.70496e-01
       vertex  2.32054e-01 -9.30114e-02  1.01216e+00
       vertex  2.09268e-01 -1.36774e-01  1.01153e+00
     endloop
  endfacet
  facet normal  9.71137e-04 -1.87474e-04 -2.85356e-05
     outer loop
       vertex  2.48917e-01 -2.32442e-02  9.73152e-01
       vertex  2.45997e-01 -4.45609e-02  1.01381e+00
       vertex  2.39689e-01 -7.10567e-02  9.73226e-01
     endloop
  endfacet
  facet normal  7.82383e-04 -6.26877e-04  2.74994e-05
     outer loop
       vertex  1.94529e-01 -1.57030e-01  9.69096e-01
       vertex  2.09268e-01 -1.36774e-01  1.01153e+00
       vertex  1.79335e-01 -1.74181e-01  1.01041e+00
     endloop
  endfacet
  facet normal  1.04920e-03  2.16536e-04  3.02760e-05
     outer loop
       vertex  2.38586e-01  7.46767e-02  9.73617e-01
       vertex  2.48619e-01  2.62376e-02  9.72363e-01
       vertex  2.44578e-01  5.17853e-02  9.29704e-01
     endloop
  endfacet
  facet normal  9.04809e-04 -3.65281e-04 -2.85312e-05
     outer loop
       vertex  2.39689e-01 -7.10567e-02  9.73226e-01
       vertex  2.32054e-01 -9.30114e-02  1.01216e+00
       vertex  2.21460e-01 -1.15997e-01  9.70496e-01
     endloop
  endfacet
  facet normal  1.07142e-03  6.92945e-06  3.03409e-05
     outer loop
       vertex  2.48619e-01  2.62376e-02  9.72363e-01
       vertex  2.48917e-01 -2.32442e-02  9.73152e-01
       vertex  2.49999e-01  8.10952e-04  9.29463e-01
     endloop
  endfacet
  facet normal  1.09034e-03  1.16113e-04 -3.37629e-05
     outer loop
       vertex  2.44578e-01  5.17853e-02  9.29704e-01
       vertex  2.48619e-01  2.62376e-02  9.72363e-01
       vertex  2.49999e-01  8.10952e-04  9.29463e-01
     endloop
  endfacet
  facet normal  6.56149e-04 -7.79676e-04 -3.02250e-05
     outer loop
       vertex  1.41533e-01 -2.06079e-01  1.01260e+00
       vertex  1.79335e-01 -1.74181e-01  1.01041e+00
       vertex  1.60123e-01 -1.91991e-01  1.05277e+00
     endloop
  endfacet
  facet normal  7.03256e-04  8.93740e-04 -3.78136e-05
     outer loop
       vertex  1.74806e-01  1.78726e-01  1.09752e+00
       vertex  1.32913e-01  2.11741e-01  1.09872e+00
       vertex  1.56371e-01  1.95059e-01  1.14071e+00
     endloop
  endfacet
  facet normal  7.34299e-04  7.43407e-04 -2.99875e-05
     outer loop
       vertex  1.74806e-01  1.78726e-01  1.09752e+00
       vertex  1.92160e-01  1.59920e-01  1.05627e+00
       vertex  1.57041e-01  1.94520e-01  1.05407e+00
     endloop
  endfacet
  facet normal  5.77039e-04 -8.49957e-04 -2.91033e-05
     outer loop
       vertex  1.19776e-01 -2.19439e-01  1.05443e+00
       vertex  1.60123e-01 -1.91991e-01  1.05277e+00
       vertex  1.40132e-01 -2.07034e-01  1.09573e+00
     endloop
  endfacet
  facet normal  8.56503e-04 -5.61139e-04 -2.96180e-05
     outer loop
       vertex  2.21460e-01 -1.15997e-01  9.70496e-01
       vertex  2.09268e-01 -1.36774e-01  1.01153e+00
       vertex  1.94529e-01 -1.57030e-01  9.69096e-01
     endloop
  endfacet
  facet normal  1.04890e-03 -9.89692e-05 -2.85247e-05
     outer loop
       vertex  2.45457e-01 -4.74407e-02  9.29889e-01
       vertex  2.49999e-01  8.10952e-04  9.29463e-01
       vertex  2.48917e-01 -2.32442e-02  9.73152e-01
     endloop
  endfacet
  facet normal  1.03515e-03 -1.99739e-04  2.89347e-05
     outer loop
       vertex  2.48917e-01 -2.32442e-02  9.73152e-01
       vertex  2.39689e-01 -7.10567e-02  9.73226e-01
       vertex  2.45457e-01 -4.74407e-02  9.29889e-01
     endloop
  endfacet
  facet normal  4.96356e-04 -9.17131e-04 -2.96692e-05
     outer loop
       vertex  9.69554e-02 -2.30434e-01  1.09672e+00
       vertex  1.40132e-01 -2.07034e-01  1.09573e+00
       vertex  1.18687e-01 -2.20031e-01  1.13871e+00
     endloop
  endfacet
  facet normal  8.02467e-04  6.61638e-04 -2.66886e-05
     outer loop
       vertex  2.07028e-01  1.40141e-01  1.01296e+00
       vertex  1.76833e-01  1.76720e-01  1.01191e+00
       vertex  1.92160e-01  1.59920e-01  1.05627e+00
     endloop
  endfacet
  facet normal  7.24498e-04 -7.12561e-04 -2.93578e-05
     outer loop
       vertex  1.94529e-01 -1.57030e-01  9.69096e-01
       vertex  1.79335e-01 -1.74181e-01  1.01041e+00
       vertex  1.60162e-01 -1.91959e-01  9.68753e-01
     endloop
  endfacet
  facet normal  4.08415e-04 -9.77929e-04 -3.00098e-05
     outer loop
       vertex  7.32102e-02 -2.39040e-01  1.13927e+00
       vertex  1.18687e-01 -2.20031e-01  1.13871e+00
       vertex  9.65161e-02 -2.30618e-01  1.18199e+00
     endloop
  endfacet
  facet normal  9.73902e-04 -2.82777e-04 -2.44679e-05
     outer loop
       vertex  2.39689e-01 -7.10567e-02  9.73226e-01
       vertex  2.32575e-01 -9.16998e-02  9.28629e-01
       vertex  2.45457e-01 -4.74407e-02  9.29889e-01
     endloop
  endfacet
  facet normal  9.73920e-04 -3.96766e-04  2.82931e-05
     outer loop
       vertex  2.39689e-01 -7.10567e-02  9.73226e-01
       vertex  2.21460e-01 -1.15997e-01  9.70496e-01
       vertex  2.32575e-01 -9.16998e-02  9.28629e-01
     endloop
  endfacet
  facet normal  6.83879e-04 -8.08388e-04  3.02320e-05
     outer loop
       vertex  1.60162e-01 -1.91959e-01  9.68753e-01
       vertex  1.79335e-01 -1.74181e-01  1.01041e+00
       vertex  1.41533e-01 -2.06079e-01  1.01260e+00
     endloop
  endfacet
  facet normal  3.08482e-04 -1.00826e-03 -3.04586e-05
     outer loop
       vertex  4.91494e-02 -2.45121e-01  1.18235e+00
       vertex  9.65161e-02 -2.30618e-01  1.18199e+00
       vertex  7.28405e-02 -2.39153e-01  1.22474e+00
     endloop
  endfacet
  facet normal  5.63005e-04 -8.25820e-04  2.90609e-05
     outer loop
       vertex  1.41533e-01 -2.06079e-01  1.01260e+00
       vertex  1.60123e-01 -1.91991e-01  1.05277e+00
       vertex  1.19776e-01 -2.19439e-01  1.05443e+00
     endloop
  endfacet
  facet normal  9.55921e-04 -4.90976e-04 -3.11609e-05
     outer loop
       vertex  2.32575e-01 -9.16998e-02  9.28629e-01
       vertex  2.21460e-01 -1.15997e-01  9.70496e-01
       vertex  2.09682e-01 -1.36137e-01  9.26513e-01
     endloop
  endfacet
  facet normal  8.88251e-04 -5.83995e-04  2.95538e-05
     outer loop
       vertex  2.21460e-01 -1.15997e-01  9.70496e-01
       vertex  1.94529e-01 -1.57030e-01  9.69096e-01
       vertex  2.09682e-01 -1.36137e-01  9.26513e-01
     endloop
  endfacet
  facet normal  4.89353e-04 -9.01681e-04  2.96536e-05
     outer loop
       vertex  1.19776e-01 -2.19439e-01  1.05443e+00
       vertex  1.40132e-01 -2.07034e-01  1.09573e+00
       vertex  9.69554e-02 -2.30434e-01  1.09672e+00
     endloop
  endfacet
  facet normal  8.39293e-04 -6.72407e-04 -3.12461e-05
     outer loop
       vertex  1.94529e-01 -1.57030e-01  9.69096e-01
       vertex  1.78417e-01 -1.75121e-01  9.25625e-01
       vertex  2.09682e-01 -1.36137e-01  9.26513e-01
     endloop
  endfacet
  facet normal  7.56089e-04 -7.44221e-04  2.94817e-05
     outer loop
       vertex  1.94529e-01 -1.57030e-01  9.69096e-01
       vertex  1.60162e-01 -1.91959e-01  9.68753e-01
       vertex  1.78417e-01 -1.75121e-01  9.25625e-01
     endloop
  endfacet
  facet normal  4.01950e-04 -9.60688e-04  2.99936e-05
     outer loop
       vertex  9.69554e-02 -2.30434e-01  1.09672e+00
       vertex  1.18687e-01 -2.20031e-01  1.13871e+00
       vertex  7.32102e-02 -2.39040e-01  1.13927e+00
     endloop
  endfacet
  facet normal  3.12622e-04 -1.02120e-03  2.99911e-05
     outer loop
       vertex  9.63405e-02 -2.30691e-01  1.26791e+00
       vertex  4.92144e-02 -2.45108e-01  1.26826e+00
       vertex  7.28405e-02 -2.39153e-01  1.22474e+00
     endloop
  endfacet
  facet normal  3.11329e-04 -1.01602e-03  3.04653e-05
     outer loop
       vertex  7.32102e-02 -2.39040e-01  1.13927e+00
       vertex  9.65161e-02 -2.30618e-01  1.18199e+00
       vertex  4.91494e-02 -2.45121e-01  1.18235e+00
     endloop
  endfacet
  facet normal  5.09143e-04 -9.23764e-04 -3.02386e-05
     outer loop
       vertex  1.41533e-01 -2.06079e-01  1.01260e+00
       vertex  1.19776e-01 -2.19439e-01  1.05443e+00
       vertex  9.82189e-02 -2.29898e-01  1.01096e+00
     endloop
  endfacet
  facet normal  9.02255e-04  4.84181e-04  3.42926e-05
     outer loop
       vertex  2.31387e-01  9.46572e-02  1.01424e+00
       vertex  2.19603e-01  1.19476e-01  9.73871e-01
       vertex  2.07028e-01  1.40141e-01  1.01296e+00
     endloop
  endfacet
  facet normal  2.05929e-04 -1.03233e-03  3.02458e-05
     outer loop
       vertex  4.91494e-02 -2.45121e-01  1.18235e+00
       vertex  7.28405e-02 -2.39153e-01  1.22474e+00
       vertex  2.43722e-02 -2.48809e-01  1.22517e+00
     endloop
  endfacet
  facet normal  5.80606e-04 -8.44879e-04 -2.53958e-05
     outer loop
       vertex  1.60162e-01 -1.91959e-01  9.68753e-01
       vertex  1.41533e-01 -2.06079e-01  1.01260e+00
       vertex  1.21732e-01 -2.18361e-01  9.68503e-01
     endloop
  endfacet
  facet normal  4.14236e-04 -9.76811e-04 -3.04073e-05
     outer loop
       vertex  1.19776e-01 -2.19439e-01  1.05443e+00
       vertex  9.69554e-02 -2.30434e-01  1.09672e+00
       vertex  7.41797e-02 -2.38741e-01  1.05333e+00
     endloop
  endfacet
  facet normal  4.13801e-04 -9.79251e-04  3.03880e-05
     outer loop
       vertex  1.19776e-01 -2.19439e-01  1.05443e+00
       vertex  7.41797e-02 -2.38741e-01  1.05333e+00
       vertex  9.82189e-02 -2.29898e-01  1.01096e+00
     endloop
  endfacet
  facet normal  7.26713e-04  9.20769e-04  3.75833e-05
     outer loop
       vertex  1.74806e-01  1.78726e-01  1.09752e+00
       vertex  1.57041e-01  1.94520e-01  1.05407e+00
       vertex  1.32913e-01  2.11741e-01  1.09872e+00
     endloop
  endfacet
  facet normal  5.15089e-04 -9.38748e-04  3.01657e-05
     outer loop
       vertex  1.41533e-01 -2.06079e-01  1.01260e+00
       vertex  9.82189e-02 -2.29898e-01  1.01096e+00
       vertex  1.21732e-01 -2.18361e-01  9.68503e-01
     endloop
  endfacet
  facet normal  2.08802e-04 -1.04943e-03 -3.02435e-05
     outer loop
       vertex  2.43722e-02 -2.48809e-01  1.22517e+00
       vertex  7.28405e-02 -2.39153e-01  1.22474e+00
       vertex  4.92144e-02 -2.45108e-01  1.26826e+00
     endloop
  endfacet
  facet normal  7.48887e-04  7.62022e-04  2.98426e-05
     outer loop
       vertex  1.57041e-01  1.94520e-01  1.05407e+00
       vertex  1.92160e-01  1.59920e-01  1.05627e+00
       vertex  1.76833e-01  1.76720e-01  1.01191e+00
     endloop
  endfacet
  facet normal  3.14104e-04 -1.01734e-03 -3.04977e-05
     outer loop
       vertex  9.69554e-02 -2.30434e-01  1.09672e+00
       vertex  7.32102e-02 -2.39040e-01  1.13927e+00
       vertex  4.95939e-02 -2.45032e-01  1.09589e+00
     endloop
  endfacet
  facet normal  3.13284e-04 -1.01816e-03  3.04916e-05
     outer loop
       vertex  9.69554e-02 -2.30434e-01  1.09672e+00
       vertex  4.95939e-02 -2.45032e-01  1.09589e+00
       vertex  7.41797e-02 -2.38741e-01  1.05333e+00
     endloop
  endfacet
  facet normal  9.89895e-04 -9.29166e-05  2.80091e-05
     outer loop
       vertex  2.45457e-01 -4.74407e-02  9.29889e-01
       vertex  2.49185e-01 -2.01707e-02  8.88618e-01
       vertex  2.49999e-01  8.10952e-04  9.29463e-01
     endloop
  endfacet
  facet normal  3.20174e-04 -1.01642e-03 -3.04878e-05
     outer loop
       vertex  9.82189e-02 -2.29898e-01  1.01096e+00
       vertex  7.41797e-02 -2.38741e-01  1.05333e+00
       vertex  5.09319e-02 -2.44757e-01  1.00974e+00
     endloop
  endfacet
  facet normal  9.58383e-04 -2.79652e-04  2.44736e-05
     outer loop
       vertex  2.45457e-01 -4.74407e-02  9.29889e-01
       vertex  2.32575e-01 -9.16998e-02  9.28629e-01
       vertex  2.40368e-01 -6.87266e-02  8.85975e-01
     endloop
  endfacet
  facet normal  9.07478e-04  3.84693e-04 -2.83893e-05
     outer loop
       vertex  2.31387e-01  9.46572e-02  1.01424e+00
       vertex  2.38586e-01  7.46767e-02  9.73617e-01
       vertex  2.19603e-01  1.19476e-01  9.73871e-01
     endloop
  endfacet
  facet normal  1.02842e-03  1.09209e-04  3.35464e-05
     outer loop
       vertex  2.49999e-01  8.10952e-04  9.29463e-01
       vertex  2.48371e-01  2.84895e-02  8.89244e-01
       vertex  2.44578e-01  5.17853e-02  9.29704e-01
     endloop
  endfacet
  facet normal  1.01971e-03  3.24950e-04 -3.02631e-05
     outer loop
       vertex  2.44578e-01  5.17853e-02  9.29704e-01
       vertex  2.29596e-01  9.89218e-02  9.31036e-01
       vertex  2.38586e-01  7.46767e-02  9.73617e-01
     endloop
  endfacet
  facet normal  9.25145e-04 -4.78096e-04  3.13020e-05
     outer loop
       vertex  2.22136e-01 -1.14698e-01  8.85896e-01
       vertex  2.32575e-01 -9.16998e-02  9.28629e-01
       vertex  2.09682e-01 -1.36137e-01  9.26513e-01
     endloop
  endfacet
  facet normal -6.66181e-04  1.16582e-03  0.00000e+00
     outer loop
       vertex -1.00000e-01  2.29129e-01  1.50000e+00
       vertex -1.00000e-01  2.29129e-01  1.45000e+00
       vertex -1.46633e-01  2.02482e-01  1.47952e+00
     endloop
  endfacet
  facet normal  4.29024e-04 -9.88516e-04 -3.10255e-05
     outer loop
       vertex  1.21732e-01 -2.18361e-01  9.68503e-01
       vertex  9.82189e-02 -2.29898e-01  1.01096e+00
       vertex  7.59603e-02 -2.38181e-01  9.67062e-01
     endloop
  endfacet
  facet normal  2.14430e-04 -1.04468e-03 -3.05288e-05
     outer loop
       vertex  7.41797e-02 -2.38741e-01  1.05333e+00
       vertex  4.95939e-02 -2.45032e-01  1.09589e+00
       vertex  2.56072e-02 -2.48685e-01  1.05244e+00
     endloop
  endfacet
  facet normal  3.21083e-04 -1.02430e-03  3.04634e-05
     outer loop
       vertex  9.82189e-02 -2.29898e-01  1.01096e+00
       vertex  5.09319e-02 -2.44757e-01  1.00974e+00
       vertex  7.59603e-02 -2.38181e-01  9.67062e-01
     endloop
  endfacet
  facet normal  2.14022e-04 -1.04817e-03  3.05119e-05
     outer loop
       vertex  7.41797e-02 -2.38741e-01  1.05333e+00
       vertex  2.56072e-02 -2.48685e-01  1.05244e+00
       vertex  5.09319e-02 -2.44757e-01  1.00974e+00
     endloop
  endfacet
  facet normal  2.10464e-04 -1.04404e-03 -2.98154e-05
     outer loop
       vertex  7.32102e-02 -2.39040e-01  1.13927e+00
       vertex  4.91494e-02 -2.45121e-01  1.18235e+00
       vertex  2.49936e-02 -2.48748e-01  1.13883e+00
     endloop
  endfacet
  facet normal -4.79152e-04  8.92608e-04  0.00000e+00
     outer loop
       vertex -1.35704e-01  2.09963e-01  1.43220e+00
       vertex -1.00000e-01  2.29129e-01  1.45000e+00
       vertex -1.00000e-01  2.29129e-01  1.40000e+00
     endloop
  endfacet
  facet normal  2.09210e-04 -1.04052e-03  2.98140e-05
     outer loop
       vertex  7.32102e-02 -2.39040e-01  1.13927e+00
       vertex  2.49936e-02 -2.48748e-01  1.13883e+00
       vertex  4.95939e-02 -2.45032e-01  1.09589e+00
     endloop
  endfacet
  facet normal  1.05291e-04 -1.06223e-03 -3.05668e-05
     outer loop
       vertex  4.91494e-02 -2.45121e-01  1.18235e+00
       vertex  2.43722e-02 -2.48809e-01  1.22517e+00
       vertex -2.03466e-04 -2.50000e-01  1.18190e+00
     endloop
  endfacet
  facet normal -4.38872e-04  8.29460e-04  0.00000e+00
     outer loop
       vertex -1.00000e-01  2.29129e-01  1.40000e+00
       vertex -1.00000e-01  2.29129e-01  1.35000e+00
       vertex -1.33178e-01  2.11574e-01  1.35075e+00
     endloop
  endfacet
  facet normal -4.38872e-04  8.29460e-04  0.00000e+00
     outer loop
       vertex -1.33178e-01  2.11574e-01  1.35075e+00
       vertex -1.00000e-01  2.29129e-01  1.35000e+00
       vertex -1.00000e-01  2.29129e-01  1.30000e+00
     endloop
  endfacet
  facet normal  1.05351e-04 -1.06856e-03  3.05612e-05
     outer loop
       vertex  4.91494e-02 -2.45121e-01  1.18235e+00
       vertex -2.03466e-04 -2.50000e-01  1.18190e+00
       vertex  2.49936e-02 -2.48748e-01  1.13883e+00
     endloop
  endfacet
  facet normal  1.03801e-03 -1.86873e-04 -2.97274e-05
     outer loop
       vertex  2.45457e-01 -4.74407e-02  9.29889e-01
       vertex  2.40368e-01 -6.87266e-02  8.85975e-01
       vertex  2.49185e-01 -2.01707e-02  8.88618e-01
     endloop
  endfacet
  facet normal  8.26841e-04 -6.63844e-04  3.12535e-05
     outer loop
       vertex  1.95459e-01 -1.55871e-01  8.83644e-01
       vertex  2.09682e-01 -1.36137e-01  9.26513e-01
       vertex  1.78417e-01 -1.75121e-01  9.25625e-01
     endloop
  endfacet
  facet normal  9.81342e-04 -3.89138e-04 -3.03004e-05
     outer loop
       vertex  2.40368e-01 -6.87266e-02  8.85975e-01
       vertex  2.32575e-01 -9.16998e-02  9.28629e-01
       vertex  2.22136e-01 -1.14698e-01  8.85896e-01
     endloop
  endfacet
  facet normal  9.87204e-04  1.68699e-05 -2.83331e-05
     outer loop
       vertex  2.49999e-01  8.10952e-04  9.29463e-01
       vertex  2.49185e-01 -2.01707e-02  8.88618e-01
       vertex  2.48371e-01  2.84895e-02  8.89244e-01
     endloop
  endfacet
  facet normal  7.63942e-04  6.31368e-04  2.67098e-05
     outer loop
       vertex  2.07028e-01  1.40141e-01  1.01296e+00
       vertex  1.92323e-01  1.59724e-01  9.70630e-01
       vertex  1.76833e-01  1.76720e-01  1.01191e+00
     endloop
  endfacet
  facet normal  9.85464e-04  2.11290e-04 -2.92551e-05
     outer loop
       vertex  2.44578e-01  5.17853e-02  9.29704e-01
       vertex  2.48371e-01  2.84895e-02  8.89244e-01
       vertex  2.38076e-01  7.62876e-02  8.87656e-01
     endloop
  endfacet
  facet normal  1.00733e-03  3.19303e-04  3.03056e-05
     outer loop
       vertex  2.44578e-01  5.17853e-02  9.29704e-01
       vertex  2.38076e-01  7.62876e-02  8.87656e-01
       vertex  2.29596e-01  9.89218e-02  9.31036e-01
     endloop
  endfacet
  facet normal  8.60311e-04 -5.55796e-04 -2.95894e-05
     outer loop
       vertex  2.22136e-01 -1.14698e-01  8.85896e-01
       vertex  2.09682e-01 -1.36137e-01  9.26513e-01
       vertex  1.95459e-01 -1.55871e-01  8.83644e-01
     endloop
  endfacet
  facet normal  8.20160e-04  5.53577e-04 -2.88051e-05
     outer loop
       vertex  2.07028e-01  1.40141e-01  1.01296e+00
       vertex  2.19603e-01  1.19476e-01  9.73871e-01
       vertex  1.92323e-01  1.59724e-01  9.70630e-01
     endloop
  endfacet
  facet normal  1.05247e-03 -1.92742e-04  2.98534e-05
     outer loop
       vertex  2.49185e-01 -2.01707e-02  8.88618e-01
       vertex  2.40368e-01 -6.87266e-02  8.85975e-01
       vertex  2.46382e-01 -4.23757e-02  8.44058e-01
     endloop
  endfacet
  facet normal  9.95261e-04 -3.94763e-04  3.03125e-05
     outer loop
       vertex  2.40368e-01 -6.87266e-02  8.85975e-01
       vertex  2.22136e-01 -1.14698e-01  8.85896e-01
       vertex  2.32417e-01 -9.20993e-02  8.42636e-01
     endloop
  endfacet
  facet normal  9.56861e-04  4.05295e-04  2.87534e-05
     outer loop
       vertex  2.19603e-01  1.19476e-01  9.73871e-01
       vertex  2.38586e-01  7.46767e-02  9.73617e-01
       vertex  2.29596e-01  9.89218e-02  9.31036e-01
     endloop
  endfacet
  facet normal  1.06087e-03 -2.96969e-04 -3.44632e-05
     outer loop
       vertex  2.46382e-01 -4.23757e-02  8.44058e-01
       vertex  2.40368e-01 -6.87266e-02  8.85975e-01
       vertex  2.32417e-01 -9.20993e-02  8.42636e-01
     endloop
  endfacet
  facet normal  7.59685e-04 -7.38695e-04 -3.03307e-05
     outer loop
       vertex  1.95459e-01 -1.55871e-01  8.83644e-01
       vertex  1.78417e-01 -1.75121e-01  9.25625e-01
       vertex  1.60926e-01 -1.91319e-01  8.82021e-01
     endloop
  endfacet
  facet normal  1.03220e-03 -7.73895e-05 -2.63545e-05
     outer loop
       vertex  2.46382e-01 -4.23757e-02  8.44058e-01
       vertex  2.49955e-01  4.73873e-03  8.45634e-01
       vertex  2.49185e-01 -2.01707e-02  8.88618e-01
     endloop
  endfacet
  facet normal  1.05359e-03  1.72439e-05  2.88701e-05
     outer loop
       vertex  2.48371e-01  2.84895e-02  8.89244e-01
       vertex  2.49185e-01 -2.01707e-02  8.88618e-01
       vertex  2.49955e-01  4.73873e-03  8.45634e-01
     endloop
  endfacet
  facet normal  1.01986e-03  1.15202e-04 -2.57056e-05
     outer loop
       vertex  2.48371e-01  2.84895e-02  8.89244e-01
       vertex  2.49955e-01  4.73873e-03  8.45634e-01
       vertex  2.44688e-01  5.12596e-02  8.45173e-01
     endloop
  endfacet
  facet normal  1.03518e-03  2.23940e-04  2.91950e-05
     outer loop
       vertex  2.38076e-01  7.62876e-02  8.87656e-01
       vertex  2.48371e-01  2.84895e-02  8.89244e-01
       vertex  2.44688e-01  5.12596e-02  8.45173e-01
     endloop
  endfacet
  facet normal  9.24644e-04 -4.71440e-04 -2.65249e-05
     outer loop
       vertex  2.10888e-01 -1.34262e-01  8.41516e-01
       vertex  2.32417e-01 -9.20993e-02  8.42636e-01
       vertex  2.22136e-01 -1.14698e-01  8.85896e-01
     endloop
  endfacet
  facet normal  1.07544e-03 -3.34985e-04  2.00979e-05
     outer loop
       vertex  2.42264e-01 -6.17100e-02  0.00000e+00
       vertex  2.44793e-01 -5.07574e-02  4.72224e-02
       vertex  2.30482e-01 -9.68400e-02  4.49172e-02
     endloop
  endfacet
  facet normal  3.87606e-04  7.22207e-04 -1.87589e-05
     outer loop
       vertex  1.00000e-01  2.29129e-01  4.50000e-01
       vertex  1.28314e-01  2.14559e-01  4.74107e-01
       vertex  1.39389e-01  2.07535e-01  4.32522e-01
     endloop
  endfacet
  facet normal  8.91614e-04 -5.79304e-04  2.93969e-05
     outer loop
       vertex  2.22136e-01 -1.14698e-01  8.85896e-01
       vertex  1.95459e-01 -1.55871e-01  8.83644e-01
       vertex  2.10888e-01 -1.34262e-01  8.41516e-01
     endloop
  endfacet
  facet normal  1.20277e-03 -1.23683e-04  2.33558e-05
     outer loop
       vertex  2.50000e-01 -6.58221e-05  4.75238e-02
       vertex  2.44793e-01 -5.07574e-02  4.72224e-02
       vertex  2.49726e-01 -1.17070e-02  0.00000e+00
     endloop
  endfacet
  facet normal  6.21832e-04  7.67135e-04 -3.19686e-05
     outer loop
       vertex  1.76833e-01  1.76720e-01  1.01191e+00
       vertex  1.37804e-01  2.08591e-01  1.01752e+00
       vertex  1.57041e-01  1.94520e-01  1.05407e+00
     endloop
  endfacet
  facet normal  9.79785e-04  4.25610e-04 -3.05448e-05
     outer loop
       vertex  2.29596e-01  9.89218e-02  9.31036e-01
       vertex  2.38076e-01  7.62876e-02  8.87656e-01
       vertex  2.18334e-01  1.21780e-01  8.88271e-01
     endloop
  endfacet
  facet normal  1.04207e-03  3.32367e-04 -3.36097e-05
     outer loop
       vertex  2.38076e-01  7.62876e-02  8.87656e-01
       vertex  2.44688e-01  5.12596e-02  8.45173e-01
       vertex  2.29120e-01  1.00020e-01  8.44667e-01
     endloop
  endfacet
  facet normal  8.46149e-04 -6.64394e-04 -3.08985e-05
     outer loop
       vertex  2.10888e-01 -1.34262e-01  8.41516e-01
       vertex  1.95459e-01 -1.55871e-01  8.83644e-01
       vertex  1.80064e-01 -1.73427e-01  8.39556e-01
     endloop
  endfacet
  facet normal  7.67163e-04 -7.48755e-04  3.02734e-05
     outer loop
       vertex  1.95459e-01 -1.55871e-01  8.83644e-01
       vertex  1.60926e-01 -1.91319e-01  8.82021e-01
       vertex  1.80064e-01 -1.73427e-01  8.39556e-01
     endloop
  endfacet
  facet normal  9.85144e-04  4.27109e-04  3.05518e-05
     outer loop
       vertex  2.18334e-01  1.21780e-01  8.88271e-01
       vertex  2.38076e-01  7.62876e-02  8.87656e-01
       vertex  2.29120e-01  1.00020e-01  8.44667e-01
     endloop
  endfacet
  facet normal  9.34090e-04  5.16359e-04  2.99955e-05
     outer loop
       vertex  2.05720e-01  1.42053e-01  9.32071e-01
       vertex  2.29596e-01  9.89218e-02  9.31036e-01
       vertex  2.18334e-01  1.21780e-01  8.88271e-01
     endloop
  endfacet
  facet normal  6.60645e-04 -7.85529e-04 -2.70449e-05
     outer loop
       vertex  1.60162e-01 -1.91959e-01  9.68753e-01
       vertex  1.41959e-01 -2.05786e-01  9.25697e-01
       vertex  1.78417e-01 -1.75121e-01  9.25625e-01
     endloop
  endfacet
  facet normal  8.61223e-04  9.17721e-04 -5.46789e-05
     outer loop
       vertex  1.76833e-01  1.76720e-01  1.01191e+00
       vertex  1.92323e-01  1.59724e-01  9.70630e-01
       vertex  1.47485e-01  2.01862e-01  9.71636e-01
     endloop
  endfacet
  facet normal  9.13129e-04  5.06190e-04 -2.98627e-05
     outer loop
       vertex  2.19603e-01  1.19476e-01  9.73871e-01
       vertex  2.29596e-01  9.89218e-02  9.31036e-01
       vertex  2.05720e-01  1.42053e-01  9.32071e-01
     endloop
  endfacet
  facet normal  7.12357e-04  8.68323e-04  2.29588e-05
     outer loop
       vertex  1.76833e-01  1.76720e-01  1.01191e+00
       vertex  1.47485e-01  2.01862e-01  9.71636e-01
       vertex  1.37804e-01  2.08591e-01  1.01752e+00
     endloop
  endfacet
  facet normal  5.66658e-04 -8.25057e-04  2.53852e-05
     outer loop
       vertex  1.60162e-01 -1.91959e-01  9.68753e-01
       vertex  1.21732e-01 -2.18361e-01  9.68503e-01
       vertex  1.41959e-01 -2.05786e-01  9.25697e-01
     endloop
  endfacet
  facet normal  8.04615e-04  5.47661e-04  2.85777e-05
     outer loop
       vertex  1.92323e-01  1.59724e-01  9.70630e-01
       vertex  2.19603e-01  1.19476e-01  9.73871e-01
       vertex  2.05720e-01  1.42053e-01  9.32071e-01
     endloop
  endfacet
  facet normal  8.35997e-04  5.72528e-04 -2.42519e-05
     outer loop
       vertex  1.92365e-01  1.59674e-01  8.87667e-01
       vertex  2.05720e-01  1.42053e-01  9.32071e-01
       vertex  2.18334e-01  1.21780e-01  8.88271e-01
     endloop
  endfacet
  facet normal  7.32082e-04  6.16252e-04 -2.80566e-05
     outer loop
       vertex  1.92323e-01  1.59724e-01  9.70630e-01
       vertex  2.05720e-01  1.42053e-01  9.32071e-01
       vertex  1.74558e-01  1.78968e-01  9.29764e-01
     endloop
  endfacet
  facet normal  9.02745e-04 -4.84033e-04  2.07844e-05
     outer loop
       vertex  2.30482e-01 -9.68400e-02  4.49172e-02
       vertex  2.08565e-01 -1.37843e-01  4.19802e-02
       vertex  2.24895e-01 -1.09189e-01  0.00000e+00
     endloop
  endfacet
  facet normal  7.99255e-04  6.76464e-04  2.80438e-05
     outer loop
       vertex  1.74558e-01  1.78968e-01  9.29764e-01
       vertex  2.05720e-01  1.42053e-01  9.32071e-01
       vertex  1.92365e-01  1.59674e-01  8.87667e-01
     endloop
  endfacet
  facet normal  4.98447e-04  9.29056e-04  7.79715e-06
     outer loop
       vertex  1.32298e-01  2.12126e-01  6.11286e-01
       vertex  1.00000e-01  2.29129e-01  6.50000e-01
       vertex  1.36625e-01  2.09365e-01  6.63629e-01
     endloop
  endfacet
  facet normal  1.06125e-03  9.96110e-05  1.38539e-05
     outer loop
       vertex  2.45675e-01  4.62999e-02  4.54391e-02
       vertex  2.50000e-01 -6.58221e-05  4.75238e-02
       vertex  2.46975e-01  3.87747e-02  0.00000e+00
     endloop
  endfacet
  facet normal  8.70672e-04  9.25106e-04  5.71351e-05
     outer loop
       vertex  1.92323e-01  1.59724e-01  9.70630e-01
       vertex  1.74558e-01  1.78968e-01  9.29764e-01
       vertex  1.47485e-01  2.01862e-01  9.71636e-01
     endloop
  endfacet
  facet normal  8.90188e-04  4.92175e-04 -2.54092e-05
     outer loop
       vertex  2.06544e-01  1.40853e-01  8.44673e-01
       vertex  2.18334e-01  1.21780e-01  8.88271e-01
       vertex  2.29120e-01  1.00020e-01  8.44667e-01
     endloop
  endfacet
  facet normal  1.03524e-03  3.30883e-04  3.35985e-05
     outer loop
       vertex  2.38318e-01  7.55290e-02  8.02458e-01
       vertex  2.29120e-01  1.00020e-01  8.44667e-01
       vertex  2.44688e-01  5.12596e-02  8.45173e-01
     endloop
  endfacet
  facet normal  9.57558e-04 -7.34761e-05  2.58587e-05
     outer loop
       vertex  2.48997e-01 -2.23710e-02  8.04079e-01
       vertex  2.49955e-01  4.73873e-03  8.45634e-01
       vertex  2.46382e-01 -4.23757e-02  8.44058e-01
     endloop
  endfacet
  facet normal  8.20295e-04  5.62542e-04  2.42728e-05
     outer loop
       vertex  1.92365e-01  1.59674e-01  8.87667e-01
       vertex  2.18334e-01  1.21780e-01  8.88271e-01
       vertex  2.06544e-01  1.40853e-01  8.44673e-01
     endloop
  endfacet
  facet normal  1.01251e-03  1.14881e-04  2.56540e-05
     outer loop
       vertex  2.44688e-01  5.12596e-02  8.45173e-01
       vertex  2.49955e-01  4.73873e-03  8.45634e-01
       vertex  2.48536e-01  2.70168e-02  8.01884e-01
     endloop
  endfacet
  facet normal  9.62366e-04 -2.71268e-04  3.42308e-05
     outer loop
       vertex  2.40021e-01 -6.99293e-02  8.04561e-01
       vertex  2.46382e-01 -4.23757e-02  8.44058e-01
       vertex  2.32417e-01 -9.20993e-02  8.42636e-01
     endloop
  endfacet
  facet normal  6.46806e-04  8.01370e-04 -1.99539e-05
     outer loop
       vertex  1.47485e-01  2.01862e-01  9.71636e-01
       vertex  1.74558e-01  1.78968e-01  9.29764e-01
       vertex  1.37716e-01  2.08649e-01  9.27544e-01
     endloop
  endfacet
  facet normal  7.73998e-04  7.93220e-04 -3.61503e-05
     outer loop
       vertex  1.74558e-01  1.78968e-01  9.29764e-01
       vertex  1.92365e-01  1.59674e-01  8.87667e-01
       vertex  1.54825e-01  1.96289e-01  8.87324e-01
     endloop
  endfacet
  facet normal  6.10607e-04  7.59890e-04  2.62188e-05
     outer loop
       vertex  1.37716e-01  2.08649e-01  9.27544e-01
       vertex  1.74558e-01  1.78968e-01  9.29764e-01
       vertex  1.54825e-01  1.96289e-01  8.87324e-01
     endloop
  endfacet
  facet normal  6.69131e-04 -7.95493e-04  2.70914e-05
     outer loop
       vertex  1.78417e-01 -1.75121e-01  9.25625e-01
       vertex  1.41959e-01 -2.05786e-01  9.25697e-01
       vertex  1.60926e-01 -1.91319e-01  8.82021e-01
     endloop
  endfacet
  facet normal  8.84041e-04  4.88769e-04  2.54498e-05
     outer loop
       vertex  2.06544e-01  1.40853e-01  8.44673e-01
       vertex  2.29120e-01  1.00020e-01  8.44667e-01
       vertex  2.18784e-01  1.20969e-01  8.01370e-01
     endloop
  endfacet
  facet normal  8.67150e-04 -4.43491e-04  2.65151e-05
     outer loop
       vertex  2.22095e-01 -1.14777e-01  8.00900e-01
       vertex  2.32417e-01 -9.20993e-02  8.42636e-01
       vertex  2.10888e-01 -1.34262e-01  8.41516e-01
     endloop
  endfacet
  facet normal  7.71293e-04  7.91123e-04  3.61445e-05
     outer loop
       vertex  1.92365e-01  1.59674e-01  8.87667e-01
       vertex  1.74794e-01  1.78737e-01  8.45358e-01
       vertex  1.54825e-01  1.96289e-01  8.87324e-01
     endloop
  endfacet
  facet normal  8.07956e-04  6.77674e-04 -3.01983e-05
     outer loop
       vertex  1.92365e-01  1.59674e-01  8.87667e-01
       vertex  2.06544e-01  1.40853e-01  8.44673e-01
       vertex  1.74794e-01  1.78737e-01  8.45358e-01
     endloop
  endfacet
  facet normal  9.72303e-04  4.17247e-04 -3.02261e-05
     outer loop
       vertex  2.18784e-01  1.20969e-01  8.01370e-01
       vertex  2.29120e-01  1.00020e-01  8.44667e-01
       vertex  2.38318e-01  7.55290e-02  8.02458e-01
     endloop
  endfacet
  facet normal  8.70368e-04  6.01597e-04 -3.02238e-05
     outer loop
       vertex  2.06544e-01  1.40853e-01  8.44673e-01
       vertex  2.18784e-01  1.20969e-01  8.01370e-01
       vertex  1.90688e-01  1.61673e-01  8.02471e-01
     endloop
  endfacet
  facet normal  1.04305e-03  2.20060e-04 -3.05344e-05
     outer loop
       vertex  2.38318e-01  7.55290e-02  8.02458e-01
       vertex  2.44688e-01  5.12596e-02  8.45173e-01
       vertex  2.48536e-01  2.70168e-02  8.01884e-01
     endloop
  endfacet
  facet normal  8.06540e-04  6.75396e-04  3.01666e-05
     outer loop
       vertex  1.74794e-01  1.78737e-01  8.45358e-01
       vertex  2.06544e-01  1.40853e-01  8.44673e-01
       vertex  1.90688e-01  1.61673e-01  8.02471e-01
     endloop
  endfacet
  facet normal  7.87218e-04 -6.21107e-04  3.09244e-05
     outer loop
       vertex  1.95566e-01 -1.55737e-01  8.00241e-01
       vertex  2.10888e-01 -1.34262e-01  8.41516e-01
       vertex  1.80064e-01 -1.73427e-01  8.39556e-01
     endloop
  endfacet
  facet normal  7.29538e-04  7.55066e-04 -3.00690e-05
     outer loop
       vertex  1.74794e-01  1.78737e-01  8.45358e-01
       vertex  1.90688e-01  1.61673e-01  8.02471e-01
       vertex  1.55195e-01  1.95997e-01  8.03230e-01
     endloop
  endfacet
  facet normal  1.05591e-03  8.53038e-06 -2.99083e-05
     outer loop
       vertex  2.48536e-01  2.70168e-02  8.01884e-01
       vertex  2.49955e-01  4.73873e-03  8.45634e-01
       vertex  2.48997e-01 -2.23710e-02  8.04079e-01
     endloop
  endfacet
  facet normal  8.81856e-04  6.07890e-04  3.02762e-05
     outer loop
       vertex  1.90688e-01  1.61673e-01  8.02471e-01
       vertex  2.18784e-01  1.20969e-01  8.01370e-01
       vertex  2.05194e-01  1.42813e-01  7.58631e-01
     endloop
  endfacet
  facet normal  9.45848e-04 -1.78805e-04 -2.76118e-05
     outer loop
       vertex  2.48997e-01 -2.23710e-02  8.04079e-01
       vertex  2.46382e-01 -4.23757e-02  8.44058e-01
       vertex  2.40021e-01 -6.99293e-02  8.04561e-01
     endloop
  endfacet
  facet normal  6.34575e-04  7.94613e-04 -3.03722e-05
     outer loop
       vertex  1.74794e-01  1.78737e-01  8.45358e-01
       vertex  1.36092e-01  2.09712e-01  8.47108e-01
       vertex  1.54825e-01  1.96289e-01  8.87324e-01
     endloop
  endfacet
  facet normal  6.67819e-04 -7.85792e-04 -3.01042e-05
     outer loop
       vertex  1.42448e-01 -2.05447e-01  8.40904e-01
       vertex  1.80064e-01 -1.73427e-01  8.39556e-01
       vertex  1.60926e-01 -1.91319e-01  8.82021e-01
     endloop
  endfacet
  facet normal  7.43523e-04  7.68195e-04  3.01436e-05
     outer loop
       vertex  1.55195e-01  1.95997e-01  8.03230e-01
       vertex  1.90688e-01  1.61673e-01  8.02471e-01
       vertex  1.73309e-01  1.80178e-01  7.59556e-01
     endloop
  endfacet
  facet normal  9.83746e-04  4.23615e-04  3.02780e-05
     outer loop
       vertex  2.18784e-01  1.20969e-01  8.01370e-01
       vertex  2.38318e-01  7.55290e-02  8.02458e-01
       vertex  2.30054e-01  9.78529e-02  7.58624e-01
     endloop
  endfacet
  facet normal  8.10312e-04  6.92207e-04 -2.96698e-05
     outer loop
       vertex  2.05194e-01  1.42813e-01  7.58631e-01
       vertex  1.73309e-01  1.80178e-01  7.59556e-01
       vertex  1.90688e-01  1.61673e-01  8.02471e-01
     endloop
  endfacet
  facet normal  9.60847e-04  5.31296e-04 -3.39911e-05
     outer loop
       vertex  2.05194e-01  1.42813e-01  7.58631e-01
       vertex  2.18784e-01  1.20969e-01  8.01370e-01
       vertex  2.30054e-01  9.78529e-02  7.58624e-01
     endloop
  endfacet
  facet normal  6.67546e-04  8.32373e-04  3.04440e-05
     outer loop
       vertex  1.74794e-01  1.78737e-01  8.45358e-01
       vertex  1.55195e-01  1.95997e-01  8.03230e-01
       vertex  1.36092e-01  2.09712e-01  8.47108e-01
     endloop
  endfacet
  facet normal  8.94353e-04 -3.55167e-04 -2.82041e-05
     outer loop
       vertex  2.40021e-01 -6.99293e-02  8.04561e-01
       vertex  2.32417e-01 -9.20993e-02  8.42636e-01
       vertex  2.22095e-01 -1.14777e-01  8.00900e-01
     endloop
  endfacet
  facet normal  1.00173e-03  3.16194e-04 -2.78202e-05
     outer loop
       vertex  2.44528e-01  5.20199e-02  7.58874e-01
       vertex  2.30054e-01  9.78529e-02  7.58624e-01
       vertex  2.38318e-01  7.55290e-02  8.02458e-01
     endloop
  endfacet
  facet normal  1.05043e-03  2.20891e-04  3.05255e-05
     outer loop
       vertex  2.38318e-01  7.55290e-02  8.02458e-01
       vertex  2.48536e-01  2.70168e-02  8.01884e-01
       vertex  2.44528e-01  5.20199e-02  7.58874e-01
     endloop
  endfacet
  facet normal  8.38247e-04 -5.42457e-04 -2.89397e-05
     outer loop
       vertex  2.22095e-01 -1.14777e-01  8.00900e-01
       vertex  2.10888e-01 -1.34262e-01  8.41516e-01
       vertex  1.95566e-01 -1.55737e-01  8.00241e-01
     endloop
  endfacet
  facet normal  3.95396e-04  7.52830e-04 -1.71073e-05
     outer loop
       vertex  1.26782e-01  2.15467e-01  5.67828e-01
       vertex  1.37954e-01  2.08491e-01  5.19046e-01
       vertex  1.00000e-01  2.29129e-01  5.50000e-01
     endloop
  endfacet
  facet normal  7.08912e-04 -6.85143e-04 -2.87618e-05
     outer loop
       vertex  1.95566e-01 -1.55737e-01  8.00241e-01
       vertex  1.80064e-01 -1.73427e-01  8.39556e-01
       vertex  1.61726e-01 -1.90643e-01  7.97669e-01
     endloop
  endfacet
  facet normal  1.09941e-03  1.15965e-04 -3.50354e-05
     outer loop
       vertex  2.48536e-01  2.70168e-02  8.01884e-01
       vertex  2.50000e-01  4.02099e-04  7.59724e-01
       vertex  2.44528e-01  5.20199e-02  7.58874e-01
     endloop
  endfacet
  facet normal  1.07030e-03  1.13283e-05  3.00095e-05
     outer loop
       vertex  2.48536e-01  2.70168e-02  8.01884e-01
       vertex  2.48997e-01 -2.23710e-02  8.04079e-01
       vertex  2.50000e-01  4.02099e-04  7.59724e-01
     endloop
  endfacet
  facet normal  6.82227e-04 -8.00180e-04  3.02022e-05
     outer loop
       vertex  1.61726e-01 -1.90643e-01  7.97669e-01
       vertex  1.80064e-01 -1.73427e-01  8.39556e-01
       vertex  1.42448e-01 -2.05447e-01  8.40904e-01
     endloop
  endfacet
  facet normal  5.75173e-04 -8.37816e-04  2.94065e-05
     outer loop
       vertex  1.42448e-01 -2.05447e-01  8.40904e-01
       vertex  1.60926e-01 -1.91319e-01  8.82021e-01
       vertex  1.20516e-01 -2.19034e-01  8.82782e-01
     endloop
  endfacet
  facet normal  1.03190e-03 -9.73287e-05 -2.66460e-05
     outer loop
       vertex  2.45582e-01 -4.67934e-02  7.61023e-01
       vertex  2.50000e-01  4.02099e-04  7.59724e-01
       vertex  2.48997e-01 -2.23710e-02  8.04079e-01
     endloop
  endfacet
  facet normal  1.02974e-03 -1.94072e-04  2.83992e-05
     outer loop
       vertex  2.48997e-01 -2.23710e-02  8.04079e-01
       vertex  2.40021e-01 -6.99293e-02  8.04561e-01
       vertex  2.45582e-01 -4.67934e-02  7.61023e-01
     endloop
  endfacet
  facet normal  5.99736e-04 -8.75247e-04 -2.94633e-05
     outer loop
       vertex  1.20516e-01 -2.19034e-01  8.82782e-01
       vertex  1.60926e-01 -1.91319e-01  8.82021e-01
       vertex  1.41959e-01 -2.05786e-01  9.25697e-01
     endloop
  endfacet
  facet normal  9.51588e-04 -2.70494e-04 -2.21925e-05
     outer loop
       vertex  2.45582e-01 -4.67934e-02  7.61023e-01
       vertex  2.40021e-01 -6.99293e-02  8.04561e-01
       vertex  2.33344e-01 -8.97255e-02  7.59555e-01
     endloop
  endfacet
  facet normal  9.72979e-04 -3.91158e-04  2.77084e-05
     outer loop
       vertex  2.40021e-01 -6.99293e-02  8.04561e-01
       vertex  2.22095e-01 -1.14777e-01  8.00900e-01
       vertex  2.33344e-01 -8.97255e-02  7.59555e-01
     endloop
  endfacet
  facet normal  9.73029e-04 -4.92278e-04 -3.35466e-05
     outer loop
       vertex  2.33344e-01 -8.97255e-02  7.59555e-01
       vertex  2.22095e-01 -1.14777e-01  8.00900e-01
       vertex  2.10151e-01 -1.35412e-01  7.57274e-01
     endloop
  endfacet
  facet normal  8.86665e-04 -5.74751e-04  2.91091e-05
     outer loop
       vertex  2.22095e-01 -1.14777e-01  8.00900e-01
       vertex  1.95566e-01 -1.55737e-01  8.00241e-01
       vertex  2.10151e-01 -1.35412e-01  7.57274e-01
     endloop
  endfacet
  facet normal  8.09540e-04 -6.35732e-04 -2.59193e-05
     outer loop
       vertex  1.81088e-01 -1.72357e-01  7.55715e-01
       vertex  2.10151e-01 -1.35412e-01  7.57274e-01
       vertex  1.95566e-01 -1.55737e-01  8.00241e-01
     endloop
  endfacet
  facet normal  7.55721e-04 -7.34744e-04  2.85375e-05
     outer loop
       vertex  1.95566e-01 -1.55737e-01  8.00241e-01
       vertex  1.61726e-01 -1.90643e-01  7.97669e-01
       vertex  1.81088e-01 -1.72357e-01  7.55715e-01
     endloop
  endfacet
  facet normal  9.39624e-04 -8.72520e-05  2.56714e-05
     outer loop
       vertex  2.45582e-01 -4.67934e-02  7.61023e-01
       vertex  2.49301e-01 -1.86875e-02  7.20431e-01
       vertex  2.50000e-01  4.02099e-04  7.59724e-01
     endloop
  endfacet
  facet normal  5.93328e-04 -8.50829e-04 -2.67797e-05
     outer loop
       vertex  1.61726e-01 -1.90643e-01  7.97669e-01
       vertex  1.42448e-01 -2.05447e-01  8.40904e-01
       vertex  1.22779e-01 -2.17773e-01  7.96745e-01
     endloop
  endfacet
  facet normal  9.29787e-04 -2.65797e-04  2.21956e-05
     outer loop
       vertex  2.45582e-01 -4.67934e-02  7.61023e-01
       vertex  2.33344e-01 -8.97255e-02  7.59555e-01
       vertex  2.40811e-01 -6.71580e-02  7.17012e-01
     endloop
  endfacet
  facet normal  5.15189e-04 -9.25010e-04 -3.02968e-05
     outer loop
       vertex  1.42448e-01 -2.05447e-01  8.40904e-01
       vertex  1.20516e-01 -2.19034e-01  8.82782e-01
       vertex  9.92006e-02 -2.29476e-01  8.39132e-01
     endloop
  endfacet
  facet normal  6.93852e-04 -8.03994e-04 -3.01990e-05
     outer loop
       vertex  1.61726e-01 -1.90643e-01  7.97669e-01
       vertex  1.43591e-01 -2.04650e-01  7.53915e-01
       vertex  1.81088e-01 -1.72357e-01  7.55715e-01
     endloop
  endfacet
  facet normal  9.43896e-04  2.98233e-04  2.77452e-05
     outer loop
       vertex  2.44528e-01  5.20199e-02  7.58874e-01
       vertex  2.38008e-01  7.64999e-02  7.17552e-01
       vertex  2.30054e-01  9.78529e-02  7.58624e-01
     endloop
  endfacet
  facet normal  9.33950e-04  5.16414e-04  3.39790e-05
     outer loop
       vertex  2.30054e-01  9.78529e-02  7.58624e-01
       vertex  2.18546e-01  1.21398e-01  7.17082e-01
       vertex  2.05194e-01  1.42813e-01  7.58631e-01
     endloop
  endfacet
  facet normal  9.83317e-04  1.04805e-04  3.45579e-05
     outer loop
       vertex  2.50000e-01  4.02099e-04  7.59724e-01
       vertex  2.48261e-01  2.94395e-02  7.21146e-01
       vertex  2.44528e-01  5.20199e-02  7.58874e-01
     endloop
  endfacet
  facet normal  8.16921e-04  6.96377e-04  2.96917e-05
     outer loop
       vertex  2.05194e-01  1.42813e-01  7.58631e-01
       vertex  1.90454e-01  1.61949e-01  7.15378e-01
       vertex  1.73309e-01  1.80178e-01  7.59556e-01
     endloop
  endfacet
  facet normal  5.19615e-04 -9.37441e-04  3.02296e-05
     outer loop
       vertex  1.42448e-01 -2.05447e-01  8.40904e-01
       vertex  9.92006e-02 -2.29476e-01  8.39132e-01
       vertex  1.22779e-01 -2.17773e-01  7.96745e-01
     endloop
  endfacet
  facet normal  9.40993e-04  6.80022e-04  3.75269e-05
     outer loop
       vertex  2.17110e-01  1.23948e-01  2.00000e+00
       vertex  2.04690e-01  1.43534e-01  1.95653e+00
       vertex  1.85826e-01  1.67239e-01  2.00000e+00
     endloop
  endfacet
  facet normal  5.87060e-04 -8.43653e-04  2.67599e-05
     outer loop
       vertex  1.61726e-01 -1.90643e-01  7.97669e-01
       vertex  1.22779e-01 -2.17773e-01  7.96745e-01
       vertex  1.43591e-01 -2.04650e-01  7.53915e-01
     endloop
  endfacet
  facet normal  9.41642e-04 -4.79702e-04  3.37147e-05
     outer loop
       vertex  2.22919e-01 -1.13168e-01  7.17163e-01
       vertex  2.33344e-01 -8.97255e-02  7.59555e-01
       vertex  2.10151e-01 -1.35412e-01  7.57274e-01
     endloop
  endfacet
  facet normal  6.13906e-04  1.07788e-03  3.45671e-05
     outer loop
       vertex  1.46059e-01  2.02896e-01  2.00000e+00
       vertex  1.29955e-01  2.13569e-01  1.95320e+00
       vertex  1.00000e-01  2.29129e-01  2.00000e+00
     endloop
  endfacet
  facet normal  7.79203e-04  8.69007e-04  3.53192e-05
     outer loop
       vertex  1.85826e-01  1.67239e-01  2.00000e+00
       vertex  1.72295e-01  1.81148e-01  1.95629e+00
       vertex  1.46059e-01  2.02896e-01  2.00000e+00
     endloop
  endfacet
  facet normal  6.98769e-04 -8.13073e-04  3.02466e-05
     outer loop
       vertex  1.81088e-01 -1.72357e-01  7.55715e-01
       vertex  1.43591e-01 -2.04650e-01  7.53915e-01
       vertex  1.64336e-01 -1.88398e-01  7.11544e-01
     endloop
  endfacet
  facet normal  5.21286e-04 -9.26102e-04 -3.04638e-05
     outer loop
       vertex  1.43591e-01 -2.04650e-01  7.53915e-01
       vertex  1.22779e-01 -2.17773e-01  7.96745e-01
       vertex  1.00421e-01 -2.28945e-01  7.53762e-01
     endloop
  endfacet
  facet normal  1.03179e-03 -1.78666e-04 -2.91800e-05
     outer loop
       vertex  2.45582e-01 -4.67934e-02  7.61023e-01
       vertex  2.40811e-01 -6.71580e-02  7.17012e-01
       vertex  2.49301e-01 -1.86875e-02  7.20431e-01
     endloop
  endfacet
  facet normal  9.76999e-04 -3.80015e-04 -3.01070e-05
     outer loop
       vertex  2.40811e-01 -6.71580e-02  7.17012e-01
       vertex  2.33344e-01 -8.97255e-02  7.59555e-01
       vertex  2.22919e-01 -1.13168e-01  7.17163e-01
     endloop
  endfacet
  facet normal  5.73216e-04 -1.01876e-03  2.97664e-05
     outer loop
       vertex  1.43591e-01 -2.04650e-01  7.53915e-01
       vertex  1.00421e-01 -2.28945e-01  7.53762e-01
       vertex  1.19321e-01 -2.19687e-01  7.06632e-01
     endloop
  endfacet
  facet normal -2.56251e-04 -1.27779e-03 -1.45680e-05
     outer loop
       vertex -2.41200e-02 -2.48834e-01  0.00000e+00
       vertex -6.74132e-02 -2.40739e-01  5.15553e-02
       vertex -7.36897e-02 -2.38893e-01  0.00000e+00
     endloop
  endfacet
  facet normal  7.02803e-04 -1.00462e-03 -4.12478e-05
     outer loop
       vertex  1.64336e-01 -1.88398e-01  7.11544e-01
       vertex  1.43591e-01 -2.04650e-01  7.53915e-01
       vertex  1.19321e-01 -2.19687e-01  7.06632e-01
     endloop
  endfacet
  facet normal  9.38710e-04  2.06824e-05 -2.67493e-05
     outer loop
       vertex  2.50000e-01  4.02099e-04  7.59724e-01
       vertex  2.49301e-01 -1.86875e-02  7.20431e-01
       vertex  2.48261e-01  2.94395e-02  7.21146e-01
     endloop
  endfacet
  facet normal -4.77315e-04 -1.12742e-03 -1.46699e-05
     outer loop
       vertex -1.14421e-01 -2.22279e-01  4.84326e-02
       vertex -1.20246e-01 -2.19182e-01  0.00000e+00
       vertex -7.36897e-02 -2.38893e-01  0.00000e+00
     endloop
  endfacet
  facet normal -4.65424e-04  8.71273e-04  0.00000e+00
     outer loop
       vertex -1.00000e-01  2.29129e-01  1.50000e+00
       vertex -1.34851e-01  2.10512e-01  1.52459e+00
       vertex -1.00000e-01  2.29129e-01  1.55000e+00
     endloop
  endfacet
  facet normal  9.28320e-04  2.00113e-04 -2.79257e-05
     outer loop
       vertex  2.44528e-01  5.20199e-02  7.58874e-01
       vertex  2.48261e-01  2.94395e-02  7.21146e-01
       vertex  2.38008e-01  7.64999e-02  7.17552e-01
     endloop
  endfacet
  facet normal -4.43571e-04  8.36914e-04  0.00000e+00
     outer loop
       vertex -1.33477e-01  2.11386e-01  1.23085e+00
       vertex -1.00000e-01  2.29129e-01  1.25000e+00
       vertex -1.00000e-01  2.29129e-01  1.20000e+00
     endloop
  endfacet
  facet normal -4.16065e-04  7.92950e-04  0.00000e+00
     outer loop
       vertex -1.00000e-01  2.29129e-01  1.25000e+00
       vertex -1.31718e-01  2.12486e-01  1.27623e+00
       vertex -1.00000e-01  2.29129e-01  1.30000e+00
     endloop
  endfacet
  facet normal  6.55602e-06 -1.40811e-03 -2.87161e-05
     outer loop
       vertex -2.41200e-02 -2.48834e-01  0.00000e+00
       vertex  2.64360e-02 -2.48598e-01  0.00000e+00
       vertex  9.68463e-03 -2.49812e-01  5.57048e-02
     endloop
  endfacet
  facet normal  6.96767e-04  1.23113e-03 -2.64459e-05
     outer loop
       vertex  1.00000e-01  2.29129e-01  4.00000e-01
       vertex  1.39389e-01  2.07535e-01  4.32522e-01
       vertex  1.48071e-01  2.01433e-01  3.77179e-01
     endloop
  endfacet
  facet normal  9.27059e-04  4.01538e-04 -2.92222e-05
     outer loop
       vertex  2.30054e-01  9.78529e-02  7.58624e-01
       vertex  2.38008e-01  7.64999e-02  7.17552e-01
       vertex  2.18546e-01  1.21398e-01  7.17082e-01
     endloop
  endfacet
  facet normal  7.86489e-04 -6.19791e-04  2.60232e-05
     outer loop
       vertex  1.96549e-01 -1.54494e-01  7.13893e-01
       vertex  2.10151e-01 -1.35412e-01  7.57274e-01
       vertex  1.81088e-01 -1.72357e-01  7.55715e-01
     endloop
  endfacet
  facet normal -3.77934e-04  7.30626e-04  0.00000e+00
     outer loop
       vertex -1.29225e-01  2.14011e-01  1.18317e+00
       vertex -1.00000e-01  2.29129e-01  1.20000e+00
       vertex -1.00000e-01  2.29129e-01  1.15000e+00
     endloop
  endfacet
  facet normal  2.86731e-04 -1.36378e-03 -2.40924e-05
     outer loop
       vertex  2.64360e-02 -2.48598e-01  0.00000e+00
       vertex  7.59110e-02 -2.38196e-01  0.00000e+00
       vertex  6.39013e-02 -2.41695e-01  5.51303e-02
     endloop
  endfacet
  facet normal  1.00253e-03 -1.77702e-04  2.98112e-05
     outer loop
       vertex  2.49301e-01 -1.86875e-02  7.20431e-01
       vertex  2.40811e-01 -6.71580e-02  7.17012e-01
       vertex  2.46074e-01 -4.41298e-02  6.77270e-01
     endloop
  endfacet
  facet normal  8.60656e-04  5.94982e-04 -3.00708e-05
     outer loop
       vertex  2.05194e-01  1.42813e-01  7.58631e-01
       vertex  2.18546e-01  1.21398e-01  7.17082e-01
       vertex  1.90454e-01  1.61949e-01  7.15378e-01
     endloop
  endfacet
  facet normal -4.02527e-04  7.71009e-04  0.00000e+00
     outer loop
       vertex -1.30840e-01  2.13028e-01  2.36448e-01
       vertex -1.00000e-01  2.29129e-01  2.50000e-01
       vertex -1.00000e-01  2.29129e-01  2.00000e-01
     endloop
  endfacet
  facet normal -4.45238e-04  8.39551e-04  0.00000e+00
     outer loop
       vertex -1.33582e-01  2.11319e-01  1.87406e+00
       vertex -1.00000e-01  2.29129e-01  1.90000e+00
       vertex -1.00000e-01  2.29129e-01  1.85000e+00
     endloop
  endfacet
  facet normal -5.32545e-04  9.73826e-04  0.00000e+00
     outer loop
       vertex -1.00000e-01  2.29129e-01  3.00000e-01
       vertex -1.00000e-01  2.29129e-01  2.50000e-01
       vertex -1.38953e-01  2.07827e-01  2.83967e-01
     endloop
  endfacet
  facet normal  9.96161e-04 -3.87269e-04  3.01501e-05
     outer loop
       vertex  2.40811e-01 -6.71580e-02  7.17012e-01
       vertex  2.22919e-01 -1.13168e-01  7.17163e-01
       vertex  2.32955e-01 -9.07297e-02  6.73787e-01
     endloop
  endfacet
  facet normal  9.66088e-04 -2.69856e-04 -2.84137e-05
     outer loop
       vertex  2.46074e-01 -4.41298e-02  6.77270e-01
       vertex  2.40811e-01 -6.71580e-02  7.17012e-01
       vertex  2.32955e-01 -9.07297e-02  6.73787e-01
     endloop
  endfacet
  facet normal  7.29947e-04 -6.91777e-04 -2.56258e-05
     outer loop
       vertex  1.96549e-01 -1.54494e-01  7.13893e-01
       vertex  1.81088e-01 -1.72357e-01  7.55715e-01
       vertex  1.64336e-01 -1.88398e-01  7.11544e-01
     endloop
  endfacet
  facet normal  8.65185e-04 -5.49742e-04 -2.94631e-05
     outer loop
       vertex  2.22919e-01 -1.13168e-01  7.17163e-01
       vertex  2.10151e-01 -1.35412e-01  7.57274e-01
       vertex  1.96549e-01 -1.54494e-01  7.13893e-01
     endloop
  endfacet
  facet normal  1.08001e-03 -8.27799e-05 -3.19332e-05
     outer loop
       vertex  2.46074e-01 -4.41298e-02  6.77270e-01
       vertex  2.49927e-01  6.04703e-03  6.77493e-01
       vertex  2.49301e-01 -1.86875e-02  7.20431e-01
     endloop
  endfacet
  facet normal  1.04207e-03  2.21036e-05  2.79324e-05
     outer loop
       vertex  2.48261e-01  2.94395e-02  7.21146e-01
       vertex  2.49301e-01 -1.86875e-02  7.20431e-01
       vertex  2.49927e-01  6.04703e-03  6.77493e-01
     endloop
  endfacet
  facet normal -6.63149e-04 -9.62981e-04 -1.91128e-05
     outer loop
       vertex -1.54833e-01 -1.96282e-01  4.62543e-02
       vertex -1.61884e-01 -1.90508e-01  0.00000e+00
       vertex -1.20246e-01 -2.19182e-01  0.00000e+00
     endloop
  endfacet
  facet normal -8.24043e-04 -7.91348e-04 -2.08378e-05
     outer loop
       vertex -1.90453e-01 -1.61950e-01  4.51963e-02
       vertex -1.96903e-01 -1.54043e-01  0.00000e+00
       vertex -1.61884e-01 -1.90508e-01  0.00000e+00
     endloop
  endfacet
  facet normal  9.75915e-04  1.09976e-04 -2.16815e-05
     outer loop
       vertex  2.48261e-01  2.94395e-02  7.21146e-01
       vertex  2.49927e-01  6.04703e-03  6.77493e-01
       vertex  2.44939e-01  5.00501e-02  6.76169e-01
     endloop
  endfacet
  facet normal  1.02128e-03  2.24597e-04  2.74933e-05
     outer loop
       vertex  2.38008e-01  7.64999e-02  7.17552e-01
       vertex  2.48261e-01  2.94395e-02  7.21146e-01
       vertex  2.44939e-01  5.00501e-02  6.76169e-01
     endloop
  endfacet
  facet normal  1.24343e-03  3.99980e-04  4.80592e-05
     outer loop
       vertex  2.45675e-01  4.62999e-02  4.54391e-02
       vertex  2.34124e-01  8.76708e-02  0.00000e+00
       vertex  2.27085e-01  1.04559e-01  4.15629e-02
     endloop
  endfacet
  facet normal  7.54656e-04 -7.11325e-04 -3.01908e-05
     outer loop
       vertex  1.77337e-01 -1.76214e-01  4.10256e-02
       vertex  1.63651e-01 -1.88993e-01  0.00000e+00
       vertex  1.98328e-01 -1.52203e-01  0.00000e+00
     endloop
  endfacet
  facet normal  3.05818e-04 -7.04009e-04 -3.14798e-05
     outer loop
       vertex  1.22282e-01 -2.18053e-01  0.00000e+00
       vertex  1.03480e-01 -2.27578e-01  3.03645e-02
       vertex  7.59110e-02 -2.38196e-01  0.00000e+00
     endloop
  endfacet
  facet normal  5.21156e-04 -7.41904e-04 -3.11056e-05
     outer loop
       vertex  1.39552e-01 -2.07425e-01  3.58669e-02
       vertex  1.22282e-01 -2.18053e-01  0.00000e+00
       vertex  1.63651e-01 -1.88993e-01  0.00000e+00
     endloop
  endfacet
  facet normal  6.44595e-04 -9.33731e-04  4.06465e-05
     outer loop
       vertex  1.45540e-01 -2.03268e-01  6.68008e-01
       vertex  1.64336e-01 -1.88398e-01  7.11544e-01
       vertex  1.19321e-01 -2.19687e-01  7.06632e-01
     endloop
  endfacet
  facet normal  9.12105e-04 -4.55457e-04 -2.45734e-05
     outer loop
       vertex  2.12293e-01 -1.32029e-01  6.72324e-01
       vertex  2.32955e-01 -9.07297e-02  6.73787e-01
       vertex  2.22919e-01 -1.13168e-01  7.17163e-01
     endloop
  endfacet
  facet normal  1.04217e-03  3.25989e-04 -3.38121e-05
     outer loop
       vertex  2.38008e-01  7.64999e-02  7.17552e-01
       vertex  2.44939e-01  5.00501e-02  6.76169e-01
       vertex  2.29544e-01  9.90430e-02  6.74019e-01
     endloop
  endfacet
  facet normal  3.50602e-04  6.70672e-04  7.07696e-06
     outer loop
       vertex  1.26782e-01  2.15467e-01  5.67828e-01
       vertex  1.00000e-01  2.29129e-01  6.00000e-01
       vertex  1.32298e-01  2.12126e-01  6.11286e-01
     endloop
  endfacet
  facet normal  9.71985e-04  4.21624e-04  2.93572e-05
     outer loop
       vertex  2.18546e-01  1.21398e-01  7.17082e-01
       vertex  2.38008e-01  7.64999e-02  7.17552e-01
       vertex  2.29544e-01  9.90430e-02  6.74019e-01
     endloop
  endfacet
  facet normal -9.30703e-04 -5.86866e-04 -2.40031e-05
     outer loop
       vertex -2.18056e-01 -1.22277e-01  4.35267e-02
       vertex -2.23868e-01 -1.11279e-01  0.00000e+00
       vertex -1.96903e-01 -1.54043e-01  0.00000e+00
     endloop
  endfacet
  facet normal -6.17991e-04  1.09834e-03  0.00000e+00
     outer loop
       vertex -1.43934e-01  2.04409e-01  5.88486e-02
       vertex -1.00000e-01  2.29129e-01  1.00000e-01
       vertex -1.00000e-01  2.29129e-01  5.00000e-02
     endloop
  endfacet
  facet normal -9.83233e-04 -3.70110e-04 -2.50817e-05
     outer loop
       vertex -2.37936e-01 -7.67226e-02  4.15607e-02
       vertex -2.41679e-01 -6.39631e-02  0.00000e+00
       vertex -2.23868e-01 -1.11279e-01  0.00000e+00
     endloop
  endfacet
  facet normal  7.34070e-04 -6.99230e-04  2.54054e-05
     outer loop
       vertex  1.96549e-01 -1.54494e-01  7.13893e-01
       vertex  1.64336e-01 -1.88398e-01  7.11544e-01
       vertex  1.82733e-01 -1.70613e-01  6.69473e-01
     endloop
  endfacet
  facet normal  8.95662e-04 -5.73824e-04  2.91122e-05
     outer loop
       vertex  2.22919e-01 -1.13168e-01  7.17163e-01
       vertex  1.96549e-01 -1.54494e-01  7.13893e-01
       vertex  2.12293e-01 -1.32029e-01  6.72324e-01
     endloop
  endfacet
  facet normal  9.18095e-04  5.05155e-04 -2.77689e-05
     outer loop
       vertex  2.29544e-01  9.90430e-02  6.74019e-01
       vertex  2.06354e-01  1.41131e-01  6.72956e-01
       vertex  2.18546e-01  1.21398e-01  7.17082e-01
     endloop
  endfacet
  facet normal  8.77855e-04  6.09421e-04  2.99739e-05
     outer loop
       vertex  1.90454e-01  1.61949e-01  7.15378e-01
       vertex  2.18546e-01  1.21398e-01  7.17082e-01
       vertex  2.06354e-01  1.41131e-01  6.72956e-01
     endloop
  endfacet
  facet normal  6.99957e-04 -7.95841e-04 -3.03531e-05
     outer loop
       vertex  1.82733e-01 -1.70613e-01  6.69473e-01
       vertex  1.64336e-01 -1.88398e-01  7.11544e-01
       vertex  1.45540e-01 -2.03268e-01  6.68008e-01
     endloop
  endfacet
  facet normal  6.15684e-04  1.10857e-03 -2.79404e-05
     outer loop
       vertex  1.29179e-01  2.14039e-01  2.44282e-01
       vertex  1.43476e-01  2.04730e-01  1.89996e-01
       vertex  1.00000e-01  2.29129e-01  2.00000e-01
     endloop
  endfacet
  facet normal -9.90565e-04 -1.57259e-04 -2.58435e-05
     outer loop
       vertex -2.48436e-01 -2.79236e-02  3.96771e-02
       vertex -2.49606e-01 -1.40318e-02  0.00000e+00
       vertex -2.41679e-01 -6.39631e-02  0.00000e+00
     endloop
  endfacet
  facet normal  7.07464e-04  1.18690e-03  4.90555e-05
     outer loop
       vertex  1.50386e-01  1.99710e-01  2.85140e-01
       vertex  1.29179e-01  2.14039e-01  2.44282e-01
       vertex  1.00000e-01  2.29129e-01  3.00000e-01
     endloop
  endfacet
  facet normal  1.01403e-03 -7.79968e-05  3.14308e-05
     outer loop
       vertex  2.49002e-01 -2.23195e-02  6.36949e-01
       vertex  2.49927e-01  6.04703e-03  6.77493e-01
       vertex  2.46074e-01 -4.41298e-02  6.77270e-01
     endloop
  endfacet
  facet normal  9.53022e-04  1.08685e-04  2.16803e-05
     outer loop
       vertex  2.44939e-01  5.00501e-02  6.76169e-01
       vertex  2.49927e-01  6.04703e-03  6.77493e-01
       vertex  2.48552e-01  2.68679e-02  6.33551e-01
     endloop
  endfacet
  facet normal  5.16457e-04  9.05831e-04 -4.21494e-05
     outer loop
       vertex  1.35825e-01  2.09885e-01  3.25390e-01
       vertex  1.50386e-01  1.99710e-01  2.85140e-01
       vertex  1.00000e-01  2.29129e-01  3.00000e-01
     endloop
  endfacet
  facet normal -5.11099e-04  9.41533e-04  0.00000e+00
     outer loop
       vertex -1.00000e-01  2.29129e-01  1.00000e+00
       vertex -1.00000e-01  2.29129e-01  9.50000e-01
       vertex -1.37661e-01  2.08685e-01  9.69231e-01
     endloop
  endfacet
  facet normal  8.72313e-04 -2.47693e-04  2.82938e-05
     outer loop
       vertex  2.40182e-01 -6.93721e-02  6.37945e-01
       vertex  2.46074e-01 -4.41298e-02  6.77270e-01
       vertex  2.32955e-01 -9.07297e-02  6.73787e-01
     endloop
  endfacet
  facet normal  6.02316e-04  1.07835e-03  3.35705e-05
     outer loop
       vertex  1.35825e-01  2.09885e-01  3.25390e-01
       vertex  1.00000e-01  2.29129e-01  3.50000e-01
       vertex  1.48071e-01  2.01433e-01  3.77179e-01
     endloop
  endfacet
  facet normal  8.33965e-04 -6.36835e-04 -2.83071e-05
     outer loop
       vertex  1.96549e-01 -1.54494e-01  7.13893e-01
       vertex  1.82733e-01 -1.70613e-01  6.69473e-01
       vertex  2.12293e-01 -1.32029e-01  6.72324e-01
     endloop
  endfacet
  facet normal  1.00655e-03  3.17769e-04  3.39465e-05
     outer loop
       vertex  2.38434e-01  7.51600e-02  6.33978e-01
       vertex  2.29544e-01  9.90430e-02  6.74019e-01
       vertex  2.44939e-01  5.00501e-02  6.76169e-01
     endloop
  endfacet
  facet normal  8.35769e-04 -6.42412e-04  2.84603e-05
     outer loop
       vertex  2.12293e-01 -1.32029e-01  6.72324e-01
       vertex  1.82733e-01 -1.70613e-01  6.69473e-01
       vertex  1.99992e-01 -1.50011e-01  6.27673e-01
     endloop
  endfacet
  facet normal -5.13767e-04  9.45574e-04  0.00000e+00
     outer loop
       vertex -1.00000e-01  2.29129e-01  3.50000e-01
       vertex -1.37823e-01  2.08578e-01  3.63050e-01
       vertex -1.00000e-01  2.29129e-01  4.00000e-01
     endloop
  endfacet
  facet normal  1.04534e-03  7.54354e-06 -2.91307e-05
     outer loop
       vertex  2.48552e-01  2.68679e-02  6.33551e-01
       vertex  2.49927e-01  6.04703e-03  6.77493e-01
       vertex  2.49002e-01 -2.23195e-02  6.36949e-01
     endloop
  endfacet
  facet normal  7.96108e-04 -7.31369e-04 -3.17589e-05
     outer loop
       vertex  1.99992e-01 -1.50011e-01  6.27673e-01
       vertex  1.82733e-01 -1.70613e-01  6.69473e-01
       vertex  1.65912e-01 -1.87011e-01  6.25459e-01
     endloop
  endfacet
  facet normal -3.52385e-04  6.87931e-04  0.00000e+00
     outer loop
       vertex -1.00000e-01  2.29129e-01  3.00000e-01
       vertex -1.27517e-01  2.15033e-01  3.24869e-01
       vertex -1.00000e-01  2.29129e-01  3.50000e-01
     endloop
  endfacet
  facet normal  7.06633e-04 -8.06166e-04  3.03037e-05
     outer loop
       vertex  1.82733e-01 -1.70613e-01  6.69473e-01
       vertex  1.45540e-01 -2.03268e-01  6.68008e-01
       vertex  1.65912e-01 -1.87011e-01  6.25459e-01
     endloop
  endfacet
  facet normal  1.02412e-03  2.14827e-04 -3.00275e-05
     outer loop
       vertex  2.44939e-01  5.00501e-02  6.76169e-01
       vertex  2.48552e-01  2.68679e-02  6.33551e-01
       vertex  2.38434e-01  7.51600e-02  6.33978e-01
     endloop
  endfacet
  facet normal  8.29377e-04 -4.15807e-04  2.44829e-05
     outer loop
       vertex  2.22665e-01 -1.13668e-01  6.32810e-01
       vertex  2.32955e-01 -9.07297e-02  6.73787e-01
       vertex  2.12293e-01 -1.32029e-01  6.72324e-01
     endloop
  endfacet
  facet normal  9.37738e-04 -1.76346e-04 -2.73069e-05
     outer loop
       vertex  2.49002e-01 -2.23195e-02  6.36949e-01
       vertex  2.46074e-01 -4.41298e-02  6.77270e-01
       vertex  2.40182e-01 -6.93721e-02  6.37945e-01
     endloop
  endfacet
  facet normal -9.57588e-04  4.32449e-05 -2.64947e-05
     outer loop
       vertex -2.49026e-01  2.20515e-02  3.79204e-02
       vertex -2.47325e-01  3.64733e-02  0.00000e+00
       vertex -2.49606e-01 -1.40318e-02  0.00000e+00
     endloop
  endfacet
  facet normal  5.08063e-04 -9.49904e-04 -3.04721e-05
     outer loop
       vertex  9.54832e-02 -2.31048e-01  1.35398e+00
       vertex  1.39169e-01 -2.07683e-01  1.35400e+00
       vertex  1.17981e-01 -2.20410e-01  1.39748e+00
     endloop
  endfacet
  facet normal  8.48664e-04 -3.32487e-04 -2.70010e-05
     outer loop
       vertex  2.40182e-01 -6.93721e-02  6.37945e-01
       vertex  2.32955e-01 -9.07297e-02  6.73787e-01
       vertex  2.22665e-01 -1.13668e-01  6.32810e-01
     endloop
  endfacet
  facet normal -7.27732e-04  1.29325e-03 -3.74116e-07
     outer loop
       vertex -1.43934e-01  2.04409e-01  5.88486e-02
       vertex -1.00000e-01  2.29129e-01  5.00000e-02
       vertex -1.44054e-01  2.04325e-01  0.00000e+00
     endloop
  endfacet
  facet normal  7.65190e-04 -4.74589e-04 -1.96807e-05
     outer loop
       vertex  2.22665e-01 -1.13668e-01  6.32810e-01
       vertex  2.12293e-01 -1.32029e-01  6.72324e-01
       vertex  1.99992e-01 -1.50011e-01  6.27673e-01
     endloop
  endfacet
  facet normal  9.59836e-04  1.08181e-05  2.95828e-05
     outer loop
       vertex  2.48552e-01  2.68679e-02  6.33551e-01
       vertex  2.49002e-01 -2.23195e-02  6.36949e-01
       vertex  2.49959e-01  4.51268e-03  5.96067e-01
     endloop
  endfacet
  facet normal -4.20885e-04  8.00712e-04  0.00000e+00
     outer loop
       vertex -1.00000e-01  2.29129e-01  2.00000e-01
       vertex -1.00000e-01  2.29129e-01  1.50000e-01
       vertex -1.32028e-01  2.12293e-01  1.55720e-01
     endloop
  endfacet
  facet normal -4.20885e-04  8.00712e-04  0.00000e+00
     outer loop
       vertex -1.00000e-01  2.29129e-01  1.00000e-01
       vertex -1.32028e-01  2.12293e-01  1.55720e-01
       vertex -1.00000e-01  2.29129e-01  1.50000e-01
     endloop
  endfacet
  facet normal  9.06438e-04  1.89642e-04  2.98947e-05
     outer loop
       vertex  2.38434e-01  7.51600e-02  6.33978e-01
       vertex  2.48552e-01  2.68679e-02  6.33551e-01
       vertex  2.44258e-01  5.32748e-02  5.96244e-01
     endloop
  endfacet
  facet normal  9.11905e-04  1.06734e-04 -2.94209e-05
     outer loop
       vertex  2.48552e-01  2.68679e-02  6.33551e-01
       vertex  2.49959e-01  4.51268e-03  5.96067e-01
       vertex  2.44258e-01  5.32748e-02  5.96244e-01
     endloop
  endfacet
  facet normal  9.21648e-04 -6.79857e-05 -2.30337e-05
     outer loop
       vertex  2.46619e-01 -4.09765e-02  5.96677e-01
       vertex  2.49959e-01  4.51268e-03  5.96067e-01
       vertex  2.49002e-01 -2.23195e-02  6.36949e-01
     endloop
  endfacet
  facet normal  4.08384e-04 -9.83103e-04 -2.93670e-05
     outer loop
       vertex  7.27804e-02 -2.39172e-01  1.39699e+00
       vertex  1.17981e-01 -2.20410e-01  1.39748e+00
       vertex  9.54618e-02 -2.31056e-01  1.44074e+00
     endloop
  endfacet
  facet normal  9.56734e-04 -1.78773e-04  2.62163e-05
     outer loop
       vertex  2.49002e-01 -2.23195e-02  6.36949e-01
       vertex  2.40182e-01 -6.93721e-02  6.37945e-01
       vertex  2.46619e-01 -4.09765e-02  5.96677e-01
     endloop
  endfacet
  facet normal  7.94976e-04 -7.34116e-04  3.15802e-05
     outer loop
       vertex  1.85592e-01 -1.67498e-01  5.83655e-01
       vertex  1.99992e-01 -1.50011e-01  6.27673e-01
       vertex  1.65912e-01 -1.87011e-01  6.25459e-01
     endloop
  endfacet
  facet normal  3.06221e-04 -1.00946e-03 -2.88337e-05
     outer loop
       vertex  9.54618e-02 -2.31056e-01  1.44074e+00
       vertex  7.21041e-02 -2.39376e-01  1.48395e+00
       vertex  4.89104e-02 -2.45169e-01  1.44042e+00
     endloop
  endfacet
  facet normal  7.91332e-04 -4.96301e-04  1.85389e-05
     outer loop
       vertex  2.22665e-01 -1.13668e-01  6.32810e-01
       vertex  1.99992e-01 -1.50011e-01  6.27673e-01
       vertex  2.14802e-01 -1.27907e-01  5.87250e-01
     endloop
  endfacet
  facet normal  3.88999e-04  7.48880e-04 -2.15938e-19
     outer loop
       vertex  1.00000e-01  2.29129e-01  1.95000e+00
       vertex  1.00000e-01  2.29129e-01  2.00000e+00
       vertex  1.29955e-01  2.13569e-01  1.95320e+00
     endloop
  endfacet
  facet normal  1.02353e-03 -2.71188e-04 -2.69541e-05
     outer loop
       vertex  2.34155e-01 -8.75877e-02  5.92327e-01
       vertex  2.46619e-01 -4.09765e-02  5.96677e-01
       vertex  2.40182e-01 -6.93721e-02  6.37945e-01
     endloop
  endfacet
  facet normal  9.63572e-04 -3.84078e-04  2.60463e-05
     outer loop
       vertex  2.40182e-01 -6.93721e-02  6.37945e-01
       vertex  2.22665e-01 -1.13668e-01  6.32810e-01
       vertex  2.34155e-01 -8.75877e-02  5.92327e-01
     endloop
  endfacet
  facet normal  8.39906e-04 -6.16978e-04 -2.96522e-05
     outer loop
       vertex  2.14802e-01 -1.27907e-01  5.87250e-01
       vertex  1.99992e-01 -1.50011e-01  6.27673e-01
       vertex  1.85592e-01 -1.67498e-01  5.83655e-01
     endloop
  endfacet
  facet normal  8.46958e-04  4.67350e-04  2.72535e-05
     outer loop
       vertex  2.29544e-01  9.90430e-02  6.74019e-01
       vertex  2.20577e-01  1.17668e-01  6.33301e-01
       vertex  2.06354e-01  1.41131e-01  6.72956e-01
     endloop
  endfacet
  facet normal  9.32027e-04  5.55075e-04  3.45416e-05
     outer loop
       vertex  2.27085e-01  1.04559e-01  4.15629e-02
       vertex  2.11698e-01  1.32981e-01  0.00000e+00
       vertex  2.00195e-01  1.49740e-01  4.10771e-02
     endloop
  endfacet
  facet normal  8.82347e-04 -4.20908e-04 -2.07329e-05
     outer loop
       vertex  2.22665e-01 -1.13668e-01  6.32810e-01
       vertex  2.14802e-01 -1.27907e-01  5.87250e-01
       vertex  2.34155e-01 -8.75877e-02  5.92327e-01
     endloop
  endfacet
  facet normal  8.77524e-04 -4.23890e-04  2.13339e-05
     outer loop
       vertex  2.34155e-01 -8.75877e-02  5.92327e-01
       vertex  2.14802e-01 -1.27907e-01  5.87250e-01
       vertex  2.27460e-01 -1.03740e-01  5.46765e-01
     endloop
  endfacet
  facet normal -8.86038e-04  2.24075e-04 -2.70077e-05
     outer loop
       vertex -2.39634e-01  7.12415e-02  3.61548e-02
       vertex -2.34930e-01  8.54869e-02  0.00000e+00
       vertex -2.47325e-01  3.64733e-02  0.00000e+00
     endloop
  endfacet
  facet normal  9.57692e-04 -2.58491e-04  2.56474e-05
     outer loop
       vertex  2.34155e-01 -8.75877e-02  5.92327e-01
       vertex  2.43273e-01 -5.76055e-02  5.54032e-01
       vertex  2.46619e-01 -4.09765e-02  5.96677e-01
     endloop
  endfacet
  facet normal  8.37519e-04  7.79505e-04  3.93995e-05
     outer loop
       vertex  2.00195e-01  1.49740e-01  4.10771e-02
       vertex  1.80614e-01  1.72854e-01  0.00000e+00
       vertex  1.63212e-01  1.89372e-01  4.31133e-02
     endloop
  endfacet
  facet normal  8.23389e-04  6.89101e-04 -2.95439e-05
     outer loop
       vertex  2.06354e-01  1.41131e-01  6.72956e-01
       vertex  1.74787e-01  1.78744e-01  6.70499e-01
       vertex  1.90454e-01  1.61949e-01  7.15378e-01
     endloop
  endfacet
  facet normal  8.59125e-04  3.60527e-04 -2.42888e-05
     outer loop
       vertex  2.38434e-01  7.51600e-02  6.33978e-01
       vertex  2.20577e-01  1.17668e-01  6.33301e-01
       vertex  2.29544e-01  9.90430e-02  6.74019e-01
     endloop
  endfacet
  facet normal -7.75530e-04  3.74887e-04 -2.72001e-05
     outer loop
       vertex -2.20489e-01  1.17833e-01  3.40761e-02
       vertex -2.12927e-01  1.31004e-01  0.00000e+00
       vertex -2.34930e-01  8.54869e-02  0.00000e+00
     endloop
  endfacet
  facet normal  9.92303e-04 -3.35906e-04 -2.67224e-05
     outer loop
       vertex  2.34155e-01 -8.75877e-02  5.92327e-01
       vertex  2.27460e-01 -1.03740e-01  5.46765e-01
       vertex  2.43273e-01 -5.76055e-02  5.54032e-01
     endloop
  endfacet
  facet normal  8.83301e-04 -6.45623e-05  2.22741e-05
     outer loop
       vertex  2.46619e-01 -4.09765e-02  5.96677e-01
       vertex  2.49683e-01 -1.25877e-02  5.57461e-01
       vertex  2.49959e-01  4.51268e-03  5.96067e-01
     endloop
  endfacet
  facet normal -6.36718e-04  7.32769e-04  2.15387e-05
     outer loop
       vertex -1.82216e-01  1.71164e-01  0.00000e+00
       vertex -1.87177e-01  1.65725e-01  3.84026e-02
       vertex -1.44054e-01  2.04325e-01  0.00000e+00
     endloop
  endfacet
  facet normal  9.10247e-04 -5.26459e-04 -2.96630e-05
     outer loop
       vertex  2.27460e-01 -1.03740e-01  5.46765e-01
       vertex  2.14802e-01 -1.27907e-01  5.87250e-01
       vertex  2.02689e-01 -1.46346e-01  5.42810e-01
     endloop
  endfacet
  facet normal  9.55423e-04  1.11608e-04  2.94499e-05
     outer loop
       vertex  2.49959e-01  4.51268e-03  5.96067e-01
       vertex  2.48063e-01  3.10589e-02  5.56977e-01
       vertex  2.44258e-01  5.32748e-02  5.96244e-01
     endloop
  endfacet
  facet normal -7.71124e-04  5.89684e-04 -1.60876e-05
     outer loop
       vertex -2.12927e-01  1.31004e-01  0.00000e+00
       vertex -1.87177e-01  1.65725e-01  3.84026e-02
       vertex -1.82216e-01  1.71164e-01  0.00000e+00
     endloop
  endfacet
  facet normal  8.46554e-04 -6.27256e-04  2.95198e-05
     outer loop
       vertex  2.14802e-01 -1.27907e-01  5.87250e-01
       vertex  1.85592e-01 -1.67498e-01  5.83655e-01
       vertex  2.02689e-01 -1.46346e-01  5.42810e-01
     endloop
  endfacet
  facet normal  1.00863e-03 -3.49976e-04  2.70633e-05
     outer loop
       vertex  2.43273e-01 -5.76055e-02  5.54032e-01
       vertex  2.27460e-01 -1.03740e-01  5.46765e-01
       vertex  2.38495e-01 -7.49682e-02  5.07571e-01
     endloop
  endfacet
  facet normal  9.31381e-04 -1.30944e-04 -2.20236e-05
     outer loop
       vertex  2.46619e-01 -4.09765e-02  5.96677e-01
       vertex  2.43273e-01 -5.76055e-02  5.54032e-01
       vertex  2.49683e-01 -1.25877e-02  5.57461e-01
     endloop
  endfacet
  facet normal  7.88869e-04  2.44044e-04 -1.98019e-05
     outer loop
       vertex  2.44258e-01  5.32748e-02  5.96244e-01
       vertex  2.31530e-01  9.43066e-02  5.94898e-01
       vertex  2.38434e-01  7.51600e-02  6.33978e-01
     endloop
  endfacet
  facet normal  7.93020e-04 -6.98644e-04 -2.98556e-05
     outer loop
       vertex  2.02689e-01 -1.46346e-01  5.42810e-01
       vertex  1.85592e-01 -1.67498e-01  5.83655e-01
       vertex  1.69976e-01 -1.83325e-01  5.39234e-01
     endloop
  endfacet
  facet normal  9.24235e-04 -5.40075e-04  2.94026e-05
     outer loop
       vertex  2.27460e-01 -1.03740e-01  5.46765e-01
       vertex  2.02689e-01 -1.46346e-01  5.42810e-01
       vertex  2.17855e-01 -1.22634e-01  5.01626e-01
     endloop
  endfacet
  facet normal  5.95278e-04 -8.85688e-04 -3.06218e-05
     outer loop
       vertex  1.18194e-01 -2.20296e-01  1.31107e+00
       vertex  1.59378e-01 -1.92610e-01  1.31091e+00
       vertex  1.39169e-01 -2.07683e-01  1.35400e+00
     endloop
  endfacet
  facet normal  1.01962e-03 -4.37270e-04 -3.39257e-05
     outer loop
       vertex  2.38495e-01 -7.49682e-02  5.07571e-01
       vertex  2.27460e-01 -1.03740e-01  5.46765e-01
       vertex  2.17855e-01 -1.22634e-01  5.01626e-01
     endloop
  endfacet
  facet normal  8.46658e-04  3.11987e-05 -1.98802e-05
     outer loop
       vertex  2.49959e-01  4.51268e-03  5.96067e-01
       vertex  2.49683e-01 -1.25877e-02  5.57461e-01
       vertex  2.48063e-01  3.10589e-02  5.56977e-01
     endloop
  endfacet
  facet normal  8.81474e-04  9.50552e-04 -5.01374e-05
     outer loop
       vertex  1.73309e-01  1.80178e-01  7.59556e-01
       vertex  1.90454e-01  1.61949e-01  7.15378e-01
       vertex  1.47258e-01  2.02027e-01  7.15797e-01
     endloop
  endfacet
  facet normal  9.42341e-04 -2.03510e-04 -2.08547e-05
     outer loop
       vertex  2.47967e-01 -3.18163e-02  5.14494e-01
       vertex  2.43273e-01 -5.76055e-02  5.54032e-01
       vertex  2.38495e-01 -7.49682e-02  5.07571e-01
     endloop
  endfacet
  facet normal  9.34171e-04 -1.34771e-04  2.30106e-05
     outer loop
       vertex  2.49683e-01 -1.25877e-02  5.57461e-01
       vertex  2.43273e-01 -5.76055e-02  5.54032e-01
       vertex  2.47967e-01 -3.18163e-02  5.14494e-01
     endloop
  endfacet
  facet normal  8.40694e-04  1.77809e-04 -1.91223e-05
     outer loop
       vertex  2.44258e-01  5.32748e-02  5.96244e-01
       vertex  2.48063e-01  3.10589e-02  5.56977e-01
       vertex  2.39225e-01  7.26043e-02  5.54726e-01
     endloop
  endfacet
  facet normal  7.64426e-04  4.99445e-04 -2.13368e-05
     outer loop
       vertex  2.06354e-01  1.41131e-01  6.72956e-01
       vertex  2.20577e-01  1.17668e-01  6.33301e-01
       vertex  1.96055e-01  1.55120e-01  6.31439e-01
     endloop
  endfacet
  facet normal  0.00000e+00  0.00000e+00 -1.08230e-03
     outer loop
       vertex -1.00000e-01  2.29129e-01  0.00000e+00
       vertex -1.00000e-01  2.76601e-01  0.00000e+00
       vertex -5.44027e-02  2.58749e-01  0.00000e+00
     endloop
  endfacet
  facet normal  8.38765e-04  2.60819e-04  1.97583e-05
     outer loop
       vertex  2.44258e-01  5.32748e-02  5.96244e-01
       vertex  2.39225e-01  7.26043e-02  5.54726e-01
       vertex  2.31530e-01  9.43066e-02  5.94898e-01
     endloop
  endfacet
  facet normal  7.63611e-04  6.42634e-04  2.71154e-05
     outer loop
       vertex  2.06354e-01  1.41131e-01  6.72956e-01
       vertex  1.96055e-01  1.55120e-01  6.31439e-01
       vertex  1.74787e-01  1.78744e-01  6.70499e-01
     endloop
  endfacet
  facet normal  8.24133e-04  3.46599e-04  2.42134e-05
     outer loop
       vertex  2.38434e-01  7.51600e-02  6.33978e-01
       vertex  2.31530e-01  9.43066e-02  5.94898e-01
       vertex  2.20577e-01  1.17668e-01  6.33301e-01
     endloop
  endfacet
  facet normal  7.41940e-04 -3.40621e-05 -1.43830e-05
     outer loop
       vertex  2.49910e-01  6.71997e-03  5.23434e-01
       vertex  2.49683e-01 -1.25877e-02  5.57461e-01
       vertex  2.47967e-01 -3.18163e-02  5.14494e-01
     endloop
  endfacet
  facet normal  7.37907e-04  2.76118e-05  2.05853e-05
     outer loop
       vertex  2.48063e-01  3.10589e-02  5.56977e-01
       vertex  2.49683e-01 -1.25877e-02  5.57461e-01
       vertex  2.49910e-01  6.71997e-03  5.23434e-01
     endloop
  endfacet
  facet normal  7.84498e-04  8.32037e-05 -1.71879e-05
     outer loop
       vertex  2.49910e-01  6.71997e-03  5.23434e-01
       vertex  2.45376e-01  4.78591e-02  5.15665e-01
       vertex  2.48063e-01  3.10589e-02  5.56977e-01
     endloop
  endfacet
  facet normal  8.39243e-04  1.79534e-04  1.84266e-05
     outer loop
       vertex  2.39225e-01  7.26043e-02  5.54726e-01
       vertex  2.48063e-01  3.10589e-02  5.56977e-01
       vertex  2.45376e-01  4.78591e-02  5.15665e-01
     endloop
  endfacet
  facet normal  0.00000e+00 -0.00000e+00 -1.41568e-03
     outer loop
       vertex -1.00000e-01  2.29129e-01  0.00000e+00
       vertex -8.21896e-02  1.74886e-01  0.00000e+00
       vertex -1.44054e-01  2.04325e-01  0.00000e+00
     endloop
  endfacet
  facet normal  5.97157e-04 -8.88130e-04  3.06284e-05
     outer loop
       vertex  1.39419e-01 -2.07514e-01  1.26786e+00
       vertex  1.59378e-01 -1.92610e-01  1.31091e+00
       vertex  1.18194e-01 -2.20296e-01  1.31107e+00
     endloop
  endfacet
  facet normal  7.46098e-04  3.78562e-04 -1.74870e-05
     outer loop
       vertex  2.20577e-01  1.17668e-01  6.33301e-01
       vertex  2.31530e-01  9.43066e-02  5.94898e-01
       vertex  2.12512e-01  1.31676e-01  5.92454e-01
     endloop
  endfacet
  facet normal  8.56933e-04  3.45171e-04 -2.23322e-05
     outer loop
       vertex  2.22478e-01  1.14033e-01  5.52440e-01
       vertex  2.31530e-01  9.43066e-02  5.94898e-01
       vertex  2.39225e-01  7.26043e-02  5.54726e-01
     endloop
  endfacet
  facet normal  7.51860e-04  4.93309e-04  2.07259e-05
     outer loop
       vertex  1.96055e-01  1.55120e-01  6.31439e-01
       vertex  2.20577e-01  1.17668e-01  6.33301e-01
       vertex  2.12512e-01  1.31676e-01  5.92454e-01
     endloop
  endfacet
  facet normal  9.52895e-04  2.77119e-04 -2.54961e-05
     outer loop
       vertex  2.32154e-01  9.27615e-02  5.09529e-01
       vertex  2.39225e-01  7.26043e-02  5.54726e-01
       vertex  2.45376e-01  4.78591e-02  5.15665e-01
     endloop
  endfacet
  facet normal  8.04295e-04 -1.80004e-04  2.15126e-05
     outer loop
       vertex  2.44483e-01 -5.22298e-02  4.73942e-01
       vertex  2.47967e-01 -3.18163e-02  5.14494e-01
       vertex  2.38495e-01 -7.49682e-02  5.07571e-01
     endloop
  endfacet
  facet normal  7.69204e-04  3.92670e-04  1.84408e-05
     outer loop
       vertex  2.12512e-01  1.31676e-01  5.92454e-01
       vertex  2.31530e-01  9.43066e-02  5.94898e-01
       vertex  2.22478e-01  1.14033e-01  5.52440e-01
     endloop
  endfacet
  facet normal  8.24295e-04 -4.29467e-05  6.02062e-06
     outer loop
       vertex  2.49910e-01  6.71997e-03  5.23434e-01
       vertex  2.47967e-01 -3.18163e-02  5.14494e-01
       vertex  2.49991e-01  2.13269e-03  4.79590e-01
     endloop
  endfacet
  facet normal  9.13203e-04  3.70381e-04  2.23067e-05
     outer loop
       vertex  2.22478e-01  1.14033e-01  5.52440e-01
       vertex  2.39225e-01  7.26043e-02  5.54726e-01
       vertex  2.32154e-01  9.27615e-02  5.09529e-01
     endloop
  endfacet
  facet normal  9.19678e-04  9.96979e-05 -8.72704e-06
     outer loop
       vertex  2.49910e-01  6.71997e-03  5.23434e-01
       vertex  2.49991e-01  2.13269e-03  4.79590e-01
       vertex  2.45376e-01  4.78591e-02  5.15665e-01
     endloop
  endfacet
  facet normal  9.26444e-04 -4.05498e-04  3.48086e-05
     outer loop
       vertex  2.30394e-01 -9.70485e-02  4.65945e-01
       vertex  2.38495e-01 -7.49682e-02  5.07571e-01
       vertex  2.17855e-01 -1.22634e-01  5.01626e-01
     endloop
  endfacet
  facet normal  1.02672e-03  3.05223e-04  2.10705e-05
     outer loop
       vertex  2.32154e-01  9.27615e-02  5.09529e-01
       vertex  2.45376e-01  4.78591e-02  5.15665e-01
       vertex  2.42436e-01  6.10299e-02  4.68134e-01
     endloop
  endfacet
  facet normal  8.82890e-04  4.59561e-04 -2.87349e-05
     outer loop
       vertex  2.22478e-01  1.14033e-01  5.52440e-01
       vertex  2.32154e-01  9.27615e-02  5.09529e-01
       vertex  2.09815e-01  1.35932e-01  5.13607e-01
     endloop
  endfacet
  facet normal  7.59986e-04  4.82470e-04 -2.34499e-05
     outer loop
       vertex  2.12512e-01  1.31676e-01  5.92454e-01
       vertex  2.22478e-01  1.14033e-01  5.52440e-01
       vertex  1.98066e-01  1.52544e-01  5.53631e-01
     endloop
  endfacet
  facet normal  8.28578e-04 -7.35836e-04  2.94701e-05
     outer loop
       vertex  2.02689e-01 -1.46346e-01  5.42810e-01
       vertex  1.69976e-01 -1.83325e-01  5.39234e-01
       vertex  1.89704e-01 -1.62826e-01  4.96403e-01
     endloop
  endfacet
  facet normal  8.89562e-04 -6.19296e-04 -2.89792e-05
     outer loop
       vertex  1.89704e-01 -1.62826e-01  4.96403e-01
       vertex  2.17855e-01 -1.22634e-01  5.01626e-01
       vertex  2.02689e-01 -1.46346e-01  5.42810e-01
     endloop
  endfacet
  facet normal  1.32429e-03  1.62701e-04 -3.68277e-05
     outer loop
       vertex  2.42436e-01  6.10299e-02  4.68134e-01
       vertex  2.45376e-01  4.78591e-02  5.15665e-01
       vertex  2.49991e-01  2.13269e-03  4.79590e-01
     endloop
  endfacet
  facet normal  1.04462e-03 -1.01836e-04 -3.84828e-05
     outer loop
       vertex  2.49991e-01  2.13269e-03  4.79590e-01
       vertex  2.47967e-01 -3.18163e-02  5.14494e-01
       vertex  2.44483e-01 -5.22298e-02  4.73942e-01
     endloop
  endfacet
  facet normal  7.60798e-04  4.81534e-04  2.34691e-05
     outer loop
       vertex  2.22478e-01  1.14033e-01  5.52440e-01
       vertex  2.09815e-01  1.35932e-01  5.13607e-01
       vertex  1.98066e-01  1.52544e-01  5.53631e-01
     endloop
  endfacet
  facet normal  9.19798e-04  4.73237e-04  2.86527e-05
     outer loop
       vertex  2.09815e-01  1.35932e-01  5.13607e-01
       vertex  2.32154e-01  9.27615e-02  5.09529e-01
       vertex  2.22775e-01  1.13451e-01  4.68871e-01
     endloop
  endfacet
  facet normal  1.07327e-03  4.03133e-04 -4.24213e-05
     outer loop
       vertex  2.32154e-01  9.27615e-02  5.09529e-01
       vertex  2.42436e-01  6.10299e-02  4.68134e-01
       vertex  2.22775e-01  1.13451e-01  4.68871e-01
     endloop
  endfacet
  facet normal  0.00000e+00  0.00000e+00 -8.76399e-04
     outer loop
       vertex -1.00000e-01  3.24073e-01  0.00000e+00
       vertex -6.30774e-02  2.94765e-01  0.00000e+00
       vertex -1.00000e-01  2.76601e-01  0.00000e+00
     endloop
  endfacet
  facet normal  8.44537e-04 -2.60845e-04 -2.59817e-05
     outer loop
       vertex  2.44483e-01 -5.22298e-02  4.73942e-01
       vertex  2.38495e-01 -7.49682e-02  5.07571e-01
       vertex  2.30394e-01 -9.70485e-02  4.65945e-01
     endloop
  endfacet
  facet normal  6.22737e-04  4.64627e-04 -1.65337e-05
     outer loop
       vertex  2.12512e-01  1.31676e-01  5.92454e-01
       vertex  1.87292e-01  1.65595e-01  5.95731e-01
       vertex  1.96055e-01  1.55120e-01  6.31439e-01
     endloop
  endfacet
  facet normal  9.02862e-04  9.72569e-04  4.87959e-05
     outer loop
       vertex  1.74787e-01  1.78744e-01  6.70499e-01
       vertex  1.47258e-01  2.02027e-01  7.15797e-01
       vertex  1.90454e-01  1.61949e-01  7.15378e-01
     endloop
  endfacet
  facet normal  7.31175e-04  5.82853e-04 -2.72785e-05
     outer loop
       vertex  1.98066e-01  1.52544e-01  5.53631e-01
       vertex  2.09815e-01  1.35932e-01  5.13607e-01
       vertex  1.79871e-01  1.73627e-01  5.16398e-01
     endloop
  endfacet
  facet normal  8.92985e-04  5.67768e-04 -2.66212e-05
     outer loop
       vertex  1.97299e-01  1.53536e-01  4.69194e-01
       vertex  2.09815e-01  1.35932e-01  5.13607e-01
       vertex  2.22775e-01  1.13451e-01  4.68871e-01
     endloop
  endfacet
  facet normal  6.92598e-04  5.13221e-04  1.81543e-05
     outer loop
       vertex  2.12512e-01  1.31676e-01  5.92454e-01
       vertex  1.98066e-01  1.52544e-01  5.53631e-01
       vertex  1.87292e-01  1.65595e-01  5.95731e-01
     endloop
  endfacet
  facet normal  8.61636e-04  6.82422e-04  2.76562e-05
     outer loop
       vertex  1.79871e-01  1.73627e-01  5.16398e-01
       vertex  2.09815e-01  1.35932e-01  5.13607e-01
       vertex  1.97299e-01  1.53536e-01  4.69194e-01
     endloop
  endfacet
  facet normal  9.58451e-04  5.34798e-04 -3.28881e-05
     outer loop
       vertex  2.17110e-01  1.23948e-01  2.00000e+00
       vertex  2.29541e-01  9.90494e-02  1.95739e+00
       vertex  2.04690e-01  1.43534e-01  1.95653e+00
     endloop
  endfacet
  facet normal  8.69059e-04 -4.62866e-04 -2.64944e-05
     outer loop
       vertex  2.30394e-01 -9.70485e-02  4.65945e-01
       vertex  2.17855e-01 -1.22634e-01  5.01626e-01
       vertex  2.07675e-01 -1.39179e-01  4.56766e-01
     endloop
  endfacet
  facet normal  8.72271e-04  8.19035e-04  3.75059e-05
     outer loop
       vertex  1.98066e-01  1.52544e-01  5.53631e-01
       vertex  1.79871e-01  1.73627e-01  5.16398e-01
       vertex  1.61362e-01  1.90951e-01  5.68550e-01
     endloop
  endfacet
  facet normal  7.33488e-04  6.92796e-04 -1.96242e-05
     outer loop
       vertex  1.96055e-01  1.55120e-01  6.31439e-01
       vertex  1.64800e-01  1.87992e-01  6.23691e-01
       vertex  1.74787e-01  1.78744e-01  6.70499e-01
     endloop
  endfacet
  facet normal  3.88999e-04  7.48880e-04  0.00000e+00
     outer loop
       vertex  1.00000e-01  2.29129e-01  1.95000e+00
       vertex  1.29955e-01  2.13569e-01  1.95320e+00
       vertex  1.00000e-01  2.29129e-01  1.90000e+00
     endloop
  endfacet
  facet normal  1.18578e-03 -1.24358e-04  4.06335e-05
     outer loop
       vertex  2.49991e-01  2.13269e-03  4.79590e-01
       vertex  2.44483e-01 -5.22298e-02  4.73942e-01
       vertex  2.48942e-01 -2.29743e-02  4.33356e-01
     endloop
  endfacet
  facet normal  4.92713e-04  9.13498e-04 -0.00000e+00
     outer loop
       vertex  1.00000e-01  2.29129e-01  7.50000e-01
       vertex  1.00000e-01  2.29129e-01  8.00000e-01
       vertex  1.36540e-01  2.09420e-01  7.65717e-01
     endloop
  endfacet
  facet normal  8.58299e-04 -6.04845e-04  2.83126e-05
     outer loop
       vertex  2.07675e-01 -1.39179e-01  4.56766e-01
       vertex  2.17855e-01 -1.22634e-01  5.01626e-01
       vertex  1.89704e-01 -1.62826e-01  4.96403e-01
     endloop
  endfacet
  facet normal  7.11103e-04  6.92245e-04 -3.26051e-05
     outer loop
       vertex  1.98066e-01  1.52544e-01  5.53631e-01
       vertex  1.61362e-01  1.90951e-01  5.68550e-01
       vertex  1.87292e-01  1.65595e-01  5.95731e-01
     endloop
  endfacet
  facet normal  7.46306e-04 -8.22224e-04 -3.24601e-05
     outer loop
       vertex  1.85592e-01 -1.67498e-01  5.83655e-01
       vertex  1.65912e-01 -1.87011e-01  6.25459e-01
       vertex  1.47954e-01 -2.01518e-01  5.80046e-01
     endloop
  endfacet
  facet normal  5.46300e-04  5.24071e-04  1.96614e-05
     outer loop
       vertex  1.96055e-01  1.55120e-01  6.31439e-01
       vertex  1.87292e-01  1.65595e-01  5.95731e-01
       vertex  1.64800e-01  1.87992e-01  6.23691e-01
     endloop
  endfacet
  facet normal  1.00250e-03 -1.83287e-04 -2.19808e-05
     outer loop
       vertex  2.44483e-01 -5.22298e-02  4.73942e-01
       vertex  2.40580e-01 -6.79796e-02  4.27257e-01
       vertex  2.48942e-01 -2.29743e-02  4.33356e-01
     endloop
  endfacet
  facet normal  9.83194e-04 -3.13258e-04  2.34809e-05
     outer loop
       vertex  2.44483e-01 -5.22298e-02  4.73942e-01
       vertex  2.30394e-01 -9.70485e-02  4.65945e-01
       vertex  2.40580e-01 -6.79796e-02  4.27257e-01
     endloop
  endfacet
  facet normal  9.73919e-04  3.64677e-04  4.24629e-05
     outer loop
       vertex  2.32180e-01  9.26963e-02  4.31422e-01
       vertex  2.22775e-01  1.13451e-01  4.68871e-01
       vertex  2.42436e-01  6.10299e-02  4.68134e-01
     endloop
  endfacet
  facet normal  6.84885e-04  8.58845e-04  2.35520e-05
     outer loop
       vertex  1.74787e-01  1.78744e-01  6.70499e-01
       vertex  1.64800e-01  1.87992e-01  6.23691e-01
       vertex  1.36625e-01  2.09365e-01  6.63629e-01
     endloop
  endfacet
  facet normal  8.72779e-04  5.54500e-04  2.62894e-05
     outer loop
       vertex  1.97299e-01  1.53536e-01  4.69194e-01
       vertex  2.22775e-01  1.13451e-01  4.68871e-01
       vertex  2.09134e-01  1.36977e-01  4.25514e-01
     endloop
  endfacet
  facet normal  6.58864e-04  6.68178e-04 -5.22206e-06
     outer loop
       vertex  1.64800e-01  1.87992e-01  6.23691e-01
       vertex  1.87292e-01  1.65595e-01  5.95731e-01
       vertex  1.61362e-01  1.90951e-01  5.68550e-01
     endloop
  endfacet
  facet normal  8.86180e-04  1.06852e-03 -4.04292e-05
     outer loop
       vertex  1.61362e-01  1.90951e-01  5.68550e-01
       vertex  1.79871e-01  1.73627e-01  5.16398e-01
       vertex  1.37954e-01  2.08491e-01  5.19046e-01
     endloop
  endfacet
  facet normal  7.27051e-04 -8.07783e-04  3.22230e-05
     outer loop
       vertex  1.69976e-01 -1.83325e-01  5.39234e-01
       vertex  1.85592e-01 -1.67498e-01  5.83655e-01
       vertex  1.47954e-01 -2.01518e-01  5.80046e-01
     endloop
  endfacet
  facet normal  9.74672e-04 -3.81773e-04 -3.02432e-05
     outer loop
       vertex  2.22115e-01 -1.14738e-01  4.22428e-01
       vertex  2.40580e-01 -6.79796e-02  4.27257e-01
       vertex  2.30394e-01 -9.70485e-02  4.65945e-01
     endloop
  endfacet
  facet normal  8.35516e-04 -4.56331e-04  2.65394e-05
     outer loop
       vertex  2.30394e-01 -9.70485e-02  4.65945e-01
       vertex  2.07675e-01 -1.39179e-01  4.56766e-01
       vertex  2.22115e-01 -1.14738e-01  4.22428e-01
     endloop
  endfacet
  facet normal  5.00444e-04 -9.30235e-04 -2.93310e-05
     outer loop
       vertex  1.18194e-01 -2.20296e-01  1.31107e+00
       vertex  9.63405e-02 -2.30691e-01  1.26791e+00
       vertex  1.39419e-01 -2.07514e-01  1.26786e+00
     endloop
  endfacet
  facet normal  7.91942e-04  7.57202e-04 -2.99051e-05
     outer loop
       vertex  1.79871e-01  1.73627e-01  5.16398e-01
       vertex  1.97299e-01  1.53536e-01  4.69194e-01
       vertex  1.63310e-01  1.89288e-01  4.74358e-01
     endloop
  endfacet
  facet normal  8.90455e-04  4.59294e-04 -3.09326e-05
     outer loop
       vertex  2.09134e-01  1.36977e-01  4.25514e-01
       vertex  2.22775e-01  1.13451e-01  4.68871e-01
       vertex  2.32180e-01  9.26963e-02  4.31422e-01
     endloop
  endfacet
  facet normal  8.05035e-04  6.51207e-04 -2.87263e-05
     outer loop
       vertex  1.97299e-01  1.53536e-01  4.69194e-01
       vertex  2.09134e-01  1.36977e-01  4.25514e-01
       vertex  1.78355e-01  1.75184e-01  4.29066e-01
     endloop
  endfacet
  facet normal  7.73508e-04  9.58898e-04 -2.27908e-05
     outer loop
       vertex  1.74787e-01  1.78744e-01  6.70499e-01
       vertex  1.36625e-01  2.09365e-01  6.63629e-01
       vertex  1.47258e-01  2.02027e-01  7.15797e-01
     endloop
  endfacet
  facet normal  1.05387e-03  1.44102e-04  4.58831e-05
     outer loop
       vertex  2.49991e-01  2.13269e-03  4.79590e-01
       vertex  2.49092e-01  2.12874e-02  4.40077e-01
       vertex  2.42436e-01  6.10299e-02  4.68134e-01
     endloop
  endfacet
  facet normal  0.00000e+00  1.52271e-03  0.00000e+00
     outer loop
       vertex  0.00000e+00  3.71545e-01  2.00000e+00
       vertex -1.62851e-02  3.71545e-01  1.93909e+00
       vertex -5.00000e-02  3.71545e-01  2.00000e+00
     endloop
  endfacet
  facet normal  0.00000e+00  1.20604e-03  0.00000e+00
     outer loop
       vertex  5.00000e-02  3.71545e-01  2.00000e+00
       vertex  3.57203e-02  3.71545e-01  1.95176e+00
       vertex  0.00000e+00  3.71545e-01  2.00000e+00
     endloop
  endfacet
  facet normal  7.53578e-04  9.03020e-04  3.95262e-05
     outer loop
       vertex  1.79871e-01  1.73627e-01  5.16398e-01
       vertex  1.63310e-01  1.89288e-01  4.74358e-01
       vertex  1.37954e-01  2.08491e-01  5.19046e-01
     endloop
  endfacet
  facet normal  0.00000e+00  0.00000e+00 -1.17183e-03
     outer loop
       vertex  7.59110e-02 -2.38196e-01  0.00000e+00
       vertex  7.61867e-02 -1.87534e-01  0.00000e+00
       vertex  1.22282e-01 -2.18053e-01  0.00000e+00
     endloop
  endfacet
  facet normal  7.21519e-04 -7.49378e-04 -2.63213e-05
     outer loop
       vertex  1.55273e-01 -1.95934e-01  4.95184e-01
       vertex  1.89704e-01 -1.62826e-01  4.96403e-01
       vertex  1.69976e-01 -1.83325e-01  5.39234e-01
     endloop
  endfacet
  facet normal  7.73231e-04  7.30868e-04  2.92639e-05
     outer loop
       vertex  1.97299e-01  1.53536e-01  4.69194e-01
       vertex  1.78355e-01  1.75184e-01  4.29066e-01
       vertex  1.63310e-01  1.89288e-01  4.74358e-01
     endloop
  endfacet
  facet normal  1.00194e-03 -1.89403e-04  2.39146e-05
     outer loop
       vertex  2.48942e-01 -2.29743e-02  4.33356e-01
       vertex  2.40580e-01 -6.79796e-02  4.27257e-01
       vertex  2.46078e-01 -4.41073e-02  3.85967e-01
     endloop
  endfacet
  facet normal  9.38812e-04  5.87633e-08 -2.13284e-05
     outer loop
       vertex  2.48942e-01 -2.29743e-02  4.33356e-01
       vertex  2.49092e-01  2.12874e-02  4.40077e-01
       vertex  2.49991e-01  2.13269e-03  4.79590e-01
     endloop
  endfacet
  facet normal -5.04843e-04  8.79765e-04  4.95539e-05
     outer loop
       vertex -1.33582e-01  2.11319e-01  1.87406e+00
       vertex -1.51502e-01  1.98865e-01  1.91261e+00
       vertex -1.00000e-01  2.29129e-01  1.90000e+00
     endloop
  endfacet
  facet normal  9.65305e-04  7.74901e-04  2.95686e-05
     outer loop
       vertex  1.78355e-01  1.75184e-01  4.29066e-01
       vertex  2.09134e-01  1.36977e-01  4.25514e-01
       vertex  1.95158e-01  1.56247e-01  3.76775e-01
     endloop
  endfacet
  facet normal  9.42571e-04 -3.75507e-04  3.18349e-05
     outer loop
       vertex  2.32680e-01 -9.14324e-02  3.84518e-01
       vertex  2.40580e-01 -6.79796e-02  4.27257e-01
       vertex  2.22115e-01 -1.14738e-01  4.22428e-01
     endloop
  endfacet
  facet normal  8.67636e-04  4.55665e-04  3.08789e-05
     outer loop
       vertex  2.09134e-01  1.36977e-01  4.25514e-01
       vertex  2.32180e-01  9.26963e-02  4.31422e-01
       vertex  2.22880e-01  1.13244e-01  3.89493e-01
     endloop
  endfacet
  facet normal  9.25425e-04  5.86704e-04 -3.34039e-05
     outer loop
       vertex  1.95158e-01  1.56247e-01  3.76775e-01
       vertex  2.09134e-01  1.36977e-01  4.25514e-01
       vertex  2.22880e-01  1.13244e-01  3.89493e-01
     endloop
  endfacet
  facet normal  0.00000e+00 -0.00000e+00 -1.20741e-03
     outer loop
       vertex  1.00000e-01  2.29129e-01  0.00000e+00
       vertex  1.42145e-01  2.05657e-01  0.00000e+00
       vertex  8.55266e-02  1.79891e-01  0.00000e+00
     endloop
  endfacet
  facet normal  0.00000e+00  0.00000e+00 -1.35385e-03
     outer loop
       vertex -1.61884e-01 -1.90508e-01  0.00000e+00
       vertex -1.09392e-01 -1.61628e-01  0.00000e+00
       vertex -1.20246e-01 -2.19182e-01  0.00000e+00
     endloop
  endfacet
  facet normal  0.00000e+00 -0.00000e+00 -9.83162e-04
     outer loop
       vertex -2.34930e-01  8.54869e-02  0.00000e+00
       vertex -2.03940e-01  4.93932e-02  0.00000e+00
       vertex -2.47325e-01  3.64733e-02  0.00000e+00
     endloop
  endfacet
  facet normal  5.67079e-04  7.85148e-04 -1.56400e-05
     outer loop
       vertex  1.37954e-01  2.08491e-01  5.19046e-01
       vertex  1.63310e-01  1.89288e-01  4.74358e-01
       vertex  1.28314e-01  2.14559e-01  4.74107e-01
     endloop
  endfacet
  facet normal  1.06931e-03 -8.15426e-05 -2.82561e-05
     outer loop
       vertex  2.48942e-01 -2.29743e-02  4.33356e-01
       vertex  2.46078e-01 -4.41073e-02  3.85967e-01
       vertex  2.49963e-01  4.29338e-03  3.93304e-01
     endloop
  endfacet
  facet normal  0.00000e+00 -0.00000e+00 -1.34062e-03
     outer loop
       vertex -1.82216e-01  1.71164e-01  0.00000e+00
       vertex -1.55306e-01  1.19048e-01  0.00000e+00
       vertex -2.12927e-01  1.31004e-01  0.00000e+00
     endloop
  endfacet
  facet normal  9.94328e-04 -2.80588e-04 -2.98184e-05
     outer loop
       vertex  2.46078e-01 -4.41073e-02  3.85967e-01
       vertex  2.40580e-01 -6.79796e-02  4.27257e-01
       vertex  2.32680e-01 -9.14324e-02  3.84518e-01
     endloop
  endfacet
  facet normal  7.40212e-04 -4.71462e-04 -2.43073e-05
     outer loop
       vertex  1.96912e-01 -1.54031e-01  4.17062e-01
       vertex  2.22115e-01 -1.14738e-01  4.22428e-01
       vertex  2.07675e-01 -1.39179e-01  4.56766e-01
     endloop
  endfacet
  facet normal  7.07804e-04 -5.78882e-04 -2.44337e-05
     outer loop
       vertex  1.77876e-01 -1.75671e-01  4.58068e-01
       vertex  2.07675e-01 -1.39179e-01  4.56766e-01
       vertex  1.89704e-01 -1.62826e-01  4.96403e-01
     endloop
  endfacet
  facet normal  9.78014e-04 -6.43337e-06  2.05518e-05
     outer loop
       vertex  2.48942e-01 -2.29743e-02  4.33356e-01
       vertex  2.49963e-01  4.29338e-03  3.93304e-01
       vertex  2.49092e-01  2.12874e-02  4.40077e-01
     endloop
  endfacet
  facet normal  6.23099e-04 -8.24724e-04  2.80961e-05
     outer loop
       vertex  1.55273e-01 -1.95934e-01  4.95184e-01
       vertex  1.69976e-01 -1.83325e-01  5.39234e-01
       vertex  1.30997e-01 -2.12931e-01  5.34638e-01
     endloop
  endfacet
  facet normal  5.00262e-04  9.25049e-04 -0.00000e+00
     outer loop
       vertex  1.00000e-01  2.29129e-01  1.00000e-01
       vertex  1.00000e-01  2.29129e-01  1.50000e-01
       vertex  1.37002e-01  2.09118e-01  1.25553e-01
     endloop
  endfacet
  facet normal  4.69110e-04  8.77020e-04  0.00000e+00
     outer loop
       vertex  1.00000e-01  2.29129e-01  1.00000e-01
       vertex  1.35081e-01  2.10364e-01  8.08043e-02
       vertex  1.00000e-01  2.29129e-01  5.00000e-02
     endloop
  endfacet
  facet normal  8.68410e-04 -4.36115e-04 -2.60924e-05
     outer loop
       vertex  2.32680e-01 -9.14324e-02  3.84518e-01
       vertex  2.22115e-01 -1.14738e-01  4.22428e-01
       vertex  2.11370e-01 -1.33502e-01  3.78426e-01
     endloop
  endfacet
  facet normal  6.45956e-04 -8.46017e-04 -2.85791e-05
     outer loop
       vertex  1.30997e-01 -2.12931e-01  5.34638e-01
       vertex  1.69976e-01 -1.83325e-01  5.39234e-01
       vertex  1.47954e-01 -2.01518e-01  5.80046e-01
     endloop
  endfacet
  facet normal  4.17554e-04 -9.66523e-04  3.08492e-05
     outer loop
       vertex  7.59603e-02 -2.38181e-01  9.67062e-01
       vertex  9.72798e-02 -2.30297e-01  9.25501e-01
       vertex  1.21732e-01 -2.18361e-01  9.68503e-01
     endloop
  endfacet
  facet normal  0.00000e+00  0.00000e+00 -9.77032e-04
     outer loop
       vertex -2.49606e-01 -1.40318e-02  0.00000e+00
       vertex -2.07897e-01 -3.02476e-02  0.00000e+00
       vertex -2.41679e-01 -6.39631e-02  0.00000e+00
     endloop
  endfacet
  facet normal  1.05956e-03 -8.90818e-05  2.66376e-05
     outer loop
       vertex  2.49963e-01  4.29338e-03  3.93304e-01
       vertex  2.46078e-01 -4.41073e-02  3.85967e-01
       vertex  2.49634e-01 -1.35172e-02  3.46822e-01
     endloop
  endfacet
  facet normal  0.00000e+00  0.00000e+00 -1.34953e-03
     outer loop
       vertex  1.98328e-01 -1.52203e-01  0.00000e+00
       vertex  1.67135e-01 -1.01112e-01  0.00000e+00
       vertex  2.24895e-01 -1.09189e-01  0.00000e+00
     endloop
  endfacet
  facet normal  8.14150e-04 -5.25668e-04  2.53455e-05
     outer loop
       vertex  2.11370e-01 -1.33502e-01  3.78426e-01
       vertex  2.22115e-01 -1.14738e-01  4.22428e-01
       vertex  1.96912e-01 -1.54031e-01  4.17062e-01
     endloop
  endfacet
  facet normal  0.00000e+00  0.00000e+00 -1.30811e-03
     outer loop
       vertex  2.42264e-01 -6.17100e-02  0.00000e+00
       vertex  1.95776e-01 -2.26175e-02  0.00000e+00
       vertex  2.49726e-01 -1.17070e-02  0.00000e+00
     endloop
  endfacet
  facet normal  9.76264e-04 -2.77240e-04  2.78681e-05
     outer loop
       vertex  2.46078e-01 -4.41073e-02  3.85967e-01
       vertex  2.32680e-01 -9.14324e-02  3.84518e-01
       vertex  2.42185e-01 -6.20190e-02  3.44161e-01
     endloop
  endfacet
  facet normal  9.90001e-04 -1.50530e-04 -2.76997e-05
     outer loop
       vertex  2.49634e-01 -1.35172e-02  3.46822e-01
       vertex  2.46078e-01 -4.41073e-02  3.85967e-01
       vertex  2.42185e-01 -6.20190e-02  3.44161e-01
     endloop
  endfacet
  facet normal  7.34109e-04 -5.98603e-04  2.49060e-05
     outer loop
       vertex  1.96912e-01 -1.54031e-01  4.17062e-01
       vertex  2.07675e-01 -1.39179e-01  4.56766e-01
       vertex  1.77876e-01 -1.75671e-01  4.58068e-01
     endloop
  endfacet
  facet normal  0.00000e+00  0.00000e+00 -1.48000e-03
     outer loop
       vertex -1.00000e-01  3.24073e-01  0.00000e+00
       vertex -5.00000e-02  3.71545e-01  0.00000e+00
       vertex -3.56721e-02  3.25949e-01  0.00000e+00
     endloop
  endfacet
  facet normal  3.06585e-04 -1.00290e-03 -2.99630e-05
     outer loop
       vertex  9.63405e-02 -2.30691e-01  1.26791e+00
       vertex  7.23536e-02 -2.39301e-01  1.31065e+00
       vertex  4.92144e-02 -2.45108e-01  1.26826e+00
     endloop
  endfacet
  facet normal  0.00000e+00 -0.00000e+00 -1.81667e-03
     outer loop
       vertex -1.44054e-01  2.04325e-01  0.00000e+00
       vertex -1.13784e-01  1.35419e-01  0.00000e+00
       vertex -1.82216e-01  1.71164e-01  0.00000e+00
     endloop
  endfacet
  facet normal  6.26760e-04 -6.52734e-04  2.53182e-05
     outer loop
       vertex  1.77876e-01 -1.75671e-01  4.58068e-01
       vertex  1.89704e-01 -1.62826e-01  4.96403e-01
       vertex  1.55273e-01 -1.95934e-01  4.95184e-01
     endloop
  endfacet
  facet normal  0.00000e+00 -0.00000e+00 -1.34385e-03
     outer loop
       vertex -2.12927e-01  1.31004e-01  0.00000e+00
       vertex -1.77330e-01  8.24921e-02  0.00000e+00
       vertex -2.34930e-01  8.54869e-02  0.00000e+00
     endloop
  endfacet
  facet normal  1.01011e-03 -3.63823e-04 -2.72638e-05
     outer loop
       vertex  2.32680e-01 -9.14324e-02  3.84518e-01
       vertex  2.25482e-01 -1.07973e-01  3.38529e-01
       vertex  2.42185e-01 -6.20190e-02  3.44161e-01
     endloop
  endfacet
  facet normal -0.00000e+00  0.00000e+00 -1.45904e-03
     outer loop
       vertex  2.11698e-01  1.32981e-01  0.00000e+00
       vertex  1.56316e-01  1.10143e-01  0.00000e+00
       vertex  1.80614e-01  1.72854e-01  0.00000e+00
     endloop
  endfacet
  facet normal  9.16983e-04 -4.68092e-04  2.48142e-05
     outer loop
       vertex  2.32680e-01 -9.14324e-02  3.84518e-01
       vertex  2.11370e-01 -1.33502e-01  3.78426e-01
       vertex  2.25482e-01 -1.07973e-01  3.38529e-01
     endloop
  endfacet
  facet normal  0.00000e+00  0.00000e+00 -1.18168e-03
     outer loop
       vertex  1.22282e-01 -2.18053e-01  0.00000e+00
       vertex  1.30684e-01 -1.55023e-01  0.00000e+00
       vertex  1.63651e-01 -1.88993e-01  0.00000e+00
     endloop
  endfacet
  facet normal  0.00000e+00  0.00000e+00 -1.19541e-03
     outer loop
       vertex  1.63651e-01 -1.88993e-01  0.00000e+00
       vertex  1.30684e-01 -1.55023e-01  0.00000e+00
       vertex  1.98328e-01 -1.52203e-01  0.00000e+00
     endloop
  endfacet
  facet normal  1.07512e-04 -1.06932e-03  3.05590e-05
     outer loop
       vertex  4.95939e-02 -2.45032e-01  1.09589e+00
       vertex  2.46858e-04 -2.50000e-01  1.09565e+00
       vertex  2.56072e-02 -2.48685e-01  1.05244e+00
     endloop
  endfacet
  facet normal  1.07108e-04 -1.06234e-03 -3.05748e-05
     outer loop
       vertex  4.95939e-02 -2.45032e-01  1.09589e+00
       vertex  2.49936e-02 -2.48748e-01  1.13883e+00
       vertex  2.46858e-04 -2.50000e-01  1.09565e+00
     endloop
  endfacet
  facet normal  0.00000e+00  0.00000e+00 -8.15309e-04
     outer loop
       vertex -1.96903e-01 -1.54043e-01  0.00000e+00
       vertex -1.54561e-01 -1.51569e-01  0.00000e+00
       vertex -1.61884e-01 -1.90508e-01  0.00000e+00
     endloop
  endfacet
  facet normal  7.50392e-04 -7.06466e-04 -2.44554e-05
     outer loop
       vertex  1.96912e-01 -1.54031e-01  4.17062e-01
       vertex  1.77876e-01 -1.75671e-01  4.58068e-01
       vertex  1.64698e-01 -1.88082e-01  4.12233e-01
     endloop
  endfacet
  facet normal  7.34253e-04 -5.57087e-04 -2.12490e-05
     outer loop
       vertex  2.11370e-01 -1.33502e-01  3.78426e-01
       vertex  1.96912e-01 -1.54031e-01  4.17062e-01
       vertex  1.84550e-01 -1.68646e-01  3.73034e-01
     endloop
  endfacet
  facet normal  6.65642e-04 -7.91519e-04 -2.67730e-05
     outer loop
       vertex  1.77876e-01 -1.75671e-01  4.58068e-01
       vertex  1.55273e-01 -1.95934e-01  4.95184e-01
       vertex  1.40617e-01 -2.06705e-01  4.49213e-01
     endloop
  endfacet
  facet normal  6.56284e-04 -7.95547e-04  2.67215e-05
     outer loop
       vertex  1.64698e-01 -1.88082e-01  4.12233e-01
       vertex  1.77876e-01 -1.75671e-01  4.58068e-01
       vertex  1.40617e-01 -2.06705e-01  4.49213e-01
     endloop
  endfacet
  facet normal  7.14286e-04 -6.79310e-04  2.49279e-05
     outer loop
       vertex  1.96912e-01 -1.54031e-01  4.17062e-01
       vertex  1.64698e-01 -1.88082e-01  4.12233e-01
       vertex  1.84550e-01 -1.68646e-01  3.73034e-01
     endloop
  endfacet
  facet normal  8.30459e-04 -4.90404e-04 -2.00662e-05
     outer loop
       vertex  2.11370e-01 -1.33502e-01  3.78426e-01
       vertex  2.02728e-01 -1.46292e-01  3.33355e-01
       vertex  2.25482e-01 -1.07973e-01  3.38529e-01
     endloop
  endfacet
  facet normal  0.00000e+00  0.00000e+00 -9.61172e-04
     outer loop
       vertex  2.64360e-02 -2.48598e-01  0.00000e+00
       vertex  3.64603e-02 -2.07636e-01  0.00000e+00
       vertex  7.59110e-02 -2.38196e-01  0.00000e+00
     endloop
  endfacet
  facet normal  0.00000e+00  0.00000e+00 -9.24352e-04
     outer loop
       vertex -7.36897e-02 -2.38893e-01  0.00000e+00
       vertex -4.18928e-02 -2.07974e-01  0.00000e+00
       vertex -2.41200e-02 -2.48834e-01  0.00000e+00
     endloop
  endfacet
  facet normal  0.00000e+00  0.00000e+00 -8.81597e-04
     outer loop
       vertex -1.20246e-01 -2.19182e-01  0.00000e+00
       vertex -8.10768e-02 -1.97893e-01  0.00000e+00
       vertex -7.36897e-02 -2.38893e-01  0.00000e+00
     endloop
  endfacet
  facet normal  9.58919e-04 -3.51851e-04  2.68817e-05
     outer loop
       vertex  2.42185e-01 -6.20190e-02  3.44161e-01
       vertex  2.25482e-01 -1.07973e-01  3.38529e-01
       vertex  2.37266e-01 -7.87705e-02  3.00374e-01
     endloop
  endfacet
  facet normal  0.00000e+00  0.00000e+00 -9.31860e-04
     outer loop
       vertex  2.24895e-01 -1.09189e-01  0.00000e+00
       vertex  2.00322e-01 -6.90598e-02  0.00000e+00
       vertex  2.42264e-01 -6.17100e-02  0.00000e+00
     endloop
  endfacet
  facet normal  6.06156e-04 -8.36682e-04 -2.66358e-05
     outer loop
       vertex  1.64698e-01 -1.88082e-01  4.12233e-01
       vertex  1.40617e-01 -2.06705e-01  4.49213e-01
       vertex  1.25327e-01 -2.16317e-01  4.03204e-01
     endloop
  endfacet
  facet normal  7.57516e-04 -5.81118e-04  1.96620e-05
     outer loop
       vertex  2.11370e-01 -1.33502e-01  3.78426e-01
       vertex  1.84550e-01 -1.68646e-01  3.73034e-01
       vertex  2.02728e-01 -1.46292e-01  3.33355e-01
     endloop
  endfacet
  facet normal  6.70884e-04 -7.37618e-04 -2.59642e-05
     outer loop
       vertex  1.49375e-01 -2.00467e-01  3.68177e-01
       vertex  1.84550e-01 -1.68646e-01  3.73034e-01
       vertex  1.64698e-01 -1.88082e-01  4.12233e-01
     endloop
  endfacet
  facet normal  5.25846e-04 -9.58245e-04 -3.30255e-05
     outer loop
       vertex  1.41959e-01 -2.05786e-01  9.25697e-01
       vertex  1.21732e-01 -2.18361e-01  9.68503e-01
       vertex  9.72798e-02 -2.30297e-01  9.25501e-01
     endloop
  endfacet
  facet normal  5.66054e-04 -7.98073e-04  2.74922e-05
     outer loop
       vertex  1.64698e-01 -1.88082e-01  4.12233e-01
       vertex  1.25327e-01 -2.16317e-01  4.03204e-01
       vertex  1.49375e-01 -2.00467e-01  3.68177e-01
     endloop
  endfacet
  facet normal  0.00000e+00  0.00000e+00 -7.71026e-04
     outer loop
       vertex  2.49726e-01 -1.17070e-02  0.00000e+00
       vertex  2.17514e-01  1.88472e-02  0.00000e+00
       vertex  2.46975e-01  3.87747e-02  0.00000e+00
     endloop
  endfacet
  facet normal  8.33979e-04 -4.98047e-04  2.10518e-05
     outer loop
       vertex  2.25482e-01 -1.07973e-01  3.38529e-01
       vertex  2.02728e-01 -1.46292e-01  3.33355e-01
       vertex  2.17477e-01 -1.23304e-01  2.92931e-01
     endloop
  endfacet
  facet normal  5.51853e-04 -1.39900e-03 -5.34909e-05
     outer loop
       vertex  1.19321e-01 -2.19687e-01  7.06632e-01
       vertex  1.00421e-01 -2.28945e-01  7.53762e-01
       vertex  6.16294e-02 -2.42285e-01  7.02451e-01
     endloop
  endfacet
  facet normal  1.03311e-04 -1.04878e-03  3.05256e-05
     outer loop
       vertex  4.92144e-02 -2.45108e-01  1.26826e+00
       vertex -1.15847e-04 -2.50000e-01  1.26714e+00
       vertex  2.43722e-02 -2.48809e-01  1.22517e+00
     endloop
  endfacet
  facet normal  0.00000e+00  1.25000e-03  0.00000e+00
     outer loop
       vertex -1.00000e-01  3.71545e-01  1.80000e+00
       vertex -5.00000e-02  3.71545e-01  1.78750e+00
       vertex -1.00000e-01  3.71545e-01  1.75000e+00
     endloop
  endfacet
  facet normal  0.00000e+00  0.00000e+00 -1.38201e-03
     outer loop
       vertex -2.41679e-01 -6.39631e-02  0.00000e+00
       vertex -1.81362e-01 -6.90119e-02  0.00000e+00
       vertex -2.23868e-01 -1.11279e-01  0.00000e+00
     endloop
  endfacet
  facet normal  9.58275e-04 -4.21394e-04 -2.65419e-05
     outer loop
       vertex  2.25482e-01 -1.07973e-01  3.38529e-01
       vertex  2.17477e-01 -1.23304e-01  2.92931e-01
       vertex  2.37266e-01 -7.87705e-02  3.00374e-01
     endloop
  endfacet
  facet normal -1.78790e-06 -1.05697e-03  3.00999e-05
     outer loop
       vertex  2.43722e-02 -2.48809e-01  1.22517e+00
       vertex -2.49667e-02 -2.48750e-01  1.22431e+00
       vertex -2.03466e-04 -2.50000e-01  1.18190e+00
     endloop
  endfacet
  facet normal  6.18131e-04 -6.87267e-04  2.61904e-05
     outer loop
       vertex  1.70227e-01 -1.83092e-01  3.31979e-01
       vertex  1.84550e-01 -1.68646e-01  3.73034e-01
       vertex  1.49375e-01 -2.00467e-01  3.68177e-01
     endloop
  endfacet
  facet normal  7.45477e-04 -6.57308e-04 -2.87767e-05
     outer loop
       vertex  2.02728e-01 -1.46292e-01  3.33355e-01
       vertex  1.84550e-01 -1.68646e-01  3.73034e-01
       vertex  1.70227e-01 -1.83092e-01  3.31979e-01
     endloop
  endfacet
  facet normal  0.00000e+00 -0.00000e+00 -1.11479e-03
     outer loop
       vertex -2.47325e-01  3.64733e-02  0.00000e+00
       vertex -2.04367e-01  1.01672e-02  0.00000e+00
       vertex -2.49606e-01 -1.40318e-02  0.00000e+00
     endloop
  endfacet
  facet normal  1.66964e-06 -1.07003e-03 -3.01385e-05
     outer loop
       vertex -2.43733e-02 -2.48809e-01  1.13828e+00
       vertex  2.49936e-02 -2.48748e-01  1.13883e+00
       vertex -2.03466e-04 -2.50000e-01  1.18190e+00
     endloop
  endfacet
  facet normal  6.88871e-04 -9.50593e-04 -3.33837e-05
     outer loop
       vertex  1.65912e-01 -1.87011e-01  6.25459e-01
       vertex  1.45540e-01 -2.03268e-01  6.68008e-01
       vertex  1.24443e-01 -2.16827e-01  6.18746e-01
     endloop
  endfacet
  facet normal -0.00000e+00  0.00000e+00 -1.11119e-03
     outer loop
       vertex  2.34124e-01  8.76708e-02  0.00000e+00
       vertex  1.90146e-01  7.74268e-02  0.00000e+00
       vertex  2.11698e-01  1.32981e-01  0.00000e+00
     endloop
  endfacet
  facet normal  7.62100e-04 -5.26540e-04 -2.13764e-05
     outer loop
       vertex  2.17477e-01 -1.23304e-01  2.92931e-01
       vertex  2.02728e-01 -1.46292e-01  3.33355e-01
       vertex  1.92005e-01 -1.60106e-01  2.91342e-01
     endloop
  endfacet
  facet normal  1.00139e-03 -1.55359e-04  2.84395e-05
     outer loop
       vertex  2.42185e-01 -6.20190e-02  3.44161e-01
       vertex  2.47797e-01 -3.31152e-02  3.04454e-01
       vertex  2.49634e-01 -1.35172e-02  3.46822e-01
     endloop
  endfacet
  facet normal  0.00000e+00  1.25000e-03  0.00000e+00
     outer loop
       vertex -1.00000e-01  3.71545e-01  1.50000e+00
       vertex -5.00000e-02  3.71545e-01  1.48750e+00
       vertex -1.00000e-01  3.71545e-01  1.45000e+00
     endloop
  endfacet
  facet normal  7.63541e-04 -6.75353e-04  2.71864e-05
     outer loop
       vertex  2.02728e-01 -1.46292e-01  3.33355e-01
       vertex  1.70227e-01 -1.83092e-01  3.31979e-01
       vertex  1.92005e-01 -1.60106e-01  2.91342e-01
     endloop
  endfacet
  facet normal  4.89738e-04 -8.98294e-04  2.49225e-05
     outer loop
       vertex  1.25327e-01 -2.16317e-01  4.03204e-01
       vertex  1.40617e-01 -2.06705e-01  4.49213e-01
       vertex  9.92320e-02 -2.29462e-01  4.42182e-01
     endloop
  endfacet
  facet normal  5.91204e-04 -7.61763e-04 -2.50813e-05
     outer loop
       vertex  1.70227e-01 -1.83092e-01  3.31979e-01
       vertex  1.49375e-01 -2.00467e-01  3.68177e-01
       vertex  1.33098e-01 -2.11624e-01  3.23369e-01
     endloop
  endfacet
  facet normal  4.41058e-04 -7.18589e-04 -2.23558e-05
     outer loop
       vertex  1.10360e-01 -2.24323e-01  3.65241e-01
       vertex  1.49375e-01 -2.00467e-01  3.68177e-01
       vertex  1.25327e-01 -2.16317e-01  4.03204e-01
     endloop
  endfacet
  facet normal  0.00000e+00  0.00000e+00 -1.18680e-03
     outer loop
       vertex  1.00000e-01  2.29129e-01  0.00000e+00
       vertex  5.00000e-02  2.64733e-01  0.00000e+00
       vertex  1.00000e-01  2.76601e-01  0.00000e+00
     endloop
  endfacet
  facet normal  1.10607e-03  6.44943e-05 -3.25367e-05
     outer loop
       vertex  2.49634e-01 -1.35172e-02  3.46822e-01
       vertex  2.46949e-01  3.89375e-02  3.59516e-01
       vertex  2.49963e-01  4.29338e-03  3.93304e-01
     endloop
  endfacet
  facet normal -0.00000e+00  0.00000e+00 -1.48715e-03
     outer loop
       vertex  1.80614e-01  1.72854e-01  0.00000e+00
       vertex  1.21239e-01  1.46168e-01  0.00000e+00
       vertex  1.42145e-01  2.05657e-01  0.00000e+00
     endloop
  endfacet
  facet normal -5.33837e-04  9.58743e-04 -3.54390e-05
     outer loop
       vertex -1.33582e-01  2.11319e-01  1.87406e+00
       vertex -1.00000e-01  2.29129e-01  1.85000e+00
       vertex -1.47616e-01  2.01766e-01  1.82701e+00
     endloop
  endfacet
  facet normal  5.18070e-04 -8.50184e-04  2.35021e-05
     outer loop
       vertex  1.33098e-01 -2.11624e-01  3.23369e-01
       vertex  1.49375e-01 -2.00467e-01  3.68177e-01
       vertex  1.10360e-01 -2.24323e-01  3.65241e-01
     endloop
  endfacet
  facet normal  7.47175e-04 -7.49086e-04 -2.32893e-05
     outer loop
       vertex  1.70227e-01 -1.83092e-01  3.31979e-01
       vertex  1.58490e-01 -1.93341e-01  2.85088e-01
       vertex  1.92005e-01 -1.60106e-01  2.91342e-01
     endloop
  endfacet
  facet normal  6.24837e-04 -8.19988e-04  2.28310e-05
     outer loop
       vertex  1.70227e-01 -1.83092e-01  3.31979e-01
       vertex  1.33098e-01 -2.11624e-01  3.23369e-01
       vertex  1.58490e-01 -1.93341e-01  2.85088e-01
     endloop
  endfacet
  facet normal  0.00000e+00  1.25000e-03  0.00000e+00
     outer loop
       vertex -1.00000e-01  3.71545e-01  1.35000e+00
       vertex -5.00000e-02  3.71545e-01  1.33750e+00
       vertex -1.00000e-01  3.71545e-01  1.30000e+00
     endloop
  endfacet
  facet normal  3.71492e-04 -8.12338e-04  2.48415e-05
     outer loop
       vertex  1.10360e-01 -2.24323e-01  3.65241e-01
       vertex  1.25327e-01 -2.16317e-01  4.03204e-01
       vertex  8.20155e-02 -2.36164e-01  4.01896e-01
     endloop
  endfacet
  facet normal  5.78040e-04 -9.05294e-04  2.78139e-05
     outer loop
       vertex  1.40617e-01 -2.06705e-01  4.49213e-01
       vertex  1.55273e-01 -1.95934e-01  4.95184e-01
       vertex  1.13886e-01 -2.22553e-01  4.88906e-01
     endloop
  endfacet
  facet normal  5.78468e-04 -8.92648e-04 -2.86279e-05
     outer loop
       vertex  1.55273e-01 -1.95934e-01  4.95184e-01
       vertex  1.30997e-01 -2.12931e-01  5.34638e-01
       vertex  1.13886e-01 -2.22553e-01  4.88906e-01
     endloop
  endfacet
  facet normal  3.95396e-04 -8.61172e-04 -2.57185e-05
     outer loop
       vertex  8.20155e-02 -2.36164e-01  4.01896e-01
       vertex  1.25327e-01 -2.16317e-01  4.03204e-01
       vertex  9.92320e-02 -2.29462e-01  4.42182e-01
     endloop
  endfacet
  facet normal  0.00000e+00  0.00000e+00 -9.67944e-04
     outer loop
       vertex -2.23868e-01 -1.11279e-01  0.00000e+00
       vertex -1.73621e-01 -1.19175e-01  0.00000e+00
       vertex -1.96903e-01 -1.54043e-01  0.00000e+00
     endloop
  endfacet
  facet normal  9.65387e-04 -2.20526e-04 -2.40853e-05
     outer loop
       vertex  2.42185e-01 -6.20190e-02  3.44161e-01
       vertex  2.37266e-01 -7.87705e-02  3.00374e-01
       vertex  2.47797e-01 -3.31152e-02  3.04454e-01
     endloop
  endfacet
  facet normal  9.73765e-04 -4.37209e-04  2.69010e-05
     outer loop
       vertex  2.37266e-01 -7.87705e-02  3.00374e-01
       vertex  2.17477e-01 -1.23304e-01  2.92931e-01
       vertex  2.31047e-01 -9.54851e-02  2.53849e-01
     endloop
  endfacet
  facet normal  0.00000e+00  0.00000e+00 -7.93949e-04
     outer loop
       vertex -2.41200e-02 -2.48834e-01  0.00000e+00
       vertex -5.91807e-03 -2.17340e-01  0.00000e+00
       vertex  2.64360e-02 -2.48598e-01  0.00000e+00
     endloop
  endfacet
  facet normal  4.36768e-04 -8.39017e-04 -1.72624e-05
     outer loop
       vertex  1.33098e-01 -2.11624e-01  3.23369e-01
       vertex  1.10360e-01 -2.24323e-01  3.65241e-01
       vertex  9.59335e-02 -2.30861e-01  3.18008e-01
     endloop
  endfacet
  facet normal  3.68606e-04 -9.63630e-04 -2.62636e-05
     outer loop
       vertex  1.10360e-01 -2.24323e-01  3.65241e-01
       vertex  8.20155e-02 -2.36164e-01  4.01896e-01
       vertex  6.51160e-02 -2.41371e-01  3.55757e-01
     endloop
  endfacet
  facet normal  0.00000e+00  1.25000e-03  0.00000e+00
     outer loop
       vertex -1.00000e-01  3.71545e-01  1.85000e+00
       vertex -5.00000e-02  3.71545e-01  1.83750e+00
       vertex -1.00000e-01  3.71545e-01  1.80000e+00
     endloop
  endfacet
  facet normal  5.66529e-04 -8.33976e-04 -2.25258e-05
     outer loop
       vertex  1.33098e-01 -2.11624e-01  3.23369e-01
       vertex  1.19793e-01 -2.19430e-01  2.77740e-01
       vertex  1.58490e-01 -1.93341e-01  2.85088e-01
     endloop
  endfacet
  facet normal  3.71607e-04 -1.00008e-03  2.49345e-05
     outer loop
       vertex  1.10360e-01 -2.24323e-01  3.65241e-01
       vertex  6.51160e-02 -2.41371e-01  3.55757e-01
       vertex  9.59335e-02 -2.30861e-01  3.18008e-01
     endloop
  endfacet
  facet normal  5.07368e-04 -9.15309e-04 -2.37779e-05
     outer loop
       vertex  9.92320e-02 -2.29462e-01  4.42182e-01
       vertex  1.40617e-01 -2.06705e-01  4.49213e-01
       vertex  1.13886e-01 -2.22553e-01  4.88906e-01
     endloop
  endfacet
  facet normal  0.00000e+00  0.00000e+00 -7.00094e-04
     outer loop
       vertex  2.46975e-01  3.87747e-02  0.00000e+00
       vertex  2.14626e-01  5.28990e-02  0.00000e+00
       vertex  2.34124e-01  8.76708e-02  0.00000e+00
     endloop
  endfacet
  facet normal  4.17953e-04 -8.12237e-04  1.70786e-05
     outer loop
       vertex  1.33098e-01 -2.11624e-01  3.23369e-01
       vertex  9.59335e-02 -2.30861e-01  3.18008e-01
       vertex  1.19793e-01 -2.19430e-01  2.77740e-01
     endloop
  endfacet
  facet normal  6.96641e-04 -7.06824e-04  2.29374e-05
     outer loop
       vertex  1.92005e-01 -1.60106e-01  2.91342e-01
       vertex  1.58490e-01 -1.93341e-01  2.85088e-01
       vertex  1.81967e-01 -1.71429e-01  2.47289e-01
     endloop
  endfacet
  facet normal  0.00000e+00  1.30422e-03  0.00000e+00
     outer loop
       vertex -1.00000e-01  3.71545e-01  1.20000e+00
       vertex -4.78310e-02  3.71545e-01  1.16407e+00
       vertex -1.00000e-01  3.71545e-01  1.15000e+00
     endloop
  endfacet
  facet normal  0.00000e+00  1.25000e-03  0.00000e+00
     outer loop
       vertex -1.00000e-01  3.71545e-01  1.70000e+00
       vertex -5.00000e-02  3.71545e-01  1.68750e+00
       vertex -1.00000e-01  3.71545e-01  1.65000e+00
     endloop
  endfacet
  facet normal  9.86263e-04 -3.34044e-05 -2.73163e-05
     outer loop
       vertex  2.49634e-01 -1.35172e-02  3.46822e-01
       vertex  2.47797e-01 -3.31152e-02  3.04454e-01
       vertex  2.49538e-01  1.51918e-02  3.08237e-01
     endloop
  endfacet
  facet normal  4.19124e-04 -9.83027e-04  3.04912e-05
     outer loop
       vertex  9.92006e-02 -2.29476e-01  8.39132e-01
       vertex  1.20516e-01 -2.19034e-01  8.82782e-01
       vertex  7.49183e-02 -2.38510e-01  8.81642e-01
     endloop
  endfacet
  facet normal  5.68791e-04 -8.50248e-04  2.33341e-05
     outer loop
       vertex  1.58490e-01 -1.93341e-01  2.85088e-01
       vertex  1.19793e-01 -2.19430e-01  2.77740e-01
       vertex  1.45307e-01 -2.03435e-01  2.38641e-01
     endloop
  endfacet
  facet normal  5.24639e-04 -9.56574e-04  3.31677e-05
     outer loop
       vertex  1.20516e-01 -2.19034e-01  8.82782e-01
       vertex  1.41959e-01 -2.05786e-01  9.25697e-01
       vertex  9.72798e-02 -2.30297e-01  9.25501e-01
     endloop
  endfacet
  facet normal  0.00000e+00  1.25000e-03  0.00000e+00
     outer loop
       vertex -1.00000e-01  3.71545e-01  7.50000e-01
       vertex -5.00000e-02  3.71545e-01  7.37500e-01
       vertex -1.00000e-01  3.71545e-01  7.00000e-01
     endloop
  endfacet
  facet normal  1.19419e-03  5.24146e-05  3.60185e-05
     outer loop
       vertex  2.49634e-01 -1.35172e-02  3.46822e-01
       vertex  2.49538e-01  1.51918e-02  3.08237e-01
       vertex  2.46949e-01  3.89375e-02  3.59516e-01
     endloop
  endfacet
  facet normal  4.07283e-04 -9.54316e-04 -2.95738e-05
     outer loop
       vertex  1.19793e-01 -2.19430e-01  2.77740e-01
       vertex  9.59335e-02 -2.30861e-01  3.18008e-01
       vertex  7.45532e-02 -2.38625e-01  2.74098e-01
     endloop
  endfacet
  facet normal  6.99642e-04 -7.94367e-04 -2.59483e-05
     outer loop
       vertex  1.58490e-01 -1.93341e-01  2.85088e-01
       vertex  1.45307e-01 -2.03435e-01  2.38641e-01
       vertex  1.81967e-01 -1.71429e-01  2.47289e-01
     endloop
  endfacet
  facet normal  7.52650e-04 -5.21811e-04  2.05567e-05
     outer loop
       vertex  1.92005e-01 -1.60106e-01  2.91342e-01
       vertex  2.09206e-01 -1.36868e-01  2.51442e-01
       vertex  2.17477e-01 -1.23304e-01  2.92931e-01
     endloop
  endfacet
  facet normal  9.37885e-04 -2.90435e-04 -2.10329e-05
     outer loop
       vertex  2.44288e-01 -5.31356e-02  2.59505e-01
       vertex  2.37266e-01 -7.87705e-02  3.00374e-01
       vertex  2.31047e-01 -9.54851e-02  2.53849e-01
     endloop
  endfacet
  facet normal  0.00000e+00  1.22046e-03  0.00000e+00
     outer loop
       vertex -1.00000e-01  3.71545e-01  1.55000e+00
       vertex -5.11817e-02  3.71545e-01  1.53261e+00
       vertex -1.00000e-01  3.71545e-01  1.50000e+00
     endloop
  endfacet
  facet normal  5.44396e-04 -9.49361e-04 -3.31316e-05
     outer loop
       vertex  1.45307e-01 -2.03435e-01  2.38641e-01
       vertex  1.19793e-01 -2.19430e-01  2.77740e-01
       vertex  1.00597e-01 -2.28867e-01  2.32737e-01
     endloop
  endfacet
  facet normal  4.14720e-04 -9.83000e-04  2.92354e-05
     outer loop
       vertex  1.19793e-01 -2.19430e-01  2.77740e-01
       vertex  7.45532e-02 -2.38625e-01  2.74098e-01
       vertex  1.00597e-01 -2.28867e-01  2.32737e-01
     endloop
  endfacet
  facet normal  9.85228e-04 -2.29517e-04  2.53124e-05
     outer loop
       vertex  2.47797e-01 -3.31152e-02  3.04454e-01
       vertex  2.37266e-01 -7.87705e-02  3.00374e-01
       vertex  2.44288e-01 -5.31356e-02  2.59505e-01
     endloop
  endfacet
  facet normal  0.00000e+00  1.56303e-03  0.00000e+00
     outer loop
       vertex  5.00000e-02  3.71545e-01  2.00000e+00
       vertex  1.00000e-01  3.71545e-01  1.95000e+00
       vertex  3.57203e-02  3.71545e-01  1.95176e+00
     endloop
  endfacet
  facet normal  8.42145e-04 -4.43123e-04 -2.30096e-05
     outer loop
       vertex  2.17477e-01 -1.23304e-01  2.92931e-01
       vertex  2.09206e-01 -1.36868e-01  2.51442e-01
       vertex  2.31047e-01 -9.54851e-02  2.53849e-01
     endloop
  endfacet
  facet normal  4.21412e-04 -9.59585e-04 -3.05131e-05
     outer loop
       vertex  7.73487e-02 -2.37733e-01  7.97020e-01
       vertex  1.22779e-01 -2.17773e-01  7.96745e-01
       vertex  9.92006e-02 -2.29476e-01  8.39132e-01
     endloop
  endfacet
  facet normal  0.00000e+00  1.25000e-03  0.00000e+00
     outer loop
       vertex -1.00000e-01  3.71545e-01  4.50000e-01
       vertex -5.00000e-02  3.71545e-01  4.37500e-01
       vertex -1.00000e-01  3.71545e-01  4.00000e-01
     endloop
  endfacet
  facet normal  0.00000e+00  1.25000e-03  0.00000e+00
     outer loop
       vertex -1.00000e-01  3.71545e-01  1.40000e+00
       vertex -5.00000e-02  3.71545e-01  1.38750e+00
       vertex -1.00000e-01  3.71545e-01  1.35000e+00
     endloop
  endfacet
  facet normal  2.44296e-04 -1.03220e-03  2.70052e-05
     outer loop
       vertex  6.51160e-02 -2.41371e-01  3.55757e-01
       vertex  8.20155e-02 -2.36164e-01  4.01896e-01
       vertex  3.44990e-02 -2.47608e-01  3.94322e-01
     endloop
  endfacet
  facet normal  4.30510e-04 -9.79452e-04  3.06212e-05
     outer loop
       vertex  1.00421e-01 -2.28945e-01  7.53762e-01
       vertex  1.22779e-01 -2.17773e-01  7.96745e-01
       vertex  7.73487e-02 -2.37733e-01  7.97020e-01
     endloop
  endfacet
  facet normal  7.48141e-04  1.23326e-03 -6.05559e-05
     outer loop
       vertex  1.29955e-01  2.13569e-01  1.95320e+00
       vertex  1.53619e-01  1.97234e-01  1.91288e+00
       vertex  1.00000e-01  2.29129e-01  1.90000e+00
     endloop
  endfacet
  facet normal  7.37732e-04 -5.79120e-04 -1.92516e-05
     outer loop
       vertex  1.92005e-01 -1.60106e-01  2.91342e-01
       vertex  1.81967e-01 -1.71429e-01  2.47289e-01
       vertex  2.09206e-01 -1.36868e-01  2.51442e-01
     endloop
  endfacet
  facet normal  6.28881e-04 -1.11102e-03 -4.53853e-05
     outer loop
       vertex  1.45540e-01 -2.03268e-01  6.68008e-01
       vertex  1.19321e-01 -2.19687e-01  7.06632e-01
       vertex  9.59811e-02 -2.30841e-01  6.56267e-01
     endloop
  endfacet
  facet normal  0.00000e+00  1.38523e-03  0.00000e+00
     outer loop
       vertex -1.00000e-01  3.71545e-01  1.25000e+00
       vertex -4.45907e-02  3.71545e-01  1.24116e+00
       vertex -1.00000e-01  3.71545e-01  1.20000e+00
     endloop
  endfacet
  facet normal  0.00000e+00  1.30393e-03  0.00000e+00
     outer loop
       vertex -1.00000e-01  3.71545e-01  3.00000e-01
       vertex -4.78426e-02  3.71545e-01  2.63769e-01
       vertex -1.00000e-01  3.71545e-01  2.50000e-01
     endloop
  endfacet
  facet normal  0.00000e+00  1.09375e-03  0.00000e+00
     outer loop
       vertex -1.00000e-01  3.71545e-01  1.90000e+00
       vertex -5.62500e-02  3.71545e-01  1.89062e+00
       vertex -1.00000e-01  3.71545e-01  1.85000e+00
     endloop
  endfacet
  facet normal  7.08244e-04  8.56429e-04 -3.14217e-05
     outer loop
       vertex  1.63310e-01  1.89288e-01  4.74358e-01
       vertex  1.78355e-01  1.75184e-01  4.29066e-01
       vertex  1.39389e-01  2.07535e-01  4.32522e-01
     endloop
  endfacet
  facet normal -5.26826e-04  9.14934e-04  5.22261e-05
     outer loop
       vertex -1.00000e-01  2.29129e-01  1.55000e+00
       vertex -1.34851e-01  2.10512e-01  1.52459e+00
       vertex -1.52558e-01  1.98056e-01  1.56419e+00
     endloop
  endfacet
  facet normal  6.28312e-04 -8.81329e-04  3.30799e-05
     outer loop
       vertex  1.24443e-01 -2.16827e-01  6.18746e-01
       vertex  1.47954e-01 -2.01518e-01  5.80046e-01
       vertex  1.65912e-01 -1.87011e-01  6.25459e-01
     endloop
  endfacet
  facet normal  9.28979e-04 -1.14525e-04 -2.15146e-05
     outer loop
       vertex  2.44288e-01 -5.31356e-02  2.59505e-01
       vertex  2.49828e-01 -9.26428e-03  2.65199e-01
       vertex  2.47797e-01 -3.31152e-02  3.04454e-01
     endloop
  endfacet
  facet normal  5.26337e-04  7.29052e-04  1.70326e-05
     outer loop
       vertex  1.28314e-01  2.14559e-01  4.74107e-01
       vertex  1.63310e-01  1.89288e-01  4.74358e-01
       vertex  1.39389e-01  2.07535e-01  4.32522e-01
     endloop
  endfacet
  facet normal  9.93258e-04 -3.80124e-05  2.82997e-05
     outer loop
       vertex  2.49538e-01  1.51918e-02  3.08237e-01
       vertex  2.47797e-01 -3.31152e-02  3.04454e-01
       vertex  2.49828e-01 -9.26428e-03  2.65199e-01
     endloop
  endfacet
  facet normal  0.00000e+00  1.30477e-03  0.00000e+00
     outer loop
       vertex -1.00000e-01  3.71545e-01  1.10000e+00
       vertex -4.78092e-02  3.71545e-01  1.08596e+00
       vertex -1.00000e-01  3.71545e-01  1.05000e+00
     endloop
  endfacet
  facet normal  8.42412e-04 -4.46055e-04  2.49742e-05
     outer loop
       vertex  2.31047e-01 -9.54851e-02  2.53849e-01
       vertex  2.09206e-01 -1.36868e-01  2.51442e-01
       vertex  2.22871e-01 -1.13263e-01  2.12102e-01
     endloop
  endfacet
  facet normal  0.00000e+00  1.25000e-03  0.00000e+00
     outer loop
       vertex -1.00000e-01  3.71545e-01  1.00000e-01
       vertex -5.00000e-02  3.71545e-01  7.50000e-02
       vertex -1.00000e-01  3.71545e-01  5.00000e-02
     endloop
  endfacet
  facet normal  0.00000e+00  1.25000e-03  0.00000e+00
     outer loop
       vertex -1.00000e-01  3.71545e-01  1.50000e-01
       vertex -5.00000e-02  3.71545e-01  1.25000e-01
       vertex -1.00000e-01  3.71545e-01  1.00000e-01
     endloop
  endfacet
  facet normal  6.70908e-04 -5.31245e-04  2.06203e-05
     outer loop
       vertex  2.09206e-01 -1.36868e-01  2.51442e-01
       vertex  1.81967e-01 -1.71429e-01  2.47289e-01
       vertex  1.98833e-01 -1.51543e-01  2.10854e-01
     endloop
  endfacet
  facet normal  8.71344e-04 -2.75249e-04  2.10396e-05
     outer loop
       vertex  2.31047e-01 -9.54851e-02  2.53849e-01
       vertex  2.39873e-01 -7.04325e-02  2.16045e-01
       vertex  2.44288e-01 -5.31356e-02  2.59505e-01
     endloop
  endfacet
  facet normal  0.00000e+00  1.30483e-03  0.00000e+00
     outer loop
       vertex -1.00000e-01  3.71545e-01  9.50000e-01
       vertex -4.78069e-02  3.71545e-01  9.34446e-01
       vertex -1.00000e-01  3.71545e-01  9.00000e-01
     endloop
  endfacet
  facet normal -3.23708e-04 -1.05904e-03  2.97914e-05
     outer loop
       vertex -4.91879e-02 -2.45113e-01  1.52804e+00
       vertex -9.62780e-02 -2.30717e-01  1.52812e+00
       vertex -7.46431e-02 -2.38597e-01  1.48310e+00
     endloop
  endfacet
  facet normal -1.09027e-04 -1.09391e-03  2.98316e-05
     outer loop
       vertex -1.98400e-04 -2.50000e-01  1.52789e+00
       vertex -4.91879e-02 -2.45113e-01  1.52804e+00
       vertex -2.60354e-02 -2.48641e-01  1.48331e+00
     endloop
  endfacet
  facet normal  0.00000e+00  1.25000e-03  0.00000e+00
     outer loop
       vertex -1.00000e-01  3.71545e-01  2.00000e-01
       vertex -5.00000e-02  3.71545e-01  1.81250e-01
       vertex -1.00000e-01  3.71545e-01  1.50000e-01
     endloop
  endfacet
  facet normal  1.07644e-04 -1.09577e-03  2.98223e-05
     outer loop
       vertex  4.87787e-02 -2.45195e-01  1.52765e+00
       vertex -1.98400e-04 -2.50000e-01  1.52789e+00
       vertex  2.34438e-02 -2.48898e-01  1.48303e+00
     endloop
  endfacet
  facet normal  8.58968e-04 -3.38779e-04 -2.39515e-05
     outer loop
       vertex  2.31047e-01 -9.54851e-02  2.53849e-01
       vertex  2.22871e-01 -1.13263e-01  2.12102e-01
       vertex  2.39873e-01 -7.04325e-02  2.16045e-01
     endloop
  endfacet
  facet normal -5.26551e-04 -9.77877e-04  2.97079e-05
     outer loop
       vertex -9.62780e-02 -2.30717e-01  1.52812e+00
       vertex -1.39624e-01 -2.07377e-01  1.52813e+00
       vertex -1.20275e-01 -2.19167e-01  1.48300e+00
     endloop
  endfacet
  facet normal  7.67703e-04 -4.81352e-04 -2.21561e-05
     outer loop
       vertex  2.22871e-01 -1.13263e-01  2.12102e-01
       vertex  2.09206e-01 -1.36868e-01  2.51442e-01
       vertex  1.98833e-01 -1.51543e-01  2.10854e-01
     endloop
  endfacet
  facet normal  4.47987e-04 -5.20135e-04  2.59235e-05
     outer loop
       vertex  1.81967e-01 -1.71429e-01  2.47289e-01
       vertex  1.45307e-01 -2.03435e-01  2.38641e-01
       vertex  1.70211e-01 -1.83107e-01  2.16140e-01
     endloop
  endfacet
  facet normal  0.00000e+00  1.22046e-03  0.00000e+00
     outer loop
       vertex -1.00000e-01  3.71545e-01  8.00000e-01
       vertex -5.11817e-02  3.71545e-01  7.82538e-01
       vertex -1.00000e-01  3.71545e-01  7.50000e-01
     endloop
  endfacet
  facet normal -0.00000e+00  1.23039e-03  0.00000e+00
     outer loop
       vertex -1.00000e-01  3.71545e-01  1.95000e+00
       vertex -5.00000e-02  3.71545e-01  2.00000e+00
       vertex -6.43914e-02  3.71545e-01  1.93639e+00
     endloop
  endfacet
  facet normal  0.00000e+00  1.25000e-03  0.00000e+00
     outer loop
       vertex -1.00000e-01  3.71545e-01  1.30000e+00
       vertex -5.00000e-02  3.71545e-01  1.28750e+00
       vertex -1.00000e-01  3.71545e-01  1.25000e+00
     endloop
  endfacet
  facet normal  8.32420e-04 -5.23448e-04  2.25762e-05
     outer loop
       vertex  2.22871e-01 -1.13263e-01  2.12102e-01
       vertex  1.98833e-01 -1.51543e-01  2.10854e-01
       vertex  2.13570e-01 -1.29953e-01  1.68067e-01
     endloop
  endfacet
  facet normal  8.83517e-04 -4.28934e-04 -2.40391e-05
     outer loop
       vertex  2.22871e-01 -1.13263e-01  2.12102e-01
       vertex  2.13570e-01 -1.29953e-01  1.68067e-01
       vertex  2.33856e-01 -8.83811e-02  1.71876e-01
     endloop
  endfacet
  facet normal  0.00000e+00  1.25000e-03  0.00000e+00
     outer loop
       vertex -1.00000e-01  3.71545e-01  1.75000e+00
       vertex -5.00000e-02  3.71545e-01  1.73750e+00
       vertex -1.00000e-01  3.71545e-01  1.70000e+00
     endloop
  endfacet
  facet normal  8.23902e-04 -6.32671e-04 -3.54711e-05
     outer loop
       vertex  2.13570e-01 -1.29953e-01  1.68067e-01
       vertex  1.98833e-01 -1.51543e-01  2.10854e-01
       vertex  1.81991e-01 -1.71404e-01  1.73892e-01
     endloop
  endfacet
  facet normal  8.82577e-04 -1.14134e-04  2.06295e-05
     outer loop
       vertex  2.44288e-01 -5.31356e-02  2.59505e-01
       vertex  2.48588e-01 -2.65297e-02  2.22723e-01
       vertex  2.49828e-01 -9.26428e-03  2.65199e-01
     endloop
  endfacet
  facet normal  6.47031e-04  8.74783e-04  6.60379e-06
     outer loop
       vertex  1.32298e-01  2.12126e-01  6.11286e-01
       vertex  1.64800e-01  1.87992e-01  6.23691e-01
       vertex  1.61362e-01  1.90951e-01  5.68550e-01
     endloop
  endfacet
  facet normal  0.00000e+00  1.25000e-03  0.00000e+00
     outer loop
       vertex -1.00000e-01  3.71545e-01  6.50000e-01
       vertex -5.00000e-02  3.71545e-01  6.37500e-01
       vertex -1.00000e-01  3.71545e-01  6.00000e-01
     endloop
  endfacet
  facet normal -7.09956e-04 -8.58119e-04  2.95746e-05
     outer loop
       vertex -1.39624e-01 -2.07377e-01  1.52813e+00
       vertex -1.77541e-01 -1.76010e-01  1.52806e+00
       vertex -1.61214e-01 -1.91076e-01  1.48282e+00
     endloop
  endfacet
  facet normal  5.22465e-04 -4.76856e-04 -1.84105e-05
     outer loop
       vertex  1.81967e-01 -1.71429e-01  2.47289e-01
       vertex  1.70211e-01 -1.83107e-01  2.16140e-01
       vertex  1.98833e-01 -1.51543e-01  2.10854e-01
     endloop
  endfacet
  facet normal  4.23454e-04 -8.62608e-04  2.30526e-05
     outer loop
       vertex  9.02986e-02 -2.33123e-01  5.26689e-01
       vertex  1.13886e-01 -2.22553e-01  4.88906e-01
       vertex  1.30997e-01 -2.12931e-01  5.34638e-01
     endloop
  endfacet
  facet normal  9.10495e-04 -3.63623e-04  2.37269e-05
     outer loop
       vertex  2.22871e-01 -1.13263e-01  2.12102e-01
       vertex  2.33856e-01 -8.83811e-02  1.71876e-01
       vertex  2.39873e-01 -7.04325e-02  2.16045e-01
     endloop
  endfacet
  facet normal  8.37550e-04 -4.10947e-04  2.44547e-05
     outer loop
       vertex  2.33856e-01 -8.83811e-02  1.71876e-01
       vertex  2.13570e-01 -1.29953e-01  1.68067e-01
       vertex  2.25858e-01 -1.07182e-01  1.29860e-01
     endloop
  endfacet
  facet normal  0.00000e+00  1.25000e-03  0.00000e+00
     outer loop
       vertex -1.00000e-01  3.71545e-01  1.45000e+00
       vertex -5.00000e-02  3.71545e-01  1.43750e+00
       vertex -1.00000e-01  3.71545e-01  1.40000e+00
     endloop
  endfacet
  facet normal  8.96257e-04 -1.74636e-04 -2.15344e-05
     outer loop
       vertex  2.39873e-01 -7.04325e-02  2.16045e-01
       vertex  2.48588e-01 -2.65297e-02  2.22723e-01
       vertex  2.44288e-01 -5.31356e-02  2.59505e-01
     endloop
  endfacet
  facet normal  2.62752e-04 -7.99088e-04  2.06404e-05
     outer loop
       vertex  8.20155e-02 -2.36164e-01  4.01896e-01
       vertex  9.92320e-02 -2.29462e-01  4.42182e-01
       vertex  5.75749e-02 -2.43280e-01  4.37534e-01
     endloop
  endfacet
  facet normal  1.01546e-03  6.51620e-05 -3.01784e-05
     outer loop
       vertex  2.46775e-01  4.00246e-02  2.68895e-01
       vertex  2.49538e-01  1.51918e-02  3.08237e-01
       vertex  2.49828e-01 -9.26428e-03  2.65199e-01
     endloop
  endfacet
  facet normal  6.14507e-04  8.23809e-04 -7.34865e-06
     outer loop
       vertex  1.36625e-01  2.09365e-01  6.63629e-01
       vertex  1.64800e-01  1.87992e-01  6.23691e-01
       vertex  1.32298e-01  2.12126e-01  6.11286e-01
     endloop
  endfacet
  facet normal  9.32894e-04 -7.05740e-04  3.54504e-05
     outer loop
       vertex  2.13570e-01 -1.29953e-01  1.68067e-01
       vertex  1.81991e-01 -1.71404e-01  1.73892e-01
       vertex  1.98479e-01 -1.52006e-01  1.26154e-01
     endloop
  endfacet
  facet normal -1.06596e-03 -3.14716e-04  2.99533e-05
     outer loop
       vertex -2.45587e-01 -4.67652e-02  1.52693e+00
       vertex -2.40609e-01 -6.78764e-02  1.48227e+00
       vertex -2.31552e-01 -9.42528e-02  1.52745e+00
     endloop
  endfacet
  facet normal  0.00000e+00  1.22046e-03  0.00000e+00
     outer loop
       vertex -1.00000e-01  3.71545e-01  5.00000e-01
       vertex -5.11817e-02  3.71545e-01  4.82538e-01
       vertex -1.00000e-01  3.71545e-01  4.50000e-01
     endloop
  endfacet
  facet normal  8.98501e-04 -5.45809e-04 -3.63170e-05
     outer loop
       vertex  2.25858e-01 -1.07182e-01  1.29860e-01
       vertex  2.13570e-01 -1.29953e-01  1.68067e-01
       vertex  1.98479e-01 -1.52006e-01  1.26154e-01
     endloop
  endfacet
  facet normal  9.80432e-04 -2.64158e-04 -2.62200e-05
     outer loop
       vertex  2.39873e-01 -7.04325e-02  2.16045e-01
       vertex  2.33856e-01 -8.83811e-02  1.71876e-01
       vertex  2.46409e-01 -4.22236e-02  1.76213e-01
     endloop
  endfacet
  facet normal -4.60456e-04  8.21909e-04 -3.80292e-05
     outer loop
       vertex -1.46750e-01  2.02397e-01  7.88300e-01
       vertex -1.28052e-01  2.14715e-01  8.28141e-01
       vertex -1.00000e-01  2.29129e-01  8.00000e-01
     endloop
  endfacet
  facet normal  3.44600e-04 -8.49597e-04  1.75540e-05
     outer loop
       vertex  9.92320e-02 -2.29462e-01  4.42182e-01
       vertex  1.13886e-01 -2.22553e-01  4.88906e-01
       vertex  7.50435e-02 -2.38471e-01  4.81012e-01
     endloop
  endfacet
  facet normal  6.35828e-04 -5.73486e-04  1.84246e-05
     outer loop
       vertex  1.81991e-01 -1.71404e-01  1.73892e-01
       vertex  1.98833e-01 -1.51543e-01  2.10854e-01
       vertex  1.70211e-01 -1.83107e-01  2.16140e-01
     endloop
  endfacet
  facet normal  9.22253e-04 -3.30310e-04 -2.77510e-05
     outer loop
       vertex  2.42285e-01 -6.16288e-02  1.33556e-01
       vertex  2.33856e-01 -8.83811e-02  1.71876e-01
       vertex  2.25858e-01 -1.07182e-01  1.29860e-01
     endloop
  endfacet
  facet normal -9.78780e-04 -5.15852e-04  2.96358e-05
     outer loop
       vertex -2.08574e-01 -1.37830e-01  1.52784e+00
       vertex -2.31552e-01 -9.42528e-02  1.52745e+00
       vertex -2.22330e-01 -1.14321e-01  1.48271e+00
     endloop
  endfacet
  facet normal  9.42398e-04 -2.58780e-04  2.66169e-05
     outer loop
       vertex  2.46409e-01 -4.22236e-02  1.76213e-01
       vertex  2.33856e-01 -8.83811e-02  1.71876e-01
       vertex  2.42285e-01 -6.16288e-02  1.33556e-01
     endloop
  endfacet
  facet normal  9.84824e-04 -6.66012e-06 -2.60413e-05
     outer loop
       vertex  2.49828e-01 -9.26428e-03  2.65199e-01
       vertex  2.48588e-01 -2.65297e-02  2.22723e-01
       vertex  2.49045e-01  2.18320e-02  2.27620e-01
     endloop
  endfacet
  facet normal  0.00000e+00  1.38523e-03  0.00000e+00
     outer loop
       vertex -1.00000e-01  3.71545e-01  3.50000e-01
       vertex -4.45907e-02  3.71545e-01  3.41164e-01
       vertex -1.00000e-01  3.71545e-01  3.00000e-01
     endloop
  endfacet
  facet normal  9.68550e-04 -1.95386e-04  2.05353e-05
     outer loop
       vertex  2.39873e-01 -7.04325e-02  2.16045e-01
       vertex  2.46409e-01 -4.22236e-02  1.76213e-01
       vertex  2.48588e-01 -2.65297e-02  2.22723e-01
     endloop
  endfacet
  facet normal  5.79562e-04 -1.02332e-03  1.91678e-05
     outer loop
       vertex  1.38128e-01 -2.08376e-01  1.91917e-01
       vertex  1.45307e-01 -2.03435e-01  2.38641e-01
       vertex  1.00597e-01 -2.28867e-01  2.32737e-01
     endloop
  endfacet
  facet normal  2.30871e-04 -9.39254e-04 -2.92102e-05
     outer loop
       vertex  8.20155e-02 -2.36164e-01  4.01896e-01
       vertex  5.75749e-02 -2.43280e-01  4.37534e-01
       vertex  3.44990e-02 -2.47608e-01  3.94322e-01
     endloop
  endfacet
  facet normal  2.81988e-04 -9.25100e-04 -2.73551e-05
     outer loop
       vertex  4.85833e-02 -2.45234e-01  3.15970e-01
       vertex  9.59335e-02 -2.30861e-01  3.18008e-01
       vertex  6.51160e-02 -2.41371e-01  3.55757e-01
     endloop
  endfacet
  facet normal  0.00000e+00  1.25000e-03  0.00000e+00
     outer loop
       vertex -1.00000e-01  3.71545e-01  4.00000e-01
       vertex -5.00000e-02  3.71545e-01  3.87500e-01
       vertex -1.00000e-01  3.71545e-01  3.50000e-01
     endloop
  endfacet
  facet normal  9.83574e-04  5.88123e-05  2.81628e-05
     outer loop
       vertex  2.49828e-01 -9.26428e-03  2.65199e-01
       vertex  2.49045e-01  2.18320e-02  2.27620e-01
       vertex  2.46775e-01  4.00246e-02  2.68895e-01
     endloop
  endfacet
  facet normal  5.16753e-04 -8.77159e-04  2.74966e-05
     outer loop
       vertex  1.06478e-01 -2.26191e-01  5.72437e-01
       vertex  1.30997e-01 -2.12931e-01  5.34638e-01
       vertex  1.47954e-01 -2.01518e-01  5.80046e-01
     endloop
  endfacet
  facet normal  3.07646e-04 -1.01778e-03  3.01627e-05
     outer loop
       vertex  7.45532e-02 -2.38625e-01  2.74098e-01
       vertex  9.59335e-02 -2.30861e-01  3.18008e-01
       vertex  4.85833e-02 -2.45234e-01  3.15970e-01
     endloop
  endfacet
  facet normal -3.67001e-04  6.98644e-04  1.03052e-05
     outer loop
       vertex -1.00000e-01  2.29129e-01  8.50000e-01
       vertex -1.28052e-01  2.14715e-01  8.28141e-01
       vertex -1.35044e-01  2.10388e-01  8.72504e-01
     endloop
  endfacet
  facet normal -0.00000e+00  0.00000e+00 -1.46949e-03
     outer loop
       vertex  5.00000e-02  3.71545e-01  0.00000e+00
       vertex  1.63557e-02  3.12766e-01  0.00000e+00
       vertex  0.00000e+00  3.71545e-01  0.00000e+00
     endloop
  endfacet
  facet normal -5.67954e-04  1.02331e-03  2.63953e-05
     outer loop
       vertex -1.00000e-01  2.29129e-01  9.00000e-01
       vertex -1.35044e-01  2.10388e-01  8.72504e-01
       vertex -1.45540e-01  2.03269e-01  9.22671e-01
     endloop
  endfacet
  facet normal  2.10751e-04 -1.07405e-03 -3.05199e-05
     outer loop
       vertex  2.34438e-02 -2.48898e-01  1.48303e+00
       vertex  7.21041e-02 -2.39376e-01  1.48395e+00
       vertex  4.87787e-02 -2.45195e-01  1.52765e+00
     endloop
  endfacet
  facet normal  0.00000e+00  1.25000e-03  0.00000e+00
     outer loop
       vertex -1.00000e-01  3.71545e-01  7.00000e-01
       vertex -5.00000e-02  3.71545e-01  6.87500e-01
       vertex -1.00000e-01  3.71545e-01  6.50000e-01
     endloop
  endfacet
  facet normal  9.82797e-04 -7.69220e-05 -2.01058e-05
     outer loop
       vertex  2.48588e-01 -2.65297e-02  2.22723e-01
       vertex  2.46409e-01 -4.22236e-02  1.76213e-01
       vertex  2.49992e-01  2.02186e-03  1.82092e-01
     endloop
  endfacet
  facet normal -0.00000e+00  0.00000e+00 -1.13991e-03
     outer loop
       vertex  0.00000e+00  3.71545e-01  0.00000e+00
       vertex -3.56721e-02  3.25949e-01  0.00000e+00
       vertex -5.00000e-02  3.71545e-01  0.00000e+00
     endloop
  endfacet
  facet normal  1.61667e-04 -9.78190e-04 -2.98585e-05
     outer loop
       vertex  6.51160e-02 -2.41371e-01  3.55757e-01
       vertex  3.44990e-02 -2.47608e-01  3.94322e-01
       vertex  1.55650e-02 -2.49515e-01  3.54274e-01
     endloop
  endfacet
  facet normal  9.79524e-04 -1.50087e-04 -2.64177e-05
     outer loop
       vertex  2.49580e-01 -1.44884e-02  1.36227e-01
       vertex  2.46409e-01 -4.22236e-02  1.76213e-01
       vertex  2.42285e-01 -6.16288e-02  1.33556e-01
     endloop
  endfacet
  facet normal  1.05241e-03 -1.27112e-05  2.74195e-05
     outer loop
       vertex  2.49045e-01  2.18320e-02  2.27620e-01
       vertex  2.48588e-01 -2.65297e-02  2.22723e-01
       vertex  2.49992e-01  2.02186e-03  1.82092e-01
     endloop
  endfacet
  facet normal  9.78198e-04 -3.54959e-04  2.73996e-05
     outer loop
       vertex  2.42285e-01 -6.16288e-02  1.33556e-01
       vertex  2.25858e-01 -1.07182e-01  1.29860e-01
       vertex  2.36720e-01 -8.03979e-02  8.90856e-02
     endloop
  endfacet
  facet normal  0.00000e+00  8.90216e-04  0.00000e+00
     outer loop
       vertex -1.00000e-01  3.71545e-01  1.95000e+00
       vertex -6.43914e-02  3.71545e-01  1.93639e+00
       vertex -1.00000e-01  3.71545e-01  1.90000e+00
     endloop
  endfacet
  facet normal  0.00000e+00  1.24444e-03  0.00000e+00
     outer loop
       vertex -1.00000e-01  3.71545e-01  1.65000e+00
       vertex -5.02225e-02  3.71545e-01  1.63323e+00
       vertex -1.00000e-01  3.71545e-01  1.60000e+00
     endloop
  endfacet
  facet normal  0.00000e+00  0.00000e+00 -8.73420e-04
     outer loop
       vertex  1.00000e-01  2.76601e-01  0.00000e+00
       vertex  6.32028e-02  3.10670e-01  0.00000e+00
       vertex  1.00000e-01  3.24073e-01  0.00000e+00
     endloop
  endfacet
  facet normal  9.66120e-04 -8.09618e-05  2.04658e-05
     outer loop
       vertex  2.49992e-01  2.02186e-03  1.82092e-01
       vertex  2.46409e-01 -4.22236e-02  1.76213e-01
       vertex  2.49580e-01 -1.44884e-02  1.36227e-01
     endloop
  endfacet
  facet normal  8.71064e-04 -5.34888e-04  3.43018e-05
     outer loop
       vertex  2.16520e-01 -1.24977e-01  8.95225e-02
       vertex  2.25858e-01 -1.07182e-01  1.29860e-01
       vertex  1.98479e-01 -1.52006e-01  1.26154e-01
     endloop
  endfacet
  facet normal  5.30487e-04 -6.62566e-04 -1.14409e-05
     outer loop
       vertex  1.70211e-01 -1.83107e-01  2.16140e-01
       vertex  1.45307e-01 -2.03435e-01  2.38641e-01
       vertex  1.38128e-01 -2.08376e-01  1.91917e-01
     endloop
  endfacet
  facet normal  5.01399e-04 -9.37496e-04  3.04672e-05
     outer loop
       vertex  1.18194e-01 -2.20296e-01  1.31107e+00
       vertex  1.39169e-01 -2.07683e-01  1.35400e+00
       vertex  9.54832e-02 -2.31048e-01  1.35398e+00
     endloop
  endfacet
  facet normal -6.00048e-04  1.08093e-03  2.20162e-05
     outer loop
       vertex -1.39259e-01  2.07622e-01  7.35920e-01
       vertex -1.46750e-01  2.02397e-01  7.88300e-01
       vertex -1.00000e-01  2.29129e-01  7.50000e-01
     endloop
  endfacet
  facet normal  9.50126e-04  3.51425e-05 -2.11856e-05
     outer loop
       vertex  2.49992e-01  2.02186e-03  1.82092e-01
       vertex  2.49580e-01 -1.44884e-02  1.36227e-01
       vertex  2.48136e-01  3.04757e-02  1.46040e-01
     endloop
  endfacet
  facet normal  9.76811e-04 -1.52654e-04  2.63016e-05
     outer loop
       vertex  2.42285e-01 -6.16288e-02  1.33556e-01
       vertex  2.47685e-01 -3.39445e-02  9.36822e-02
       vertex  2.49580e-01 -1.44884e-02  1.36227e-01
     endloop
  endfacet
  facet normal  9.02985e-04 -4.09446e-04 -2.84280e-05
     outer loop
       vertex  2.36720e-01 -8.03979e-02  8.90856e-02
       vertex  2.25858e-01 -1.07182e-01  1.29860e-01
       vertex  2.16520e-01 -1.24977e-01  8.95225e-02
     endloop
  endfacet
  facet normal  9.89762e-04 -2.31023e-04 -2.63556e-05
     outer loop
       vertex  2.42285e-01 -6.16288e-02  1.33556e-01
       vertex  2.36720e-01 -8.03979e-02  8.90856e-02
       vertex  2.47685e-01 -3.39445e-02  9.36822e-02
     endloop
  endfacet
  facet normal  2.89201e-04 -8.64982e-04 -2.05254e-05
     outer loop
       vertex  9.92320e-02 -2.29462e-01  4.42182e-01
       vertex  7.50435e-02 -2.38471e-01  4.81012e-01
       vertex  5.75749e-02 -2.43280e-01  4.37534e-01
     endloop
  endfacet
  facet normal  1.18890e-03  1.94222e-04 -2.99157e-05
     outer loop
       vertex  2.46949e-01  3.89375e-02  3.59516e-01
       vertex  2.49538e-01  1.51918e-02  3.08237e-01
       vertex  2.41717e-01  6.38209e-02  3.13116e-01
     endloop
  endfacet
  facet normal -1.12318e-03 -9.87099e-05  3.12983e-05
     outer loop
       vertex -2.45587e-01 -4.67652e-02  1.52693e+00
       vertex -2.49980e-01  3.13418e-03  1.52665e+00
       vertex -2.49206e-01 -1.99126e-02  1.48176e+00
     endloop
  endfacet
  facet normal -1.73472e-18  1.25000e-03 -6.93889e-18
     outer loop
       vertex -1.00000e-01  3.71545e-01  0.00000e+00
       vertex -1.00000e-01  3.71545e-01  5.00000e-02
       vertex -5.00000e-02  3.71545e-01  3.75000e-02
     endloop
  endfacet
  facet normal  6.87020e-04  2.14397e-04 -7.00952e-06
     outer loop
       vertex  2.43707e-01  5.57405e-02  4.30875e-01
       vertex  2.32180e-01  9.26963e-02  4.31422e-01
       vertex  2.42436e-01  6.10299e-02  4.68134e-01
     endloop
  endfacet
  facet normal -8.66432e-04 -7.04084e-04  2.96160e-05
     outer loop
       vertex -1.77541e-01 -1.76010e-01  1.52806e+00
       vertex -2.08574e-01 -1.37830e-01  1.52784e+00
       vertex -1.95362e-01 -1.55992e-01  1.48256e+00
     endloop
  endfacet
  facet normal  3.42430e-04 -8.26896e-04 -1.75396e-05
     outer loop
       vertex  7.50435e-02 -2.38471e-01  4.81012e-01
       vertex  1.13886e-01 -2.22553e-01  4.88906e-01
       vertex  9.02986e-02 -2.33123e-01  5.26689e-01
     endloop
  endfacet
  facet normal  6.75522e-04 -8.20384e-04 -3.89024e-05
     outer loop
       vertex  1.70211e-01 -1.83107e-01  2.16140e-01
       vertex  1.38128e-01 -2.08376e-01  1.91917e-01
       vertex  1.81991e-01 -1.71404e-01  1.73892e-01
     endloop
  endfacet
  facet normal -5.95121e-04  7.62741e-04 -3.02155e-05
     outer loop
       vertex -1.72708e-01  1.80754e-01  1.87310e+00
       vertex -1.51502e-01  1.98865e-01  1.91261e+00
       vertex -1.33582e-01  2.11319e-01  1.87406e+00
     endloop
  endfacet
  facet normal  9.69696e-04  5.42368e-04  3.31523e-05
     outer loop
       vertex  2.18030e-01  1.22323e-01  1.91334e+00
       vertex  2.04690e-01  1.43534e-01  1.95653e+00
       vertex  2.29541e-01  9.90494e-02  1.95739e+00
     endloop
  endfacet
  facet normal  0.00000e+00  1.25372e-03  0.00000e+00
     outer loop
       vertex -1.00000e-01  3.71545e-01  9.00000e-01
       vertex -4.98513e-02  3.71545e-01  8.82510e-01
       vertex -1.00000e-01  3.71545e-01  8.50000e-01
     endloop
  endfacet
  facet normal  7.81431e-04 -5.52170e-04 -2.25925e-05
     outer loop
       vertex  2.16520e-01 -1.24977e-01  8.95225e-02
       vertex  1.98479e-01 -1.52006e-01  1.26154e-01
       vertex  1.89180e-01 -1.63435e-01  8.38211e-02
     endloop
  endfacet
  facet normal  1.04047e-03 -2.48074e-04  2.50143e-05
     outer loop
       vertex  2.47685e-01 -3.39445e-02  9.36822e-02
       vertex  2.36720e-01 -8.03979e-02  8.90856e-02
       vertex  2.44793e-01 -5.07574e-02  4.72224e-02
     endloop
  endfacet
  facet normal  1.06742e-03  3.03489e-05  1.80453e-05
     outer loop
       vertex  2.49580e-01 -1.44884e-02  1.36227e-01
       vertex  2.49329e-01  1.83013e-02  9.59041e-02
       vertex  2.48136e-01  3.04757e-02  1.46040e-01
     endloop
  endfacet
  facet normal  6.00500e-04  8.47465e-04  1.63307e-05
     outer loop
       vertex  1.61362e-01  1.90951e-01  5.68550e-01
       vertex  1.37954e-01  2.08491e-01  5.19046e-01
       vertex  1.26782e-01  2.15467e-01  5.67828e-01
     endloop
  endfacet
  facet normal  1.08979e-03 -3.28756e-05 -3.35060e-05
     outer loop
       vertex  2.49580e-01 -1.44884e-02  1.36227e-01
       vertex  2.47685e-01 -3.39445e-02  9.36822e-02
       vertex  2.49329e-01  1.83013e-02  9.59041e-02
     endloop
  endfacet
  facet normal  4.05438e-04 -9.77548e-04  2.93679e-05
     outer loop
       vertex  7.27804e-02 -2.39172e-01  1.39699e+00
       vertex  9.54832e-02 -2.31048e-01  1.35398e+00
       vertex  1.17981e-01 -2.20410e-01  1.39748e+00
     endloop
  endfacet
  facet normal  0.00000e+00  1.39596e-03  0.00000e+00
     outer loop
       vertex -1.00000e-01  3.71545e-01  1.05000e+00
       vertex -4.41616e-02  3.71545e-01  1.03743e+00
       vertex -1.00000e-01  3.71545e-01  1.00000e+00
     endloop
  endfacet
  facet normal  9.88090e-04 -4.47466e-04  2.70348e-05
     outer loop
       vertex  2.36720e-01 -8.03979e-02  8.90856e-02
       vertex  2.16520e-01 -1.24977e-01  8.95225e-02
       vertex  2.30482e-01 -9.68400e-02  4.49172e-02
     endloop
  endfacet
  facet normal  1.01717e-03  1.60596e-04  2.99397e-05
     outer loop
       vertex  2.41717e-01  6.38209e-02  3.13116e-01
       vertex  2.49538e-01  1.51918e-02  3.08237e-01
       vertex  2.46775e-01  4.00246e-02  2.68895e-01
     endloop
  endfacet
  facet normal  6.66177e-04  1.06170e-04  7.64385e-06
     outer loop
       vertex  2.43707e-01  5.57405e-02  4.30875e-01
       vertex  2.42436e-01  6.10299e-02  4.68134e-01
       vertex  2.49092e-01  2.12874e-02  4.40077e-01
     endloop
  endfacet
  facet normal  9.98746e-04 -3.08858e-04 -2.60682e-05
     outer loop
       vertex  2.44793e-01 -5.07574e-02  4.72224e-02
       vertex  2.36720e-01 -8.03979e-02  8.90856e-02
       vertex  2.30482e-01 -9.68400e-02  4.49172e-02
     endloop
  endfacet
  facet normal  0.00000e+00  1.21663e-03  0.00000e+00
     outer loop
       vertex -1.00000e-01  3.71545e-01  1.60000e+00
       vertex -5.13349e-02  3.71545e-01  1.58111e+00
       vertex -1.00000e-01  3.71545e-01  1.55000e+00
     endloop
  endfacet
  facet normal  1.59148e-04 -9.73473e-04  2.83859e-05
     outer loop
       vertex  4.85833e-02 -2.45234e-01  3.15970e-01
       vertex  6.51160e-02 -2.41371e-01  3.55757e-01
       vertex  1.55650e-02 -2.49515e-01  3.54274e-01
     endloop
  endfacet
  facet normal -6.77361e-04  1.13942e-03  3.84000e-05
     outer loop
       vertex -1.45551e-01  2.03261e-01  6.14069e-01
       vertex -1.54737e-01  1.96358e-01  6.56852e-01
       vertex -1.00000e-01  2.29129e-01  6.50000e-01
     endloop
  endfacet
  facet normal  1.17756e-03  1.22773e-03 -6.62143e-05
     outer loop
       vertex  1.78355e-01  1.75184e-01  4.29066e-01
       vertex  1.95158e-01  1.56247e-01  3.76775e-01
       vertex  1.48071e-01  2.01433e-01  3.77179e-01
     endloop
  endfacet
  facet normal  1.37994e-04 -9.96430e-04  2.61146e-05
     outer loop
       vertex  3.44990e-02 -2.47608e-01  3.94322e-01
       vertex  5.75749e-02 -2.43280e-01  4.37534e-01
       vertex  1.09621e-02 -2.49760e-01  4.36608e-01
     endloop
  endfacet
  facet normal  1.17503e-03 -1.20519e-04 -2.95206e-05
     outer loop
       vertex  2.50000e-01 -6.58221e-05  4.75238e-02
       vertex  2.47685e-01 -3.39445e-02  9.36822e-02
       vertex  2.44793e-01 -5.07574e-02  4.72224e-02
     endloop
  endfacet
  facet normal  0.00000e+00  1.07066e-03  0.00000e+00
     outer loop
       vertex -1.00000e-01  3.71545e-01  2.50000e-01
       vertex -5.71737e-02  3.71545e-01  2.23220e-01
       vertex -1.00000e-01  3.71545e-01  2.00000e-01
     endloop
  endfacet
  facet normal  1.24343e-03 -4.05237e-05  3.26238e-05
     outer loop
       vertex  2.49329e-01  1.83013e-02  9.59041e-02
       vertex  2.47685e-01 -3.39445e-02  9.36822e-02
       vertex  2.50000e-01 -6.58221e-05  4.75238e-02
     endloop
  endfacet
  facet normal  7.54693e-04  4.93450e-04  2.34385e-05
     outer loop
       vertex  2.22880e-01  1.13244e-01  3.89493e-01
       vertex  2.17412e-01  1.23418e-01  3.51384e-01
       vertex  1.95158e-01  1.56247e-01  3.76775e-01
     endloop
  endfacet
  facet normal  0.00000e+00  1.24451e-03  0.00000e+00
     outer loop
       vertex -1.00000e-01  3.71545e-01  6.00000e-01
       vertex -5.02197e-02  3.71545e-01  5.83222e-01
       vertex -1.00000e-01  3.71545e-01  5.50000e-01
     endloop
  endfacet
  facet normal  8.21010e-04  3.23248e-04 -2.36732e-05
     outer loop
       vertex  2.39728e-01  7.09249e-02  3.95936e-01
       vertex  2.22880e-01  1.13244e-01  3.89493e-01
       vertex  2.32180e-01  9.26963e-02  4.31422e-01
     endloop
  endfacet
  facet normal  4.13338e-05 -1.04123e-03 -2.99672e-05
     outer loop
       vertex  3.44990e-02 -2.47608e-01  3.94322e-01
       vertex  1.09621e-02 -2.49760e-01  4.36608e-01
       vertex -1.47578e-02 -2.49564e-01  3.94339e-01
     endloop
  endfacet
  facet normal  0.00000e+00  0.00000e+00 -1.20851e-03
     outer loop
       vertex  6.32028e-02  3.10670e-01  0.00000e+00
       vertex  5.00000e-02  3.71545e-01  0.00000e+00
       vertex  1.00000e-01  3.24073e-01  0.00000e+00
     endloop
  endfacet
  facet normal  3.91807e-05 -9.86500e-04  2.84454e-05
     outer loop
       vertex  3.44990e-02 -2.47608e-01  3.94322e-01
       vertex -1.47578e-02 -2.49564e-01  3.94339e-01
       vertex  1.55650e-02 -2.49515e-01  3.54274e-01
     endloop
  endfacet
  facet normal  4.34303e-04 -8.66626e-04 -2.22913e-05
     outer loop
       vertex  1.06478e-01 -2.26191e-01  5.72437e-01
       vertex  9.02986e-02 -2.33123e-01  5.26689e-01
       vertex  1.30997e-01 -2.12931e-01  5.34638e-01
     endloop
  endfacet
  facet normal  1.01221e-03  1.12926e-04 -2.80835e-05
     outer loop
       vertex  2.44837e-01  5.05446e-02  1.91417e-01
       vertex  2.49045e-01  2.18320e-02  2.27620e-01
       vertex  2.49992e-01  2.02186e-03  1.82092e-01
     endloop
  endfacet
  facet normal  0.00000e+00  1.07240e-03  0.00000e+00
     outer loop
       vertex -1.00000e-01  3.71545e-01  1.15000e+00
       vertex -5.71041e-02  3.71545e-01  1.12500e+00
       vertex -1.00000e-01  3.71545e-01  1.10000e+00
     endloop
  endfacet
  facet normal  1.00734e-03  1.01573e-04  2.82980e-05
     outer loop
       vertex  2.49992e-01  2.02186e-03  1.82092e-01
       vertex  2.48136e-01  3.04757e-02  1.46040e-01
       vertex  2.44837e-01  5.05446e-02  1.91417e-01
     endloop
  endfacet
  facet normal  0.00000e+00  1.21925e-03  0.00000e+00
     outer loop
       vertex -1.00000e-01  3.71545e-01  1.00000e+00
       vertex -5.12301e-02  3.71545e-01  9.80968e-01
       vertex -1.00000e-01  3.71545e-01  9.50000e-01
     endloop
  endfacet
  facet normal  0.00000e+00  1.21747e-03  0.00000e+00
     outer loop
       vertex -1.00000e-01  3.71545e-01  8.50000e-01
       vertex -5.13010e-02  3.71545e-01  8.31076e-01
       vertex -1.00000e-01  3.71545e-01  8.00000e-01
     endloop
  endfacet
  facet normal  8.89923e-04  1.61100e-04 -2.20724e-05
     outer loop
       vertex  2.46775e-01  4.00246e-02  2.68895e-01
       vertex  2.49045e-01  2.18320e-02  2.27620e-01
       vertex  2.41089e-01  6.61508e-02  2.30335e-01
     endloop
  endfacet
  facet normal  0.00000e+00  1.21705e-03  0.00000e+00
     outer loop
       vertex -1.00000e-01  3.71545e-01  5.50000e-01
       vertex -5.13181e-02  3.71545e-01  5.31094e-01
       vertex -1.00000e-01  3.71545e-01  5.00000e-01
     endloop
  endfacet
  facet normal  7.05217e-04  6.29597e-05 -9.74141e-06
     outer loop
       vertex  2.49963e-01  4.29338e-03  3.93304e-01
       vertex  2.47086e-01  3.80603e-02  4.03245e-01
       vertex  2.49092e-01  2.12874e-02  4.40077e-01
     endloop
  endfacet
  facet normal -1.12135e-03  1.25912e-04  3.03362e-05
     outer loop
       vertex -2.49980e-01  3.13418e-03  1.52665e+00
       vertex -2.44451e-01  5.23787e-02  1.52663e+00
       vertex -2.48232e-01  2.96785e-02  1.48110e+00
     endloop
  endfacet
  facet normal  1.93837e-04 -8.76353e-04  1.90482e-05
     outer loop
       vertex  3.33660e-02 -2.47763e-01  4.77616e-01
       vertex  5.75749e-02 -2.43280e-01  4.37534e-01
       vertex  7.50435e-02 -2.38471e-01  4.81012e-01
     endloop
  endfacet
  facet normal  1.09178e-03  2.89820e-04  3.23029e-05
     outer loop
       vertex  2.46949e-01  3.89375e-02  3.59516e-01
       vertex  2.41717e-01  6.38209e-02  3.13116e-01
       vertex  2.34081e-01  8.77837e-02  3.56185e-01
     endloop
  endfacet
  facet normal  1.31931e-04 -9.45360e-04 -2.60615e-05
     outer loop
       vertex  1.09621e-02 -2.49760e-01  4.36608e-01
       vertex  5.75749e-02 -2.43280e-01  4.37534e-01
       vertex  3.33660e-02 -2.47763e-01  4.77616e-01
     endloop
  endfacet
  facet normal  3.07412e-04 -1.01467e-03  2.88400e-05
     outer loop
       vertex  9.54618e-02 -2.31056e-01  1.44074e+00
       vertex  4.89104e-02 -2.45169e-01  1.44042e+00
       vertex  7.27804e-02 -2.39172e-01  1.39699e+00
     endloop
  endfacet
  facet normal  9.68353e-04  2.83084e-19  2.56389e-19
     outer loop
       vertex  1.00000e-01  2.29129e-01  2.00000e+00
       vertex  1.00000e-01  2.66078e-01  1.95920e+00
       vertex  1.00000e-01  2.76601e-01  2.00000e+00
     endloop
  endfacet
  facet normal  8.41229e-04  1.49722e-04  2.09718e-05
     outer loop
       vertex  2.41089e-01  6.61508e-02  2.30335e-01
       vertex  2.49045e-01  2.18320e-02  2.27620e-01
       vertex  2.44837e-01  5.05446e-02  1.91417e-01
     endloop
  endfacet
  facet normal  1.01096e-03  2.66476e-04 -2.77467e-05
     outer loop
       vertex  2.41717e-01  6.38209e-02  3.13116e-01
       vertex  2.46775e-01  4.00246e-02  2.68895e-01
       vertex  2.34570e-01  8.64700e-02  2.70238e-01
     endloop
  endfacet
  facet normal  9.55805e-04 -5.09323e-04 -2.20915e-05
     outer loop
       vertex  2.30482e-01 -9.68400e-02  4.49172e-02
       vertex  2.16520e-01 -1.24977e-01  8.95225e-02
       vertex  2.08565e-01 -1.37843e-01  4.19802e-02
     endloop
  endfacet
  facet normal  5.35665e-04 -8.92009e-04 -2.74299e-05
     outer loop
       vertex  1.06478e-01 -2.26191e-01  5.72437e-01
       vertex  1.47954e-01 -2.01518e-01  5.80046e-01
       vertex  1.24443e-01 -2.16827e-01  6.18746e-01
     endloop
  endfacet
  facet normal  1.14074e-03  1.05316e-04 -2.41663e-05
     outer loop
       vertex  2.49329e-01  1.83013e-02  9.59041e-02
       vertex  2.50000e-01 -6.58221e-05  4.75238e-02
       vertex  2.45675e-01  4.62999e-02  4.54391e-02
     endloop
  endfacet
  facet normal  8.77506e-04 -6.27217e-04  2.29149e-05
     outer loop
       vertex  2.16520e-01 -1.24977e-01  8.95225e-02
       vertex  1.89180e-01 -1.63435e-01  8.38211e-02
       vertex  2.08565e-01 -1.37843e-01  4.19802e-02
     endloop
  endfacet
  facet normal  9.12994e-04  2.39137e-04  2.74001e-05
     outer loop
       vertex  2.34570e-01  8.64700e-02  2.70238e-01
       vertex  2.46775e-01  4.00246e-02  2.68895e-01
       vertex  2.41089e-01  6.61508e-02  2.30335e-01
     endloop
  endfacet
  facet normal  7.72497e-04 -0.00000e+00  3.29404e-19
     outer loop
       vertex  1.00000e-01  2.76601e-01  2.00000e+00
       vertex  1.00000e-01  2.99217e-01  1.96745e+00
       vertex  1.00000e-01  3.24073e-01  2.00000e+00
     endloop
  endfacet
  facet normal  3.04782e-04 -9.77322e-04 -2.90469e-05
     outer loop
       vertex  5.06497e-02 -2.44815e-01  9.24721e-01
       vertex  9.72798e-02 -2.30297e-01  9.25501e-01
       vertex  7.59603e-02 -2.38181e-01  9.67062e-01
     endloop
  endfacet
  facet normal -7.30978e-05 -1.23372e-03  3.87722e-05
     outer loop
       vertex -1.47578e-02 -2.49564e-01  3.94339e-01
       vertex  1.09621e-02 -2.49760e-01  4.36608e-01
       vertex -4.26382e-02 -2.46337e-01  4.44455e-01
     endloop
  endfacet
  facet normal -5.75114e-04  1.02634e-03  2.50557e-05
     outer loop
       vertex -1.35831e-01  2.09881e-01  5.66003e-01
       vertex -1.45551e-01  2.03261e-01  6.14069e-01
       vertex -1.00000e-01  2.29129e-01  6.00000e-01
     endloop
  endfacet
  facet normal  4.07953e-04 -9.84659e-04  3.06052e-05
     outer loop
       vertex  1.18194e-01 -2.20296e-01  1.31107e+00
       vertex  7.23536e-02 -2.39301e-01  1.31065e+00
       vertex  9.63405e-02 -2.30691e-01  1.26791e+00
     endloop
  endfacet
  facet normal  5.45744e-04 -1.40404e-03  5.80328e-05
     outer loop
       vertex  6.16294e-02 -2.42285e-01  7.02451e-01
       vertex  9.59811e-02 -2.30841e-01  6.56267e-01
       vertex  1.19321e-01 -2.19687e-01  7.06632e-01
     endloop
  endfacet
  facet normal  2.63041e-04 -9.28861e-04  2.09136e-05
     outer loop
       vertex  4.71204e-02 -2.45519e-01  5.19181e-01
       vertex  7.50435e-02 -2.38471e-01  4.81012e-01
       vertex  9.02986e-02 -2.33123e-01  5.26689e-01
     endloop
  endfacet
  facet normal  0.00000e+00  1.25000e-03  0.00000e+00
     outer loop
       vertex  1.00000e-01  3.71545e-01  1.80000e+00
       vertex  1.00000e-01  3.71545e-01  1.75000e+00
       vertex  5.00000e-02  3.71545e-01  1.78750e+00
     endloop
  endfacet
  facet normal  7.42666e-04  6.35908e-05 -1.04626e-06
     outer loop
       vertex  2.46949e-01  3.89375e-02  3.59516e-01
       vertex  2.47086e-01  3.80603e-02  4.03245e-01
       vertex  2.49963e-01  4.29338e-03  3.93304e-01
     endloop
  endfacet
  facet normal  1.89308e-04 -8.42815e-04 -1.71379e-05
     outer loop
       vertex  3.33660e-02 -2.47763e-01  4.77616e-01
       vertex  7.50435e-02 -2.38471e-01  4.81012e-01
       vertex  4.71204e-02 -2.45519e-01  5.19181e-01
     endloop
  endfacet
  facet normal  5.99546e-04 -1.09683e-03  4.51221e-05
     outer loop
       vertex  9.59811e-02 -2.30841e-01  6.56267e-01
       vertex  1.24443e-01 -2.16827e-01  6.18746e-01
       vertex  1.45540e-01 -2.03268e-01  6.68008e-01
     endloop
  endfacet
  facet normal  4.22580e-05 -9.76521e-04  2.44475e-05
     outer loop
       vertex  1.09621e-02 -2.49760e-01  4.36608e-01
       vertex  3.33660e-02 -2.47763e-01  4.77616e-01
       vertex -1.26417e-02 -2.49680e-01  4.80579e-01
     endloop
  endfacet
  facet normal -6.20435e-04  1.02295e-03 -6.39134e-05
     outer loop
       vertex -1.54737e-01  1.96358e-01  6.56852e-01
       vertex -1.32221e-01  2.12174e-01  6.91410e-01
       vertex -1.00000e-01  2.29129e-01  6.50000e-01
     endloop
  endfacet
  facet normal  9.87703e-04  3.68883e-04  3.02224e-05
     outer loop
       vertex  2.41717e-01  6.38209e-02  3.13116e-01
       vertex  2.34570e-01  8.64700e-02  2.70238e-01
       vertex  2.24434e-01  1.10133e-01  3.12657e-01
     endloop
  endfacet
  facet normal -7.49310e-05 -1.08580e-03 -3.82636e-05
     outer loop
       vertex -4.26382e-02 -2.46337e-01  4.44455e-01
       vertex  1.09621e-02 -2.49760e-01  4.36608e-01
       vertex -1.26417e-02 -2.49680e-01  4.80579e-01
     endloop
  endfacet
  facet normal -1.06197e-03  3.39593e-04  2.94447e-05
     outer loop
       vertex -2.44451e-01  5.23787e-02  1.52663e+00
       vertex -2.29507e-01  9.91279e-02  1.52643e+00
       vertex -2.37535e-01  7.79565e-02  1.48109e+00
     endloop
  endfacet
  facet normal  1.00281e-03  3.73921e-04 -3.02635e-05
     outer loop
       vertex  2.41717e-01  6.38209e-02  3.13116e-01
       vertex  2.24434e-01  1.10133e-01  3.12657e-01
       vertex  2.34081e-01  8.77837e-02  3.56185e-01
     endloop
  endfacet
  facet normal  0.00000e+00  1.25000e-03  0.00000e+00
     outer loop
       vertex  1.00000e-01  3.71545e-01  1.50000e+00
       vertex  1.00000e-01  3.71545e-01  1.45000e+00
       vertex  5.00000e-02  3.71545e-01  1.48750e+00
     endloop
  endfacet
  facet normal -9.62071e-04  5.33163e-04  2.90724e-05
     outer loop
       vertex -2.29507e-01  9.91279e-02  1.52643e+00
       vertex -2.05803e-01  1.41934e-01  1.52585e+00
       vertex -2.17522e-01  1.23224e-01  1.48116e+00
     endloop
  endfacet
  facet normal  2.80971e-04 -9.66505e-04 -2.00425e-05
     outer loop
       vertex  4.71204e-02 -2.45519e-01  5.19181e-01
       vertex  9.02986e-02 -2.33123e-01  5.26689e-01
       vertex  6.15504e-02 -2.42305e-01  5.66459e-01
     endloop
  endfacet
  facet normal  4.07304e-04 -1.22838e-03  1.14318e-05
     outer loop
       vertex  1.00421e-01 -2.28945e-01  7.53762e-01
       vertex  5.58581e-02 -2.43680e-01  7.58151e-01
       vertex  6.16294e-02 -2.42285e-01  7.02451e-01
     endloop
  endfacet
  facet normal  3.19053e-05 -8.03610e-04 -2.44477e-05
     outer loop
       vertex  9.85598e-03 -2.49806e-01  5.14063e-01
       vertex -1.26417e-02 -2.49680e-01  4.80579e-01
       vertex  3.33660e-02 -2.47763e-01  4.77616e-01
     endloop
  endfacet
  facet normal  8.33418e-05 -7.39262e-04  1.23362e-05
     outer loop
       vertex  3.33660e-02 -2.47763e-01  4.77616e-01
       vertex  4.71204e-02 -2.45519e-01  5.19181e-01
       vertex  9.85598e-03 -2.49806e-01  5.14063e-01
     endloop
  endfacet
  facet normal  8.84648e-04  1.06325e-03  2.15387e-05
     outer loop
       vertex  1.39389e-01  2.07535e-01  4.32522e-01
       vertex  1.78355e-01  1.75184e-01  4.29066e-01
       vertex  1.48071e-01  2.01433e-01  3.77179e-01
     endloop
  endfacet
  facet normal  4.22422e-04 -9.87176e-04 -3.05002e-05
     outer loop
       vertex  7.49183e-02 -2.38510e-01  8.81642e-01
       vertex  1.20516e-01 -2.19034e-01  8.82782e-01
       vertex  9.72798e-02 -2.30297e-01  9.25501e-01
     endloop
  endfacet
  facet normal  8.80605e-04  6.16256e-04 -3.06622e-05
     outer loop
       vertex  2.18030e-01  1.22323e-01  1.91334e+00
       vertex  1.89560e-01  1.62994e-01  1.91311e+00
       vertex  2.04690e-01  1.43534e-01  1.95653e+00
     endloop
  endfacet
  facet normal  0.00000e+00  1.25000e-03  0.00000e+00
     outer loop
       vertex  1.00000e-01  3.71545e-01  1.35000e+00
       vertex  1.00000e-01  3.71545e-01  1.30000e+00
       vertex  5.00000e-02  3.71545e-01  1.33750e+00
     endloop
  endfacet
  facet normal  3.47860e-04 -9.79307e-04  2.53548e-05
     outer loop
       vertex  6.15504e-02 -2.42305e-01  5.66459e-01
       vertex  9.02986e-02 -2.33123e-01  5.26689e-01
       vertex  1.06478e-01 -2.26191e-01  5.72437e-01
     endloop
  endfacet
  facet normal -8.43011e-04  7.14861e-04  3.00008e-05
     outer loop
       vertex -1.73802e-01  1.79702e-01  1.52511e+00
       vertex -1.88892e-01  1.63767e-01  1.48078e+00
       vertex -2.05803e-01  1.41934e-01  1.52585e+00
     endloop
  endfacet
  facet normal  6.54573e-04  3.04498e-04 -1.26398e-05
     outer loop
       vertex  2.34081e-01  8.77837e-02  3.56185e-01
       vertex  2.17412e-01  1.23418e-01  3.51384e-01
       vertex  2.22880e-01  1.13244e-01  3.89493e-01
     endloop
  endfacet
  facet normal -3.22482e-04  6.10163e-04  1.18464e-05
     outer loop
       vertex -1.27960e-01  2.14770e-01  5.28430e-01
       vertex -1.35831e-01  2.09881e-01  5.66003e-01
       vertex -1.00000e-01  2.29129e-01  5.50000e-01
     endloop
  endfacet
  facet normal  7.41408e-04  7.78031e-04 -3.06536e-05
     outer loop
       vertex  1.89560e-01  1.62994e-01  1.91311e+00
       vertex  1.53619e-01  1.97234e-01  1.91288e+00
       vertex  1.72295e-01  1.81148e-01  1.95629e+00
     endloop
  endfacet
  facet normal  7.86822e-04  3.16672e-04  2.25265e-05
     outer loop
       vertex  2.34081e-01  8.77837e-02  3.56185e-01
       vertex  2.22880e-01  1.13244e-01  3.89493e-01
       vertex  2.39728e-01  7.09249e-02  3.95936e-01
     endloop
  endfacet
  facet normal  0.00000e+00  1.25000e-03  0.00000e+00
     outer loop
       vertex  1.00000e-01  3.71545e-01  1.85000e+00
       vertex  1.00000e-01  3.71545e-01  1.80000e+00
       vertex  5.00000e-02  3.71545e-01  1.83750e+00
     endloop
  endfacet
  facet normal  3.18829e-04 -9.97197e-04 -2.98106e-05
     outer loop
       vertex  5.23144e-02 -2.44465e-01  8.39080e-01
       vertex  9.92006e-02 -2.29476e-01  8.39132e-01
       vertex  7.49183e-02 -2.38510e-01  8.81642e-01
     endloop
  endfacet
  facet normal -3.96881e-04  7.47295e-04  1.36617e-05
     outer loop
       vertex -1.32221e-01  2.12174e-01  6.91410e-01
       vertex -1.39259e-01  2.07622e-01  7.35920e-01
       vertex -1.00000e-01  2.29129e-01  7.00000e-01
     endloop
  endfacet
  facet normal -7.14409e-04  9.13634e-04  2.75856e-05
     outer loop
       vertex -1.72708e-01  1.80754e-01  1.87310e+00
       vertex -1.33582e-01  2.11319e-01  1.87406e+00
       vertex -1.47616e-01  2.01766e-01  1.82701e+00
     endloop
  endfacet
  facet normal  2.02544e-04 -1.02666e-03  3.00796e-05
     outer loop
       vertex  4.92144e-02 -2.45108e-01  1.26826e+00
       vertex  7.23536e-02 -2.39301e-01  1.31065e+00
       vertex  2.39396e-02 -2.48851e-01  1.31069e+00
     endloop
  endfacet
  facet normal  8.26458e-05 -7.10628e-04 -6.57891e-06
     outer loop
       vertex  9.85598e-03 -2.49806e-01  5.14063e-01
       vertex  4.71204e-02 -2.45519e-01  5.19181e-01
       vertex  1.53212e-02 -2.49530e-01  5.52954e-01
     endloop
  endfacet
  facet normal  3.36469e-04 -1.03324e-03 -3.18906e-05
     outer loop
       vertex  1.00597e-01 -2.28867e-01  2.32737e-01
       vertex  7.45532e-02 -2.38625e-01  2.74098e-01
       vertex  5.25814e-02 -2.44408e-01  2.29647e-01
     endloop
  endfacet
  facet normal  1.49094e-04 -9.95360e-04  2.21710e-05
     outer loop
       vertex  4.71204e-02 -2.45519e-01  5.19181e-01
       vertex  6.15504e-02 -2.42305e-01  5.66459e-01
       vertex  1.53212e-02 -2.49530e-01  5.52954e-01
     endloop
  endfacet
  facet normal -2.52966e-05 -8.79054e-04  1.37022e-05
     outer loop
       vertex  9.85598e-03 -2.49806e-01  5.14063e-01
       vertex -2.84685e-02 -2.48374e-01  5.35169e-01
       vertex -1.26417e-02 -2.49680e-01  4.80579e-01
     endloop
  endfacet
  facet normal  9.25109e-04  2.01038e-04 -2.16694e-05
     outer loop
       vertex  2.48136e-01  3.04757e-02  1.46040e-01
       vertex  2.38852e-01  7.38223e-02  1.51856e-01
       vertex  2.44837e-01  5.05446e-02  1.91417e-01
     endloop
  endfacet
  facet normal  3.15396e-04 -9.86666e-04  2.98087e-05
     outer loop
       vertex  7.73487e-02 -2.37733e-01  7.97020e-01
       vertex  9.92006e-02 -2.29476e-01  8.39132e-01
       vertex  5.23144e-02 -2.44465e-01  8.39080e-01
     endloop
  endfacet
  facet normal -1.21127e-03 -7.08196e-19 -6.82418e-19
     outer loop
       vertex -1.00000e-01  3.24073e-01  0.00000e+00
       vertex -1.00000e-01  2.76601e-01  0.00000e+00
       vertex -1.00000e-01  2.98636e-01  5.10309e-02
     endloop
  endfacet
  facet normal  0.00000e+00  1.30422e-03  0.00000e+00
     outer loop
       vertex  1.00000e-01  3.71545e-01  1.20000e+00
       vertex  1.00000e-01  3.71545e-01  1.15000e+00
       vertex  4.78310e-02  3.71545e-01  1.16407e+00
     endloop
  endfacet
  facet normal  0.00000e+00  1.25000e-03  0.00000e+00
     outer loop
       vertex  1.00000e-01  3.71545e-01  1.70000e+00
       vertex  1.00000e-01  3.71545e-01  1.65000e+00
       vertex  5.00000e-02  3.71545e-01  1.68750e+00
     endloop
  endfacet
  facet normal  5.31510e-04  7.49387e-04 -9.83004e-06
     outer loop
       vertex  1.61362e-01  1.90951e-01  5.68550e-01
       vertex  1.26782e-01  2.15467e-01  5.67828e-01
       vertex  1.32298e-01  2.12126e-01  6.11286e-01
     endloop
  endfacet
  facet normal -2.49345e-05 -8.02899e-04  9.19317e-06
     outer loop
       vertex  9.85598e-03 -2.49806e-01  5.14063e-01
       vertex  1.53212e-02 -2.49530e-01  5.52954e-01
       vertex -2.84685e-02 -2.48374e-01  5.35169e-01
     endloop
  endfacet
  facet normal -4.06364e-04  7.47557e-04 -2.20926e-05
     outer loop
       vertex -1.27960e-01  2.14770e-01  5.28430e-01
       vertex -1.00000e-01  2.29129e-01  5.00000e-01
       vertex -1.40705e-01  2.06645e-01  4.87916e-01
     endloop
  endfacet
  facet normal -5.20417e-18  9.37500e-04 -5.68687e-25
     outer loop
       vertex -1.00000e-01  3.71545e-01  0.00000e+00
       vertex -5.00000e-02  3.71545e-01  3.75000e-02
       vertex -5.00000e-02  3.71545e-01  0.00000e+00
     endloop
  endfacet
  facet normal  9.84267e-07 -1.05895e-03  3.01514e-05
     outer loop
       vertex  2.46858e-04 -2.50000e-01  1.09565e+00
       vertex  2.49936e-02 -2.48748e-01  1.13883e+00
       vertex -2.43733e-02 -2.48809e-01  1.13828e+00
     endloop
  endfacet
  facet normal  0.00000e+00  1.25000e-03  0.00000e+00
     outer loop
       vertex  1.00000e-01  3.71545e-01  7.50000e-01
       vertex  1.00000e-01  3.71545e-01  7.00000e-01
       vertex  5.00000e-02  3.71545e-01  7.37500e-01
     endloop
  endfacet
  facet normal  8.96278e-04  1.47990e-04 -1.45964e-05
     outer loop
       vertex  2.42943e-01  5.89825e-02  1.16194e-01
       vertex  2.48136e-01  3.04757e-02  1.46040e-01
       vertex  2.49329e-01  1.83013e-02  9.59041e-02
     endloop
  endfacet
  facet normal  1.68238e-04 -1.04113e-03 -1.88726e-05
     outer loop
       vertex  1.53212e-02 -2.49530e-01  5.52954e-01
       vertex  6.15504e-02 -2.42305e-01  5.66459e-01
       vertex  2.66587e-02 -2.48575e-01  6.01308e-01
     endloop
  endfacet
  facet normal -4.38009e-04  8.20580e-04  1.63711e-05
     outer loop
       vertex -1.32746e-01  2.11846e-01  4.40184e-01
       vertex -1.40705e-01  2.06645e-01  4.87916e-01
       vertex -1.00000e-01  2.29129e-01  4.50000e-01
     endloop
  endfacet
  facet normal -2.28033e-05 -1.09962e-03 -1.53453e-05
     outer loop
       vertex -2.84685e-02 -2.48374e-01  5.35169e-01
       vertex  1.53212e-02 -2.49530e-01  5.52954e-01
       vertex -1.80016e-02 -2.49351e-01  5.89642e-01
     endloop
  endfacet
  facet normal  1.05885e-04 -1.06075e-03 -3.05033e-05
     outer loop
       vertex  4.92144e-02 -2.45108e-01  1.26826e+00
       vertex  2.39396e-02 -2.48851e-01  1.31069e+00
       vertex -1.15847e-04 -2.50000e-01  1.26714e+00
     endloop
  endfacet
  facet normal  0.00000e+00  1.22046e-03  0.00000e+00
     outer loop
       vertex  1.00000e-01  3.71545e-01  1.55000e+00
       vertex  1.00000e-01  3.71545e-01  1.50000e+00
       vertex  5.11817e-02  3.71545e-01  1.53261e+00
     endloop
  endfacet
  facet normal  3.39908e-04 -9.38802e-04 -2.40553e-05
     outer loop
       vertex  6.15504e-02 -2.42305e-01  5.66459e-01
       vertex  1.06478e-01 -2.26191e-01  5.72437e-01
       vertex  7.66590e-02 -2.37957e-01  6.10260e-01
     endloop
  endfacet
  facet normal  1.31996e-05 -1.01363e-03  1.69351e-05
     outer loop
       vertex -1.80016e-02 -2.49351e-01  5.89642e-01
       vertex  1.53212e-02 -2.49530e-01  5.52954e-01
       vertex  2.66587e-02 -2.48575e-01  6.01308e-01
     endloop
  endfacet
  facet normal  9.82663e-04  8.59739e-04 -2.21010e-05
     outer loop
       vertex  2.03325e-01  1.45461e-01  3.20298e-01
       vertex  1.71983e-01  1.81444e-01  3.26498e-01
       vertex  1.95158e-01  1.56247e-01  3.76775e-01
     endloop
  endfacet
  facet normal -7.24642e-07 -1.04578e-03 -3.00987e-05
     outer loop
       vertex  2.43722e-02 -2.48809e-01  1.22517e+00
       vertex -1.15847e-04 -2.50000e-01  1.26714e+00
       vertex -2.49667e-02 -2.48750e-01  1.22431e+00
     endloop
  endfacet
  facet normal  2.99417e-04 -9.13206e-04 -2.58388e-05
     outer loop
       vertex  1.00421e-01 -2.28945e-01  7.53762e-01
       vertex  7.73487e-02 -2.37733e-01  7.97020e-01
       vertex  5.58581e-02 -2.43680e-01  7.58151e-01
     endloop
  endfacet
  facet normal  2.13079e-04 -1.02742e-03  2.84890e-05
     outer loop
       vertex  2.66587e-02 -2.48575e-01  6.01308e-01
       vertex  6.15504e-02 -2.42305e-01  5.66459e-01
       vertex  7.66590e-02 -2.37957e-01  6.10260e-01
     endloop
  endfacet
  facet normal  7.90108e-04  5.24729e-04  1.40363e-05
     outer loop
       vertex  2.17412e-01  1.23418e-01  3.51384e-01
       vertex  2.03325e-01  1.45461e-01  3.20298e-01
       vertex  1.95158e-01  1.56247e-01  3.76775e-01
     endloop
  endfacet
  facet normal  4.49527e-04 -1.03021e-03  3.39316e-05
     outer loop
       vertex  1.06478e-01 -2.26191e-01  5.72437e-01
       vertex  1.24443e-01 -2.16827e-01  6.18746e-01
       vertex  7.66590e-02 -2.37957e-01  6.10260e-01
     endloop
  endfacet
  facet normal -2.12951e-04 -1.22597e-03  1.89242e-05
     outer loop
       vertex -2.84685e-02 -2.48374e-01  5.35169e-01
       vertex -1.80016e-02 -2.49351e-01  5.89642e-01
       vertex -6.53122e-02 -2.41318e-01  5.77676e-01
     endloop
  endfacet
  facet normal  8.10732e-04  2.44687e-04 -2.00456e-05
     outer loop
       vertex  2.41089e-01  6.61508e-02  2.30335e-01
       vertex  2.44837e-01  5.05446e-02  1.91417e-01
       vertex  2.32094e-01  9.29103e-02  1.93170e-01
     endloop
  endfacet
  facet normal -1.05062e-04 -1.05192e-03 -3.03459e-05
     outer loop
       vertex -2.03466e-04 -2.50000e-01  1.18190e+00
       vertex -2.49667e-02 -2.48750e-01  1.22431e+00
       vertex -4.94293e-02 -2.45065e-01  1.18125e+00
     endloop
  endfacet
  facet normal  0.00000e+00  1.25000e-03  0.00000e+00
     outer loop
       vertex  1.00000e-01  3.71545e-01  1.40000e+00
       vertex  1.00000e-01  3.71545e-01  1.35000e+00
       vertex  5.00000e-02  3.71545e-01  1.38750e+00
     endloop
  endfacet
  facet normal  8.55156e-04  4.11694e-04 -2.53305e-05
     outer loop
       vertex  2.24434e-01  1.10133e-01  3.12657e-01
       vertex  2.34570e-01  8.64700e-02  2.70238e-01
       vertex  2.14373e-01  1.28624e-01  2.73528e-01
     endloop
  endfacet
  facet normal  9.10242e-04 -8.76348e-04 -4.16973e-05
     outer loop
       vertex  1.98479e-01 -1.52006e-01  1.26154e-01
       vertex  1.81991e-01 -1.71404e-01  1.73892e-01
       vertex  1.60361e-01 -1.91793e-01  1.30218e-01
     endloop
  endfacet
  facet normal  8.61514e-04  3.28167e-04 -2.63474e-05
     outer loop
       vertex  2.34570e-01  8.64700e-02  2.70238e-01
       vertex  2.41089e-01  6.61508e-02  2.30335e-01
       vertex  2.24289e-01  1.10429e-01  2.32489e-01
     endloop
  endfacet
  facet normal -5.91742e-04  9.87740e-04 -5.73802e-05
     outer loop
       vertex -1.53257e-01  1.97515e-01  4.05027e-01
       vertex -1.32746e-01  2.11846e-01  4.40184e-01
       vertex -1.00000e-01  2.29129e-01  4.00000e-01
     endloop
  endfacet
  facet normal  0.00000e+00  1.25000e-03  0.00000e+00
     outer loop
       vertex  1.00000e-01  3.71545e-01  4.50000e-01
       vertex  1.00000e-01  3.71545e-01  4.00000e-01
       vertex  5.00000e-02  3.71545e-01  4.37500e-01
     endloop
  endfacet
  facet normal -1.07249e-04 -1.06579e-03  3.03300e-05
     outer loop
       vertex -2.03466e-04 -2.50000e-01  1.18190e+00
       vertex -4.94293e-02 -2.45065e-01  1.18125e+00
       vertex -2.43733e-02 -2.48809e-01  1.13828e+00
     endloop
  endfacet
  facet normal  2.18017e-05 -9.99444e-04 -1.69413e-05
     outer loop
       vertex -1.80016e-02 -2.49351e-01  5.89642e-01
       vertex  2.66587e-02 -2.48575e-01  6.01308e-01
       vertex -6.63148e-03 -2.49912e-01  6.37370e-01
     endloop
  endfacet
  facet normal -1.73781e-04 -1.05681e-03 -2.23813e-05
     outer loop
       vertex -6.53122e-02 -2.41318e-01  5.77676e-01
       vertex -1.80016e-02 -2.49351e-01  5.89642e-01
       vertex -5.21810e-02 -2.44494e-01  6.25672e-01
     endloop
  endfacet
  facet normal -1.26022e-04 -1.02048e-03  1.80274e-05
     outer loop
       vertex -1.80016e-02 -2.49351e-01  5.89642e-01
       vertex -6.63148e-03 -2.49912e-01  6.37370e-01
       vertex -5.21810e-02 -2.44494e-01  6.25672e-01
     endloop
  endfacet
  facet normal  0.00000e+00  1.38523e-03  0.00000e+00
     outer loop
       vertex  1.00000e-01  3.71545e-01  1.25000e+00
       vertex  1.00000e-01  3.71545e-01  1.20000e+00
       vertex  4.45907e-02  3.71545e-01  1.24116e+00
     endloop
  endfacet
  facet normal  1.14097e-03  1.18838e-03  6.96293e-05
     outer loop
       vertex  1.71983e-01  1.81444e-01  3.26498e-01
       vertex  1.48071e-01  2.01433e-01  3.77179e-01
       vertex  1.95158e-01  1.56247e-01  3.76775e-01
     endloop
  endfacet
  facet normal  2.42537e-04 -1.11871e-03 -2.77668e-05
     outer loop
       vertex  4.15489e-02 -2.46523e-01  6.48722e-01
       vertex  2.66587e-02 -2.48575e-01  6.01308e-01
       vertex  7.66590e-02 -2.37957e-01  6.10260e-01
     endloop
  endfacet
  facet normal  0.00000e+00  1.30393e-03  0.00000e+00
     outer loop
       vertex  1.00000e-01  3.71545e-01  3.00000e-01
       vertex  1.00000e-01  3.71545e-01  2.50000e-01
       vertex  4.78426e-02  3.71545e-01  2.63769e-01
     endloop
  endfacet
  facet normal  0.00000e+00  1.10768e-03  0.00000e+00
     outer loop
       vertex  1.00000e-01  3.71545e-01  1.90000e+00
       vertex  1.00000e-01  3.71545e-01  1.85000e+00
       vertex  5.56927e-02  3.71545e-01  1.88311e+00
     endloop
  endfacet
  facet normal  9.42780e-04  2.46355e-04 -2.94504e-05
     outer loop
       vertex  2.34081e-01  8.77837e-02  3.56185e-01
       vertex  2.39728e-01  7.09249e-02  3.95936e-01
       vertex  2.46949e-01  3.89375e-02  3.59516e-01
     endloop
  endfacet
  facet normal  6.86958e-05 -1.05770e-03  2.41877e-05
     outer loop
       vertex -6.63148e-03 -2.49912e-01  6.37370e-01
       vertex  2.66587e-02 -2.48575e-01  6.01308e-01
       vertex  4.15489e-02 -2.46523e-01  6.48722e-01
     endloop
  endfacet
  facet normal  2.17744e-04 -1.04802e-03 -3.03694e-05
     outer loop
       vertex  7.45532e-02 -2.38625e-01  2.74098e-01
       vertex  4.85833e-02 -2.45234e-01  3.15970e-01
       vertex  2.59863e-02 -2.48646e-01  2.71693e-01
     endloop
  endfacet
  facet normal  1.21139e-03  2.48732e-04  5.02868e-05
     outer loop
       vertex  2.49329e-01  1.83013e-02  9.59041e-02
       vertex  2.45675e-01  4.62999e-02  4.54391e-02
       vertex  2.38234e-01  7.57922e-02  7.88142e-02
     endloop
  endfacet
  facet normal -1.16303e-04 -1.01848e-03 -1.88916e-05
     outer loop
       vertex -5.21810e-02 -2.44494e-01  6.25672e-01
       vertex -6.63148e-03 -2.49912e-01  6.37370e-01
       vertex -4.01634e-02 -2.46753e-01  6.73478e-01
     endloop
  endfacet
  facet normal -1.58240e-03 -1.50343e-18  9.88212e-19
     outer loop
       vertex -1.00000e-01  2.76601e-01  2.00000e+00
       vertex -1.00000e-01  2.76601e-01  1.93333e+00
       vertex -1.00000e-01  2.29129e-01  1.95000e+00
     endloop
  endfacet
  facet normal  6.49749e-04  2.02460e-04  1.40022e-05
     outer loop
       vertex  2.39728e-01  7.09249e-02  3.95936e-01
       vertex  2.32180e-01  9.26963e-02  4.31422e-01
       vertex  2.43707e-01  5.57405e-02  4.30875e-01
     endloop
  endfacet
  facet normal  0.00000e+00  1.30477e-03  0.00000e+00
     outer loop
       vertex  1.00000e-01  3.71545e-01  1.10000e+00
       vertex  1.00000e-01  3.71545e-01  1.05000e+00
       vertex  4.78092e-02  3.71545e-01  1.08596e+00
     endloop
  endfacet
  facet normal  8.65360e-04 -8.25735e-04  3.28244e-05
     outer loop
       vertex  1.98479e-01 -1.52006e-01  1.26154e-01
       vertex  1.60361e-01 -1.91793e-01  1.30218e-01
       vertex  1.89180e-01 -1.63435e-01  8.38211e-02
     endloop
  endfacet
  facet normal -1.18680e-03 -1.38778e-18 -0.00000e+00
     outer loop
       vertex -1.00000e-01  2.29129e-01  1.90000e+00
       vertex -1.00000e-01  2.76601e-01  1.88333e+00
       vertex -1.00000e-01  2.29129e-01  1.85000e+00
     endloop
  endfacet
  facet normal -2.74129e-04 -1.02173e-03  2.06295e-05
     outer loop
       vertex -5.21810e-02 -2.44494e-01  6.25672e-01
       vertex -4.01634e-02 -2.46753e-01  6.73478e-01
       vertex -8.62196e-02 -2.34662e-01  6.60305e-01
     endloop
  endfacet
  facet normal  9.91108e-04 -1.15276e-03  4.72952e-05
     outer loop
       vertex  1.60361e-01 -1.91793e-01  1.30218e-01
       vertex  1.81991e-01 -1.71404e-01  1.73892e-01
       vertex  1.38128e-01 -2.08376e-01  1.91917e-01
     endloop
  endfacet
  facet normal -2.53463e-04 -1.16370e-03 -2.65254e-05
     outer loop
       vertex -2.84685e-02 -2.48374e-01  5.35169e-01
       vertex -6.53122e-02 -2.41318e-01  5.77676e-01
       vertex -7.85241e-02 -2.37348e-01  5.29749e-01
     endloop
  endfacet
  facet normal -1.18680e-03  0.00000e+00 -0.00000e+00
     outer loop
       vertex -1.00000e-01  3.71545e-01  1.95000e+00
       vertex -1.00000e-01  3.71545e-01  1.90000e+00
       vertex -1.00000e-01  3.24073e-01  1.91667e+00
     endloop
  endfacet
  facet normal -1.18680e-03 -1.38778e-18 -0.00000e+00
     outer loop
       vertex -1.00000e-01  2.29129e-01  1.80000e+00
       vertex -1.00000e-01  2.76601e-01  1.78333e+00
       vertex -1.00000e-01  2.29129e-01  1.75000e+00
     endloop
  endfacet
  facet normal -1.18680e-03 -1.38778e-18 -0.00000e+00
     outer loop
       vertex -1.00000e-01  2.29129e-01  1.95000e+00
       vertex -1.00000e-01  2.76601e-01  1.93333e+00
       vertex -1.00000e-01  2.29129e-01  1.90000e+00
     endloop
  endfacet
  facet normal -7.44042e-05 -1.06348e-03  2.39548e-05
     outer loop
       vertex -4.01634e-02 -2.46753e-01  6.73478e-01
       vertex -6.63148e-03 -2.49912e-01  6.37370e-01
       vertex  8.08035e-03 -2.49869e-01  6.84959e-01
     endloop
  endfacet
  facet normal -3.24410e-04 -1.00539e-03  2.22307e-05
     outer loop
       vertex -5.21810e-02 -2.44494e-01  6.25672e-01
       vertex -9.78088e-02 -2.30073e-01  6.12025e-01
       vertex -6.53122e-02 -2.41318e-01  5.77676e-01
     endloop
  endfacet
  facet normal -1.18680e-03 -1.38778e-18 -0.00000e+00
     outer loop
       vertex -1.00000e-01  2.29129e-01  1.70000e+00
       vertex -1.00000e-01  2.76601e-01  1.68333e+00
       vertex -1.00000e-01  2.29129e-01  1.65000e+00
     endloop
  endfacet
  facet normal  8.03933e-05 -1.06292e-03 -2.39006e-05
     outer loop
       vertex -6.63148e-03 -2.49912e-01  6.37370e-01
       vertex  4.15489e-02 -2.46523e-01  6.48722e-01
       vertex  8.08035e-03 -2.49869e-01  6.84959e-01
     endloop
  endfacet
  facet normal  9.23740e-04 -5.66168e-19 -5.12779e-19
     outer loop
       vertex  1.00000e-01  2.29129e-01  1.95000e+00
       vertex  1.00000e-01  2.66078e-01  1.95920e+00
       vertex  1.00000e-01  2.29129e-01  2.00000e+00
     endloop
  endfacet
  facet normal -1.18680e-03 -1.38778e-18 -0.00000e+00
     outer loop
       vertex -1.00000e-01  2.29129e-01  1.60000e+00
       vertex -1.00000e-01  2.76601e-01  1.58333e+00
       vertex -1.00000e-01  2.29129e-01  1.55000e+00
     endloop
  endfacet
  facet normal  8.35051e-04  3.98113e-04  2.52533e-05
     outer loop
       vertex  2.14373e-01  1.28624e-01  2.73528e-01
       vertex  2.34570e-01  8.64700e-02  2.70238e-01
       vertex  2.24289e-01  1.10429e-01  2.32489e-01
     endloop
  endfacet
  facet normal -1.18680e-03  0.00000e+00 -0.00000e+00
     outer loop
       vertex -1.00000e-01  3.71545e-01  1.85000e+00
       vertex -1.00000e-01  3.71545e-01  1.80000e+00
       vertex -1.00000e-01  3.24073e-01  1.81667e+00
     endloop
  endfacet
  facet normal -1.18680e-03 -1.38778e-18 -0.00000e+00
     outer loop
       vertex -1.00000e-01  2.29129e-01  1.50000e+00
       vertex -1.00000e-01  2.76601e-01  1.48333e+00
       vertex -1.00000e-01  2.29129e-01  1.45000e+00
     endloop
  endfacet
  facet normal -1.18680e-03 -1.38778e-18 -0.00000e+00
     outer loop
       vertex -1.00000e-01  2.29129e-01  1.85000e+00
       vertex -1.00000e-01  2.76601e-01  1.83333e+00
       vertex -1.00000e-01  2.29129e-01  1.80000e+00
     endloop
  endfacet
  facet normal  0.00000e+00  1.25000e-03  0.00000e+00
     outer loop
       vertex  1.00000e-01  3.71545e-01  1.00000e-01
       vertex  1.00000e-01  3.71545e-01  5.00000e-02
       vertex  5.00000e-02  3.71545e-01  7.50000e-02
     endloop
  endfacet
  facet normal  0.00000e+00  1.30483e-03  0.00000e+00
     outer loop
       vertex  1.00000e-01  3.71545e-01  9.50000e-01
       vertex  1.00000e-01  3.71545e-01  9.00000e-01
       vertex  4.78069e-02  3.71545e-01  9.34446e-01
     endloop
  endfacet
  facet normal -2.66139e-04 -1.03628e-03 -2.06580e-05
     outer loop
       vertex -8.62196e-02 -2.34662e-01  6.60305e-01
       vertex -4.01634e-02 -2.46753e-01  6.73478e-01
       vertex -7.46175e-02 -2.38605e-01  7.08624e-01
     endloop
  endfacet
  facet normal -3.16811e-04 -1.02239e-03 -2.11331e-05
     outer loop
       vertex -5.21810e-02 -2.44494e-01  6.25672e-01
       vertex -8.62196e-02 -2.34662e-01  6.60305e-01
       vertex -9.78088e-02 -2.30073e-01  6.12025e-01
     endloop
  endfacet
  facet normal  8.58411e-04  2.57308e-04  2.15310e-05
     outer loop
       vertex  2.32094e-01  9.29103e-02  1.93170e-01
       vertex  2.44837e-01  5.05446e-02  1.91417e-01
       vertex  2.38852e-01  7.38223e-02  1.51856e-01
     endloop
  endfacet
  facet normal -1.18680e-03 -1.38778e-18 -0.00000e+00
     outer loop
       vertex -1.00000e-01  2.29129e-01  1.40000e+00
       vertex -1.00000e-01  2.76601e-01  1.38333e+00
       vertex -1.00000e-01  2.29129e-01  1.35000e+00
     endloop
  endfacet
  facet normal  0.00000e+00  1.25000e-03  0.00000e+00
     outer loop
       vertex  1.00000e-01  3.71545e-01  1.50000e-01
       vertex  1.00000e-01  3.71545e-01  1.00000e-01
       vertex  5.00000e-02  3.71545e-01  1.25000e-01
     endloop
  endfacet
  facet normal  0.00000e+00  1.25000e-03  0.00000e+00
     outer loop
       vertex  1.00000e-01  3.71545e-01  2.00000e-01
       vertex  1.00000e-01  3.71545e-01  1.50000e-01
       vertex  5.00000e-02  3.71545e-01  1.81250e-01
     endloop
  endfacet
  facet normal  8.51626e-04  3.21887e-04  2.56407e-05
     outer loop
       vertex  2.41089e-01  6.61508e-02  2.30335e-01
       vertex  2.32094e-01  9.29103e-02  1.93170e-01
       vertex  2.24289e-01  1.10429e-01  2.32489e-01
     endloop
  endfacet
  facet normal  5.57314e-04  8.99440e-05  1.06033e-05
     outer loop
       vertex  2.43707e-01  5.57405e-02  4.30875e-01
       vertex  2.49092e-01  2.12874e-02  4.40077e-01
       vertex  2.47086e-01  3.80603e-02  4.03245e-01
     endloop
  endfacet
  facet normal -1.18680e-03 -1.38778e-18 -0.00000e+00
     outer loop
       vertex -1.00000e-01  2.29129e-01  1.30000e+00
       vertex -1.00000e-01  2.76601e-01  1.28333e+00
       vertex -1.00000e-01  2.29129e-01  1.25000e+00
     endloop
  endfacet
  facet normal  1.18680e-03 -6.93889e-19  0.00000e+00
     outer loop
       vertex  1.00000e-01  2.29129e-01  1.90000e+00
       vertex  1.00000e-01  2.29129e-01  1.85000e+00
       vertex  1.00000e-01  2.76601e-01  1.86667e+00
     endloop
  endfacet
  facet normal  7.29759e-04  1.53639e-04  1.97726e-05
     outer loop
       vertex  2.42943e-01  5.89825e-02  1.16194e-01
       vertex  2.38852e-01  7.38223e-02  1.51856e-01
       vertex  2.48136e-01  3.04757e-02  1.46040e-01
     endloop
  endfacet
  facet normal -8.03380e-04  1.40311e-03  4.14239e-05
     outer loop
       vertex -1.43215e-01  2.04913e-01  1.08211e+00
       vertex -1.53927e-01  1.96994e-01  1.14262e+00
       vertex -1.00000e-01  2.29129e-01  1.10000e+00
     endloop
  endfacet
  facet normal -5.76535e-04  9.44624e-04 -6.17443e-05
     outer loop
       vertex -1.55072e-01  1.96094e-01  1.00883e+00
       vertex -1.35896e-01  2.09839e-01  1.04006e+00
       vertex -1.00000e-01  2.29129e-01  1.00000e+00
     endloop
  endfacet
  facet normal -1.18680e-03  0.00000e+00 -0.00000e+00
     outer loop
       vertex -1.00000e-01  3.71545e-01  1.75000e+00
       vertex -1.00000e-01  3.71545e-01  1.70000e+00
       vertex -1.00000e-01  3.24073e-01  1.71667e+00
     endloop
  endfacet
  facet normal -1.18680e-03 -1.38778e-18 -0.00000e+00
     outer loop
       vertex -1.00000e-01  2.29129e-01  1.20000e+00
       vertex -1.00000e-01  2.76601e-01  1.18333e+00
       vertex -1.00000e-01  2.29129e-01  1.15000e+00
     endloop
  endfacet
  facet normal -1.18680e-03 -1.38778e-18 -0.00000e+00
     outer loop
       vertex -1.00000e-01  2.29129e-01  1.75000e+00
       vertex -1.00000e-01  2.76601e-01  1.73333e+00
       vertex -1.00000e-01  2.29129e-01  1.70000e+00
     endloop
  endfacet
  facet normal  1.18680e-03 -6.93889e-19  0.00000e+00
     outer loop
       vertex  1.00000e-01  2.29129e-01  1.80000e+00
       vertex  1.00000e-01  2.29129e-01  1.75000e+00
       vertex  1.00000e-01  2.76601e-01  1.76667e+00
     endloop
  endfacet
  facet normal -1.18680e-03 -1.38778e-18 -0.00000e+00
     outer loop
       vertex -1.00000e-01  2.29129e-01  1.10000e+00
       vertex -1.00000e-01  2.76601e-01  1.08333e+00
       vertex -1.00000e-01  2.29129e-01  1.05000e+00
     endloop
  endfacet
  facet normal  1.18680e-03 -6.93889e-19  0.00000e+00
     outer loop
       vertex  1.00000e-01  2.29129e-01  1.70000e+00
       vertex  1.00000e-01  2.29129e-01  1.65000e+00
       vertex  1.00000e-01  2.76601e-01  1.66667e+00
     endloop
  endfacet
  facet normal -1.18680e-03 -1.38778e-18 -0.00000e+00
     outer loop
       vertex -1.00000e-01  2.29129e-01  1.00000e+00
       vertex -1.00000e-01  2.76601e-01  9.83333e-01
       vertex -1.00000e-01  2.29129e-01  9.50000e-01
     endloop
  endfacet
  facet normal  1.18680e-03 -6.93889e-19  0.00000e+00
     outer loop
       vertex  1.00000e-01  2.29129e-01  1.60000e+00
       vertex  1.00000e-01  2.29129e-01  1.55000e+00
       vertex  1.00000e-01  2.76601e-01  1.56667e+00
     endloop
  endfacet
  facet normal  0.00000e+00  1.22046e-03  0.00000e+00
     outer loop
       vertex  1.00000e-01  3.71545e-01  8.00000e-01
       vertex  1.00000e-01  3.71545e-01  7.50000e-01
       vertex  5.11817e-02  3.71545e-01  7.82538e-01
     endloop
  endfacet
  facet normal  1.66690e-04 -1.26294e-03  3.73338e-05
     outer loop
       vertex  8.08035e-03 -2.49869e-01  6.84959e-01
       vertex  4.15489e-02 -2.46523e-01  6.48722e-01
       vertex  6.16294e-02 -2.42285e-01  7.02451e-01
     endloop
  endfacet
  facet normal -1.18680e-03  0.00000e+00 -0.00000e+00
     outer loop
       vertex -1.00000e-01  3.71545e-01  1.65000e+00
       vertex -1.00000e-01  3.71545e-01  1.60000e+00
       vertex -1.00000e-01  3.24073e-01  1.61667e+00
     endloop
  endfacet
  facet normal -1.18680e-03 -1.38778e-18 -0.00000e+00
     outer loop
       vertex -1.00000e-01  2.29129e-01  9.00000e-01
       vertex -1.00000e-01  2.76601e-01  8.83333e-01
       vertex -1.00000e-01  2.29129e-01  8.50000e-01
     endloop
  endfacet
  facet normal -1.18680e-03 -1.38778e-18 -0.00000e+00
     outer loop
       vertex -1.00000e-01  2.29129e-01  1.65000e+00
       vertex -1.00000e-01  2.76601e-01  1.63333e+00
       vertex -1.00000e-01  2.29129e-01  1.60000e+00
     endloop
  endfacet
  facet normal  1.18680e-03 -6.93889e-19  0.00000e+00
     outer loop
       vertex  1.00000e-01  2.29129e-01  1.50000e+00
       vertex  1.00000e-01  2.29129e-01  1.45000e+00
       vertex  1.00000e-01  2.76601e-01  1.46667e+00
     endloop
  endfacet
  facet normal -1.18680e-03 -1.38778e-18 -0.00000e+00
     outer loop
       vertex -1.00000e-01  2.29129e-01  8.00000e-01
       vertex -1.00000e-01  2.76601e-01  7.83333e-01
       vertex -1.00000e-01  2.29129e-01  7.50000e-01
     endloop
  endfacet
  facet normal  1.18680e-03 -6.93889e-19  0.00000e+00
     outer loop
       vertex  1.00000e-01  2.29129e-01  1.40000e+00
       vertex  1.00000e-01  2.29129e-01  1.35000e+00
       vertex  1.00000e-01  2.76601e-01  1.36667e+00
     endloop
  endfacet
  facet normal  7.61821e-04  4.51430e-04  1.74461e-05
     outer loop
       vertex  2.14373e-01  1.28624e-01  2.73528e-01
       vertex  2.03325e-01  1.45461e-01  3.20298e-01
       vertex  2.24434e-01  1.10133e-01  3.12657e-01
     endloop
  endfacet
  facet normal -4.30091e-04  7.91158e-04  1.78100e-05
     outer loop
       vertex -1.35896e-01  2.09839e-01  1.04006e+00
       vertex -1.43215e-01  2.04913e-01  1.08211e+00
       vertex -1.00000e-01  2.29129e-01  1.05000e+00
     endloop
  endfacet
  facet normal -1.18680e-03 -1.38778e-18 -0.00000e+00
     outer loop
       vertex -1.00000e-01  2.29129e-01  7.00000e-01
       vertex -1.00000e-01  2.76601e-01  6.83333e-01
       vertex -1.00000e-01  2.29129e-01  6.50000e-01
     endloop
  endfacet
  facet normal  1.18680e-03 -6.93889e-19  0.00000e+00
     outer loop
       vertex  1.00000e-01  2.29129e-01  1.30000e+00
       vertex  1.00000e-01  2.29129e-01  1.25000e+00
       vertex  1.00000e-01  2.76601e-01  1.26667e+00
     endloop
  endfacet
  facet normal  0.00000e+00  1.25000e-03  0.00000e+00
     outer loop
       vertex  1.00000e-01  3.71545e-01  1.30000e+00
       vertex  1.00000e-01  3.71545e-01  1.25000e+00
       vertex  5.00000e-02  3.71545e-01  1.28750e+00
     endloop
  endfacet
  facet normal -1.18680e-03  0.00000e+00 -0.00000e+00
     outer loop
       vertex -1.00000e-01  3.71545e-01  1.55000e+00
       vertex -1.00000e-01  3.71545e-01  1.50000e+00
       vertex -1.00000e-01  3.24073e-01  1.51667e+00
     endloop
  endfacet
  facet normal -1.18680e-03 -1.38778e-18 -0.00000e+00
     outer loop
       vertex -1.00000e-01  2.29129e-01  6.00000e-01
       vertex -1.00000e-01  2.76601e-01  5.83333e-01
       vertex -1.00000e-01  2.29129e-01  5.50000e-01
     endloop
  endfacet
  facet normal  1.18680e-03 -6.93889e-19  0.00000e+00
     outer loop
       vertex  1.00000e-01  2.29129e-01  1.20000e+00
       vertex  1.00000e-01  2.29129e-01  1.15000e+00
       vertex  1.00000e-01  2.76601e-01  1.16667e+00
     endloop
  endfacet
  facet normal -1.18680e-03 -1.38778e-18 -0.00000e+00
     outer loop
       vertex -1.00000e-01  2.29129e-01  5.00000e-01
       vertex -1.00000e-01  2.76601e-01  4.83333e-01
       vertex -1.00000e-01  2.29129e-01  4.50000e-01
     endloop
  endfacet
  facet normal  1.18680e-03 -6.93889e-19  0.00000e+00
     outer loop
       vertex  1.00000e-01  2.29129e-01  1.10000e+00
       vertex  1.00000e-01  2.29129e-01  1.05000e+00
       vertex  1.00000e-01  2.76601e-01  1.06667e+00
     endloop
  endfacet
  facet normal  0.00000e+00  1.25000e-03  0.00000e+00
     outer loop
       vertex  1.00000e-01  3.71545e-01  6.50000e-01
       vertex  1.00000e-01  3.71545e-01  6.00000e-01
       vertex  5.00000e-02  3.71545e-01  6.37500e-01
     endloop
  endfacet
  facet normal -1.18680e-03 -1.38778e-18 -0.00000e+00
     outer loop
       vertex -1.00000e-01  2.29129e-01  4.00000e-01
       vertex -1.00000e-01  2.76601e-01  3.83333e-01
       vertex -1.00000e-01  2.29129e-01  3.50000e-01
     endloop
  endfacet
  facet normal -1.18680e-03 -1.38778e-18 -0.00000e+00
     outer loop
       vertex -1.00000e-01  2.29129e-01  1.45000e+00
       vertex -1.00000e-01  2.76601e-01  1.43333e+00
       vertex -1.00000e-01  2.29129e-01  1.40000e+00
     endloop
  endfacet
  facet normal  1.18680e-03 -6.93889e-19  0.00000e+00
     outer loop
       vertex  1.00000e-01  2.29129e-01  1.00000e+00
       vertex  1.00000e-01  2.29129e-01  9.50000e-01
       vertex  1.00000e-01  2.76601e-01  9.66667e-01
     endloop
  endfacet
  facet normal  0.00000e+00  1.25000e-03  0.00000e+00
     outer loop
       vertex  1.00000e-01  3.71545e-01  1.75000e+00
       vertex  1.00000e-01  3.71545e-01  1.70000e+00
       vertex  5.00000e-02  3.71545e-01  1.73750e+00
     endloop
  endfacet
  facet normal  7.21904e-04  3.39635e-04  1.43907e-05
     outer loop
       vertex  2.24434e-01  1.10133e-01  3.12657e-01
       vertex  2.17412e-01  1.23418e-01  3.51384e-01
       vertex  2.34081e-01  8.77837e-02  3.56185e-01
     endloop
  endfacet
  facet normal -1.18680e-03  0.00000e+00 -0.00000e+00
     outer loop
       vertex -1.00000e-01  3.71545e-01  1.45000e+00
       vertex -1.00000e-01  3.71545e-01  1.40000e+00
       vertex -1.00000e-01  3.24073e-01  1.41667e+00
     endloop
  endfacet
  facet normal -1.18680e-03 -1.38778e-18 -0.00000e+00
     outer loop
       vertex -1.00000e-01  2.29129e-01  3.00000e-01
       vertex -1.00000e-01  2.76601e-01  2.83333e-01
       vertex -1.00000e-01  2.29129e-01  2.50000e-01
     endloop
  endfacet
  facet normal  1.18680e-03 -6.93889e-19  0.00000e+00
     outer loop
       vertex  1.00000e-01  2.29129e-01  9.00000e-01
       vertex  1.00000e-01  2.29129e-01  8.50000e-01
       vertex  1.00000e-01  2.76601e-01  8.66667e-01
     endloop
  endfacet
  facet normal  9.30856e-04  1.67131e-04 -4.20903e-05
     outer loop
       vertex  2.42943e-01  5.89825e-02  1.16194e-01
       vertex  2.49329e-01  1.83013e-02  9.59041e-02
       vertex  2.38234e-01  7.57922e-02  7.88142e-02
     endloop
  endfacet
  facet normal  3.24321e-06 -1.07930e-03 -3.09341e-05
     outer loop
       vertex -2.41880e-02 -2.48827e-01  1.05217e+00
       vertex  2.56072e-02 -2.48685e-01  1.05244e+00
       vertex  2.46858e-04 -2.50000e-01  1.09565e+00
     endloop
  endfacet
  facet normal -1.18680e-03 -1.38778e-18 -0.00000e+00
     outer loop
       vertex -1.00000e-01  2.29129e-01  2.00000e-01
       vertex -1.00000e-01  2.76601e-01  1.83333e-01
       vertex -1.00000e-01  2.29129e-01  1.50000e-01
     endloop
  endfacet
  facet normal  1.18680e-03 -6.93889e-19  0.00000e+00
     outer loop
       vertex  1.00000e-01  2.29129e-01  8.00000e-01
       vertex  1.00000e-01  2.29129e-01  7.50000e-01
       vertex  1.00000e-01  2.76601e-01  7.66667e-01
     endloop
  endfacet
  facet normal -1.18680e-03 -1.38778e-18 -0.00000e+00
     outer loop
       vertex -1.00000e-01  2.29129e-01  1.35000e+00
       vertex -1.00000e-01  2.76601e-01  1.33333e+00
       vertex -1.00000e-01  2.29129e-01  1.30000e+00
     endloop
  endfacet
  facet normal  1.18680e-03 -6.93889e-19  0.00000e+00
     outer loop
       vertex  1.00000e-01  2.29129e-01  7.00000e-01
       vertex  1.00000e-01  2.29129e-01  6.50000e-01
       vertex  1.00000e-01  2.76601e-01  6.66667e-01
     endloop
  endfacet
  facet normal -1.18680e-03  0.00000e+00 -0.00000e+00
     outer loop
       vertex -1.00000e-01  3.71545e-01  1.35000e+00
       vertex -1.00000e-01  3.71545e-01  1.30000e+00
       vertex -1.00000e-01  3.24073e-01  1.31667e+00
     endloop
  endfacet
  facet normal  1.18680e-03 -6.93889e-19  0.00000e+00
     outer loop
       vertex  1.00000e-01  2.29129e-01  6.00000e-01
       vertex  1.00000e-01  2.29129e-01  5.50000e-01
       vertex  1.00000e-01  2.76601e-01  5.66667e-01
     endloop
  endfacet
  facet normal  0.00000e+00  1.22046e-03  0.00000e+00
     outer loop
       vertex  1.00000e-01  3.71545e-01  5.00000e-01
       vertex  1.00000e-01  3.71545e-01  4.50000e-01
       vertex  5.11817e-02  3.71545e-01  4.82538e-01
     endloop
  endfacet
  facet normal  0.00000e+00  1.25000e-03  0.00000e+00
     outer loop
       vertex  1.00000e-01  3.71545e-01  1.45000e+00
       vertex  1.00000e-01  3.71545e-01  1.40000e+00
       vertex  5.00000e-02  3.71545e-01  1.43750e+00
     endloop
  endfacet
  facet normal  1.18680e-03 -6.93889e-19  0.00000e+00
     outer loop
       vertex  1.00000e-01  2.29129e-01  5.00000e-01
       vertex  1.00000e-01  2.29129e-01  4.50000e-01
       vertex  1.00000e-01  2.76601e-01  4.66667e-01
     endloop
  endfacet
  facet normal  1.18680e-03 -6.93889e-19  0.00000e+00
     outer loop
       vertex  1.00000e-01  2.29129e-01  4.00000e-01
       vertex  1.00000e-01  2.29129e-01  3.50000e-01
       vertex  1.00000e-01  2.76601e-01  3.66667e-01
     endloop
  endfacet
  facet normal -1.18680e-03  0.00000e+00 -0.00000e+00
     outer loop
       vertex -1.00000e-01  3.71545e-01  1.25000e+00
       vertex -1.00000e-01  3.71545e-01  1.20000e+00
       vertex -1.00000e-01  3.24073e-01  1.21667e+00
     endloop
  endfacet
  facet normal  1.18680e-03 -6.93889e-19  0.00000e+00
     outer loop
       vertex  1.00000e-01  2.29129e-01  3.00000e-01
       vertex  1.00000e-01  2.29129e-01  2.50000e-01
       vertex  1.00000e-01  2.76601e-01  2.66667e-01
     endloop
  endfacet
  facet normal  7.36461e-04  3.74511e-04 -2.06663e-05
     outer loop
       vertex  2.24289e-01  1.10429e-01  2.32489e-01
       vertex  2.32094e-01  9.29103e-02  1.93170e-01
       vertex  2.12337e-01  1.31958e-01  1.96732e-01
     endloop
  endfacet
  facet normal -1.18680e-03 -1.38778e-18 -0.00000e+00
     outer loop
       vertex -1.00000e-01  2.29129e-01  1.15000e+00
       vertex -1.00000e-01  2.76601e-01  1.13333e+00
       vertex -1.00000e-01  2.29129e-01  1.10000e+00
     endloop
  endfacet
  facet normal  1.18680e-03 -6.93889e-19  0.00000e+00
     outer loop
       vertex  1.00000e-01  2.29129e-01  2.00000e-01
       vertex  1.00000e-01  2.29129e-01  1.50000e-01
       vertex  1.00000e-01  2.76601e-01  1.66667e-01
     endloop
  endfacet
  facet normal -0.00000e+00  0.00000e+00  1.10454e-03
     outer loop
       vertex -9.53939e-02  7.50000e-02  2.00000e+00
       vertex -6.69242e-02  2.86850e-02  2.00000e+00
       vertex -4.76970e-02  7.50000e-02  2.00000e+00
     endloop
  endfacet
  facet normal  0.00000e+00  0.00000e+00  1.40074e-03
     outer loop
       vertex  4.76970e-02  7.50000e-02  2.00000e+00
       vertex  6.67594e-02  1.62649e-02  2.00000e+00
       vertex  9.53939e-02  7.50000e-02  2.00000e+00
     endloop
  endfacet
  facet normal  7.15370e-04  1.60371e-04  9.80453e-07
     outer loop
       vertex  2.39728e-01  7.09249e-02  3.95936e-01
       vertex  2.47086e-01  3.80603e-02  4.03245e-01
       vertex  2.46949e-01  3.89375e-02  3.59516e-01
     endloop
  endfacet
  facet normal  7.40529e-04  4.54940e-04 -2.27817e-05
     outer loop
       vertex  2.24289e-01  1.10429e-01  2.32489e-01
       vertex  2.00817e-01  1.48904e-01  2.37870e-01
       vertex  2.14373e-01  1.28624e-01  2.73528e-01
     endloop
  endfacet
  facet normal  0.00000e+00  1.38523e-03  0.00000e+00
     outer loop
       vertex  1.00000e-01  3.71545e-01  3.50000e-01
       vertex  1.00000e-01  3.71545e-01  3.00000e-01
       vertex  4.45907e-02  3.71545e-01  3.41164e-01
     endloop
  endfacet
  facet normal  8.06091e-04  3.31010e-04 -2.10793e-05
     outer loop
       vertex  2.22250e-01  1.14476e-01  1.55386e-01
       vertex  2.32094e-01  9.29103e-02  1.93170e-01
       vertex  2.38852e-01  7.38223e-02  1.51856e-01
     endloop
  endfacet
  facet normal -1.18680e-03  0.00000e+00 -0.00000e+00
     outer loop
       vertex -1.00000e-01  3.71545e-01  1.15000e+00
       vertex -1.00000e-01  3.71545e-01  1.10000e+00
       vertex -1.00000e-01  3.24073e-01  1.11667e+00
     endloop
  endfacet
  facet normal -1.18680e-03 -1.38778e-18 -0.00000e+00
     outer loop
       vertex -1.00000e-01  2.29129e-01  1.55000e+00
       vertex -1.00000e-01  2.76601e-01  1.53333e+00
       vertex -1.00000e-01  2.29129e-01  1.50000e+00
     endloop
  endfacet
  facet normal  7.76095e-04  3.90777e-04  2.08485e-05
     outer loop
       vertex  2.12337e-01  1.31958e-01  1.96732e-01
       vertex  2.32094e-01  9.29103e-02  1.93170e-01
       vertex  2.22250e-01  1.14476e-01  1.55386e-01
     endloop
  endfacet
  facet normal  7.45814e-04  4.51797e-04  2.27409e-05
     outer loop
       vertex  2.24289e-01  1.10429e-01  2.32489e-01
       vertex  2.12337e-01  1.31958e-01  1.96732e-01
       vertex  2.00817e-01  1.48904e-01  2.37870e-01
     endloop
  endfacet
  facet normal -1.18680e-03 -1.38778e-18 -0.00000e+00
     outer loop
       vertex -1.00000e-01  2.29129e-01  1.05000e+00
       vertex -1.00000e-01  2.76601e-01  1.03333e+00
       vertex -1.00000e-01  2.29129e-01  1.00000e+00
     endloop
  endfacet
  facet normal  0.00000e+00  0.00000e+00  1.08051e-03
     outer loop
       vertex -4.76970e-02  7.50000e-02  2.00000e+00
       vertex -2.50201e-03  2.96926e-02  2.00000e+00
       vertex  5.55112e-16  7.50000e-02  2.00000e+00
     endloop
  endfacet
  facet normal  7.46878e-04  5.50934e-04  2.93994e-05
     outer loop
       vertex  2.14373e-01  1.28624e-01  2.73528e-01
       vertex  2.00817e-01  1.48904e-01  2.37870e-01
       vertex  1.85197e-01  1.67934e-01  2.78068e-01
     endloop
  endfacet
  facet normal -1.18680e-03  0.00000e+00 -0.00000e+00
     outer loop
       vertex -1.00000e-01  3.71545e-01  1.05000e+00
       vertex -1.00000e-01  3.71545e-01  1.00000e+00
       vertex -1.00000e-01  3.24073e-01  1.01667e+00
     endloop
  endfacet
  facet normal -0.00000e+00  0.00000e+00  1.08051e-03
     outer loop
       vertex  5.55112e-16  7.50000e-02  2.00000e+00
       vertex -2.50201e-03  2.96926e-02  2.00000e+00
       vertex  4.76970e-02  7.50000e-02  2.00000e+00
     endloop
  endfacet
  facet normal  0.00000e+00  1.25000e-03  0.00000e+00
     outer loop
       vertex  1.00000e-01  3.71545e-01  4.00000e-01
       vertex  1.00000e-01  3.71545e-01  3.50000e-01
       vertex  5.00000e-02  3.71545e-01  3.87500e-01
     endloop
  endfacet
  facet normal -9.89003e-04 -2.89121e-19  3.29404e-19
     outer loop
       vertex -1.00000e-01  3.71545e-01  2.00000e+00
       vertex -1.00000e-01  3.24073e-01  1.95833e+00
       vertex -1.00000e-01  3.24073e-01  2.00000e+00
     endloop
  endfacet
  facet normal  8.81046e-04  6.57195e-04 -2.84640e-05
     outer loop
       vertex  2.14373e-01  1.28624e-01  2.73528e-01
       vertex  1.85197e-01  1.67934e-01  2.78068e-01
       vertex  2.03325e-01  1.45461e-01  3.20298e-01
     endloop
  endfacet
  facet normal -1.18680e-03  0.00000e+00 -0.00000e+00
     outer loop
       vertex -1.00000e-01  3.71545e-01  9.50000e-01
       vertex -1.00000e-01  3.71545e-01  9.00000e-01
       vertex -1.00000e-01  3.24073e-01  9.16667e-01
     endloop
  endfacet
  facet normal -9.89003e-04 -5.78241e-19  3.29404e-19
     outer loop
       vertex -1.00000e-01  3.24073e-01  2.00000e+00
       vertex -1.00000e-01  3.24073e-01  1.95833e+00
       vertex -1.00000e-01  2.76601e-01  2.00000e+00
     endloop
  endfacet
  facet normal -1.18680e-03 -1.38778e-18 -0.00000e+00
     outer loop
       vertex -1.00000e-01  2.29129e-01  1.25000e+00
       vertex -1.00000e-01  2.76601e-01  1.23333e+00
       vertex -1.00000e-01  2.29129e-01  1.20000e+00
     endloop
  endfacet
  facet normal  0.00000e+00  1.25000e-03  0.00000e+00
     outer loop
       vertex  1.00000e-01  3.71545e-01  7.00000e-01
       vertex  1.00000e-01  3.71545e-01  6.50000e-01
       vertex  5.00000e-02  3.71545e-01  6.87500e-01
     endloop
  endfacet
  facet normal  7.53648e-04  5.74381e-04 -2.55612e-05
     outer loop
       vertex  2.00817e-01  1.48904e-01  2.37870e-01
       vertex  2.12337e-01  1.31958e-01  1.96732e-01
       vertex  1.83895e-01  1.69360e-01  1.98582e-01
     endloop
  endfacet
  facet normal  7.82360e-04  3.17668e-04  2.09757e-05
     outer loop
       vertex  2.22250e-01  1.14476e-01  1.55386e-01
       vertex  2.38852e-01  7.38223e-02  1.51856e-01
       vertex  2.30561e-01  9.66526e-02  1.15349e-01
     endloop
  endfacet
  facet normal  7.15959e-04  6.52197e-04 -3.05559e-05
     outer loop
       vertex  1.85197e-01  1.67934e-01  2.78068e-01
       vertex  2.00817e-01  1.48904e-01  2.37870e-01
       vertex  1.67478e-01  1.85610e-01  2.40161e-01
     endloop
  endfacet
  facet normal  6.33319e-04  3.81920e-04 -1.61773e-05
     outer loop
       vertex  2.24434e-01  1.10133e-01  3.12657e-01
       vertex  2.03325e-01  1.45461e-01  3.20298e-01
       vertex  2.17412e-01  1.23418e-01  3.51384e-01
     endloop
  endfacet
  facet normal -1.18680e-03 -1.38778e-18 -0.00000e+00
     outer loop
       vertex -1.00000e-01  2.29129e-01  7.50000e-01
       vertex -1.00000e-01  2.76601e-01  7.33333e-01
       vertex -1.00000e-01  2.29129e-01  7.00000e-01
     endloop
  endfacet
  facet normal  0.00000e+00  9.35218e-04  0.00000e+00
     outer loop
       vertex  1.00000e-01  3.71545e-01  1.95000e+00
       vertex  1.00000e-01  3.71545e-01  1.90000e+00
       vertex  6.25913e-02  3.71545e-01  1.92066e+00
     endloop
  endfacet
  facet normal  2.15769e-04 -1.05302e-03  3.03425e-05
     outer loop
       vertex  7.45532e-02 -2.38625e-01  2.74098e-01
       vertex  2.59863e-02 -2.48646e-01  2.71693e-01
       vertex  5.25814e-02 -2.44408e-01  2.29647e-01
     endloop
  endfacet
  facet normal  4.55867e-04 -1.01722e-03 -3.41306e-05
     outer loop
       vertex  7.66590e-02 -2.37957e-01  6.10260e-01
       vertex  1.24443e-01 -2.16827e-01  6.18746e-01
       vertex  9.59811e-02 -2.30841e-01  6.56267e-01
     endloop
  endfacet
  facet normal  5.99777e-04  1.00515e-03  6.14233e-05
     outer loop
       vertex  1.55195e-01  1.95997e-01  8.03230e-01
       vertex  1.36540e-01  2.09420e-01  7.65717e-01
       vertex  1.00000e-01  2.29129e-01  8.00000e-01
     endloop
  endfacet
  facet normal -1.18680e-03  0.00000e+00 -0.00000e+00
     outer loop
       vertex -1.00000e-01  3.71545e-01  8.50000e-01
       vertex -1.00000e-01  3.71545e-01  8.00000e-01
       vertex -1.00000e-01  3.24073e-01  8.16667e-01
     endloop
  endfacet
  facet normal  7.44490e-04  6.74306e-04  3.04103e-05
     outer loop
       vertex  1.67478e-01  1.85610e-01  2.40161e-01
       vertex  2.00817e-01  1.48904e-01  2.37870e-01
       vertex  1.83895e-01  1.69360e-01  1.98582e-01
     endloop
  endfacet
  facet normal  0.00000e+00  1.24444e-03  0.00000e+00
     outer loop
       vertex  1.00000e-01  3.71545e-01  1.65000e+00
       vertex  1.00000e-01  3.71545e-01  1.60000e+00
       vertex  5.02225e-02  3.71545e-01  1.63323e+00
     endloop
  endfacet
  facet normal -1.13712e-03 -3.32419e-19 -2.34681e-19
     outer loop
       vertex -1.00000e-01  3.71545e-01  0.00000e+00
       vertex -1.00000e-01  3.24073e-01  0.00000e+00
       vertex -1.00000e-01  3.37724e-01  4.79066e-02
     endloop
  endfacet
  facet normal -1.18680e-03 -1.38778e-18 -0.00000e+00
     outer loop
       vertex -1.00000e-01  2.29129e-01  1.50000e-01
       vertex -1.00000e-01  2.76601e-01  1.33333e-01
       vertex -1.00000e-01  2.29129e-01  1.00000e-01
     endloop
  endfacet
  facet normal  3.33896e-04 -1.17923e-03  4.21529e-05
     outer loop
       vertex  7.66590e-02 -2.37957e-01  6.10260e-01
       vertex  9.59811e-02 -2.30841e-01  6.56267e-01
       vertex  4.15489e-02 -2.46523e-01  6.48722e-01
     endloop
  endfacet
  facet normal  1.19155e-03 -4.19810e-20  2.90863e-19
     outer loop
       vertex  1.00000e-01  3.24073e-01  2.00000e+00
       vertex  1.00000e-01  3.29627e-01  1.94395e+00
       vertex  1.00000e-01  3.71545e-01  1.95000e+00
     endloop
  endfacet
  facet normal -1.18680e-03  0.00000e+00 -0.00000e+00
     outer loop
       vertex -1.00000e-01  3.71545e-01  7.50000e-01
       vertex -1.00000e-01  3.71545e-01  7.00000e-01
       vertex -1.00000e-01  3.24073e-01  7.16667e-01
     endloop
  endfacet
  facet normal  1.18680e-03 -6.93889e-19  0.00000e+00
     outer loop
       vertex  1.00000e-01  2.29129e-01  1.85000e+00
       vertex  1.00000e-01  2.29129e-01  1.80000e+00
       vertex  1.00000e-01  2.76601e-01  1.81667e+00
     endloop
  endfacet
  facet normal  5.86330e-04  3.02723e-04 -1.30614e-05
     outer loop
       vertex  2.22250e-01  1.14476e-01  1.55386e-01
       vertex  2.30561e-01  9.66526e-02  1.15349e-01
       vertex  2.13563e-01  1.29965e-01  1.24386e-01
     endloop
  endfacet
  facet normal  6.77964e-04  2.22507e-04 -1.48258e-05
     outer loop
       vertex  2.30561e-01  9.66526e-02  1.15349e-01
       vertex  2.38852e-01  7.38223e-02  1.51856e-01
       vertex  2.42943e-01  5.89825e-02  1.16194e-01
     endloop
  endfacet
  facet normal -9.93419e-04  8.71235e-19 -6.68951e-19
     outer loop
       vertex -1.00000e-01  2.29129e-01  0.00000e+00
       vertex -1.00000e-01  2.61264e-01  4.18527e-02
       vertex -1.00000e-01  2.76601e-01  0.00000e+00
     endloop
  endfacet
  facet normal  7.26794e-04  4.57753e-04 -1.92896e-05
     outer loop
       vertex  2.12337e-01  1.31958e-01  1.96732e-01
       vertex  2.22250e-01  1.14476e-01  1.55386e-01
       vertex  1.99592e-01  1.50542e-01  1.57537e-01
     endloop
  endfacet
  facet normal -1.18680e-03 -1.38778e-18 -0.00000e+00
     outer loop
       vertex -1.00000e-01  2.29129e-01  5.50000e-01
       vertex -1.00000e-01  2.76601e-01  5.33333e-01
       vertex -1.00000e-01  2.29129e-01  5.00000e-01
     endloop
  endfacet
  facet normal -1.18680e-03 -1.38778e-18 -0.00000e+00
     outer loop
       vertex -1.00000e-01  2.29129e-01  9.50000e-01
       vertex -1.00000e-01  2.76601e-01  9.33333e-01
       vertex -1.00000e-01  2.29129e-01  9.00000e-01
     endloop
  endfacet
  facet normal -3.69363e-05 -1.00382e-03 -2.91830e-05
     outer loop
       vertex  1.55650e-02 -2.49515e-01  3.54274e-01
       vertex -1.47578e-02 -2.49564e-01  3.94339e-01
       vertex -3.40495e-02 -2.47670e-01  3.53621e-01
     endloop
  endfacet
  facet normal -1.18680e-03  0.00000e+00 -0.00000e+00
     outer loop
       vertex -1.00000e-01  3.71545e-01  6.50000e-01
       vertex -1.00000e-01  3.71545e-01  6.00000e-01
       vertex -1.00000e-01  3.24073e-01  6.16667e-01
     endloop
  endfacet
  facet normal  1.18680e-03 -6.93889e-19  0.00000e+00
     outer loop
       vertex  1.00000e-01  2.29129e-01  1.75000e+00
       vertex  1.00000e-01  2.29129e-01  1.70000e+00
       vertex  1.00000e-01  2.76601e-01  1.71667e+00
     endloop
  endfacet
  facet normal  0.00000e+00  0.00000e+00  1.14588e-03
     outer loop
       vertex -1.43091e-01  7.50000e-02  2.00000e+00
       vertex -1.32244e-01  2.69519e-02  2.00000e+00
       vertex -9.53939e-02  7.50000e-02  2.00000e+00
     endloop
  endfacet
  facet normal  7.50166e-04  5.69185e-04  2.59475e-05
     outer loop
       vertex  2.12337e-01  1.31958e-01  1.96732e-01
       vertex  1.99592e-01  1.50542e-01  1.57537e-01
       vertex  1.83895e-01  1.69360e-01  1.98582e-01
     endloop
  endfacet
  facet normal -1.94459e-04 -1.21312e-03 -3.00701e-05
     outer loop
       vertex -1.47578e-02 -2.49564e-01  3.94339e-01
       vertex -4.26382e-02 -2.46337e-01  4.44455e-01
       vertex -6.37413e-02 -2.41738e-01  3.95365e-01
     endloop
  endfacet
  facet normal  5.75694e-04  3.60552e-04  1.88134e-05
     outer loop
       vertex  2.22250e-01  1.14476e-01  1.55386e-01
       vertex  2.13563e-01  1.29965e-01  1.24386e-01
       vertex  1.99592e-01  1.50542e-01  1.57537e-01
     endloop
  endfacet
  facet normal -1.18680e-03 -1.38778e-18 -0.00000e+00
     outer loop
       vertex -1.00000e-01  2.29129e-01  8.50000e-01
       vertex -1.00000e-01  2.76601e-01  8.33333e-01
       vertex -1.00000e-01  2.29129e-01  8.00000e-01
     endloop
  endfacet
  facet normal  6.58246e-04  3.34665e-04  4.46319e-06
     outer loop
       vertex  2.13563e-01  1.29965e-01  1.24386e-01
       vertex  2.30561e-01  9.66526e-02  1.15349e-01
       vertex  2.15372e-01  1.26944e-01  8.40467e-02
     endloop
  endfacet
  facet normal -5.45259e-05 -9.21200e-04 -2.09525e-05
     outer loop
       vertex -4.01634e-02 -2.46753e-01  6.73478e-01
       vertex  8.08035e-03 -2.49869e-01  6.84959e-01
       vertex -2.84075e-02 -2.48381e-01  7.14465e-01
     endloop
  endfacet
  facet normal  4.05302e-04 -1.38655e-03 -4.20930e-05
     outer loop
       vertex  6.16294e-02 -2.42285e-01  7.02451e-01
       vertex  4.15489e-02 -2.46523e-01  6.48722e-01
       vertex  9.59811e-02 -2.30841e-01  6.56267e-01
     endloop
  endfacet
  facet normal -1.18680e-03  0.00000e+00 -0.00000e+00
     outer loop
       vertex -1.00000e-01  3.71545e-01  5.50000e-01
       vertex -1.00000e-01  3.71545e-01  5.00000e-01
       vertex -1.00000e-01  3.24073e-01  5.16667e-01
     endloop
  endfacet
  facet normal  1.18680e-03 -6.93889e-19  0.00000e+00
     outer loop
       vertex  1.00000e-01  2.29129e-01  1.65000e+00
       vertex  1.00000e-01  2.29129e-01  1.60000e+00
       vertex  1.00000e-01  2.76601e-01  1.61667e+00
     endloop
  endfacet
  facet normal -1.95590e-04 -9.12669e-04  1.98464e-05
     outer loop
       vertex -7.46175e-02 -2.38605e-01  7.08624e-01
       vertex -4.01634e-02 -2.46753e-01  6.73478e-01
       vertex -2.84075e-02 -2.48381e-01  7.14465e-01
     endloop
  endfacet
  facet normal  6.96948e-04  2.29424e-04  1.53856e-05
     outer loop
       vertex  2.30561e-01  9.66526e-02  1.15349e-01
       vertex  2.42943e-01  5.89825e-02  1.16194e-01
       vertex  2.38234e-01  7.57922e-02  7.88142e-02
     endloop
  endfacet
  facet normal  8.79838e-04  3.97554e-04 -4.21994e-05
     outer loop
       vertex  2.15372e-01  1.26944e-01  8.40467e-02
       vertex  2.30561e-01  9.66526e-02  1.15349e-01
       vertex  2.38234e-01  7.57922e-02  7.88142e-02
     endloop
  endfacet
  facet normal -1.18680e-03 -1.38778e-18 -0.00000e+00
     outer loop
       vertex -1.00000e-01  2.29129e-01  2.50000e-01
       vertex -1.00000e-01  2.76601e-01  2.33333e-01
       vertex -1.00000e-01  2.29129e-01  2.00000e-01
     endloop
  endfacet
  facet normal  8.05101e-04  9.10753e-04 -3.80725e-05
     outer loop
       vertex  1.67478e-01  1.85610e-01  2.40161e-01
       vertex  1.83895e-01  1.69360e-01  1.98582e-01
       vertex  1.43476e-01  2.04730e-01  1.89996e-01
     endloop
  endfacet
  facet normal -1.18680e-03  0.00000e+00 -0.00000e+00
     outer loop
       vertex -1.00000e-01  3.71545e-01  4.50000e-01
       vertex -1.00000e-01  3.71545e-01  4.00000e-01
       vertex -1.00000e-01  3.24073e-01  4.16667e-01
     endloop
  endfacet
  facet normal  0.00000e+00  1.25372e-03  0.00000e+00
     outer loop
       vertex  1.00000e-01  3.71545e-01  9.00000e-01
       vertex  1.00000e-01  3.71545e-01  8.50000e-01
       vertex  4.98513e-02  3.71545e-01  8.82510e-01
     endloop
  endfacet
  facet normal  6.64755e-04  7.22447e-04  2.61372e-05
     outer loop
       vertex  1.85197e-01  1.67934e-01  2.78068e-01
       vertex  1.67478e-01  1.85610e-01  2.40161e-01
       vertex  1.50386e-01  1.99710e-01  2.85140e-01
     endloop
  endfacet
  facet normal  8.29446e-04  7.17987e-04  2.60372e-05
     outer loop
       vertex  1.85197e-01  1.67934e-01  2.78068e-01
       vertex  1.71983e-01  1.81444e-01  3.26498e-01
       vertex  2.03325e-01  1.45461e-01  3.20298e-01
     endloop
  endfacet
  facet normal -1.18680e-03 -1.38778e-18 -0.00000e+00
     outer loop
       vertex -1.00000e-01  2.29129e-01  6.50000e-01
       vertex -1.00000e-01  2.76601e-01  6.33333e-01
       vertex -1.00000e-01  2.29129e-01  6.00000e-01
     endloop
  endfacet
  facet normal -0.00000e+00  0.00000e+00  9.00282e-04
     outer loop
       vertex -2.38485e-01  7.50000e-02  2.00000e+00
       vertex -1.90430e-01  3.72499e-02  2.00000e+00
       vertex -1.90788e-01  7.50000e-02  2.00000e+00
     endloop
  endfacet
  facet normal  7.25749e-04  6.45143e-04 -1.82135e-05
     outer loop
       vertex  1.83895e-01  1.69360e-01  1.98582e-01
       vertex  1.99592e-01  1.50542e-01  1.57537e-01
       vertex  1.71489e-01  1.81911e-01  1.48823e-01
     endloop
  endfacet
  facet normal  1.18680e-03 -6.93889e-19  0.00000e+00
     outer loop
       vertex  1.00000e-01  2.29129e-01  1.45000e+00
       vertex  1.00000e-01  2.29129e-01  1.40000e+00
       vertex  1.00000e-01  2.76601e-01  1.41667e+00
     endloop
  endfacet
  facet normal  5.97053e-04  4.23003e-04 -4.89844e-06
     outer loop
       vertex  2.13563e-01  1.29965e-01  1.24386e-01
       vertex  2.15372e-01  1.26944e-01  8.40467e-02
       vertex  1.92950e-01  1.58966e-01  1.16361e-01
     endloop
  endfacet
  facet normal  7.98555e-04 -6.50578e-04  2.78241e-05
     outer loop
       vertex  1.77337e-01 -1.76214e-01  4.10256e-02
       vertex  1.98328e-01 -1.52203e-01  0.00000e+00
       vertex  2.08565e-01 -1.37843e-01  4.19802e-02
     endloop
  endfacet
  facet normal  2.16967e-04 -1.52998e-03 -7.86475e-07
     outer loop
       vertex  8.08035e-03 -2.49869e-01  6.84959e-01
       vertex  6.16294e-02 -2.42285e-01  7.02451e-01
       vertex  8.35043e-03 -2.49861e-01  7.42190e-01
     endloop
  endfacet
  facet normal -1.18680e-03  0.00000e+00 -0.00000e+00
     outer loop
       vertex -1.00000e-01  3.71545e-01  3.50000e-01
       vertex -1.00000e-01  3.71545e-01  3.00000e-01
       vertex -1.00000e-01  3.24073e-01  3.16667e-01
     endloop
  endfacet
  facet normal  0.00000e+00  0.00000e+00  1.05693e-03
     outer loop
       vertex  2.38485e-01  7.50000e-02  2.00000e+00
       vertex  1.90788e-01  7.50000e-02  2.00000e+00
       vertex  2.07055e-01  3.06813e-02  2.00000e+00
     endloop
  endfacet
  facet normal  0.00000e+00  0.00000e+00  9.76025e-04
     outer loop
       vertex  1.43091e-01  7.50000e-02  2.00000e+00
       vertex  1.60080e-01  3.40739e-02  2.00000e+00
       vertex  1.90788e-01  7.50000e-02  2.00000e+00
     endloop
  endfacet
  facet normal  0.00000e+00  1.39596e-03  0.00000e+00
     outer loop
       vertex  1.00000e-01  3.71545e-01  1.05000e+00
       vertex  1.00000e-01  3.71545e-01  1.00000e+00
       vertex  4.41616e-02  3.71545e-01  1.03743e+00
     endloop
  endfacet
  facet normal  5.63281e-04  3.97728e-04 -9.49273e-06
     outer loop
       vertex  2.13563e-01  1.29965e-01  1.24386e-01
       vertex  1.92950e-01  1.58966e-01  1.16361e-01
       vertex  1.99592e-01  1.50542e-01  1.57537e-01
     endloop
  endfacet
  facet normal  8.26129e-04  9.52338e-04  3.42471e-05
     outer loop
       vertex  1.43476e-01  2.04730e-01  1.89996e-01
       vertex  1.83895e-01  1.69360e-01  1.98582e-01
       vertex  1.71489e-01  1.81911e-01  1.48823e-01
     endloop
  endfacet
  facet normal -1.11522e-04 -8.95612e-04  9.72247e-06
     outer loop
       vertex -4.26382e-02 -2.46337e-01  4.44455e-01
       vertex -1.26417e-02 -2.49680e-01  4.80579e-01
       vertex -5.08523e-02 -2.44773e-01  4.94278e-01
     endloop
  endfacet
  facet normal -0.00000e+00  0.00000e+00  9.00282e-04
     outer loop
       vertex -1.90788e-01  7.50000e-02  2.00000e+00
       vertex -1.90430e-01  3.72499e-02  2.00000e+00
       vertex -1.43091e-01  7.50000e-02  2.00000e+00
     endloop
  endfacet
  facet normal -1.18680e-03  0.00000e+00 -0.00000e+00
     outer loop
       vertex -1.00000e-01  3.71545e-01  2.00000e+00
       vertex -1.00000e-01  3.71545e-01  1.95000e+00
       vertex -1.00000e-01  3.24073e-01  1.95833e+00
     endloop
  endfacet
  facet normal  0.00000e+00  1.21663e-03  0.00000e+00
     outer loop
       vertex  1.00000e-01  3.71545e-01  1.60000e+00
       vertex  1.00000e-01  3.71545e-01  1.55000e+00
       vertex  5.13349e-02  3.71545e-01  1.58111e+00
     endloop
  endfacet
  facet normal  7.52455e-04  1.01007e-03  2.49699e-05
     outer loop
       vertex  1.67478e-01  1.85610e-01  2.40161e-01
       vertex  1.43476e-01  2.04730e-01  1.89996e-01
       vertex  1.29179e-01  2.14039e-01  2.44282e-01
     endloop
  endfacet
  facet normal  6.09125e-04  5.49662e-04  1.41940e-05
     outer loop
       vertex  1.71489e-01  1.81911e-01  1.48823e-01
       vertex  1.99592e-01  1.50542e-01  1.57537e-01
       vertex  1.92950e-01  1.58966e-01  1.16361e-01
     endloop
  endfacet
  facet normal -1.18680e-03  0.00000e+00 -0.00000e+00
     outer loop
       vertex -1.00000e-01  3.71545e-01  2.50000e-01
       vertex -1.00000e-01  3.71545e-01  2.00000e-01
       vertex -1.00000e-01  3.24073e-01  2.16667e-01
     endloop
  endfacet
  facet normal -1.18680e-03 -1.38778e-18 -0.00000e+00
     outer loop
       vertex -1.00000e-01  2.29129e-01  4.50000e-01
       vertex -1.00000e-01  2.76601e-01  4.33333e-01
       vertex -1.00000e-01  2.29129e-01  4.00000e-01
     endloop
  endfacet
  facet normal  6.10290e-04  8.26090e-04 -2.70475e-05
     outer loop
       vertex  1.67478e-01  1.85610e-01  2.40161e-01
       vertex  1.29179e-01  2.14039e-01  2.44282e-01
       vertex  1.50386e-01  1.99710e-01  2.85140e-01
     endloop
  endfacet
  facet normal  0.00000e+00  1.07066e-03  0.00000e+00
     outer loop
       vertex  1.00000e-01  3.71545e-01  2.50000e-01
       vertex  1.00000e-01  3.71545e-01  2.00000e-01
       vertex  5.71737e-02  3.71545e-01  2.23220e-01
     endloop
  endfacet
  facet normal  7.21678e-04  7.96233e-04 -2.51939e-05
     outer loop
       vertex  1.85197e-01  1.67934e-01  2.78068e-01
       vertex  1.50386e-01  1.99710e-01  2.85140e-01
       vertex  1.71983e-01  1.81444e-01  3.26498e-01
     endloop
  endfacet
  facet normal  0.00000e+00  1.24451e-03  0.00000e+00
     outer loop
       vertex  1.00000e-01  3.71545e-01  6.00000e-01
       vertex  1.00000e-01  3.71545e-01  5.50000e-01
       vertex  5.02197e-02  3.71545e-01  5.83222e-01
     endloop
  endfacet
  facet normal -1.27158e-03  0.00000e+00 -0.00000e+00
     outer loop
       vertex -1.00000e-01  3.71545e-01  1.50000e-01
       vertex -1.00000e-01  3.71545e-01  1.00000e-01
       vertex -1.00000e-01  3.20682e-01  1.09524e-01
     endloop
  endfacet
  facet normal -1.18680e-03 -1.38778e-18 -0.00000e+00
     outer loop
       vertex -1.00000e-01  2.29129e-01  3.50000e-01
       vertex -1.00000e-01  2.76601e-01  3.33333e-01
       vertex -1.00000e-01  2.29129e-01  3.00000e-01
     endloop
  endfacet
  facet normal  1.18680e-03 -6.93889e-19  0.00000e+00
     outer loop
       vertex  1.00000e-01  2.29129e-01  1.15000e+00
       vertex  1.00000e-01  2.29129e-01  1.10000e+00
       vertex  1.00000e-01  2.76601e-01  1.11667e+00
     endloop
  endfacet
  facet normal -0.00000e+00  0.00000e+00  8.51402e-04
     outer loop
       vertex  9.53939e-02  7.50000e-02  2.00000e+00
       vertex  1.18368e-01  3.92995e-02  2.00000e+00
       vertex  1.43091e-01  7.50000e-02  2.00000e+00
     endloop
  endfacet
  facet normal -1.24981e-04 -9.34554e-04 -1.38702e-05
     outer loop
       vertex -5.08523e-02 -2.44773e-01  4.94278e-01
       vertex -1.26417e-02 -2.49680e-01  4.80579e-01
       vertex -2.84685e-02 -2.48374e-01  5.35169e-01
     endloop
  endfacet
  facet normal -8.03383e-04 -1.16165e-18  8.91934e-19
     outer loop
       vertex -1.00000e-01  2.29129e-01  0.00000e+00
       vertex -1.00000e-01  2.29129e-01  5.00000e-02
       vertex -1.00000e-01  2.61264e-01  4.18527e-02
     endloop
  endfacet
  facet normal  1.18680e-03 -6.93889e-19  0.00000e+00
     outer loop
       vertex  1.00000e-01  2.29129e-01  1.05000e+00
       vertex  1.00000e-01  2.29129e-01  1.00000e+00
       vertex  1.00000e-01  2.76601e-01  1.01667e+00
     endloop
  endfacet
  facet normal  0.00000e+00  1.07240e-03  0.00000e+00
     outer loop
       vertex  1.00000e-01  3.71545e-01  1.15000e+00
       vertex  1.00000e-01  3.71545e-01  1.10000e+00
       vertex  5.71041e-02  3.71545e-01  1.12500e+00
     endloop
  endfacet
  facet normal  0.00000e+00  1.21925e-03  0.00000e+00
     outer loop
       vertex  1.00000e-01  3.71545e-01  1.00000e+00
       vertex  1.00000e-01  3.71545e-01  9.50000e-01
       vertex  5.12301e-02  3.71545e-01  9.80968e-01
     endloop
  endfacet
  facet normal -1.18680e-03  0.00000e+00 -0.00000e+00
     outer loop
       vertex -1.00000e-01  3.71545e-01  1.70000e+00
       vertex -1.00000e-01  3.71545e-01  1.65000e+00
       vertex -1.00000e-01  3.24073e-01  1.66667e+00
     endloop
  endfacet
  facet normal  0.00000e+00  1.21747e-03  0.00000e+00
     outer loop
       vertex  1.00000e-01  3.71545e-01  8.50000e-01
       vertex  1.00000e-01  3.71545e-01  8.00000e-01
       vertex  5.13010e-02  3.71545e-01  8.31076e-01
     endloop
  endfacet
  facet normal -1.18680e-03  0.00000e+00 -0.00000e+00
     outer loop
       vertex -1.00000e-01  3.71545e-01  1.60000e+00
       vertex -1.00000e-01  3.71545e-01  1.55000e+00
       vertex -1.00000e-01  3.24073e-01  1.56667e+00
     endloop
  endfacet
  facet normal  1.18680e-03 -6.93889e-19  0.00000e+00
     outer loop
       vertex  1.00000e-01  2.29129e-01  1.55000e+00
       vertex  1.00000e-01  2.29129e-01  1.50000e+00
       vertex  1.00000e-01  2.76601e-01  1.51667e+00
     endloop
  endfacet
  facet normal  5.78015e-04  7.35756e-04  2.31153e-05
     outer loop
       vertex  1.71983e-01  1.81444e-01  3.26498e-01
       vertex  1.50386e-01  1.99710e-01  2.85140e-01
       vertex  1.35825e-01  2.09885e-01  3.25390e-01
     endloop
  endfacet
  facet normal  1.73472e-18  1.25000e-03 -6.93889e-18
     outer loop
       vertex  1.00000e-01  3.71545e-01  0.00000e+00
       vertex  5.00000e-02  3.71545e-01  3.75000e-02
       vertex  1.00000e-01  3.71545e-01  5.00000e-02
     endloop
  endfacet
  facet normal  5.20417e-18  9.37500e-04  1.03398e-25
     outer loop
       vertex  1.00000e-01  3.71545e-01  0.00000e+00
       vertex  5.00000e-02  3.71545e-01  0.00000e+00
       vertex  5.00000e-02  3.71545e-01  3.75000e-02
     endloop
  endfacet
  facet normal  1.18680e-03 -6.93889e-19  0.00000e+00
     outer loop
       vertex  1.00000e-01  2.29129e-01  1.00000e-01
       vertex  1.00000e-01  2.29129e-01  5.00000e-02
       vertex  1.00000e-01  2.76601e-01  6.66666e-02
     endloop
  endfacet
  facet normal  8.90103e-04 -6.93889e-19  0.00000e+00
     outer loop
       vertex  1.00000e-01  2.29129e-01  1.95000e+00
       vertex  1.00000e-01  2.29129e-01  1.90000e+00
       vertex  1.00000e-01  2.64733e-01  1.91667e+00
     endloop
  endfacet
  facet normal  7.31778e-04  9.29509e-04 -2.13340e-05
     outer loop
       vertex  1.71983e-01  1.81444e-01  3.26498e-01
       vertex  1.35825e-01  2.09885e-01  3.25390e-01
       vertex  1.48071e-01  2.01433e-01  3.77179e-01
     endloop
  endfacet
  facet normal -1.18680e-03  0.00000e+00 -0.00000e+00
     outer loop
       vertex -1.00000e-01  3.71545e-01  1.40000e+00
       vertex -1.00000e-01  3.71545e-01  1.35000e+00
       vertex -1.00000e-01  3.24073e-01  1.36667e+00
     endloop
  endfacet
  facet normal  0.00000e+00  1.21705e-03  0.00000e+00
     outer loop
       vertex  1.00000e-01  3.71545e-01  5.50000e-01
       vertex  1.00000e-01  3.71545e-01  5.00000e-01
       vertex  5.13181e-02  3.71545e-01  5.31094e-01
     endloop
  endfacet
  facet normal  1.02936e-03  3.24652e-04 -5.73862e-05
     outer loop
       vertex  2.45675e-01  4.62999e-02  4.54391e-02
       vertex  2.27085e-01  1.04559e-01  4.15629e-02
       vertex  2.38234e-01  7.57922e-02  7.88142e-02
     endloop
  endfacet
  facet normal  1.18680e-03 -6.93889e-19  0.00000e+00
     outer loop
       vertex  1.00000e-01  2.29129e-01  7.50000e-01
       vertex  1.00000e-01  2.29129e-01  7.00000e-01
       vertex  1.00000e-01  2.76601e-01  7.16667e-01
     endloop
  endfacet
  facet normal -4.24663e-05 -1.04811e-03  3.63019e-07
     outer loop
       vertex  8.08035e-03 -2.49869e-01  6.84959e-01
       vertex  8.35043e-03 -2.49861e-01  7.42190e-01
       vertex -2.84075e-02 -2.48381e-01  7.14465e-01
     endloop
  endfacet
  facet normal  1.18680e-03 -6.93889e-19  0.00000e+00
     outer loop
       vertex  1.00000e-01  2.29129e-01  1.35000e+00
       vertex  1.00000e-01  2.29129e-01  1.30000e+00
       vertex  1.00000e-01  2.76601e-01  1.31667e+00
     endloop
  endfacet
  facet normal -2.15675e-04 -9.62750e-04  3.32934e-05
     outer loop
       vertex -2.84685e-02 -2.48374e-01  5.35169e-01
       vertex -7.85241e-02 -2.37348e-01  5.29749e-01
       vertex -5.08523e-02 -2.44773e-01  4.94278e-01
     endloop
  endfacet
  facet normal -1.18680e-03  0.00000e+00 -0.00000e+00
     outer loop
       vertex -1.00000e-01  3.71545e-01  1.20000e+00
       vertex -1.00000e-01  3.71545e-01  1.15000e+00
       vertex -1.00000e-01  3.24073e-01  1.16667e+00
     endloop
  endfacet
  facet normal  1.13661e-04 -1.06563e-03 -3.06273e-05
     outer loop
       vertex  5.09319e-02 -2.44757e-01  1.00974e+00
       vertex  2.56072e-02 -2.48685e-01  1.05244e+00
       vertex  1.56810e-03 -2.49995e-01  1.00880e+00
     endloop
  endfacet
  facet normal  1.18680e-03  0.00000e+00  0.00000e+00
     outer loop
       vertex  1.00000e-01  3.71545e-01  1.85000e+00
       vertex  1.00000e-01  3.24073e-01  1.83333e+00
       vertex  1.00000e-01  3.71545e-01  1.80000e+00
     endloop
  endfacet
  facet normal  1.18680e-03 -6.93889e-19  0.00000e+00
     outer loop
       vertex  1.00000e-01  2.29129e-01  1.25000e+00
       vertex  1.00000e-01  2.29129e-01  1.20000e+00
       vertex  1.00000e-01  2.76601e-01  1.21667e+00
     endloop
  endfacet
  facet normal  2.24115e-04 -1.05412e-03 -3.09959e-05
     outer loop
       vertex  2.71981e-02 -2.48516e-01  9.65981e-01
       vertex  7.59603e-02 -2.38181e-01  9.67062e-01
       vertex  5.09319e-02 -2.44757e-01  1.00974e+00
     endloop
  endfacet
  facet normal  5.18637e-04  1.13993e-04 -9.51567e-06
     outer loop
       vertex  2.43707e-01  5.57405e-02  4.30875e-01
       vertex  2.47086e-01  3.80603e-02  4.03245e-01
       vertex  2.39728e-01  7.09249e-02  3.95936e-01
     endloop
  endfacet
  facet normal  1.18680e-03  0.00000e+00  0.00000e+00
     outer loop
       vertex  1.00000e-01  3.71545e-01  1.75000e+00
       vertex  1.00000e-01  3.24073e-01  1.73333e+00
       vertex  1.00000e-01  3.71545e-01  1.70000e+00
     endloop
  endfacet
  facet normal  1.58240e-03 -8.09537e-19 -3.29404e-19
     outer loop
       vertex  1.00000e-01  2.29129e-01  5.00000e-02
       vertex  1.00000e-01  2.76601e-01  0.00000e+00
       vertex  1.00000e-01  2.76601e-01  6.66666e-02
     endloop
  endfacet
  facet normal -1.18680e-03  0.00000e+00 -0.00000e+00
     outer loop
       vertex -1.00000e-01  3.71545e-01  1.90000e+00
       vertex -1.00000e-01  3.71545e-01  1.85000e+00
       vertex -1.00000e-01  3.24073e-01  1.86667e+00
     endloop
  endfacet
  facet normal -1.18680e-03  0.00000e+00 -0.00000e+00
     outer loop
       vertex -1.00000e-01  3.71545e-01  1.80000e+00
       vertex -1.00000e-01  3.71545e-01  1.75000e+00
       vertex -1.00000e-01  3.24073e-01  1.76667e+00
     endloop
  endfacet
  facet normal -8.90103e-04 -1.38778e-18 -0.00000e+00
     outer loop
       vertex -1.00000e-01  2.29129e-01  1.00000e-01
       vertex -1.00000e-01  2.64733e-01  7.91667e-02
       vertex -1.00000e-01  2.29129e-01  5.00000e-02
     endloop
  endfacet
  facet normal -8.45526e-04  0.00000e+00  0.00000e+00
     outer loop
       vertex -1.00000e-01  3.71545e-01  0.00000e+00
       vertex -1.00000e-01  3.37724e-01  4.79066e-02
       vertex -1.00000e-01  3.71545e-01  5.00000e-02
     endloop
  endfacet
  facet normal  1.18680e-03  0.00000e+00  0.00000e+00
     outer loop
       vertex  1.00000e-01  3.71545e-01  1.65000e+00
       vertex  1.00000e-01  3.24073e-01  1.63333e+00
       vertex  1.00000e-01  3.71545e-01  1.60000e+00
     endloop
  endfacet
  facet normal  1.18680e-03 -6.93889e-19  0.00000e+00
     outer loop
       vertex  1.00000e-01  2.29129e-01  2.50000e-01
       vertex  1.00000e-01  2.29129e-01  2.00000e-01
       vertex  1.00000e-01  2.76601e-01  2.16667e-01
     endloop
  endfacet
  facet normal  1.18680e-03 -6.93889e-19  0.00000e+00
     outer loop
       vertex  1.00000e-01  2.29129e-01  9.50000e-01
       vertex  1.00000e-01  2.29129e-01  9.00000e-01
       vertex  1.00000e-01  2.76601e-01  9.16667e-01
     endloop
  endfacet
  facet normal  1.18680e-03  0.00000e+00  0.00000e+00
     outer loop
       vertex  1.00000e-01  3.71545e-01  1.55000e+00
       vertex  1.00000e-01  3.24073e-01  1.53333e+00
       vertex  1.00000e-01  3.71545e-01  1.50000e+00
     endloop
  endfacet
  facet normal -3.63831e-04 -9.84770e-04 -2.18151e-05
     outer loop
       vertex -6.53122e-02 -2.41318e-01  5.77676e-01
       vertex -9.78088e-02 -2.30073e-01  6.12025e-01
       vertex -1.09917e-01 -2.24540e-01  5.64216e-01
     endloop
  endfacet
  facet normal  1.83263e-04 -1.36913e-03 -1.53081e-05
     outer loop
       vertex  5.58581e-02 -2.43680e-01  7.58151e-01
       vertex  8.35043e-03 -2.49861e-01  7.42190e-01
       vertex  6.16294e-02 -2.42285e-01  7.02451e-01
     endloop
  endfacet
  facet normal  1.18680e-03 -6.93889e-19  0.00000e+00
     outer loop
       vertex  1.00000e-01  2.29129e-01  1.50000e-01
       vertex  1.00000e-01  2.29129e-01  1.00000e-01
       vertex  1.00000e-01  2.76601e-01  1.16667e-01
     endloop
  endfacet
  facet normal  1.18680e-03 -6.93889e-19  0.00000e+00
     outer loop
       vertex  1.00000e-01  2.29129e-01  8.50000e-01
       vertex  1.00000e-01  2.29129e-01  8.00000e-01
       vertex  1.00000e-01  2.76601e-01  8.16667e-01
     endloop
  endfacet
  facet normal -3.75334e-04 -9.79967e-04  2.22901e-05
     outer loop
       vertex -6.53122e-02 -2.41318e-01  5.77676e-01
       vertex -1.09917e-01 -2.24540e-01  5.64216e-01
       vertex -7.85241e-02 -2.37348e-01  5.29749e-01
     endloop
  endfacet
  facet normal -1.18680e-03  0.00000e+00 -0.00000e+00
     outer loop
       vertex -1.00000e-01  3.71545e-01  5.00000e-01
       vertex -1.00000e-01  3.71545e-01  4.50000e-01
       vertex -1.00000e-01  3.24073e-01  4.66667e-01
     endloop
  endfacet
  facet normal -1.18680e-03  0.00000e+00 -0.00000e+00
     outer loop
       vertex -1.00000e-01  3.71545e-01  1.50000e+00
       vertex -1.00000e-01  3.71545e-01  1.45000e+00
       vertex -1.00000e-01  3.24073e-01  1.46667e+00
     endloop
  endfacet
  facet normal  1.18680e-03  0.00000e+00  0.00000e+00
     outer loop
       vertex  1.00000e-01  3.71545e-01  1.45000e+00
       vertex  1.00000e-01  3.24073e-01  1.43333e+00
       vertex  1.00000e-01  3.71545e-01  1.40000e+00
     endloop
  endfacet
  facet normal -1.18680e-03  0.00000e+00 -0.00000e+00
     outer loop
       vertex -1.00000e-01  3.71545e-01  1.30000e+00
       vertex -1.00000e-01  3.71545e-01  1.25000e+00
       vertex -1.00000e-01  3.24073e-01  1.26667e+00
     endloop
  endfacet
  facet normal  1.02800e-03  4.54988e-04  4.36707e-05
     outer loop
       vertex  2.27085e-01  1.04559e-01  4.15629e-02
       vertex  2.15372e-01  1.26944e-01  8.40467e-02
       vertex  2.38234e-01  7.57922e-02  7.88142e-02
     endloop
  endfacet
  facet normal  1.18680e-03  0.00000e+00  0.00000e+00
     outer loop
       vertex  1.00000e-01  3.71545e-01  1.00000e-01
       vertex  1.00000e-01  3.24073e-01  8.33333e-02
       vertex  1.00000e-01  3.71545e-01  5.00000e-02
     endloop
  endfacet
  facet normal  1.18680e-03  0.00000e+00  0.00000e+00
     outer loop
       vertex  1.00000e-01  3.71545e-01  1.35000e+00
       vertex  1.00000e-01  3.24073e-01  1.33333e+00
       vertex  1.00000e-01  3.71545e-01  1.30000e+00
     endloop
  endfacet
  facet normal  1.18680e-03 -6.93889e-19  0.00000e+00
     outer loop
       vertex  1.00000e-01  2.29129e-01  6.50000e-01
       vertex  1.00000e-01  2.29129e-01  6.00000e-01
       vertex  1.00000e-01  2.76601e-01  6.16667e-01
     endloop
  endfacet
  facet normal  0.00000e+00  9.37500e-04  0.00000e+00
     outer loop
       vertex  5.00000e-02  3.71545e-01  0.00000e+00
       vertex  0.00000e+00  3.71545e-01  0.00000e+00
       vertex  5.00000e-02  3.71545e-01  3.75000e-02
     endloop
  endfacet
  facet normal  5.50017e-04  9.96258e-04 -2.94486e-05
     outer loop
       vertex  1.00000e-01  2.29129e-01  7.50000e-01
       vertex  1.36540e-01  2.09420e-01  7.65717e-01
       vertex  1.47258e-01  2.02027e-01  7.15797e-01
     endloop
  endfacet
  facet normal  1.31480e-03  0.00000e+00  0.00000e+00
     outer loop
       vertex  1.00000e-01  3.71545e-01  1.90000e+00
       vertex  1.00000e-01  3.18953e-01  1.89327e+00
       vertex  1.00000e-01  3.71545e-01  1.85000e+00
     endloop
  endfacet
  facet normal -1.60312e-04 -1.00716e-03  2.91147e-05
     outer loop
       vertex -1.47578e-02 -2.49564e-01  3.94339e-01
       vertex -6.37413e-02 -2.41738e-01  3.95365e-01
       vertex -3.40495e-02 -2.47670e-01  3.53621e-01
     endloop
  endfacet
  facet normal -1.18680e-03  0.00000e+00 -0.00000e+00
     outer loop
       vertex -1.00000e-01  3.71545e-01  1.10000e+00
       vertex -1.00000e-01  3.71545e-01  1.05000e+00
       vertex -1.00000e-01  3.24073e-01  1.06667e+00
     endloop
  endfacet
  facet normal  0.00000e+00  9.37500e-04  0.00000e+00
     outer loop
       vertex  0.00000e+00  3.71545e-01  0.00000e+00
       vertex -5.00000e-02  3.71545e-01  0.00000e+00
       vertex -5.00000e-02  3.71545e-01  3.75000e-02
     endloop
  endfacet
  facet normal -4.56365e-04 -9.44274e-04  1.97901e-05
     outer loop
       vertex -1.28220e-01 -2.14615e-01  6.48288e-01
       vertex -9.78088e-02 -2.30073e-01  6.12025e-01
       vertex -8.62196e-02 -2.34662e-01  6.60305e-01
     endloop
  endfacet
  facet normal -1.18680e-03  0.00000e+00 -0.00000e+00
     outer loop
       vertex -1.00000e-01  3.71545e-01  1.00000e+00
       vertex -1.00000e-01  3.71545e-01  9.50000e-01
       vertex -1.00000e-01  3.24073e-01  9.66667e-01
     endloop
  endfacet
  facet normal  1.18680e-03  0.00000e+00  0.00000e+00
     outer loop
       vertex  1.00000e-01  3.71545e-01  1.25000e+00
       vertex  1.00000e-01  3.24073e-01  1.23333e+00
       vertex  1.00000e-01  3.71545e-01  1.20000e+00
     endloop
  endfacet
  facet normal  7.00073e-04  5.00782e-04 -1.04910e-05
     outer loop
       vertex  2.15372e-01  1.26944e-01  8.40467e-02
       vertex  1.89106e-01  1.63520e-01  7.72320e-02
       vertex  1.92950e-01  1.58966e-01  1.16361e-01
     endloop
  endfacet
  facet normal -1.18680e-03  0.00000e+00 -0.00000e+00
     outer loop
       vertex -1.00000e-01  3.71545e-01  9.00000e-01
       vertex -1.00000e-01  3.71545e-01  8.50000e-01
       vertex -1.00000e-01  3.24073e-01  8.66667e-01
     endloop
  endfacet
  facet normal  1.18680e-03 -6.93889e-19  0.00000e+00
     outer loop
       vertex  1.00000e-01  2.29129e-01  4.50000e-01
       vertex  1.00000e-01  2.29129e-01  4.00000e-01
       vertex  1.00000e-01  2.76601e-01  4.16667e-01
     endloop
  endfacet
  facet normal  1.18680e-03 -6.93889e-19  0.00000e+00
     outer loop
       vertex  1.00000e-01  2.29129e-01  5.50000e-01
       vertex  1.00000e-01  2.29129e-01  5.00000e-01
       vertex  1.00000e-01  2.76601e-01  5.16667e-01
     endloop
  endfacet
  facet normal  3.15185e-04 -1.01386e-03  2.91721e-05
     outer loop
       vertex  5.06497e-02 -2.44815e-01  9.24721e-01
       vertex  7.49183e-02 -2.38510e-01  8.81642e-01
       vertex  9.72798e-02 -2.30297e-01  9.25501e-01
     endloop
  endfacet
  facet normal  1.18680e-03  0.00000e+00  0.00000e+00
     outer loop
       vertex  1.00000e-01  3.71545e-01  1.15000e+00
       vertex  1.00000e-01  3.24073e-01  1.13333e+00
       vertex  1.00000e-01  3.71545e-01  1.10000e+00
     endloop
  endfacet
  facet normal  6.46250e-04  6.17023e-04 -8.87393e-06
     outer loop
       vertex  1.92950e-01  1.58966e-01  1.16361e-01
       vertex  1.66105e-01  1.86840e-01  9.94655e-02
       vertex  1.71489e-01  1.81911e-01  1.48823e-01
     endloop
  endfacet
  facet normal -1.18680e-03  0.00000e+00 -0.00000e+00
     outer loop
       vertex -1.00000e-01  3.71545e-01  7.00000e-01
       vertex -1.00000e-01  3.71545e-01  6.50000e-01
       vertex -1.00000e-01  3.24073e-01  6.66667e-01
     endloop
  endfacet
  facet normal -1.18680e-03  0.00000e+00 -0.00000e+00
     outer loop
       vertex -1.00000e-01  3.71545e-01  6.00000e-01
       vertex -1.00000e-01  3.71545e-01  5.50000e-01
       vertex -1.00000e-01  3.24073e-01  5.66667e-01
     endloop
  endfacet
  facet normal  1.18680e-03 -6.93889e-19  0.00000e+00
     outer loop
       vertex  1.00000e-01  2.29129e-01  3.50000e-01
       vertex  1.00000e-01  2.29129e-01  3.00000e-01
       vertex  1.00000e-01  2.76601e-01  3.16667e-01
     endloop
  endfacet
  facet normal  2.12917e-04 -1.02249e-03  2.99756e-05
     outer loop
       vertex  5.23144e-02 -2.44465e-01  8.39080e-01
       vertex  7.49183e-02 -2.38510e-01  8.81642e-01
       vertex  2.66391e-02 -2.48577e-01  8.81204e-01
     endloop
  endfacet
  facet normal  1.18680e-03  0.00000e+00  0.00000e+00
     outer loop
       vertex  1.00000e-01  3.71545e-01  1.05000e+00
       vertex  1.00000e-01  3.24073e-01  1.03333e+00
       vertex  1.00000e-01  3.71545e-01  1.00000e+00
     endloop
  endfacet
  facet normal  2.18202e-04 -1.04523e-03 -3.00535e-05
     outer loop
       vertex  2.66391e-02 -2.48577e-01  8.81204e-01
       vertex  7.49183e-02 -2.38510e-01  8.81642e-01
       vertex  5.06497e-02 -2.44815e-01  9.24721e-01
     endloop
  endfacet
  facet normal -1.18680e-03  0.00000e+00 -0.00000e+00
     outer loop
       vertex -1.00000e-01  3.71545e-01  4.00000e-01
       vertex -1.00000e-01  3.71545e-01  3.50000e-01
       vertex -1.00000e-01  3.24073e-01  3.66667e-01
     endloop
  endfacet
  facet normal  1.18680e-03  0.00000e+00  0.00000e+00
     outer loop
       vertex  1.00000e-01  3.71545e-01  9.50000e-01
       vertex  1.00000e-01  3.24073e-01  9.33333e-01
       vertex  1.00000e-01  3.71545e-01  9.00000e-01
     endloop
  endfacet
  facet normal  2.28256e-04 -1.03875e-03 -3.03926e-05
     outer loop
       vertex  7.73487e-02 -2.37733e-01  7.97020e-01
       vertex  5.23144e-02 -2.44465e-01  8.39080e-01
       vertex  2.89605e-02 -2.48317e-01  7.95330e-01
     endloop
  endfacet
  facet normal -1.18680e-03  0.00000e+00 -0.00000e+00
     outer loop
       vertex -1.00000e-01  3.71545e-01  2.00000e-01
       vertex -1.00000e-01  3.71545e-01  1.50000e-01
       vertex -1.00000e-01  3.24073e-01  1.66667e-01
     endloop
  endfacet
  facet normal -1.18680e-03  0.00000e+00 -0.00000e+00
     outer loop
       vertex -1.00000e-01  3.71545e-01  8.00000e-01
       vertex -1.00000e-01  3.71545e-01  7.50000e-01
       vertex -1.00000e-01  3.24073e-01  7.66667e-01
     endloop
  endfacet
  facet normal  1.18680e-03  0.00000e+00  0.00000e+00
     outer loop
       vertex  1.00000e-01  3.71545e-01  8.50000e-01
       vertex  1.00000e-01  3.24073e-01  8.33333e-01
       vertex  1.00000e-01  3.71545e-01  8.00000e-01
     endloop
  endfacet
  facet normal  1.18680e-03  0.00000e+00  0.00000e+00
     outer loop
       vertex  1.00000e-01  3.71545e-01  1.70000e+00
       vertex  1.00000e-01  3.24073e-01  1.68333e+00
       vertex  1.00000e-01  3.71545e-01  1.65000e+00
     endloop
  endfacet
  facet normal  1.19638e-04 -1.05888e-03 -3.04307e-05
     outer loop
       vertex  5.23144e-02 -2.44465e-01  8.39080e-01
       vertex  2.66391e-02 -2.48577e-01  8.81204e-01
       vertex  3.06557e-03 -2.49981e-01  8.37398e-01
     endloop
  endfacet
  facet normal  1.51902e-04 -1.09781e-03 -2.70256e-05
     outer loop
       vertex  5.58581e-02 -2.43680e-01  7.58151e-01
       vertex  2.89605e-02 -2.48317e-01  7.95330e-01
       vertex  8.35043e-03 -2.49861e-01  7.42190e-01
     endloop
  endfacet
  facet normal  1.18680e-03  0.00000e+00  0.00000e+00
     outer loop
       vertex  1.00000e-01  3.71545e-01  1.60000e+00
       vertex  1.00000e-01  3.24073e-01  1.58333e+00
       vertex  1.00000e-01  3.71545e-01  1.55000e+00
     endloop
  endfacet
  facet normal  1.17423e-04 -1.05766e-03  3.04370e-05
     outer loop
       vertex  5.23144e-02 -2.44465e-01  8.39080e-01
       vertex  3.06557e-03 -2.49981e-01  8.37398e-01
       vertex  2.89605e-02 -2.48317e-01  7.95330e-01
     endloop
  endfacet
  facet normal  2.08877e-05 -1.29851e-03  2.96174e-05
     outer loop
       vertex  2.89605e-02 -2.48317e-01  7.95330e-01
       vertex -2.05693e-02 -2.49152e-01  7.93632e-01
       vertex  8.35043e-03 -2.49861e-01  7.42190e-01
     endloop
  endfacet
  facet normal  2.00662e-04 -9.22247e-04  3.01458e-05
     outer loop
       vertex  7.73487e-02 -2.37733e-01  7.97020e-01
       vertex  2.89605e-02 -2.48317e-01  7.95330e-01
       vertex  5.58581e-02 -2.43680e-01  7.58151e-01
     endloop
  endfacet
  facet normal -6.06719e-04  7.66530e-04 -3.01856e-05
     outer loop
       vertex -1.73802e-01  1.79702e-01  1.52511e+00
       vertex -1.52558e-01  1.98056e-01  1.56419e+00
       vertex -1.34851e-01  2.10512e-01  1.52459e+00
     endloop
  endfacet
  facet normal  1.18680e-03  0.00000e+00  0.00000e+00
     outer loop
       vertex  1.00000e-01  3.71545e-01  7.50000e-01
       vertex  1.00000e-01  3.24073e-01  7.33333e-01
       vertex  1.00000e-01  3.71545e-01  7.00000e-01
     endloop
  endfacet
  facet normal -2.59713e-04 -9.28501e-04 -1.36772e-05
     outer loop
       vertex -5.08523e-02 -2.44773e-01  4.94278e-01
       vertex -8.59434e-02 -2.34763e-01  4.81047e-01
       vertex -4.26382e-02 -2.46337e-01  4.44455e-01
     endloop
  endfacet
  facet normal  1.18680e-03  0.00000e+00  0.00000e+00
     outer loop
       vertex  1.00000e-01  3.71545e-01  1.40000e+00
       vertex  1.00000e-01  3.24073e-01  1.38333e+00
       vertex  1.00000e-01  3.71545e-01  1.35000e+00
     endloop
  endfacet
  facet normal  9.65175e-04  5.74040e-04 -3.63783e-05
     outer loop
       vertex  2.27085e-01  1.04559e-01  4.15629e-02
       vertex  2.00195e-01  1.49740e-01  4.10771e-02
       vertex  2.15372e-01  1.26944e-01  8.40467e-02
     endloop
  endfacet
  facet normal  1.89860e-05 -1.06379e-03 -3.03989e-05
     outer loop
       vertex  2.89605e-02 -2.48317e-01  7.95330e-01
       vertex  3.06557e-03 -2.49981e-01  8.37398e-01
       vertex -2.05693e-02 -2.49152e-01  7.93632e-01
     endloop
  endfacet
  facet normal  7.08163e-04  5.12610e-04  2.18129e-05
     outer loop
       vertex  2.15372e-01  1.26944e-01  8.40467e-02
       vertex  2.00195e-01  1.49740e-01  4.10771e-02
       vertex  1.89106e-01  1.63520e-01  7.72320e-02
     endloop
  endfacet
  facet normal  1.18680e-03  0.00000e+00  0.00000e+00
     outer loop
       vertex  1.00000e-01  3.71545e-01  6.50000e-01
       vertex  1.00000e-01  3.24073e-01  6.33333e-01
       vertex  1.00000e-01  3.71545e-01  6.00000e-01
     endloop
  endfacet
  facet normal  1.18680e-03  0.00000e+00  0.00000e+00
     outer loop
       vertex  1.00000e-01  3.71545e-01  1.20000e+00
       vertex  1.00000e-01  3.24073e-01  1.18333e+00
       vertex  1.00000e-01  3.71545e-01  1.15000e+00
     endloop
  endfacet
  facet normal -1.18680e-03  0.00000e+00 -0.00000e+00
     outer loop
       vertex -1.00000e-01  3.71545e-01  3.00000e-01
       vertex -1.00000e-01  3.71545e-01  2.50000e-01
       vertex -1.00000e-01  3.24073e-01  2.66667e-01
     endloop
  endfacet
  facet normal  1.18680e-03  0.00000e+00  0.00000e+00
     outer loop
       vertex  1.00000e-01  3.71545e-01  1.10000e+00
       vertex  1.00000e-01  3.24073e-01  1.08333e+00
       vertex  1.00000e-01  3.71545e-01  1.05000e+00
     endloop
  endfacet
  facet normal  1.18680e-03  0.00000e+00  0.00000e+00
     outer loop
       vertex  1.00000e-01  3.71545e-01  5.50000e-01
       vertex  1.00000e-01  3.24073e-01  5.33333e-01
       vertex  1.00000e-01  3.71545e-01  5.00000e-01
     endloop
  endfacet
  facet normal  5.06853e-04  4.92727e-04  7.55411e-06
     outer loop
       vertex  1.92950e-01  1.58966e-01  1.16361e-01
       vertex  1.89106e-01  1.63520e-01  7.72320e-02
       vertex  1.66105e-01  1.86840e-01  9.94655e-02
     endloop
  endfacet
  facet normal  7.37691e-06 -1.07079e-03  3.03623e-05
     outer loop
       vertex  3.06557e-03 -2.49981e-01  8.37398e-01
       vertex  2.66391e-02 -2.48577e-01  8.81204e-01
       vertex -2.28781e-02 -2.48951e-01  8.80034e-01
     endloop
  endfacet
  facet normal  1.18680e-03  0.00000e+00  0.00000e+00
     outer loop
       vertex  1.00000e-01  3.71545e-01  4.50000e-01
       vertex  1.00000e-01  3.24073e-01  4.33333e-01
       vertex  1.00000e-01  3.71545e-01  4.00000e-01
     endloop
  endfacet
  facet normal -7.40891e-05 -9.89255e-04  2.12760e-05
     outer loop
       vertex -2.05693e-02 -2.49152e-01  7.93632e-01
       vertex  3.06557e-03 -2.49981e-01  8.37398e-01
       vertex -4.08439e-02 -2.46641e-01  8.39800e-01
     endloop
  endfacet
  facet normal  1.18680e-03  0.00000e+00  0.00000e+00
     outer loop
       vertex  1.00000e-01  3.71545e-01  8.00000e-01
       vertex  1.00000e-01  3.24073e-01  7.83333e-01
       vertex  1.00000e-01  3.71545e-01  7.50000e-01
     endloop
  endfacet
  facet normal  4.10046e-04 -9.88338e-04 -3.06217e-05
     outer loop
       vertex  1.18194e-01 -2.20296e-01  1.31107e+00
       vertex  9.54832e-02 -2.31048e-01  1.35398e+00
       vertex  7.23536e-02 -2.39301e-01  1.31065e+00
     endloop
  endfacet
  facet normal  1.18680e-03  0.00000e+00  0.00000e+00
     outer loop
       vertex  1.00000e-01  3.71545e-01  3.50000e-01
       vertex  1.00000e-01  3.24073e-01  3.33333e-01
       vertex  1.00000e-01  3.71545e-01  3.00000e-01
     endloop
  endfacet
  facet normal -6.99695e-05 -9.04901e-04 -2.07106e-05
     outer loop
       vertex -4.08439e-02 -2.46641e-01  8.39800e-01
       vertex  3.06557e-03 -2.49981e-01  8.37398e-01
       vertex -2.28781e-02 -2.48951e-01  8.80034e-01
     endloop
  endfacet
  facet normal -8.45526e-04  0.00000e+00 -0.00000e+00
     outer loop
       vertex -1.00000e-01  3.71545e-01  1.00000e-01
       vertex -1.00000e-01  3.71545e-01  5.00000e-02
       vertex -1.00000e-01  3.37724e-01  4.79066e-02
     endloop
  endfacet
  facet normal  1.18680e-03  0.00000e+00  0.00000e+00
     outer loop
       vertex  1.00000e-01  3.71545e-01  1.80000e+00
       vertex  1.00000e-01  3.24073e-01  1.78333e+00
       vertex  1.00000e-01  3.71545e-01  1.75000e+00
     endloop
  endfacet
  facet normal -2.26659e-04 -8.05408e-04 -8.21404e-06
     outer loop
       vertex -7.85241e-02 -2.37348e-01  5.29749e-01
       vertex -8.59434e-02 -2.34763e-01  4.81047e-01
       vertex -5.08523e-02 -2.44773e-01  4.94278e-01
     endloop
  endfacet
  facet normal  1.18680e-03  0.00000e+00  0.00000e+00
     outer loop
       vertex  1.00000e-01  3.71545e-01  2.50000e-01
       vertex  1.00000e-01  3.24073e-01  2.33333e-01
       vertex  1.00000e-01  3.71545e-01  2.00000e-01
     endloop
  endfacet
  facet normal  1.18680e-03  0.00000e+00  0.00000e+00
     outer loop
       vertex  1.00000e-01  3.71545e-01  5.00000e-01
       vertex  1.00000e-01  3.24073e-01  4.83333e-01
       vertex  1.00000e-01  3.71545e-01  4.50000e-01
     endloop
  endfacet
  facet normal -4.07496e-04 -9.61385e-04  1.93951e-05
     outer loop
       vertex -1.17389e-01 -2.20726e-01  6.96222e-01
       vertex -8.62196e-02 -2.34662e-01  6.60305e-01
       vertex -7.46175e-02 -2.38605e-01  7.08624e-01
     endloop
  endfacet
  facet normal  9.89003e-04 -2.89121e-19 -3.29404e-19
     outer loop
       vertex  1.00000e-01  3.71545e-01  0.00000e+00
       vertex  1.00000e-01  3.24073e-01  4.16667e-02
       vertex  1.00000e-01  3.24073e-01  0.00000e+00
     endloop
  endfacet
  facet normal  1.18680e-03  0.00000e+00  0.00000e+00
     outer loop
       vertex  1.00000e-01  3.71545e-01  2.00000e-01
       vertex  1.00000e-01  3.24073e-01  1.83333e-01
       vertex  1.00000e-01  3.71545e-01  1.50000e-01
     endloop
  endfacet
  facet normal  1.18680e-03  0.00000e+00  0.00000e+00
     outer loop
       vertex  1.00000e-01  3.71545e-01  3.00000e-01
       vertex  1.00000e-01  3.24073e-01  2.83333e-01
       vertex  1.00000e-01  3.71545e-01  2.50000e-01
     endloop
  endfacet
  facet normal  1.18680e-03  0.00000e+00  0.00000e+00
     outer loop
       vertex  1.00000e-01  3.71545e-01  1.50000e+00
       vertex  1.00000e-01  3.24073e-01  1.48333e+00
       vertex  1.00000e-01  3.71545e-01  1.45000e+00
     endloop
  endfacet
  facet normal  9.89003e-04  0.00000e+00 -3.29404e-19
     outer loop
       vertex  1.00000e-01  2.76601e-01  0.00000e+00
       vertex  1.00000e-01  3.24073e-01  0.00000e+00
       vertex  1.00000e-01  3.24073e-01  4.16667e-02
     endloop
  endfacet
  facet normal -4.15363e-04 -9.57998e-04 -2.23327e-05
     outer loop
       vertex -7.85241e-02 -2.37348e-01  5.29749e-01
       vertex -1.09917e-01 -2.24540e-01  5.64216e-01
       vertex -1.22153e-01 -2.18125e-01  5.16617e-01
     endloop
  endfacet
  facet normal -4.51110e-04 -1.01368e-03  1.49264e-05
     outer loop
       vertex -7.85241e-02 -2.37348e-01  5.29749e-01
       vertex -1.22153e-01 -2.18125e-01  5.16617e-01
       vertex -8.59434e-02 -2.34763e-01  4.81047e-01
     endloop
  endfacet
  facet normal -5.10935e-04 -9.30057e-04  2.17713e-05
     outer loop
       vertex -1.09917e-01 -2.24540e-01  5.64216e-01
       vertex -9.78088e-02 -2.30073e-01  6.12025e-01
       vertex -1.39656e-01 -2.07355e-01  6.00416e-01
     endloop
  endfacet
  facet normal  1.18680e-03  0.00000e+00  0.00000e+00
     outer loop
       vertex  1.00000e-01  3.71545e-01  1.30000e+00
       vertex  1.00000e-01  3.24073e-01  1.28333e+00
       vertex  1.00000e-01  3.71545e-01  1.25000e+00
     endloop
  endfacet
  facet normal  1.04794e-03  0.00000e+00  0.00000e+00
     outer loop
       vertex  1.00000e-01  3.71545e-01  1.95000e+00
       vertex  1.00000e-01  3.29627e-01  1.94395e+00
       vertex  1.00000e-01  3.71545e-01  1.90000e+00
     endloop
  endfacet
  facet normal  7.02420e-04  6.57264e-04 -3.50824e-05
     outer loop
       vertex  2.00195e-01  1.49740e-01  4.10771e-02
       vertex  1.63212e-01  1.89372e-01  4.31133e-02
       vertex  1.89106e-01  1.63520e-01  7.72320e-02
     endloop
  endfacet
  facet normal -5.01625e-04 -9.35276e-04 -2.20024e-05
     outer loop
       vertex -1.39656e-01 -2.07355e-01  6.00416e-01
       vertex -9.78088e-02 -2.30073e-01  6.12025e-01
       vertex -1.28220e-01 -2.14615e-01  6.48288e-01
     endloop
  endfacet
  facet normal  3.08035e-04 -1.01964e-03  2.97875e-05
     outer loop
       vertex  7.23536e-02 -2.39301e-01  1.31065e+00
       vertex  9.54832e-02 -2.31048e-01  1.35398e+00
       vertex  4.84163e-02 -2.45267e-01  1.35397e+00
     endloop
  endfacet
  facet normal  6.85201e-04  6.80236e-04 -4.60836e-06
     outer loop
       vertex  1.66105e-01  1.86840e-01  9.94655e-02
       vertex  1.89106e-01  1.63520e-01  7.72320e-02
       vertex  1.63212e-01  1.89372e-01  4.31133e-02
     endloop
  endfacet
  facet normal  1.18680e-03  0.00000e+00  0.00000e+00
     outer loop
       vertex  1.00000e-01  3.71545e-01  1.00000e+00
       vertex  1.00000e-01  3.24073e-01  9.83333e-01
       vertex  1.00000e-01  3.71545e-01  9.50000e-01
     endloop
  endfacet
  facet normal  1.18680e-03  0.00000e+00  0.00000e+00
     outer loop
       vertex  1.00000e-01  3.71545e-01  9.00000e-01
       vertex  1.00000e-01  3.24073e-01  8.83333e-01
       vertex  1.00000e-01  3.71545e-01  8.50000e-01
     endloop
  endfacet
  facet normal  1.18680e-03  0.00000e+00  0.00000e+00
     outer loop
       vertex  1.00000e-01  3.71545e-01  7.00000e-01
       vertex  1.00000e-01  3.24073e-01  6.83333e-01
       vertex  1.00000e-01  3.71545e-01  6.50000e-01
     endloop
  endfacet
  facet normal  0.00000e+00  0.00000e+00  1.35123e-03
     outer loop
       vertex -2.38485e-01  7.50000e-02  2.00000e+00
       vertex -2.48572e-01  2.66871e-02  2.00000e+00
       vertex -1.90430e-01  3.72499e-02  2.00000e+00
     endloop
  endfacet
  facet normal  2.06738e-04 -1.04817e-03 -3.01150e-05
     outer loop
       vertex  2.39396e-02 -2.48851e-01  1.31069e+00
       vertex  7.23536e-02 -2.39301e-01  1.31065e+00
       vertex  4.84163e-02 -2.45267e-01  1.35397e+00
     endloop
  endfacet
  facet normal  1.18680e-03  0.00000e+00  0.00000e+00
     outer loop
       vertex  1.00000e-01  3.71545e-01  6.00000e-01
       vertex  1.00000e-01  3.24073e-01  5.83333e-01
       vertex  1.00000e-01  3.71545e-01  5.50000e-01
     endloop
  endfacet
  facet normal  1.18680e-03  0.00000e+00  0.00000e+00
     outer loop
       vertex  1.00000e-01  3.71545e-01  4.00000e-01
       vertex  1.00000e-01  3.24073e-01  3.83333e-01
       vertex  1.00000e-01  3.71545e-01  3.50000e-01
     endloop
  endfacet
  facet normal  1.11244e-04 -1.07354e-03  3.14072e-05
     outer loop
       vertex  2.66391e-02 -2.48577e-01  8.81204e-01
       vertex  5.06497e-02 -2.44815e-01  9.24721e-01
       vertex  8.61789e-04 -2.49999e-01  9.23907e-01
     endloop
  endfacet
  facet normal  0.00000e+00  0.00000e+00  9.55236e-04
     outer loop
       vertex  2.38485e-01  7.50000e-02  2.00000e+00
       vertex  2.07055e-01  3.06813e-02  2.00000e+00
       vertex  2.48404e-01  2.82012e-02  2.00000e+00
     endloop
  endfacet
  facet normal  1.18680e-03  0.00000e+00 -0.00000e+00
     outer loop
       vertex  1.00000e-01  3.71545e-01  0.00000e+00
       vertex  1.00000e-01  3.71545e-01  5.00000e-02
       vertex  1.00000e-01  3.24073e-01  4.16667e-02
     endloop
  endfacet
  facet normal  1.18680e-03  0.00000e+00  0.00000e+00
     outer loop
       vertex  1.00000e-01  3.71545e-01  1.50000e-01
       vertex  1.00000e-01  3.24073e-01  1.33333e-01
       vertex  1.00000e-01  3.71545e-01  1.00000e-01
     endloop
  endfacet
  facet normal  8.82410e-06 -1.07234e-03 -3.03784e-05
     outer loop
       vertex -2.28781e-02 -2.48951e-01  8.80034e-01
       vertex  2.66391e-02 -2.48577e-01  8.81204e-01
       vertex  8.61789e-04 -2.49999e-01  9.23907e-01
     endloop
  endfacet
  facet normal -1.45989e-06 -1.05610e-03  2.86641e-05
     outer loop
       vertex -1.15847e-04 -2.50000e-01  1.26714e+00
       vertex  2.39396e-02 -2.48851e-01  1.31069e+00
       vertex -2.46044e-02 -2.48786e-01  1.31060e+00
     endloop
  endfacet
  facet normal -1.05944e-04 -1.06044e-03  3.05315e-05
     outer loop
       vertex -2.49667e-02 -2.48750e-01  1.22431e+00
       vertex -1.15847e-04 -2.50000e-01  1.26714e+00
       vertex -4.94425e-02 -2.45062e-01  1.26748e+00
     endloop
  endfacet
  facet normal -2.17342e-04 -1.04301e-03 -2.62227e-05
     outer loop
       vertex -5.36501e-02 -2.44175e-01  7.56417e-01
       vertex -7.46175e-02 -2.38605e-01  7.08624e-01
       vertex -2.84075e-02 -2.48381e-01  7.14465e-01
     endloop
  endfacet
  facet normal -1.07116e-04 -1.06793e-03 -3.05273e-05
     outer loop
       vertex -4.94425e-02 -2.45062e-01  1.26748e+00
       vertex -1.15847e-04 -2.50000e-01  1.26714e+00
       vertex -2.46044e-02 -2.48786e-01  1.31060e+00
     endloop
  endfacet
  facet normal -2.11623e-04 -1.04730e-03  3.05883e-05
     outer loop
       vertex -4.94293e-02 -2.45065e-01  1.18125e+00
       vertex -2.49667e-02 -2.48750e-01  1.22431e+00
       vertex -7.35878e-02 -2.38924e-01  1.22435e+00
     endloop
  endfacet
  facet normal -2.11995e-04 -1.04888e-03 -3.05884e-05
     outer loop
       vertex -7.35878e-02 -2.38924e-01  1.22435e+00
       vertex -2.49667e-02 -2.48750e-01  1.22431e+00
       vertex -4.94425e-02 -2.45062e-01  1.26748e+00
     endloop
  endfacet
  facet normal -5.20040e-04  9.42003e-04  2.88253e-05
     outer loop
       vertex -1.35704e-01  2.09963e-01  1.43220e+00
       vertex -1.46633e-01  2.02482e-01  1.47952e+00
       vertex -1.00000e-01  2.29129e-01  1.45000e+00
     endloop
  endfacet
  facet normal -5.67893e-04  9.66436e-04 -5.44589e-05
     outer loop
       vertex -1.53363e-01  1.97433e-01  1.39399e+00
       vertex -1.35704e-01  2.09963e-01  1.43220e+00
       vertex -1.00000e-01  2.29129e-01  1.40000e+00
     endloop
  endfacet
  facet normal -7.41434e-04  1.23160e-03 -5.87012e-05
     outer loop
       vertex -1.53674e-01  1.97191e-01  1.30785e+00
       vertex -1.33178e-01  2.11574e-01  1.35075e+00
       vertex -1.00000e-01  2.29129e-01  1.30000e+00
     endloop
  endfacet
  facet normal -7.27775e-04  1.21439e-03  5.74174e-05
     outer loop
       vertex -1.33178e-01  2.11574e-01  1.35075e+00
       vertex -1.53363e-01  1.97433e-01  1.39399e+00
       vertex -1.00000e-01  2.29129e-01  1.40000e+00
     endloop
  endfacet
  facet normal -5.61631e-04 -9.02385e-04  2.27640e-05
     outer loop
       vertex -1.22153e-01 -2.18125e-01  5.16617e-01
       vertex -1.09917e-01 -2.24540e-01  5.64216e-01
       vertex -1.50849e-01 -1.99361e-01  5.52486e-01
     endloop
  endfacet
  facet normal  1.02378e-04 -1.05631e-03  2.95786e-05
     outer loop
       vertex -4.08428e-04 -2.50000e-01  1.35395e+00
       vertex  2.39396e-02 -2.48851e-01  1.31069e+00
       vertex  4.84163e-02 -2.45267e-01  1.35397e+00
     endloop
  endfacet
  facet normal -4.43742e-04 -9.41538e-04 -1.97614e-05
     outer loop
       vertex -1.28220e-01 -2.14615e-01  6.48288e-01
       vertex -8.62196e-02 -2.34662e-01  6.60305e-01
       vertex -1.17389e-01 -2.20726e-01  6.96222e-01
     endloop
  endfacet
  facet normal  3.05824e-04 -1.01226e-03 -2.97753e-05
     outer loop
       vertex  4.84163e-02 -2.45267e-01  1.35397e+00
       vertex  9.54832e-02 -2.31048e-01  1.35398e+00
       vertex  7.27804e-02 -2.39172e-01  1.39699e+00
     endloop
  endfacet
  facet normal -5.56538e-04 -9.15285e-04 -2.27037e-05
     outer loop
       vertex -1.50849e-01 -1.99361e-01  5.52486e-01
       vertex -1.09917e-01 -2.24540e-01  5.64216e-01
       vertex -1.39656e-01 -2.07355e-01  6.00416e-01
     endloop
  endfacet
  facet normal -1.35493e-06 -1.05098e-03 -2.86661e-05
     outer loop
       vertex -2.46044e-02 -2.48786e-01  1.31060e+00
       vertex  2.39396e-02 -2.48851e-01  1.31069e+00
       vertex -4.08428e-04 -2.50000e-01  1.35395e+00
     endloop
  endfacet
  facet normal -6.06642e-04 -8.83225e-04 -2.32684e-05
     outer loop
       vertex -1.22153e-01 -2.18125e-01  5.16617e-01
       vertex -1.50849e-01 -1.99361e-01  5.52486e-01
       vertex -1.61812e-01 -1.90570e-01  5.04633e-01
     endloop
  endfacet
  facet normal -8.93342e-05 -1.12095e-03  5.86131e-05
     outer loop
       vertex -2.84075e-02 -2.48381e-01  7.14465e-01
       vertex  8.35043e-03 -2.49861e-01  7.42190e-01
       vertex -5.36501e-02 -2.44175e-01  7.56417e-01
     endloop
  endfacet
  facet normal -5.33496e-04 -1.12400e-03 -1.73378e-05
     outer loop
       vertex -8.59434e-02 -2.34763e-01  4.81047e-01
       vertex -1.22153e-01 -2.18125e-01  5.16617e-01
       vertex -1.29862e-01 -2.13625e-01  4.62107e-01
     endloop
  endfacet
  facet normal -6.37124e-04 -8.55715e-04  2.24296e-05
     outer loop
       vertex -1.39656e-01 -2.07355e-01  6.00416e-01
       vertex -1.28220e-01 -2.14615e-01  6.48288e-01
       vertex -1.66872e-01 -1.86155e-01  6.36141e-01
     endloop
  endfacet
  facet normal -6.86624e-04 -8.23871e-04  2.29228e-05
     outer loop
       vertex -1.39656e-01 -2.07355e-01  6.00416e-01
       vertex -1.76887e-01 -1.76666e-01  5.88200e-01
       vertex -1.50849e-01 -1.99361e-01  5.52486e-01
     endloop
  endfacet
  facet normal -7.24062e-04 -1.03471e-03  1.69846e-05
     outer loop
       vertex -1.22153e-01 -2.18125e-01  5.16617e-01
       vertex -1.61812e-01 -1.90570e-01  5.04633e-01
       vertex -1.29862e-01 -2.13625e-01  4.62107e-01
     endloop
  endfacet
  facet normal -6.31188e-04 -8.66725e-04 -2.22507e-05
     outer loop
       vertex -1.66872e-01 -1.86155e-01  6.36141e-01
       vertex -1.28220e-01 -2.14615e-01  6.48288e-01
       vertex -1.56682e-01 -1.94809e-01  6.84191e-01
     endloop
  endfacet
  facet normal -6.77672e-04 -8.31277e-04 -2.29641e-05
     outer loop
       vertex -1.39656e-01 -2.07355e-01  6.00416e-01
       vertex -1.66872e-01 -1.86155e-01  6.36141e-01
       vertex -1.76887e-01 -1.76666e-01  5.88200e-01
     endloop
  endfacet
  facet normal  1.02477e-04 -1.05706e-03 -2.95802e-05
     outer loop
       vertex -4.08428e-04 -2.50000e-01  1.35395e+00
       vertex  4.84163e-02 -2.45267e-01  1.35397e+00
       vertex  2.41007e-02 -2.48836e-01  1.39726e+00
     endloop
  endfacet
  facet normal -1.41187e-04 -1.38900e-03 -6.02524e-05
     outer loop
       vertex -2.05693e-02 -2.49152e-01  7.93632e-01
       vertex -5.36501e-02 -2.44175e-01  7.56417e-01
       vertex  8.35043e-03 -2.49861e-01  7.42190e-01
     endloop
  endfacet
  facet normal -1.03626e-04 -1.05439e-03 -3.03958e-05
     outer loop
       vertex  2.46858e-04 -2.50000e-01  1.09565e+00
       vertex -2.43733e-02 -2.48809e-01  1.13828e+00
       vertex -4.90149e-02 -2.45148e-01  1.09529e+00
     endloop
  endfacet
  facet normal -1.08009e-04 -1.06263e-03  3.05483e-05
     outer loop
       vertex -2.46044e-02 -2.48786e-01  1.31060e+00
       vertex -4.08428e-04 -2.50000e-01  1.35395e+00
       vertex -4.97476e-02 -2.45000e-01  1.35340e+00
     endloop
  endfacet
  facet normal -2.09242e-04 -1.04059e-03  3.06489e-05
     outer loop
       vertex -2.46044e-02 -2.48786e-01  1.31060e+00
       vertex -7.32726e-02 -2.39021e-01  1.30989e+00
       vertex -4.94425e-02 -2.45062e-01  1.26748e+00
     endloop
  endfacet
  facet normal -7.28320e-04 -7.81939e-04  2.32161e-05
     outer loop
       vertex -1.50849e-01 -1.99361e-01  5.52486e-01
       vertex -1.86334e-01 -1.66672e-01  5.40241e-01
       vertex -1.61812e-01 -1.90570e-01  5.04633e-01
     endloop
  endfacet
  facet normal -3.11608e-04 -1.01298e-03  3.02940e-05
     outer loop
       vertex -4.94425e-02 -2.45062e-01  1.26748e+00
       vertex -9.67063e-02 -2.30538e-01  1.26697e+00
       vertex -7.35878e-02 -2.38924e-01  1.22435e+00
     endloop
  endfacet
  facet normal -7.22668e-04 -7.93085e-04 -2.29194e-05
     outer loop
       vertex -1.50849e-01 -1.99361e-01  5.52486e-01
       vertex -1.76887e-01 -1.76666e-01  5.88200e-01
       vertex -1.86334e-01 -1.66672e-01  5.40241e-01
     endloop
  endfacet
  facet normal -3.13248e-04 -1.02104e-03 -3.01147e-05
     outer loop
       vertex -9.66041e-02 -2.30581e-01  1.18088e+00
       vertex -4.94293e-02 -2.45065e-01  1.18125e+00
       vertex -7.35878e-02 -2.38924e-01  1.22435e+00
     endloop
  endfacet
  facet normal  2.08697e-04 -1.05040e-03  3.06328e-05
     outer loop
       vertex  2.41007e-02 -2.48836e-01  1.39726e+00
       vertex  4.84163e-02 -2.45267e-01  1.35397e+00
       vertex  7.27804e-02 -2.39172e-01  1.39699e+00
     endloop
  endfacet
  facet normal -3.96064e-04 -9.60751e-04 -1.91128e-05
     outer loop
       vertex -1.17389e-01 -2.20726e-01  6.96222e-01
       vertex -7.46175e-02 -2.38605e-01  7.08624e-01
       vertex -1.06681e-01 -2.26096e-01  7.44252e-01
     endloop
  endfacet
  facet normal  2.04569e-04 -1.04834e-03  3.05086e-05
     outer loop
       vertex  4.89104e-02 -2.45169e-01  1.44042e+00
       vertex  7.21041e-02 -2.39376e-01  1.48395e+00
       vertex  2.34438e-02 -2.48898e-01  1.48303e+00
     endloop
  endfacet
  facet normal -7.45106e-04 -9.80953e-04 -2.79724e-05
     outer loop
       vertex -1.71826e-01 -1.81593e-01  4.56555e-01
       vertex -1.29862e-01 -2.13625e-01  4.62107e-01
       vertex -1.61812e-01 -1.90570e-01  5.04633e-01
     endloop
  endfacet
  facet normal  6.98401e-04  1.27139e-03  1.64028e-05
     outer loop
       vertex  1.00000e-01  2.29129e-01  1.50000e-01
       vertex  1.43476e-01  2.04730e-01  1.89996e-01
       vertex  1.37002e-01  2.09118e-01  1.25553e-01
     endloop
  endfacet
  facet normal -1.07908e-04 -1.06829e-03 -3.05549e-05
     outer loop
       vertex -4.97476e-02 -2.45000e-01  1.35340e+00
       vertex -4.08428e-04 -2.50000e-01  1.35395e+00
       vertex -2.56771e-02 -2.48678e-01  1.39697e+00
     endloop
  endfacet
  facet normal -7.61541e-04 -7.47051e-04 -2.30758e-05
     outer loop
       vertex -1.61812e-01 -1.90570e-01  5.04633e-01
       vertex -1.86334e-01 -1.66672e-01  5.40241e-01
       vertex -1.95364e-01 -1.55990e-01  4.92424e-01
     endloop
  endfacet
  facet normal -2.10320e-04 -1.05046e-03 -3.06359e-05
     outer loop
       vertex -2.46044e-02 -2.48786e-01  1.31060e+00
       vertex -4.97476e-02 -2.45000e-01  1.35340e+00
       vertex -7.32726e-02 -2.39021e-01  1.30989e+00
     endloop
  endfacet
  facet normal -3.58194e-06 -1.07447e-03  3.09052e-05
     outer loop
       vertex -4.08428e-04 -2.50000e-01  1.35395e+00
       vertex  2.41007e-02 -2.48836e-01  1.39726e+00
       vertex -2.56771e-02 -2.48678e-01  1.39697e+00
     endloop
  endfacet
  facet normal -2.08279e-04 -1.04267e-03 -3.05917e-05
     outer loop
       vertex -7.30256e-02 -2.39097e-01  1.13849e+00
       vertex -2.43733e-02 -2.48809e-01  1.13828e+00
       vertex -4.94293e-02 -2.45065e-01  1.18125e+00
     endloop
  endfacet
  facet normal -7.76462e-04 -7.45425e-04  2.25351e-05
     outer loop
       vertex -1.61812e-01 -1.90570e-01  5.04633e-01
       vertex -1.95364e-01 -1.55990e-01  4.92424e-01
       vertex -1.71826e-01 -1.81593e-01  4.56555e-01
     endloop
  endfacet
  facet normal -3.98156e-04 -1.13970e-03  4.18339e-05
     outer loop
       vertex -1.06681e-01 -2.26096e-01  7.44252e-01
       vertex -7.46175e-02 -2.38605e-01  7.08624e-01
       vertex -5.36501e-02 -2.44175e-01  7.56417e-01
     endloop
  endfacet
  facet normal -3.09524e-04 -1.00832e-03 -3.02938e-05
     outer loop
       vertex -4.94425e-02 -2.45062e-01  1.26748e+00
       vertex -7.32726e-02 -2.39021e-01  1.30989e+00
       vertex -9.67063e-02 -2.30538e-01  1.26697e+00
     endloop
  endfacet
  facet normal -4.10034e-04 -9.76006e-04 -3.03769e-05
     outer loop
       vertex -7.35878e-02 -2.38924e-01  1.22435e+00
       vertex -9.67063e-02 -2.30538e-01  1.26697e+00
       vertex -1.19211e-01 -2.19747e-01  1.22402e+00
     endloop
  endfacet
  facet normal -3.23741e-06 -1.07771e-03 -3.09094e-05
     outer loop
       vertex -2.56771e-02 -2.48678e-01  1.39697e+00
       vertex  2.41007e-02 -2.48836e-01  1.39726e+00
       vertex -1.04191e-03 -2.49998e-01  1.44041e+00
     endloop
  endfacet
  facet normal -1.05267e-04 -1.06652e-03  3.03916e-05
     outer loop
       vertex  2.46858e-04 -2.50000e-01  1.09565e+00
       vertex -4.90149e-02 -2.45148e-01  1.09529e+00
       vertex -2.41880e-02 -2.48827e-01  1.05217e+00
     endloop
  endfacet
  facet normal -4.15392e-04 -9.87693e-04  3.03743e-05
     outer loop
       vertex -7.35878e-02 -2.38924e-01  1.22435e+00
       vertex -1.19211e-01 -2.19747e-01  1.22402e+00
       vertex -9.66041e-02 -2.30581e-01  1.18088e+00
     endloop
  endfacet
  facet normal  2.09069e-04 -1.05396e-03 -3.06337e-05
     outer loop
       vertex  2.41007e-02 -2.48836e-01  1.39726e+00
       vertex  7.27804e-02 -2.39172e-01  1.39699e+00
       vertex  4.89104e-02 -2.45169e-01  1.44042e+00
     endloop
  endfacet
  facet normal  1.04206e-04 -1.07800e-03  3.16785e-05
     outer loop
       vertex  2.41007e-02 -2.48836e-01  1.39726e+00
       vertex  4.89104e-02 -2.45169e-01  1.44042e+00
       vertex -1.04191e-03 -2.49998e-01  1.44041e+00
     endloop
  endfacet
  facet normal  0.00000e+00  0.00000e+00  1.44899e-03
     outer loop
       vertex -2.48572e-01  2.66871e-02  2.00000e+00
       vertex -2.48970e-01 -2.26660e-02  2.00000e+00
       vertex -1.90072e-01 -5.00162e-04  2.00000e+00
     endloop
  endfacet
  facet normal -3.08548e-04 -1.00421e-03  3.01106e-05
     outer loop
       vertex -7.30256e-02 -2.39097e-01  1.13849e+00
       vertex -4.94293e-02 -2.45065e-01  1.18125e+00
       vertex -9.66041e-02 -2.30581e-01  1.18088e+00
     endloop
  endfacet
  facet normal -1.01904e-04 -6.57219e-04 -9.00035e-06
     outer loop
       vertex -4.08439e-02 -2.46641e-01  8.39800e-01
       vertex -5.37399e-02 -2.44156e-01  8.04335e-01
       vertex -2.05693e-02 -2.49152e-01  7.93632e-01
     endloop
  endfacet
  facet normal  0.00000e+00  0.00000e+00  1.23788e-03
     outer loop
       vertex  2.54352e-02 -2.48703e-01  2.00000e+00
       vertex  7.37983e-02 -2.38859e-01  2.00000e+00
       vertex  4.32987e-02 -1.93876e-01  2.00000e+00
     endloop
  endfacet
  facet normal -3.11583e-04 -1.01401e-03  2.91169e-05
     outer loop
       vertex -4.97476e-02 -2.45000e-01  1.35340e+00
       vertex -9.63930e-02 -2.30669e-01  1.35333e+00
       vertex -7.32726e-02 -2.39021e-01  1.30989e+00
     endloop
  endfacet
  facet normal -5.84374e-04 -8.76581e-04  2.02983e-05
     outer loop
       vertex -1.28220e-01 -2.14615e-01  6.48288e-01
       vertex -1.17389e-01 -2.20726e-01  6.96222e-01
       vertex -1.56682e-01 -1.94809e-01  6.84191e-01
     endloop
  endfacet
  facet normal  6.76950e-04  1.09440e-03 -1.04279e-04
     outer loop
       vertex  1.35081e-01  2.10364e-01  8.08043e-02
       vertex  1.63212e-01  1.89372e-01  4.31133e-02
       vertex  1.00000e-01  2.29129e-01  5.00000e-02
     endloop
  endfacet
  facet normal -2.09155e-04 -1.04841e-03  3.06037e-05
     outer loop
       vertex -4.90149e-02 -2.45148e-01  1.09529e+00
       vertex -2.43733e-02 -2.48809e-01  1.13828e+00
       vertex -7.30256e-02 -2.39097e-01  1.13849e+00
     endloop
  endfacet
  facet normal -0.00000e+00  0.00000e+00  1.43367e-03
     outer loop
       vertex -1.58950e-01 -1.92963e-01  2.00000e+00
       vertex -1.17944e-01 -2.20430e-01  2.00000e+00
       vertex -1.06286e-01 -1.58313e-01  2.00000e+00
     endloop
  endfacet
  facet normal -4.12575e-04 -9.85001e-04  3.05789e-05
     outer loop
       vertex -9.67063e-02 -2.30538e-01  1.26697e+00
       vertex -7.32726e-02 -2.39021e-01  1.30989e+00
       vertex -1.19017e-01 -2.19852e-01  1.31017e+00
     endloop
  endfacet
  facet normal  0.00000e+00  0.00000e+00  1.41088e-03
     outer loop
       vertex -2.48970e-01 -2.26660e-02  2.00000e+00
       vertex -2.39666e-01 -7.11356e-02  2.00000e+00
       vertex -1.85619e-01 -4.94115e-02  2.00000e+00
     endloop
  endfacet
  facet normal -4.15183e-04 -9.90324e-04 -3.05763e-05
     outer loop
       vertex -1.19017e-01 -2.19852e-01  1.31017e+00
       vertex -7.32726e-02 -2.39021e-01  1.30989e+00
       vertex -9.63930e-02 -2.30669e-01  1.35333e+00
     endloop
  endfacet
  facet normal -5.09074e-04 -9.39861e-04  3.05995e-05
     outer loop
       vertex -1.19211e-01 -2.19747e-01  1.22402e+00
       vertex -9.67063e-02 -2.30538e-01  1.26697e+00
       vertex -1.40325e-01 -2.06903e-01  1.26725e+00
     endloop
  endfacet
  facet normal -5.09050e-04 -9.39091e-04 -3.05997e-05
     outer loop
       vertex -1.40325e-01 -2.06903e-01  1.26725e+00
       vertex -9.67063e-02 -2.30538e-01  1.26697e+00
       vertex -1.19017e-01 -2.19852e-01  1.31017e+00
     endloop
  endfacet
  facet normal -0.00000e+00  0.00000e+00  1.02944e-03
     outer loop
       vertex -7.23414e-02 -2.39305e-01  2.00000e+00
       vertex -2.39192e-02 -2.48853e-01  2.00000e+00
       vertex -4.09739e-02 -2.02971e-01  2.00000e+00
     endloop
  endfacet
  facet normal -7.39789e-04 -7.49513e-04  2.18904e-05
     outer loop
       vertex -1.56682e-01 -1.94809e-01  6.84191e-01
       vertex -1.90812e-01 -1.61526e-01  6.70360e-01
       vertex -1.66872e-01 -1.86155e-01  6.36141e-01
     endloop
  endfacet
  facet normal -0.00000e+00  0.00000e+00  9.41544e-04
     outer loop
       vertex -2.21021e-01 -1.16833e-01  2.00000e+00
       vertex -1.93761e-01 -1.57977e-01  2.00000e+00
       vertex -1.75514e-01 -1.16438e-01  2.00000e+00
     endloop
  endfacet
  facet normal -5.99005e-04 -8.84305e-04  3.05825e-05
     outer loop
       vertex -1.40325e-01 -2.06903e-01  1.26725e+00
       vertex -1.19017e-01 -2.19852e-01  1.31017e+00
       vertex -1.60079e-01 -1.92028e-01  1.31046e+00
     endloop
  endfacet
  facet normal -5.10099e-04 -9.44890e-04  3.05693e-05
     outer loop
       vertex -9.63930e-02 -2.30669e-01  1.35333e+00
       vertex -1.40031e-01 -2.07102e-01  1.35361e+00
       vertex -1.19017e-01 -2.19852e-01  1.31017e+00
     endloop
  endfacet
  facet normal -7.74588e-04 -7.05259e-04  2.22233e-05
     outer loop
       vertex -1.66872e-01 -1.86155e-01  6.36141e-01
       vertex -1.99128e-01 -1.51156e-01  6.22576e-01
       vertex -1.76887e-01 -1.76666e-01  5.88200e-01
     endloop
  endfacet
  facet normal -6.02549e-04 -8.88902e-04 -3.05798e-05
     outer loop
       vertex -1.60079e-01 -1.92028e-01  1.31046e+00
       vertex -1.19017e-01 -2.19852e-01  1.31017e+00
       vertex -1.40031e-01 -2.07102e-01  1.35361e+00
     endloop
  endfacet
  facet normal  0.00000e+00 -0.00000e+00  1.19615e-03
     outer loop
       vertex  1.19285e-01 -2.19707e-01  2.00000e+00
       vertex  1.60123e-01 -1.91991e-01  2.00000e+00
       vertex  1.13950e-01 -1.64747e-01  2.00000e+00
     endloop
  endfacet
  facet normal -1.71516e-04 -9.22478e-04  2.36243e-05
     outer loop
       vertex -4.08439e-02 -2.46641e-01  8.39800e-01
       vertex -2.28781e-02 -2.48951e-01  8.80034e-01
       vertex -6.83545e-02 -2.40474e-01  8.80884e-01
     endloop
  endfacet
  facet normal -5.10749e-04 -9.43956e-04 -3.05926e-05
     outer loop
       vertex -1.40231e-01 -2.06967e-01  1.18061e+00
       vertex -9.66041e-02 -2.30581e-01  1.18088e+00
       vertex -1.19211e-01 -2.19747e-01  1.22402e+00
     endloop
  endfacet
  facet normal  2.15220e-04 -1.01864e-03  3.09651e-05
     outer loop
       vertex  5.06497e-02 -2.44815e-01  9.24721e-01
       vertex  7.59603e-02 -2.38181e-01  9.67062e-01
       vertex  2.71981e-02 -2.48516e-01  9.65981e-01
     endloop
  endfacet
  facet normal -8.15464e-04 -6.64187e-04  2.22237e-05
     outer loop
       vertex -1.76887e-01 -1.76666e-01  5.88200e-01
       vertex -2.07183e-01 -1.39911e-01  5.75009e-01
       vertex -1.86334e-01 -1.66672e-01  5.40241e-01
     endloop
  endfacet
  facet normal -4.07925e-04 -9.78164e-04 -3.03970e-05
     outer loop
       vertex -7.30256e-02 -2.39097e-01  1.13849e+00
       vertex -9.66041e-02 -2.30581e-01  1.18088e+00
       vertex -1.18705e-01 -2.20021e-01  1.13765e+00
     endloop
  endfacet
  facet normal -5.74841e-04 -8.81149e-04 -2.06786e-05
     outer loop
       vertex -1.56682e-01 -1.94809e-01  6.84191e-01
       vertex -1.17389e-01 -2.20726e-01  6.96222e-01
       vertex -1.46502e-01 -2.02577e-01  7.32158e-01
     endloop
  endfacet
  facet normal -6.02122e-04 -8.86985e-04 -3.05537e-05
     outer loop
       vertex -1.19211e-01 -2.19747e-01  1.22402e+00
       vertex -1.40325e-01 -2.06903e-01  1.26725e+00
       vertex -1.60237e-01 -1.91896e-01  1.22400e+00
     endloop
  endfacet
  facet normal -5.28015e-04  9.52513e-04 -2.14553e-05
     outer loop
       vertex -1.37661e-01  2.08685e-01  9.69231e-01
       vertex -1.00000e-01  2.29129e-01  9.50000e-01
       vertex -1.45540e-01  2.03269e-01  9.22671e-01
     endloop
  endfacet
  facet normal  0.00000e+00 -0.00000e+00  1.18462e-03
     outer loop
       vertex  1.94720e-01 -1.56793e-01  2.00000e+00
       vertex  2.21728e-01 -1.15484e-01  2.00000e+00
       vertex  1.70662e-01 -1.05867e-01  2.00000e+00
     endloop
  endfacet
  facet normal -5.09043e-04 -9.40091e-04  3.05896e-05
     outer loop
       vertex -1.18705e-01 -2.20021e-01  1.13765e+00
       vertex -9.66041e-02 -2.30581e-01  1.18088e+00
       vertex -1.40231e-01 -2.06967e-01  1.18061e+00
     endloop
  endfacet
  facet normal -6.86315e-04 -8.22399e-04 -3.06444e-05
     outer loop
       vertex -1.40325e-01 -2.06903e-01  1.26725e+00
       vertex -1.60079e-01 -1.92028e-01  1.31046e+00
       vertex -1.78434e-01 -1.75104e-01  1.26734e+00
     endloop
  endfacet
  facet normal -3.07664e-04 -1.01363e-03 -2.90143e-05
     outer loop
       vertex -4.90149e-02 -2.45148e-01  1.09529e+00
       vertex -7.30256e-02 -2.39097e-01  1.13849e+00
       vertex -9.56524e-02 -2.30978e-01  1.09478e+00
     endloop
  endfacet
  facet normal -8.52208e-04 -6.19029e-04  2.26449e-05
     outer loop
       vertex -1.86334e-01 -1.66672e-01  5.40241e-01
       vertex -2.14654e-01 -1.28155e-01  5.27386e-01
       vertex -1.95364e-01 -1.55990e-01  4.92424e-01
     endloop
  endfacet
  facet normal  0.00000e+00  0.00000e+00  1.08295e-03
     outer loop
       vertex -2.39192e-02 -2.48853e-01  2.00000e+00
       vertex  2.54352e-02 -2.48703e-01  2.00000e+00
       vertex -2.87870e-03 -2.04905e-01  2.00000e+00
     endloop
  endfacet
  facet normal  0.00000e+00  0.00000e+00  1.07641e-03
     outer loop
       vertex -2.39666e-01 -7.11356e-02  2.00000e+00
       vertex -2.21021e-01 -1.16833e-01  2.00000e+00
       vertex -1.86310e-01 -8.64434e-02  2.00000e+00
     endloop
  endfacet
  facet normal -6.04317e-04 -8.90172e-04  3.05518e-05
     outer loop
       vertex -1.19211e-01 -2.19747e-01  1.22402e+00
       vertex -1.60237e-01 -1.91896e-01  1.22400e+00
       vertex -1.40231e-01 -2.06967e-01  1.18061e+00
     endloop
  endfacet
  facet normal -4.13535e-04 -9.88903e-04  3.03737e-05
     outer loop
       vertex -7.30256e-02 -2.39097e-01  1.13849e+00
       vertex -1.18705e-01 -2.20021e-01  1.13765e+00
       vertex -9.56524e-02 -2.30978e-01  1.09478e+00
     endloop
  endfacet
  facet normal -6.88422e-04 -8.25112e-04  3.06447e-05
     outer loop
       vertex -1.40325e-01 -2.06903e-01  1.26725e+00
       vertex -1.78434e-01 -1.75104e-01  1.26734e+00
       vertex -1.60237e-01 -1.91896e-01  1.22400e+00
     endloop
  endfacet
  facet normal -8.01021e-04 -7.06554e-04 -2.13275e-05
     outer loop
       vertex -2.03138e-01 -1.45722e-01  4.44237e-01
       vertex -1.71826e-01 -1.81593e-01  4.56555e-01
       vertex -1.95364e-01 -1.55990e-01  4.92424e-01
     endloop
  endfacet
  facet normal -7.05241e-04 -7.91603e-04  2.14987e-05
     outer loop
       vertex -1.56682e-01 -1.94809e-01  6.84191e-01
       vertex -1.46502e-01 -2.02577e-01  7.32158e-01
       vertex -1.82413e-01 -1.70955e-01  7.18472e-01
     endloop
  endfacet
  facet normal  0.00000e+00 -0.00000e+00  1.13836e-03
     outer loop
       vertex  2.21728e-01 -1.15484e-01  2.00000e+00
       vertex  2.40095e-01 -6.96739e-02  2.00000e+00
       vertex  1.93349e-01 -6.23076e-02  2.00000e+00
     endloop
  endfacet
  facet normal  0.00000e+00 -0.00000e+00  1.16736e-03
     outer loop
       vertex  2.40095e-01 -6.96739e-02  2.00000e+00
       vertex  2.49104e-01 -2.11484e-02  2.00000e+00
       vertex  1.93349e-01 -6.23076e-02  2.00000e+00
     endloop
  endfacet
  facet normal -0.00000e+00  0.00000e+00  1.09559e-03
     outer loop
       vertex -1.17944e-01 -2.20430e-01  2.00000e+00
       vertex -7.23414e-02 -2.39305e-01  2.00000e+00
       vertex -7.54260e-02 -1.89979e-01  2.00000e+00
     endloop
  endfacet
  facet normal -0.00000e+00  0.00000e+00  1.24982e-03
     outer loop
       vertex -1.93761e-01 -1.57977e-01  2.00000e+00
       vertex -1.58950e-01 -1.92963e-01  2.00000e+00
       vertex -1.42310e-01 -1.37882e-01  2.00000e+00
     endloop
  endfacet
  facet normal -5.88810e-04  1.00234e-03 -6.19573e-05
     outer loop
       vertex -1.29225e-01  2.14011e-01  1.18317e+00
       vertex -1.00000e-01  2.29129e-01  1.15000e+00
       vertex -1.53927e-01  1.96994e-01  1.14262e+00
     endloop
  endfacet
  facet normal  0.00000e+00 -0.00000e+00  9.97911e-04
     outer loop
       vertex  1.60123e-01 -1.91991e-01  2.00000e+00
       vertex  1.94720e-01 -1.56793e-01  2.00000e+00
       vertex  1.49711e-01 -1.44897e-01  2.00000e+00
     endloop
  endfacet
  facet normal -7.35453e-04 -7.62942e-04 -2.11222e-05
     outer loop
       vertex -1.56682e-01 -1.94809e-01  6.84191e-01
       vertex -1.82413e-01 -1.70955e-01  7.18472e-01
       vertex -1.90812e-01 -1.61526e-01  6.70360e-01
     endloop
  endfacet
  facet normal -1.19608e-04 -7.94248e-04  1.03192e-07
     outer loop
       vertex -2.05693e-02 -2.49152e-01  7.93632e-01
       vertex -5.37399e-02 -2.44156e-01  8.04335e-01
       vertex -5.36501e-02 -2.44175e-01  7.56417e-01
     endloop
  endfacet
  facet normal -7.65870e-04 -7.14260e-04 -2.17298e-05
     outer loop
       vertex -1.66872e-01 -1.86155e-01  6.36141e-01
       vertex -1.90812e-01 -1.61526e-01  6.70360e-01
       vertex -1.99128e-01 -1.51156e-01  6.22576e-01
     endloop
  endfacet
  facet normal  0.00000e+00  0.00000e+00  1.01941e-03
     outer loop
       vertex  2.49104e-01 -2.11484e-02  2.00000e+00
       vertex  2.48404e-01  2.82012e-02  2.00000e+00
       vertex  2.07055e-01  3.06813e-02  2.00000e+00
     endloop
  endfacet
  facet normal  0.00000e+00  0.00000e+00  9.42022e-04
     outer loop
       vertex  7.37983e-02 -2.38859e-01  2.00000e+00
       vertex  1.19285e-01 -2.19707e-01  2.00000e+00
       vertex  8.38837e-02 -1.93193e-01  2.00000e+00
     endloop
  endfacet
  facet normal -7.99999e-04 -6.67417e-04 -2.23001e-05
     outer loop
       vertex -1.76887e-01 -1.76666e-01  5.88200e-01
       vertex -1.99128e-01 -1.51156e-01  6.22576e-01
       vertex -2.07183e-01 -1.39911e-01  5.75009e-01
     endloop
  endfacet
  facet normal -5.32340e-04 -8.91552e-04  1.90064e-05
     outer loop
       vertex -1.17389e-01 -2.20726e-01  6.96222e-01
       vertex -1.06681e-01 -2.26096e-01  7.44252e-01
       vertex -1.46502e-01 -2.02577e-01  7.32158e-01
     endloop
  endfacet
  facet normal -5.22100e-04 -8.93858e-04 -1.91927e-05
     outer loop
       vertex -1.46502e-01 -2.02577e-01  7.32158e-01
       vertex -1.06681e-01 -2.26096e-01  7.44252e-01
       vertex -1.36477e-01 -2.09461e-01  7.80096e-01
     endloop
  endfacet
  facet normal -6.65223e-04 -8.25579e-04  2.05419e-05
     outer loop
       vertex -1.46502e-01 -2.02577e-01  7.32158e-01
       vertex -1.36477e-01 -2.09461e-01  7.80096e-01
       vertex -1.73706e-01 -1.79795e-01  7.66774e-01
     endloop
  endfacet
  facet normal -8.41581e-04 -6.26313e-04 -2.25886e-05
     outer loop
       vertex -1.86334e-01 -1.66672e-01  5.40241e-01
       vertex -2.07183e-01 -1.39911e-01  5.75009e-01
       vertex -2.14654e-01 -1.28155e-01  5.27386e-01
     endloop
  endfacet
  facet normal -8.77140e-04 -5.79214e-04 -2.28097e-05
     outer loop
       vertex -1.95364e-01 -1.55990e-01  4.92424e-01
       vertex -2.14654e-01 -1.28155e-01  5.27386e-01
       vertex -2.21522e-01 -1.15880e-01  4.79779e-01
     endloop
  endfacet
  facet normal -6.62639e-04 -8.40766e-04 -2.04995e-05
     outer loop
       vertex -1.73706e-01 -1.79795e-01  7.66774e-01
       vertex -1.36477e-01 -2.09461e-01  7.80096e-01
       vertex -1.64786e-01 -1.88004e-01  8.15133e-01
     endloop
  endfacet
  facet normal -4.99349e-04 -9.44835e-04  2.33774e-05
     outer loop
       vertex -1.36477e-01 -2.09461e-01  7.80096e-01
       vertex -1.06681e-01 -2.26096e-01  7.44252e-01
       vertex -9.36789e-02 -2.31785e-01  7.92031e-01
     endloop
  endfacet
  facet normal -9.01472e-04 -5.81076e-04  2.16155e-05
     outer loop
       vertex -1.95364e-01 -1.55990e-01  4.92424e-01
       vertex -2.21522e-01 -1.15880e-01  4.79779e-01
       vertex -2.03138e-01 -1.45722e-01  4.44237e-01
     endloop
  endfacet
  facet normal -7.03211e-04 -8.07719e-04 -2.10663e-05
     outer loop
       vertex -1.46502e-01 -2.02577e-01  7.32158e-01
       vertex -1.73706e-01 -1.79795e-01  7.66774e-01
       vertex -1.82413e-01 -1.70955e-01  7.18472e-01
     endloop
  endfacet
  facet normal -3.97309e-04 -1.18778e-03 -3.33184e-05
     outer loop
       vertex -1.06681e-01 -2.26096e-01  7.44252e-01
       vertex -5.36501e-02 -2.44175e-01  7.56417e-01
       vertex -9.36789e-02 -2.31785e-01  7.92031e-01
     endloop
  endfacet
  facet normal -1.80712e-04 -7.16266e-04  1.55180e-05
     outer loop
       vertex -4.08439e-02 -2.46641e-01  8.39800e-01
       vertex -8.11239e-02 -2.36472e-01  8.40108e-01
       vertex -5.37399e-02 -2.44156e-01  8.04335e-01
     endloop
  endfacet
  facet normal  2.92534e-06 -1.08314e-03  3.09085e-05
     outer loop
       vertex  1.56810e-03 -2.49995e-01  1.00880e+00
       vertex  2.56072e-02 -2.48685e-01  1.05244e+00
       vertex -2.41880e-02 -2.48827e-01  1.05217e+00
     endloop
  endfacet
  facet normal -6.35724e-04  1.07901e-03  5.06259e-05
     outer loop
       vertex -1.37823e-01  2.08578e-01  3.63050e-01
       vertex -1.53257e-01  1.97515e-01  4.05027e-01
       vertex -1.00000e-01  2.29129e-01  4.00000e-01
     endloop
  endfacet
  facet normal -5.98462e-04  1.01348e-03  5.91303e-05
     outer loop
       vertex -1.00000e-01  2.29129e-01  1.00000e+00
       vertex -1.37661e-01  2.08685e-01  9.69231e-01
       vertex -1.55072e-01  1.96094e-01  1.00883e+00
     endloop
  endfacet
  facet normal -2.07944e-04 -8.23187e-04 -1.56736e-05
     outer loop
       vertex -6.83545e-02 -2.40474e-01  8.80884e-01
       vertex -8.11239e-02 -2.36472e-01  8.40108e-01
       vertex -4.08439e-02 -2.46641e-01  8.39800e-01
     endloop
  endfacet
  facet normal -2.38755e-04 -1.20377e-03 -1.14977e-05
     outer loop
       vertex -3.11298e-02 -2.48054e-01  6.39575e-02
       vertex -6.74132e-02 -2.40739e-01  5.15553e-02
       vertex -2.41200e-02 -2.48834e-01  0.00000e+00
     endloop
  endfacet
  facet normal -9.06876e-04 -5.53281e-04  2.27838e-05
     outer loop
       vertex -2.07183e-01 -1.39911e-01  5.75009e-01
       vertex -1.99128e-01 -1.51156e-01  6.22576e-01
       vertex -2.24371e-01 -1.10261e-01  6.10884e-01
     endloop
  endfacet
  facet normal -8.73384e-04 -6.00364e-04  2.16967e-05
     outer loop
       vertex -1.99128e-01 -1.51156e-01  6.22576e-01
       vertex -1.90812e-01 -1.61526e-01  6.70360e-01
       vertex -2.17952e-01 -1.22463e-01  6.58803e-01
     endloop
  endfacet
  facet normal -8.31029e-04 -6.37951e-04  2.00600e-05
     outer loop
       vertex -1.90812e-01 -1.61526e-01  6.70360e-01
       vertex -1.82413e-01 -1.70955e-01  7.18472e-01
       vertex -2.10995e-01 -1.34094e-01  7.06657e-01
     endloop
  endfacet
  facet normal -6.40762e-04 -8.84583e-04  2.40107e-05
     outer loop
       vertex -1.64786e-01 -1.88004e-01  8.15133e-01
       vertex -1.36477e-01 -2.09461e-01  7.80096e-01
       vertex -1.24767e-01 -2.16641e-01  8.28098e-01
     endloop
  endfacet
  facet normal -4.92943e-04 -9.57310e-04 -2.29280e-05
     outer loop
       vertex -1.36477e-01 -2.09461e-01  7.80096e-01
       vertex -9.36789e-02 -2.31785e-01  7.92031e-01
       vertex -1.24767e-01 -2.16641e-01  8.28098e-01
     endloop
  endfacet
  facet normal -4.72994e-04 -1.20196e-03  1.45349e-05
     outer loop
       vertex -6.74132e-02 -2.40739e-01  5.15553e-02
       vertex -1.14421e-01 -2.22279e-01  4.84326e-02
       vertex -7.36897e-02 -2.38893e-01  0.00000e+00
     endloop
  endfacet
  facet normal -9.08493e-04 -5.67294e-04 -2.27391e-05
     outer loop
       vertex -2.24371e-01 -1.10261e-01  6.10884e-01
       vertex -1.99128e-01 -1.51156e-01  6.22576e-01
       vertex -2.17952e-01 -1.22463e-01  6.58803e-01
     endloop
  endfacet
  facet normal -5.30039e-05 -1.27627e-03  9.74419e-06
     outer loop
       vertex  9.68463e-03 -2.49812e-01  5.57048e-02
       vertex -3.11298e-02 -2.48054e-01  6.39575e-02
       vertex -2.41200e-02 -2.48834e-01  0.00000e+00
     endloop
  endfacet
  facet normal -8.67464e-04 -6.09166e-04 -2.19545e-05
     outer loop
       vertex -2.17952e-01 -1.22463e-01  6.58803e-01
       vertex -1.90812e-01 -1.61526e-01  6.70360e-01
       vertex -2.10995e-01 -1.34094e-01  7.06657e-01
     endloop
  endfacet
  facet normal -9.40330e-04 -5.03783e-04  2.31467e-05
     outer loop
       vertex -2.14654e-01 -1.28155e-01  5.27386e-01
       vertex -2.07183e-01 -1.39911e-01  5.75009e-01
       vertex -2.30219e-01 -9.74649e-02  5.63036e-01
     endloop
  endfacet
  facet normal -9.38861e-04 -5.16083e-04 -2.32848e-05
     outer loop
       vertex -2.07183e-01 -1.39911e-01  5.75009e-01
       vertex -2.24371e-01 -1.10261e-01  6.10884e-01
       vertex -2.30219e-01 -9.74649e-02  5.63036e-01
     endloop
  endfacet
  facet normal -9.62318e-04 -4.48481e-04  2.31870e-05
     outer loop
       vertex -2.21522e-01 -1.15880e-01  4.79779e-01
       vertex -2.14654e-01 -1.28155e-01  5.27386e-01
       vertex -2.35261e-01 -8.45699e-02  5.15139e-01
     endloop
  endfacet
  facet normal -2.96510e-04 -9.57442e-04 -1.61108e-07
     outer loop
       vertex -9.36789e-02 -2.31785e-01  7.92031e-01
       vertex -5.36501e-02 -2.44175e-01  7.56417e-01
       vertex -5.37399e-02 -2.44156e-01  8.04335e-01
     endloop
  endfacet
  facet normal  2.25730e-04 -1.50525e-03  3.50763e-05
     outer loop
       vertex  6.39013e-02 -2.41695e-01  5.51303e-02
       vertex  9.68463e-03 -2.49812e-01  5.57048e-02
       vertex  2.64360e-02 -2.48598e-01  0.00000e+00
     endloop
  endfacet
  facet normal -9.64842e-04 -4.62644e-04 -2.29711e-05
     outer loop
       vertex -2.14654e-01 -1.28155e-01  5.27386e-01
       vertex -2.30219e-01 -9.74649e-02  5.63036e-01
       vertex -2.35261e-01 -8.45699e-02  5.15139e-01
     endloop
  endfacet
  facet normal -7.95391e-04 -6.76506e-04  1.95624e-05
     outer loop
       vertex -2.03923e-01 -1.44622e-01  7.54539e-01
       vertex -1.82413e-01 -1.70955e-01  7.18472e-01
       vertex -1.73706e-01 -1.79795e-01  7.66774e-01
     endloop
  endfacet
  facet normal -7.62161e-04 -7.14653e-04  1.92668e-05
     outer loop
       vertex -1.96668e-01 -1.54343e-01  8.02524e-01
       vertex -1.73706e-01 -1.79795e-01  7.66774e-01
       vertex -1.64786e-01 -1.88004e-01  8.15133e-01
     endloop
  endfacet
  facet normal -9.28839e-04 -5.45629e-04 -2.23012e-05
     outer loop
       vertex -2.27329e-01 -1.04027e-01  4.31646e-01
       vertex -2.03138e-01 -1.45722e-01  4.44237e-01
       vertex -2.21522e-01 -1.15880e-01  4.79779e-01
     endloop
  endfacet
  facet normal -9.81966e-04 -4.05059e-04 -2.28960e-05
     outer loop
       vertex -2.21522e-01 -1.15880e-01  4.79779e-01
       vertex -2.35261e-01 -8.45699e-02  5.15139e-01
       vertex -2.39606e-01 -7.13362e-02  4.67360e-01
     endloop
  endfacet
  facet normal -9.98419e-04 -3.99177e-04  2.21592e-05
     outer loop
       vertex -2.21522e-01 -1.15880e-01  4.79779e-01
       vertex -2.39606e-01 -7.13362e-02  4.67360e-01
       vertex -2.27329e-01 -1.04027e-01  4.31646e-01
     endloop
  endfacet
  facet normal -9.53450e-04 -4.77946e-04  2.24385e-05
     outer loop
       vertex -2.17952e-01 -1.22463e-01  6.58803e-01
       vertex -2.10995e-01 -1.34094e-01  7.06657e-01
       vertex -2.32733e-01 -9.12981e-02  6.94529e-01
     endloop
  endfacet
  facet normal -8.20298e-04 -6.42507e-04 -2.01149e-05
     outer loop
       vertex -2.10995e-01 -1.34094e-01  7.06657e-01
       vertex -1.82413e-01 -1.70955e-01  7.18472e-01
       vertex -2.03923e-01 -1.44622e-01  7.54539e-01
     endloop
  endfacet
  facet normal -9.83259e-04 -4.27180e-04  2.29558e-05
     outer loop
       vertex -2.37417e-01 -7.83144e-02  6.46590e-01
       vertex -2.24371e-01 -1.10261e-01  6.10884e-01
       vertex -2.17952e-01 -1.22463e-01  6.58803e-01
     endloop
  endfacet
  facet normal -4.48569e-04 -9.73732e-04  2.22152e-05
     outer loop
       vertex -8.11239e-02 -2.36472e-01  8.40108e-01
       vertex -1.24767e-01 -2.16641e-01  8.28098e-01
       vertex -9.36789e-02 -2.31785e-01  7.92031e-01
     endloop
  endfacet
  facet normal -5.93458e-06 -1.10655e-03 -3.02991e-05
     outer loop
       vertex -2.60354e-02 -2.48641e-01  1.48331e+00
       vertex  2.34438e-02 -2.48898e-01  1.48303e+00
       vertex -1.98400e-04 -2.50000e-01  1.52789e+00
     endloop
  endfacet
  facet normal -2.24988e-04 -1.08947e-03 -3.05439e-05
     outer loop
       vertex -7.46431e-02 -2.38597e-01  1.48310e+00
       vertex -2.60354e-02 -2.48641e-01  1.48331e+00
       vertex -4.91879e-02 -2.45113e-01  1.52804e+00
     endloop
  endfacet
  facet normal -2.68546e-04 -8.82850e-04 -1.59364e-05
     outer loop
       vertex -9.36789e-02 -2.31785e-01  7.92031e-01
       vertex -5.37399e-02 -2.44156e-01  8.04335e-01
       vertex -8.11239e-02 -2.36472e-01  8.40108e-01
     endloop
  endfacet
  facet normal -9.53312e-04 -4.90546e-04 -2.22686e-05
     outer loop
       vertex -2.32733e-01 -9.12981e-02  6.94529e-01
       vertex -2.10995e-01 -1.34094e-01  7.06657e-01
       vertex -2.27513e-01 -1.03624e-01  7.42573e-01
     endloop
  endfacet
  facet normal -9.78915e-04 -4.37968e-04 -2.29708e-05
     outer loop
       vertex -2.17952e-01 -1.22463e-01  6.58803e-01
       vertex -2.32733e-01 -9.12981e-02  6.94529e-01
       vertex -2.37417e-01 -7.83144e-02  6.46590e-01
     endloop
  endfacet
  facet normal -5.18306e-04  9.30303e-04 -3.02585e-05
     outer loop
       vertex -1.46633e-01  2.02482e-01  1.47952e+00
       vertex -1.34851e-01  2.10512e-01  1.52459e+00
       vertex -1.00000e-01  2.29129e-01  1.50000e+00
     endloop
  endfacet
  facet normal -6.26162e-04 -9.72278e-04  1.31478e-05
     outer loop
       vertex -1.14421e-01 -2.22279e-01  4.84326e-02
       vertex -1.54833e-01 -1.96282e-01  4.62543e-02
       vertex -1.20246e-01 -2.19182e-01  0.00000e+00
     endloop
  endfacet
  facet normal -4.45005e-04  7.62587e-04  5.98627e-05
     outer loop
       vertex -1.00000e-01  2.29129e-01  1.30000e+00
       vertex -1.31718e-01  2.12486e-01  1.27623e+00
       vertex -1.53674e-01  1.97191e-01  1.30785e+00
     endloop
  endfacet
  facet normal  3.45816e-04 -9.42290e-04  1.55295e-05
     outer loop
       vertex  7.59110e-02 -2.38196e-01  0.00000e+00
       vertex  1.03480e-01 -2.27578e-01  3.03645e-02
       vertex  6.39013e-02 -2.41695e-01  5.51303e-02
     endloop
  endfacet
  facet normal -7.84414e-04 -6.80587e-04 -1.92801e-05
     outer loop
       vertex -2.03923e-01 -1.44622e-01  7.54539e-01
       vertex -1.73706e-01 -1.79795e-01  7.66774e-01
       vertex -1.96668e-01 -1.54343e-01  8.02524e-01
     endloop
  endfacet
  facet normal -4.37703e-04 -1.02809e-03 -3.04123e-05
     outer loop
       vertex -1.20275e-01 -2.19167e-01  1.48300e+00
       vertex -7.46431e-02 -2.38597e-01  1.48310e+00
       vertex -9.62780e-02 -2.30717e-01  1.52812e+00
     endloop
  endfacet
  facet normal -9.18549e-04 -5.22459e-04  2.07924e-05
     outer loop
       vertex -2.10995e-01 -1.34094e-01  7.06657e-01
       vertex -2.03923e-01 -1.44622e-01  7.54539e-01
       vertex -2.27513e-01 -1.03624e-01  7.42573e-01
     endloop
  endfacet
  facet normal -6.05106e-04 -8.57391e-04 -2.59877e-05
     outer loop
       vertex -1.52608e-01 -1.98017e-01  8.61927e-01
       vertex -1.64786e-01 -1.88004e-01  8.15133e-01
       vertex -1.24767e-01 -2.16641e-01  8.28098e-01
     endloop
  endfacet
  facet normal  6.07261e-04 -7.39777e-04  2.78413e-05
     outer loop
       vertex  1.77337e-01 -1.76214e-01  4.10256e-02
       vertex  1.39552e-01 -2.07425e-01  3.58669e-02
       vertex  1.63651e-01 -1.88993e-01  0.00000e+00
     endloop
  endfacet
  facet normal  3.32173e-04 -5.99377e-04  1.76601e-05
     outer loop
       vertex  1.39552e-01 -2.07425e-01  3.58669e-02
       vertex  1.03480e-01 -2.27578e-01  3.03645e-02
       vertex  1.22282e-01 -2.18053e-01  0.00000e+00
     endloop
  endfacet
  facet normal -7.34769e-04 -7.03890e-04 -2.12580e-05
     outer loop
       vertex -1.96668e-01 -1.54343e-01  8.02524e-01
       vertex -1.64786e-01 -1.88004e-01  8.15133e-01
       vertex -1.87544e-01 -1.65309e-01  8.50288e-01
     endloop
  endfacet
  facet normal -7.90959e-04 -8.20054e-04  1.82130e-05
     outer loop
       vertex -1.54833e-01 -1.96282e-01  4.62543e-02
       vertex -1.90453e-01 -1.61950e-01  4.51963e-02
       vertex -1.61884e-01 -1.90508e-01  0.00000e+00
     endloop
  endfacet
  facet normal -7.06999e-04 -7.46537e-04  2.42511e-05
     outer loop
       vertex -1.87544e-01 -1.65309e-01  8.50288e-01
       vertex -1.64786e-01 -1.88004e-01  8.15133e-01
       vertex -1.52608e-01 -1.98017e-01  8.61927e-01
     endloop
  endfacet
  facet normal -9.13102e-04 -5.31563e-04 -2.11420e-05
     outer loop
       vertex -2.27513e-01 -1.03624e-01  7.42573e-01
       vertex -2.03923e-01 -1.44622e-01  7.54539e-01
       vertex -2.21808e-01 -1.15331e-01  7.90534e-01
     endloop
  endfacet
  facet normal -6.34870e-04 -9.25458e-04 -3.04339e-05
     outer loop
       vertex -1.61214e-01 -1.91076e-01  1.48282e+00
       vertex -1.20275e-01 -2.19167e-01  1.48300e+00
       vertex -1.39624e-01 -2.07377e-01  1.52813e+00
     endloop
  endfacet
  facet normal -8.77694e-04 -5.59666e-04  1.93190e-05
     outer loop
       vertex -2.03923e-01 -1.44622e-01  7.54539e-01
       vertex -1.96668e-01 -1.54343e-01  8.02524e-01
       vertex -2.21808e-01 -1.15331e-01  7.90534e-01
     endloop
  endfacet
  facet normal -8.69767e-04 -5.66507e-04 -1.95605e-05
     outer loop
       vertex -2.21808e-01 -1.15331e-01  7.90534e-01
       vertex -1.96668e-01 -1.54343e-01  8.02524e-01
       vertex -2.15833e-01 -1.26159e-01  8.38452e-01
     endloop
  endfacet
  facet normal -8.89922e-04 -6.18387e-04  1.88202e-05
     outer loop
       vertex -1.90453e-01 -1.61950e-01  4.51963e-02
       vertex -2.18056e-01 -1.22277e-01  4.35267e-02
       vertex -1.96903e-01 -1.54043e-01  0.00000e+00
     endloop
  endfacet
  facet normal -4.30109e-04 -9.60325e-04 -2.27310e-05
     outer loop
       vertex -1.12514e-01 -2.23250e-01  8.75478e-01
       vertex -1.24767e-01 -2.16641e-01  8.28098e-01
       vertex -8.11239e-02 -2.36472e-01  8.40108e-01
     endloop
  endfacet
  facet normal -9.68777e-04 -3.61520e-04  2.17059e-05
     outer loop
       vertex -2.41020e-01 -6.64015e-02  5.98301e-01
       vertex -2.30219e-01 -9.74649e-02  5.63036e-01
       vertex -2.24371e-01 -1.10261e-01  6.10884e-01
     endloop
  endfacet
  facet normal -9.65224e-04 -4.40425e-04  2.08295e-05
     outer loop
       vertex -2.21808e-01 -1.15331e-01  7.90534e-01
       vertex -2.15833e-01 -1.26159e-01  8.38452e-01
       vertex -2.35854e-01 -8.29037e-02  8.25313e-01
     endloop
  endfacet
  facet normal -9.69237e-04 -4.54919e-04 -2.07733e-05
     outer loop
       vertex -2.35854e-01 -8.29037e-02  8.25313e-01
       vertex -2.15833e-01 -1.26159e-01  8.38452e-01
       vertex -2.31485e-01 -9.44179e-02  8.73626e-01
     endloop
  endfacet
  facet normal -8.70104e-04 -6.21610e-04  2.34852e-05
     outer loop
       vertex -2.15833e-01 -1.26159e-01  8.38452e-01
       vertex -1.96668e-01 -1.54343e-01  8.02524e-01
       vertex -1.87544e-01 -1.65309e-01  8.50288e-01
     endloop
  endfacet
  facet normal -9.84018e-04 -3.79312e-04 -2.01480e-05
     outer loop
       vertex -2.41020e-01 -6.64015e-02  5.98301e-01
       vertex -2.24371e-01 -1.10261e-01  6.10884e-01
       vertex -2.37417e-01 -7.83144e-02  6.46590e-01
     endloop
  endfacet
  facet normal -5.52984e-04 -8.66804e-04  2.20902e-05
     outer loop
       vertex -1.52608e-01 -1.98017e-01  8.61927e-01
       vertex -1.24767e-01 -2.16641e-01  8.28098e-01
       vertex -1.12514e-01 -2.23250e-01  8.75478e-01
     endloop
  endfacet
  facet normal -1.00100e-03 -3.38197e-04  2.19960e-05
     outer loop
       vertex -2.27513e-01 -1.03624e-01  7.42573e-01
       vertex -2.43065e-01 -5.84738e-02  7.29006e-01
       vertex -2.32733e-01 -9.12981e-02  6.94529e-01
     endloop
  endfacet
  facet normal -9.80614e-04 -4.26955e-04  2.30699e-05
     outer loop
       vertex -2.18056e-01 -1.22277e-01  4.35267e-02
       vertex -2.37936e-01 -7.67226e-02  4.15607e-02
       vertex -2.23868e-01 -1.11279e-01  0.00000e+00
     endloop
  endfacet
  facet normal -9.86560e-04 -3.91471e-04  2.17952e-05
     outer loop
       vertex -2.27513e-01 -1.03624e-01  7.42573e-01
       vertex -2.21808e-01 -1.15331e-01  7.90534e-01
       vertex -2.39735e-01 -7.09022e-02  7.77062e-01
     endloop
  endfacet
  facet normal -1.01299e-03 -2.82883e-04  2.23622e-05
     outer loop
       vertex -2.32733e-01 -9.12981e-02  6.94529e-01
       vertex -2.45839e-01 -4.54200e-02  6.81179e-01
       vertex -2.37417e-01 -7.83144e-02  6.46590e-01
     endloop
  endfacet
  facet normal -7.24945e-04 -7.82312e-04 -2.24152e-05
     outer loop
       vertex -1.87544e-01 -1.65309e-01  8.50288e-01
       vertex -1.52608e-01 -1.98017e-01  8.61927e-01
       vertex -1.78214e-01 -1.75327e-01  8.98181e-01
     endloop
  endfacet
  facet normal -9.91033e-04 -4.06360e-04 -2.13558e-05
     outer loop
       vertex -2.21808e-01 -1.15331e-01  7.90534e-01
       vertex -2.35854e-01 -8.29037e-02  8.25313e-01
       vertex -2.39735e-01 -7.09022e-02  7.77062e-01
     endloop
  endfacet
  facet normal -3.40339e-04 -8.65805e-04  2.16050e-05
     outer loop
       vertex -1.12514e-01 -2.23250e-01  8.75478e-01
       vertex -8.11239e-02 -2.36472e-01  8.40108e-01
       vertex -6.83545e-02 -2.40474e-01  8.80884e-01
     endloop
  endfacet
  facet normal -1.00204e-03 -2.14657e-04  2.43373e-05
     outer loop
       vertex -2.37936e-01 -7.67226e-02  4.15607e-02
       vertex -2.48436e-01 -2.79236e-02  3.96771e-02
       vertex -2.41679e-01 -6.39631e-02  0.00000e+00
     endloop
  endfacet
  facet normal -6.75364e-04 -7.91730e-04  1.84979e-05
     outer loop
       vertex -1.52608e-01 -1.98017e-01  8.61927e-01
       vertex -1.43120e-01 -2.04980e-01  9.10333e-01
       vertex -1.78214e-01 -1.75327e-01  8.98181e-01
     endloop
  endfacet
  facet normal -5.63529e-04 -9.06095e-04 -1.98713e-05
     outer loop
       vertex -1.52608e-01 -1.98017e-01  8.61927e-01
       vertex -1.12514e-01 -2.23250e-01  8.75478e-01
       vertex -1.43120e-01 -2.04980e-01  9.10333e-01
     endloop
  endfacet
  facet normal -1.00055e-03 -3.51101e-04 -2.14619e-05
     outer loop
       vertex -2.27513e-01 -1.03624e-01  7.42573e-01
       vertex -2.39735e-01 -7.09022e-02  7.77062e-01
       vertex -2.43065e-01 -5.84738e-02  7.29006e-01
     endloop
  endfacet
  facet normal -1.00998e-03 -2.94906e-04 -2.19118e-05
     outer loop
       vertex -2.32733e-01 -9.12981e-02  6.94529e-01
       vertex -2.43065e-01 -5.84738e-02  7.29006e-01
       vertex -2.45839e-01 -4.54200e-02  6.81179e-01
     endloop
  endfacet
  facet normal -1.04341e-03 -4.10946e-04 -3.07428e-05
     outer loop
       vertex -2.22330e-01 -1.14321e-01  1.48271e+00
       vertex -2.31552e-01 -9.42528e-02  1.52745e+00
       vertex -2.40609e-01 -6.78764e-02  1.48227e+00
     endloop
  endfacet
  facet normal -1.01950e-03 -2.37482e-04 -2.24005e-05
     outer loop
       vertex -2.37417e-01 -7.83144e-02  6.46590e-01
       vertex -2.45839e-01 -4.54200e-02  6.81179e-01
       vertex -2.47974e-01 -3.17648e-02  6.33551e-01
     endloop
  endfacet
  facet normal -5.24475e-04 -9.39401e-04  3.18800e-05
     outer loop
       vertex -1.43120e-01 -2.04980e-01  9.10333e-01
       vertex -1.12514e-01 -2.23250e-01  8.75478e-01
       vertex -9.70750e-02 -2.30383e-01  9.19282e-01
     endloop
  endfacet
  facet normal -3.57958e-04 -9.25459e-04 -2.45405e-05
     outer loop
       vertex -1.12514e-01 -2.23250e-01  8.75478e-01
       vertex -6.83545e-02 -2.40474e-01  8.80884e-01
       vertex -9.70750e-02 -2.30383e-01  9.19282e-01
     endloop
  endfacet
  facet normal -1.04625e-03 -2.31395e-04  2.09870e-05
     outer loop
       vertex -2.37417e-01 -7.83144e-02  6.46590e-01
       vertex -2.47974e-01 -3.17648e-02  6.33551e-01
       vertex -2.41020e-01 -6.64015e-02  5.98301e-01
     endloop
  endfacet
  facet normal  5.89845e-04  7.47132e-04 -2.59652e-05
     outer loop
       vertex  1.55195e-01  1.95997e-01  8.03230e-01
       vertex  1.73309e-01  1.80178e-01  7.59556e-01
       vertex  1.36540e-01  2.09420e-01  7.65717e-01
     endloop
  endfacet
  facet normal -9.68001e-04 -5.04021e-04  2.40868e-05
     outer loop
       vertex -2.31485e-01 -9.44179e-02  8.73626e-01
       vertex -2.15833e-01 -1.26159e-01  8.38452e-01
       vertex -2.08522e-01 -1.37908e-01  8.86426e-01
     endloop
  endfacet
  facet normal -8.69566e-04 -6.35295e-04 -2.30672e-05
     outer loop
       vertex -2.15833e-01 -1.26159e-01  8.38452e-01
       vertex -1.87544e-01 -1.65309e-01  8.50288e-01
       vertex -2.08522e-01 -1.37908e-01  8.86426e-01
     endloop
  endfacet
  facet normal  9.61353e-05 -9.82496e-04 -2.69410e-05
     outer loop
       vertex -7.52948e-04 -2.49999e-01  3.13691e-01
       vertex  4.85833e-02 -2.45234e-01  3.15970e-01
       vertex  1.55650e-02 -2.49515e-01  3.54274e-01
     endloop
  endfacet
  facet normal -8.37175e-04 -6.70922e-04  2.27485e-05
     outer loop
       vertex -1.87544e-01 -1.65309e-01  8.50288e-01
       vertex -1.78214e-01 -1.75327e-01  8.98181e-01
       vertex -2.08522e-01 -1.37908e-01  8.86426e-01
     endloop
  endfacet
  facet normal -9.79232e-04 -1.06751e-05  2.51443e-05
     outer loop
       vertex -2.48436e-01 -2.79236e-02  3.96771e-02
       vertex -2.49026e-01  2.20515e-02  3.79204e-02
       vertex -2.49606e-01 -1.40318e-02  0.00000e+00
     endloop
  endfacet
  facet normal -1.01943e-03 -2.48992e-04  2.00713e-05
     outer loop
       vertex -2.47153e-01 -3.76227e-02  8.13150e-01
       vertex -2.39735e-01 -7.09022e-02  7.77062e-01
       vertex -2.35854e-01 -8.29037e-02  8.25313e-01
     endloop
  endfacet
  facet normal -1.00496e-03 -2.98749e-04  1.96769e-05
     outer loop
       vertex -2.44982e-01 -4.98377e-02  8.61132e-01
       vertex -2.35854e-01 -8.29037e-02  8.25313e-01
       vertex -2.31485e-01 -9.44179e-02  8.73626e-01
     endloop
  endfacet
  facet normal -1.06002e-03 -8.62558e-05  2.27729e-05
     outer loop
       vertex -2.47974e-01 -3.17648e-02  6.33551e-01
       vertex -2.45839e-01 -4.54200e-02  6.81179e-01
       vertex -2.49988e-01  2.46035e-03  6.69432e-01
     endloop
  endfacet
  facet normal -1.05261e-03 -1.43599e-04  2.18575e-05
     outer loop
       vertex -2.45839e-01 -4.54200e-02  6.81179e-01
       vertex -2.43065e-01 -5.84738e-02  7.29006e-01
       vertex -2.49745e-01 -1.12802e-02  7.17367e-01
     endloop
  endfacet
  facet normal -1.03437e-03 -1.97351e-04  2.06456e-05
     outer loop
       vertex -2.43065e-01 -5.84738e-02  7.29006e-01
       vertex -2.39735e-01 -7.09022e-02  7.77062e-01
       vertex -2.48767e-01 -2.47989e-02  7.65251e-01
     endloop
  endfacet
  facet normal -1.06687e-03 -9.80045e-05 -2.26955e-05
     outer loop
       vertex -2.49988e-01  2.46035e-03  6.69432e-01
       vertex -2.45839e-01 -4.54200e-02  6.81179e-01
       vertex -2.49745e-01 -1.12802e-02  7.17367e-01
     endloop
  endfacet
  facet normal -7.95460e-04 -7.74470e-04 -2.91513e-05
     outer loop
       vertex -1.95362e-01 -1.55992e-01  1.48256e+00
       vertex -1.61214e-01 -1.91076e-01  1.48282e+00
       vertex -1.77541e-01 -1.76010e-01  1.52806e+00
     endloop
  endfacet
  facet normal -1.07096e-03 -3.86175e-05 -2.32804e-05
     outer loop
       vertex -2.47974e-01 -3.17648e-02  6.33551e-01
       vertex -2.49988e-01  2.46035e-03  6.69432e-01
       vertex -2.49454e-01  1.65098e-02  6.21579e-01
     endloop
  endfacet
  facet normal -4.61108e-04  8.06822e-04 -3.37475e-05
     outer loop
       vertex -1.46070e-01  2.02888e-01  2.02123e-01
       vertex -1.30840e-01  2.13028e-01  2.36448e-01
       vertex -1.00000e-01  2.29129e-01  2.00000e-01
     endloop
  endfacet
  facet normal -1.05123e-03 -1.54236e-04 -2.20648e-05
     outer loop
       vertex -2.49745e-01 -1.12802e-02  7.17367e-01
       vertex -2.43065e-01 -5.84738e-02  7.29006e-01
       vertex -2.48767e-01 -2.47989e-02  7.65251e-01
     endloop
  endfacet
  facet normal -4.17796e-04  7.87726e-04  1.48846e-05
     outer loop
       vertex -1.30840e-01  2.13028e-01  2.36448e-01
       vertex -1.38953e-01  2.07827e-01  2.83967e-01
       vertex -1.00000e-01  2.29129e-01  2.50000e-01
     endloop
  endfacet
  facet normal -1.02841e-03 -2.06778e-04 -2.07037e-05
     outer loop
       vertex -2.48767e-01 -2.47989e-02  7.65251e-01
       vertex -2.39735e-01 -7.09022e-02  7.77062e-01
       vertex -2.47153e-01 -3.76227e-02  8.13150e-01
     endloop
  endfacet
  facet normal -1.07647e-03 -1.93237e-04 -2.86375e-05
     outer loop
       vertex -2.49206e-01 -1.99126e-02  1.48176e+00
       vertex -2.40609e-01 -6.78764e-02  1.48227e+00
       vertex -2.45587e-01 -4.67652e-02  1.52693e+00
     endloop
  endfacet
  facet normal -1.01205e-03 -2.57875e-04 -1.98614e-05
     outer loop
       vertex -2.47153e-01 -3.76227e-02  8.13150e-01
       vertex -2.35854e-01 -8.29037e-02  8.25313e-01
       vertex -2.44982e-01 -4.98377e-02  8.61132e-01
     endloop
  endfacet
  facet normal -9.42175e-04 -6.09626e-04 -3.03638e-05
     outer loop
       vertex -2.22330e-01 -1.14321e-01  1.48271e+00
       vertex -1.95362e-01 -1.55992e-01  1.48256e+00
       vertex -2.08574e-01 -1.37830e-01  1.52784e+00
     endloop
  endfacet
  facet normal -9.62686e-04 -5.15344e-04 -2.39188e-05
     outer loop
       vertex -2.25973e-01 -1.06940e-01  9.21582e-01
       vertex -2.31485e-01 -9.44179e-02  8.73626e-01
       vertex -2.08522e-01 -1.37908e-01  8.86426e-01
     endloop
  endfacet
  facet normal -9.97995e-04 -3.07595e-04 -1.94150e-05
     outer loop
       vertex -2.44982e-01 -4.98377e-02  8.61132e-01
       vertex -2.31485e-01 -9.44179e-02  8.73626e-01
       vertex -2.42293e-01 -6.15968e-02  9.09200e-01
     endloop
  endfacet
  facet normal -1.06240e-03 -5.30462e-05  2.15999e-05
     outer loop
       vertex -2.48767e-01 -2.47989e-02  7.65251e-01
       vertex -2.47153e-01 -3.76227e-02  8.13150e-01
       vertex -2.49795e-01  1.01294e-02  8.00481e-01
     endloop
  endfacet
  facet normal -1.06395e-03  2.77684e-06  2.25233e-05
     outer loop
       vertex -2.49745e-01 -1.12802e-02  7.17367e-01
       vertex -2.48767e-01 -2.47989e-02  7.65251e-01
       vertex -2.48914e-01  2.32757e-02  7.52374e-01
     endloop
  endfacet
  facet normal -1.00973e-03 -3.57199e-04  2.27833e-05
     outer loop
       vertex -2.42293e-01 -6.15968e-02  9.09200e-01
       vertex -2.31485e-01 -9.44179e-02  8.73626e-01
       vertex -2.25973e-01 -1.06940e-01  9.21582e-01
     endloop
  endfacet
  facet normal -1.06943e-03 -6.48655e-05 -2.14848e-05
     outer loop
       vertex -2.49795e-01  1.01294e-02  8.00481e-01
       vertex -2.47153e-01 -3.76227e-02  8.13150e-01
       vertex -2.49986e-01 -2.68557e-03  8.48672e-01
     endloop
  endfacet
  facet normal -1.07173e-03 -9.20897e-06 -2.21338e-05
     outer loop
       vertex -2.48767e-01 -2.47989e-02  7.65251e-01
       vertex -2.49795e-01  1.01294e-02  8.00481e-01
       vertex -2.48914e-01  2.32757e-02  7.52374e-01
     endloop
  endfacet
  facet normal -1.05513e-03 -1.06515e-04  2.06200e-05
     outer loop
       vertex -2.47153e-01 -3.76227e-02  8.13150e-01
       vertex -2.44982e-01 -4.98377e-02  8.61132e-01
       vertex -2.49986e-01 -2.68557e-03  8.48672e-01
     endloop
  endfacet
  facet normal -3.91990e-04  7.42630e-04 -2.81515e-06
     outer loop
       vertex -1.33477e-01  2.11386e-01  1.23085e+00
       vertex -1.31718e-01  2.12486e-01  1.27623e+00
       vertex -1.00000e-01  2.29129e-01  1.25000e+00
     endloop
  endfacet
  facet normal -1.12066e-03  2.15933e-05 -3.04266e-05
     outer loop
       vertex -2.48232e-01  2.96785e-02  1.48110e+00
       vertex -2.49206e-01 -1.99126e-02  1.48176e+00
       vertex -2.49980e-01  3.13418e-03  1.52665e+00
     endloop
  endfacet
  facet normal -1.05516e-03 -1.17498e-04 -2.09269e-05
     outer loop
       vertex -2.49986e-01 -2.68557e-03  8.48672e-01
       vertex -2.44982e-01 -4.98377e-02  8.61132e-01
       vertex -2.49527e-01 -1.53728e-02  8.96780e-01
     endloop
  endfacet
  facet normal -3.82491e-04  7.32502e-04  6.22930e-06
     outer loop
       vertex -1.33477e-01  2.11386e-01  1.23085e+00
       vertex -1.00000e-01  2.29129e-01  1.20000e+00
       vertex -1.29225e-01  2.14011e-01  1.18317e+00
     endloop
  endfacet
  facet normal  1.12851e-04 -1.06898e-03  3.06237e-05
     outer loop
       vertex  5.09319e-02 -2.44757e-01  1.00974e+00
       vertex  1.56810e-03 -2.49995e-01  1.00880e+00
       vertex  2.71981e-02 -2.48516e-01  9.65981e-01
     endloop
  endfacet
  facet normal -1.03793e-03 -1.57165e-04  1.96194e-05
     outer loop
       vertex -2.44982e-01 -4.98377e-02  8.61132e-01
       vertex -2.42293e-01 -6.15968e-02  9.09200e-01
       vertex -2.49527e-01 -1.53728e-02  8.96780e-01
     endloop
  endfacet
  facet normal -1.02661e-03  5.58534e-05  2.12041e-05
     outer loop
       vertex -2.49745e-01 -1.12802e-02  7.17367e-01
       vertex -2.47483e-01  3.53881e-02  7.03989e-01
       vertex -2.49988e-01  2.46035e-03  6.69432e-01
     endloop
  endfacet
  facet normal -2.77328e-04 -1.02145e-03  2.35125e-05
     outer loop
       vertex -6.37413e-02 -2.41738e-01  3.95365e-01
       vertex -4.26382e-02 -2.46337e-01  4.44455e-01
       vertex -8.65652e-02 -2.34535e-01  4.39079e-01
     endloop
  endfacet
  facet normal -7.33038e-04  1.26292e-03  2.39636e-05
     outer loop
       vertex -1.43934e-01  2.04409e-01  5.88486e-02
       vertex -1.50502e-01  1.99623e-01  1.10188e-01
       vertex -1.00000e-01  2.29129e-01  1.00000e-01
     endloop
  endfacet
  facet normal -1.03483e-03 -1.67282e-04 -1.98429e-05
     outer loop
       vertex -2.49527e-01 -1.53728e-02  8.96780e-01
       vertex -2.42293e-01 -6.15968e-02  9.09200e-01
       vertex -2.48472e-01 -2.76022e-02  9.44841e-01
     endloop
  endfacet
  facet normal -9.19921e-04  1.76557e-04  2.58955e-05
     outer loop
       vertex -2.49026e-01  2.20515e-02  3.79204e-02
       vertex -2.39634e-01  7.12415e-02  3.61548e-02
       vertex -2.47325e-01  3.64733e-02  0.00000e+00
     endloop
  endfacet
  facet normal -1.06566e-03  4.27522e-05  2.14349e-05
     outer loop
       vertex -2.49986e-01 -2.68557e-03  8.48672e-01
       vertex -2.49527e-01 -1.53728e-02  8.96780e-01
       vertex -2.47879e-01  3.24992e-02  8.83246e-01
     endloop
  endfacet
  facet normal -1.06062e-03  9.65443e-05  2.14724e-05
     outer loop
       vertex -2.49986e-01 -2.68557e-03  8.48672e-01
       vertex -2.45925e-01  4.49551e-02  8.35047e-01
       vertex -2.49795e-01  1.01294e-02  8.00481e-01
     endloop
  endfacet
  facet normal -1.06335e-03 -1.03778e-05  2.07089e-05
     outer loop
       vertex -2.49527e-01 -1.53728e-02  8.96780e-01
       vertex -2.48472e-01 -2.76022e-02  9.44841e-01
       vertex -2.49196e-01  2.00362e-02  9.31525e-01
     endloop
  endfacet
  facet normal -1.04800e-03  4.51645e-05 -1.96980e-05
     outer loop
       vertex -2.49745e-01 -1.12802e-02  7.17367e-01
       vertex -2.48914e-01  2.32757e-02  7.52374e-01
       vertex -2.47483e-01  3.53881e-02  7.03989e-01
     endloop
  endfacet
  facet normal -1.07219e-03 -1.91066e-04 -2.37579e-05
     outer loop
       vertex -2.41020e-01 -6.64015e-02  5.98301e-01
       vertex -2.47974e-01 -3.17648e-02  6.33551e-01
       vertex -2.49343e-01 -1.81098e-02  5.85537e-01
     endloop
  endfacet
  facet normal -1.04998e-03  1.50210e-04  2.18286e-05
     outer loop
       vertex -2.49795e-01  1.01294e-02  8.00481e-01
       vertex -2.43302e-01  5.74815e-02  7.86939e-01
       vertex -2.48914e-01  2.32757e-02  7.52374e-01
     endloop
  endfacet
  facet normal -1.07719e-03 -2.73441e-05  2.29462e-05
     outer loop
       vertex -2.47974e-01 -3.17648e-02  6.33551e-01
       vertex -2.49454e-01  1.65098e-02  6.21579e-01
       vertex -2.49343e-01 -1.81098e-02  5.85537e-01
     endloop
  endfacet
  facet normal  1.01601e-04 -1.06648e-03  3.03272e-05
     outer loop
       vertex  2.59863e-02 -2.48646e-01  2.71693e-01
       vertex  4.85833e-02 -2.45234e-01  3.15970e-01
       vertex -7.52948e-04 -2.49999e-01  3.13691e-01
     endloop
  endfacet
  facet normal -9.62621e-04 -2.01955e-05 -1.98951e-05
     outer loop
       vertex -2.49196e-01  2.00362e-02  9.31525e-01
       vertex -2.48472e-01 -2.76022e-02  9.44841e-01
       vertex -2.49856e-01  8.49554e-03  9.75165e-01
     endloop
  endfacet
  facet normal -1.07128e-03  3.08759e-05 -2.12572e-05
     outer loop
       vertex -2.49527e-01 -1.53728e-02  8.96780e-01
       vertex -2.49196e-01  2.00362e-02  9.31525e-01
       vertex -2.47879e-01  3.24992e-02  8.83246e-01
     endloop
  endfacet
  facet normal -1.05026e-03 -2.14841e-04  2.28447e-05
     outer loop
       vertex -2.48472e-01 -2.76022e-02  9.44841e-01
       vertex -2.42293e-01 -6.15968e-02  9.09200e-01
       vertex -2.38551e-01 -7.47887e-02  9.57160e-01
     endloop
  endfacet
  facet normal -2.47054e-04 -9.20106e-04 -1.35083e-06
     outer loop
       vertex -8.65652e-02 -2.34535e-01  4.39079e-01
       vertex -4.26382e-02 -2.46337e-01  4.44455e-01
       vertex -8.59434e-02 -2.34763e-01  4.81047e-01
     endloop
  endfacet
  facet normal -1.00565e-03 -3.68180e-04 -2.28139e-05
     outer loop
       vertex -2.42293e-01 -6.15968e-02  9.09200e-01
       vertex -2.25973e-01 -1.06940e-01  9.21582e-01
       vertex -2.38551e-01 -7.47887e-02  9.57160e-01
     endloop
  endfacet
  facet normal -1.04529e-03  1.16497e-04  2.25461e-05
     outer loop
       vertex -2.49988e-01  2.46035e-03  6.69432e-01
       vertex -2.44978e-01  4.98571e-02  6.56795e-01
       vertex -2.49454e-01  1.65098e-02  6.21579e-01
     endloop
  endfacet
  facet normal  8.20342e-04  7.06347e-04 -2.91815e-05
     outer loop
       vertex  2.04690e-01  1.43534e-01  1.95653e+00
       vertex  1.72295e-01  1.81148e-01  1.95629e+00
       vertex  1.85826e-01  1.67239e-01  2.00000e+00
     endloop
  endfacet
  facet normal -1.06326e-03  8.45514e-05 -2.12489e-05
     outer loop
       vertex -2.49986e-01 -2.68557e-03  8.48672e-01
       vertex -2.47879e-01  3.24992e-02  8.83246e-01
       vertex -2.45925e-01  4.49551e-02  8.35047e-01
     endloop
  endfacet
  facet normal -1.05420e-03  1.38417e-04 -2.14333e-05
     outer loop
       vertex -2.49795e-01  1.01294e-02  8.00481e-01
       vertex -2.45925e-01  4.49551e-02  8.35047e-01
       vertex -2.43302e-01  5.74815e-02  7.86939e-01
     endloop
  endfacet
  facet normal  7.42190e-04  9.65889e-04 -3.51091e-05
     outer loop
       vertex  1.72295e-01  1.81148e-01  1.95629e+00
       vertex  1.29955e-01  2.13569e-01  1.95320e+00
       vertex  1.46059e-01  2.02896e-01  2.00000e+00
     endloop
  endfacet
  facet normal -1.03968e-03  1.92580e-04 -2.17720e-05
     outer loop
       vertex -2.48914e-01  2.32757e-02  7.52374e-01
       vertex -2.43302e-01  5.74815e-02  7.86939e-01
       vertex -2.39943e-01  7.01942e-02  7.38995e-01
     endloop
  endfacet
  facet normal -3.77879e-04  7.04965e-04 -1.85540e-05
     outer loop
       vertex -1.38953e-01  2.07827e-01  2.83967e-01
       vertex -1.27517e-01  2.15033e-01  3.24869e-01
       vertex -1.00000e-01  2.29129e-01  3.00000e-01
     endloop
  endfacet
  facet normal -1.05405e-03  2.07451e-04  2.07489e-05
     outer loop
       vertex -2.48914e-01  2.32757e-02  7.52374e-01
       vertex -2.39943e-01  7.01942e-02  7.38995e-01
       vertex -2.47483e-01  3.53881e-02  7.03989e-01
     endloop
  endfacet
  facet normal -8.27442e-04  3.41207e-04  2.67684e-05
     outer loop
       vertex -2.20489e-01  1.17833e-01  3.40761e-02
       vertex -2.34930e-01  8.54869e-02  0.00000e+00
       vertex -2.39634e-01  7.12415e-02  3.61548e-02
     endloop
  endfacet
  facet normal -3.75865e-05 -1.00141e-03  2.70535e-05
     outer loop
       vertex -7.52948e-04 -2.49999e-01  3.13691e-01
       vertex  1.55650e-02 -2.49515e-01  3.54274e-01
       vertex -3.40495e-02 -2.47670e-01  3.53621e-01
     endloop
  endfacet
  facet normal -5.98838e-04  1.05399e-03  3.24211e-05
     outer loop
       vertex -1.32028e-01  2.12293e-01  1.55720e-01
       vertex -1.46070e-01  2.02888e-01  2.02123e-01
       vertex -1.00000e-01  2.29129e-01  2.00000e-01
     endloop
  endfacet
  facet normal -1.02699e-03  1.02389e-04 -2.31114e-05
     outer loop
       vertex -2.49988e-01  2.46035e-03  6.69432e-01
       vertex -2.47483e-01  3.53881e-02  7.03989e-01
       vertex -2.44978e-01  4.98571e-02  6.56795e-01
     endloop
  endfacet
  facet normal  7.07107e-04  8.84723e-04  2.07977e-05
     outer loop
       vertex  1.36540e-01  2.09420e-01  7.65717e-01
       vertex  1.73309e-01  1.80178e-01  7.59556e-01
       vertex  1.47258e-01  2.02027e-01  7.15797e-01
     endloop
  endfacet
  facet normal -1.09919e-03  2.43553e-04 -3.01519e-05
     outer loop
       vertex -2.37535e-01  7.79565e-02  1.48109e+00
       vertex -2.48232e-01  2.96785e-02  1.48110e+00
       vertex -2.44451e-01  5.23787e-02  1.52663e+00
     endloop
  endfacet
  facet normal -9.88240e-04 -4.11857e-04  2.28115e-05
     outer loop
       vertex -2.38551e-01 -7.47887e-02  9.57160e-01
       vertex -2.25973e-01 -1.06940e-01  9.21582e-01
       vertex -2.19770e-01 -1.19168e-01  9.69525e-01
     endloop
  endfacet
  facet normal -8.44493e-04  5.83940e-04  3.83026e-05
     outer loop
       vertex -2.20489e-01  1.17833e-01  3.40761e-02
       vertex -1.87177e-01  1.65725e-01  3.84026e-02
       vertex -2.12927e-01  1.31004e-01  0.00000e+00
     endloop
  endfacet
  facet normal -1.00730e-03  3.48747e-04  2.19061e-05
     outer loop
       vertex -2.39943e-01  7.01942e-02  7.38995e-01
       vertex -2.43302e-01  5.74815e-02  7.86939e-01
       vertex -2.27877e-01  1.02821e-01  7.74419e-01
     endloop
  endfacet
  facet normal -1.02580e-03  2.96733e-04  2.13366e-05
     outer loop
       vertex -2.45925e-01  4.49551e-02  8.35047e-01
       vertex -2.32909e-01  9.08489e-02  8.22571e-01
       vertex -2.43302e-01  5.74815e-02  7.86939e-01
     endloop
  endfacet
  facet normal -1.02562e-03  4.53469e-04 -3.01592e-05
     outer loop
       vertex -2.17522e-01  1.23224e-01  1.48116e+00
       vertex -2.37535e-01  7.79565e-02  1.48109e+00
       vertex -2.29507e-01  9.91279e-02  1.52643e+00
     endloop
  endfacet
  facet normal -1.13738e-03  1.27117e-03  4.92920e-07
     outer loop
       vertex -1.44054e-01  2.04325e-01  0.00000e+00
       vertex -1.87177e-01  1.65725e-01  3.84026e-02
       vertex -1.43934e-01  2.04409e-01  5.88486e-02
     endloop
  endfacet
  facet normal -1.01665e-03  3.39880e-04 -2.17365e-05
     outer loop
       vertex -2.27877e-01  1.02821e-01  7.74419e-01
       vertex -2.43302e-01  5.74815e-02  7.86939e-01
       vertex -2.32909e-01  9.08489e-02  8.22571e-01
     endloop
  endfacet
  facet normal -1.03886e-03  1.63956e-04 -2.32097e-05
     outer loop
       vertex -2.49454e-01  1.65098e-02  6.21579e-01
       vertex -2.44978e-01  4.98571e-02  6.56795e-01
       vertex -2.41707e-01  6.38578e-02  6.09275e-01
     endloop
  endfacet
  facet normal -9.97572e-04  3.93308e-04 -2.24484e-05
     outer loop
       vertex -2.39943e-01  7.01942e-02  7.38995e-01
       vertex -2.27877e-01  1.02821e-01  7.74419e-01
       vertex -2.22039e-01  1.14886e-01  7.26369e-01
     endloop
  endfacet
  facet normal -7.36284e-04  1.24383e-03 -4.74096e-05
     outer loop
       vertex -1.50502e-01  1.99623e-01  1.10188e-01
       vertex -1.32028e-01  2.12293e-01  1.55720e-01
       vertex -1.00000e-01  2.29129e-01  1.00000e-01
     endloop
  endfacet
  facet normal -9.49554e-04 -4.06002e-04 -1.49318e-05
     outer loop
       vertex -2.38551e-01 -7.47887e-02  9.57160e-01
       vertex -2.19770e-01 -1.19168e-01  9.69525e-01
       vertex -2.36156e-01 -8.20380e-02  1.00197e+00
     endloop
  endfacet
  facet normal -1.06982e-03  1.93535e-05 -2.18862e-05
     outer loop
       vertex -2.48232e-01  2.96785e-02  5.73484e-01
       vertex -2.49343e-01 -1.81098e-02  5.85537e-01
       vertex -2.49454e-01  1.65098e-02  6.21579e-01
     endloop
  endfacet
  facet normal -9.09539e-04  6.41996e-04 -3.02606e-05
     outer loop
       vertex -1.88892e-01  1.63767e-01  1.48078e+00
       vertex -2.17522e-01  1.23224e-01  1.48116e+00
       vertex -2.05803e-01  1.41934e-01  1.52585e+00
     endloop
  endfacet
  facet normal -3.50195e-04  6.54802e-04  1.61838e-05
     outer loop
       vertex -1.00000e-01  2.29129e-01  3.50000e-01
       vertex -1.27517e-01  2.15033e-01  3.24869e-01
       vertex -1.37823e-01  2.08578e-01  3.63050e-01
     endloop
  endfacet
  facet normal -1.05758e-03  1.78787e-04  2.20791e-05
     outer loop
       vertex -2.49454e-01  1.65098e-02  6.21579e-01
       vertex -2.41707e-01  6.38578e-02  6.09275e-01
       vertex -2.48232e-01  2.96785e-02  5.73484e-01
     endloop
  endfacet
  facet normal -1.00751e-03  2.40174e-04 -2.18094e-05
     outer loop
       vertex -2.36072e-01  8.22790e-02  6.93256e-01
       vertex -2.47483e-01  3.53881e-02  7.03989e-01
       vertex -2.39943e-01  7.01942e-02  7.38995e-01
     endloop
  endfacet
  facet normal -9.45785e-04  3.85030e-04  2.16881e-05
     outer loop
       vertex -2.36072e-01  8.22790e-02  6.93256e-01
       vertex -2.39943e-01  7.01942e-02  7.38995e-01
       vertex -2.22039e-01  1.14886e-01  7.26369e-01
     endloop
  endfacet
  facet normal -8.68195e-04  9.46236e-04 -4.45942e-05
     outer loop
       vertex -1.46633e-01  2.02482e-01  1.47952e+00
       vertex -1.88892e-01  1.63767e-01  1.48078e+00
       vertex -1.73802e-01  1.79702e-01  1.52511e+00
     endloop
  endfacet
  facet normal -1.02883e-03  2.55806e-04  2.38268e-05
     outer loop
       vertex -2.44978e-01  4.98571e-02  6.56795e-01
       vertex -2.47483e-01  3.53881e-02  7.03989e-01
       vertex -2.36072e-01  8.22790e-02  6.93256e-01
     endloop
  endfacet
  facet normal  5.63319e-04 -1.14171e-03 -5.51915e-05
     outer loop
       vertex  1.00597e-01 -2.28867e-01  2.32737e-01
       vertex  8.15516e-02 -2.36325e-01  1.92612e-01
       vertex  1.38128e-01 -2.08376e-01  1.91917e-01
     endloop
  endfacet
  facet normal  1.08432e-04 -1.03666e-03 -3.13487e-05
     outer loop
       vertex  5.06497e-02 -2.44815e-01  9.24721e-01
       vertex  2.71981e-02 -2.48516e-01  9.65981e-01
       vertex  8.61789e-04 -2.49999e-01  9.23907e-01
     endloop
  endfacet
  facet normal -9.56165e-04  4.31426e-04 -1.96012e-05
     outer loop
       vertex -2.36072e-01  8.22790e-02  6.93256e-01
       vertex -2.22039e-01  1.14886e-01  7.26369e-01
       vertex -2.16417e-01  1.25155e-01  6.78149e-01
     endloop
  endfacet
  facet normal -1.00048e-03 -3.08756e-04  2.22110e-05
     outer loop
       vertex -2.44507e-01 -5.21200e-02  5.49781e-01
       vertex -2.35261e-01 -8.45699e-02  5.15139e-01
       vertex -2.30219e-01 -9.74649e-02  5.63036e-01
     endloop
  endfacet
  facet normal -9.14813e-04  2.77271e-04  1.87156e-05
     outer loop
       vertex -2.44978e-01  4.98571e-02  6.56795e-01
       vertex -2.32460e-01  9.19917e-02  6.44466e-01
       vertex -2.41707e-01  6.38578e-02  6.09275e-01
     endloop
  endfacet
  facet normal -9.68002e-04  2.83116e-04 -1.53150e-05
     outer loop
       vertex -2.44978e-01  4.98571e-02  6.56795e-01
       vertex -2.36072e-01  8.22790e-02  6.93256e-01
       vertex -2.32460e-01  9.19917e-02  6.44466e-01
     endloop
  endfacet
  facet normal -1.00995e-03 -2.51566e-04  2.21621e-05
     outer loop
       vertex -2.39606e-01 -7.13362e-02  4.67360e-01
       vertex -2.35261e-01 -8.45699e-02  5.15139e-01
       vertex -2.47000e-01 -3.86150e-02  5.01855e-01
     endloop
  endfacet
  facet normal -9.72590e-04  4.52207e-04  1.80063e-05
     outer loop
       vertex -2.36072e-01  8.22790e-02  6.93256e-01
       vertex -2.16417e-01  1.25155e-01  6.78149e-01
       vertex -2.32460e-01  9.19917e-02  6.44466e-01
     endloop
  endfacet
  facet normal -9.32596e-04  3.38668e-04 -2.56954e-05
     outer loop
       vertex -2.41707e-01  6.38578e-02  6.09275e-01
       vertex -2.32460e-01  9.19917e-02  6.44466e-01
       vertex -2.25162e-01  1.08638e-01  5.98991e-01
     endloop
  endfacet
  facet normal  1.22113e-04 -1.06982e-03 -3.05902e-05
     outer loop
       vertex  3.17804e-03 -2.49980e-01  2.27300e-01
       vertex  5.25814e-02 -2.44408e-01  2.29647e-01
       vertex  2.59863e-02 -2.48646e-01  2.71693e-01
     endloop
  endfacet
  facet normal -8.14522e-04  5.17070e-04  1.51504e-05
     outer loop
       vertex -1.99501e-01  1.50663e-01  7.17012e-01
       vertex -2.16417e-01  1.25155e-01  6.78149e-01
       vertex -2.22039e-01  1.14886e-01  7.26369e-01
     endloop
  endfacet
  facet normal -1.06431e-03  2.29786e-04 -2.53963e-05
     outer loop
       vertex -2.41707e-01  6.38578e-02  6.09275e-01
       vertex -2.37521e-01  7.79980e-02  5.61804e-01
       vertex -2.48232e-01  2.96785e-02  5.73484e-01
     endloop
  endfacet
  facet normal -9.90159e-04  3.71179e-04  2.32585e-05
     outer loop
       vertex -2.41707e-01  6.38578e-02  6.09275e-01
       vertex -2.25162e-01  1.08638e-01  5.98991e-01
       vertex -2.37521e-01  7.79980e-02  5.61804e-01
     endloop
  endfacet
  facet normal -8.56533e-04  4.86015e-04  1.79661e-05
     outer loop
       vertex -2.06378e-01  1.41097e-01  7.63967e-01
       vertex -2.22039e-01  1.14886e-01  7.26369e-01
       vertex -2.27877e-01  1.02821e-01  7.74419e-01
     endloop
  endfacet
  facet normal -8.43066e-04  4.29992e-04 -2.18127e-05
     outer loop
       vertex -2.10104e-01  1.35486e-01  6.37798e-01
       vertex -2.32460e-01  9.19917e-02  6.44466e-01
       vertex -2.16417e-01  1.25155e-01  6.78149e-01
     endloop
  endfacet
  facet normal -9.65520e-04  2.21438e-04  1.80884e-05
     outer loop
       vertex -2.38135e-01  7.61046e-02  8.69543e-01
       vertex -2.45925e-01  4.49551e-02  8.35047e-01
       vertex -2.47879e-01  3.24992e-02  8.83246e-01
     endloop
  endfacet
  facet normal -9.69663e-04  1.72703e-04  1.81268e-05
     outer loop
       vertex -2.41621e-01  6.41805e-02  9.16125e-01
       vertex -2.47879e-01  3.24992e-02  8.83246e-01
       vertex -2.49196e-01  2.00362e-02  9.31525e-01
     endloop
  endfacet
  facet normal -9.01787e-04  4.54230e-04  1.86985e-05
     outer loop
       vertex -2.12866e-01  1.31103e-01  8.11316e-01
       vertex -2.27877e-01  1.02821e-01  7.74419e-01
       vertex -2.32909e-01  9.08489e-02  8.22571e-01
     endloop
  endfacet
  facet normal -9.33468e-04  4.83998e-04  2.73610e-05
     outer loop
       vertex -2.25162e-01  1.08638e-01  5.98991e-01
       vertex -2.32460e-01  9.19917e-02  6.44466e-01
       vertex -2.10104e-01  1.35486e-01  6.37798e-01
     endloop
  endfacet
  facet normal -7.34126e-04  5.26623e-04  1.99729e-05
     outer loop
       vertex -2.10104e-01  1.35486e-01  6.37798e-01
       vertex -2.16417e-01  1.25155e-01  6.78149e-01
       vertex -1.89105e-01  1.63522e-01  6.70418e-01
     endloop
  endfacet
  facet normal -9.12901e-04  1.18941e-04  1.76521e-05
     outer loop
       vertex -2.44229e-01  5.34067e-02  9.63545e-01
       vertex -2.49196e-01  2.00362e-02  9.31525e-01
       vertex -2.49856e-01  8.49554e-03  9.75165e-01
     endloop
  endfacet
  facet normal -9.85874e-04  2.73094e-04 -2.39607e-05
     outer loop
       vertex -2.38135e-01  7.61046e-02  8.69543e-01
       vertex -2.32909e-01  9.08489e-02  8.22571e-01
       vertex -2.45925e-01  4.49551e-02  8.35047e-01
     endloop
  endfacet
  facet normal -8.44118e-04  5.96094e-04 -2.38356e-05
     outer loop
       vertex -1.89105e-01  1.63522e-01  6.70418e-01
       vertex -2.16417e-01  1.25155e-01  6.78149e-01
       vertex -1.99501e-01  1.50663e-01  7.17012e-01
     endloop
  endfacet
  facet normal -1.00542e-03 -3.23523e-04 -2.29861e-05
     outer loop
       vertex -2.44507e-01 -5.21200e-02  5.49781e-01
       vertex -2.30219e-01 -9.74649e-02  5.63036e-01
       vertex -2.41020e-01 -6.64015e-02  5.98301e-01
     endloop
  endfacet
  facet normal -7.19457e-04 -8.60457e-04 -3.28621e-05
     outer loop
       vertex -1.40231e-01 -2.06967e-01  1.18061e+00
       vertex -1.60237e-01 -1.91896e-01  1.22400e+00
       vertex -1.79178e-01 -1.74343e-01  1.17905e+00
     endloop
  endfacet
  facet normal -7.95198e-04  4.96957e-04 -1.52094e-05
     outer loop
       vertex -1.99501e-01  1.50663e-01  7.17012e-01
       vertex -2.22039e-01  1.14886e-01  7.26369e-01
       vertex -2.06378e-01  1.41097e-01  7.63967e-01
     endloop
  endfacet
  facet normal -8.15697e-04  4.75514e-04 -1.24680e-05
     outer loop
       vertex -2.25162e-01  1.08638e-01  5.98991e-01
       vertex -2.10104e-01  1.35486e-01  6.37798e-01
       vertex -2.04546e-01  1.43739e-01  5.88964e-01
     endloop
  endfacet
  facet normal -8.16750e-04  6.34524e-04 -1.95765e-05
     outer loop
       vertex -2.10104e-01  1.35486e-01  6.37798e-01
       vertex -1.89105e-01  1.63522e-01  6.70418e-01
       vertex -1.81099e-01  1.72346e-01  6.22421e-01
     endloop
  endfacet
  facet normal -8.36566e-04  6.65485e-04  1.72620e-05
     outer loop
       vertex -2.10104e-01  1.35486e-01  6.37798e-01
       vertex -1.81099e-01  1.72346e-01  6.22421e-01
       vertex -2.04546e-01  1.43739e-01  5.88964e-01
     endloop
  endfacet
  facet normal -8.50308e-04 -8.23211e-04 -3.80509e-05
     outer loop
       vertex -1.60237e-01 -1.91896e-01  1.22400e+00
       vertex -1.78434e-01 -1.75104e-01  1.26734e+00
       vertex -1.97361e-01 -1.53456e-01  1.22196e+00
     endloop
  endfacet
  facet normal -7.77240e-04  7.22219e-04  2.58951e-05
     outer loop
       vertex -1.89105e-01  1.63522e-01  6.70418e-01
       vertex -1.99501e-01  1.50663e-01  7.17012e-01
       vertex -1.66534e-01  1.86458e-01  7.08197e-01
     endloop
  endfacet
  facet normal -8.53925e-04  4.75071e-04 -1.67485e-05
     outer loop
       vertex -2.06378e-01  1.41097e-01  7.63967e-01
       vertex -2.27877e-01  1.02821e-01  7.74419e-01
       vertex -2.12866e-01  1.31103e-01  8.11316e-01
     endloop
  endfacet
  facet normal -7.28174e-04  7.70483e-04  2.01961e-05
     outer loop
       vertex -1.81099e-01  1.72346e-01  6.22421e-01
       vertex -1.89105e-01  1.63522e-01  6.70418e-01
       vertex -1.54737e-01  1.96358e-01  6.56852e-01
     endloop
  endfacet
  facet normal -7.75840e-04  8.02296e-04 -2.35570e-05
     outer loop
       vertex -1.54737e-01  1.96358e-01  6.56852e-01
       vertex -1.89105e-01  1.63522e-01  6.70418e-01
       vertex -1.66534e-01  1.86458e-01  7.08197e-01
     endloop
  endfacet
  facet normal -7.90869e-04  7.22004e-04 -2.59554e-05
     outer loop
       vertex -1.66534e-01  1.86458e-01  7.08197e-01
       vertex -1.99501e-01  1.50663e-01  7.17012e-01
       vertex -1.78551e-01  1.74984e-01  7.55211e-01
     endloop
  endfacet
  facet normal -4.41398e-04 -9.15720e-04  1.55269e-06
     outer loop
       vertex -8.65652e-02 -2.34535e-01  4.39079e-01
       vertex -8.59434e-02 -2.34763e-01  4.81047e-01
       vertex -1.29862e-01 -2.13625e-01  4.62107e-01
     endloop
  endfacet
  facet normal -7.53718e-04  6.23193e-04  1.65818e-05
     outer loop
       vertex -1.99501e-01  1.50663e-01  7.17012e-01
       vertex -2.06378e-01  1.41097e-01  7.63967e-01
       vertex -1.78551e-01  1.74984e-01  7.55211e-01
     endloop
  endfacet
  facet normal -8.37498e-04  4.10847e-04 -2.19767e-05
     outer loop
       vertex -2.12866e-01  1.31103e-01  8.11316e-01
       vertex -2.32909e-01  9.08489e-02  8.22571e-01
       vertex -2.21880e-01  1.15192e-01  8.57375e-01
     endloop
  endfacet
  facet normal -9.33923e-04  2.03060e-04 -1.79257e-05
     outer loop
       vertex -2.38135e-01  7.61046e-02  8.69543e-01
       vertex -2.47879e-01  3.24992e-02  8.83246e-01
       vertex -2.41621e-01  6.41805e-02  9.16125e-01
     endloop
  endfacet
  facet normal -8.28300e-04  3.49957e-04  1.76977e-05
     outer loop
       vertex -2.21880e-01  1.15192e-01  8.57375e-01
       vertex -2.32909e-01  9.08489e-02  8.22571e-01
       vertex -2.38135e-01  7.61046e-02  8.69543e-01
     endloop
  endfacet
  facet normal -9.41410e-04 -5.12990e-05  1.80986e-05
     outer loop
       vertex -2.47062e-01 -3.82156e-02  9.88084e-01
       vertex -2.49856e-01  8.49554e-03  9.75165e-01
       vertex -2.48472e-01 -2.76022e-02  9.44841e-01
     endloop
  endfacet
  facet normal -7.50512e-04  6.11639e-04 -1.79420e-05
     outer loop
       vertex -1.78551e-01  1.74984e-01  7.55211e-01
       vertex -2.06378e-01  1.41097e-01  7.63967e-01
       vertex -1.87698e-01  1.65135e-01  8.02051e-01
     endloop
  endfacet
  facet normal -9.54871e-04 -2.05812e-04 -1.93853e-05
     outer loop
       vertex -2.47062e-01 -3.82156e-02  9.88084e-01
       vertex -2.48472e-01 -2.76022e-02  9.44841e-01
       vertex -2.38551e-01 -7.47887e-02  9.57160e-01
     endloop
  endfacet
  facet normal -9.63710e-04  1.59514e-04 -1.67504e-05
     outer loop
       vertex -2.44229e-01  5.34067e-02  9.63545e-01
       vertex -2.41621e-01  6.41805e-02  9.16125e-01
       vertex -2.49196e-01  2.00362e-02  9.31525e-01
     endloop
  endfacet
  facet normal -7.59373e-04  5.65775e-04  1.53531e-05
     outer loop
       vertex -1.87698e-01  1.65135e-01  8.02051e-01
       vertex -2.06378e-01  1.41097e-01  7.63967e-01
       vertex -2.12866e-01  1.31103e-01  8.11316e-01
     endloop
  endfacet
  facet normal -8.04961e-04  8.96119e-04  3.12450e-05
     outer loop
       vertex -1.78551e-01  1.74984e-01  7.55211e-01
       vertex -1.87698e-01  1.65135e-01  8.02051e-01
       vertex -1.46750e-01  2.02397e-01  7.88300e-01
     endloop
  endfacet
  facet normal  3.00264e-04 -9.33898e-04  3.10473e-05
     outer loop
       vertex  5.25814e-02 -2.44408e-01  2.29647e-01
       vertex  8.15516e-02 -2.36325e-01  1.92612e-01
       vertex  1.00597e-01 -2.28867e-01  2.32737e-01
     endloop
  endfacet
  facet normal -7.56322e-04  5.55162e-04 -1.53408e-05
     outer loop
       vertex -1.87698e-01  1.65135e-01  8.02051e-01
       vertex -2.12866e-01  1.31103e-01  8.11316e-01
       vertex -1.95343e-01  1.56016e-01  8.48982e-01
     endloop
  endfacet
  facet normal -8.07322e-04  8.72755e-04 -3.90971e-05
     outer loop
       vertex -1.46750e-01  2.02397e-01  7.88300e-01
       vertex -1.87698e-01  1.65135e-01  8.02051e-01
       vertex -1.62328e-01  1.90131e-01  8.36158e-01
     endloop
  endfacet
  facet normal -7.42050e-04  7.25703e-04  2.01198e-05
     outer loop
       vertex -1.87698e-01  1.65135e-01  8.02051e-01
       vertex -1.95343e-01  1.56016e-01  8.48982e-01
       vertex -1.62328e-01  1.90131e-01  8.36158e-01
     endloop
  endfacet
  facet normal -9.31555e-04 -2.27724e-04  1.29464e-05
     outer loop
       vertex -2.47062e-01 -3.82156e-02  9.88084e-01
       vertex -2.38551e-01 -7.47887e-02  9.57160e-01
       vertex -2.36156e-01 -8.20380e-02  1.00197e+00
     endloop
  endfacet
  facet normal -5.99665e-04 -8.87973e-04 -3.06526e-05
     outer loop
       vertex -1.18705e-01 -2.20021e-01  1.13765e+00
       vertex -1.40231e-01 -2.06967e-01  1.18061e+00
       vertex -1.59837e-01 -1.92229e-01  1.13724e+00
     endloop
  endfacet
  facet normal -9.54140e-04  1.15216e-04 -1.67175e-05
     outer loop
       vertex -2.44229e-01  5.34067e-02  9.63545e-01
       vertex -2.49856e-01  8.49554e-03  9.75165e-01
       vertex -2.46284e-01  4.29413e-02  1.00874e+00
     endloop
  endfacet
  facet normal -5.09939e-04 -9.50708e-04 -3.12268e-05
     outer loop
       vertex -9.56524e-02 -2.30978e-01  1.09478e+00
       vertex -1.18705e-01 -2.20021e-01  1.13765e+00
       vertex -1.39664e-01 -2.07350e-01  1.09414e+00
     endloop
  endfacet
  facet normal -8.73381e-04  5.73301e-04  2.71199e-05
     outer loop
       vertex -1.95343e-01  1.56016e-01  8.48982e-01
       vertex -2.12866e-01  1.31103e-01  8.11316e-01
       vertex -2.21880e-01  1.15192e-01  8.57375e-01
     endloop
  endfacet
  facet normal -1.08041e-03 -1.79661e-04  2.47473e-05
     outer loop
       vertex -2.49343e-01 -1.81098e-02  5.85537e-01
       vertex -2.44507e-01 -5.21200e-02  5.49781e-01
       vertex -2.41020e-01 -6.64015e-02  5.98301e-01
     endloop
  endfacet
  facet normal -2.05454e-04 -1.04142e-03 -2.94367e-05
     outer loop
       vertex -4.90149e-02 -2.45148e-01  1.09529e+00
       vertex -7.22428e-02 -2.39334e-01  1.05174e+00
       vertex -2.41880e-02 -2.48827e-01  1.05217e+00
     endloop
  endfacet
  facet normal -3.07099e-04 -1.00967e-03  2.90105e-05
     outer loop
       vertex -4.90149e-02 -2.45148e-01  1.09529e+00
       vertex -9.56524e-02 -2.30978e-01  1.09478e+00
       vertex -7.22428e-02 -2.39334e-01  1.05174e+00
     endloop
  endfacet
  facet normal -8.03980e-04  3.30078e-04 -1.36724e-05
     outer loop
       vertex -2.21880e-01  1.15192e-01  8.57375e-01
       vertex -2.38135e-01  7.61046e-02  8.69543e-01
       vertex -2.26297e-01  1.06252e-01  9.01295e-01
     endloop
  endfacet
  facet normal -2.16943e-04 -1.05690e-03  3.06442e-05
     outer loop
       vertex -2.56771e-02 -2.48678e-01  1.39697e+00
       vertex -7.43051e-02 -2.38702e-01  1.39677e+00
       vertex -4.97476e-02 -2.45000e-01  1.35340e+00
     endloop
  endfacet
  facet normal  8.14952e-04 -6.62542e-04 -2.76724e-05
     outer loop
       vertex  1.89180e-01 -1.63435e-01  8.38211e-02
       vertex  1.77337e-01 -1.76214e-01  4.10256e-02
       vertex  2.08565e-01 -1.37843e-01  4.19802e-02
     endloop
  endfacet
  facet normal -8.91478e-04  3.31058e-04  1.80162e-05
     outer loop
       vertex -2.38135e-01  7.61046e-02  8.69543e-01
       vertex -2.41621e-01  6.41805e-02  9.16125e-01
       vertex -2.26297e-01  1.06252e-01  9.01295e-01
     endloop
  endfacet
  facet normal -1.11130e-04 -1.06715e-03  3.05949e-05
     outer loop
       vertex -1.04191e-03 -2.49998e-01  1.44041e+00
       vertex -5.03842e-02 -2.44870e-01  1.44004e+00
       vertex -2.56771e-02 -2.48678e-01  1.39697e+00
     endloop
  endfacet
  facet normal -9.73533e-04  3.48820e-04 -1.63843e-05
     outer loop
       vertex -2.26297e-01  1.06252e-01  9.01295e-01
       vertex -2.41621e-01  6.41805e-02  9.16125e-01
       vertex -2.30653e-01  9.64331e-02  9.51036e-01
     endloop
  endfacet
  facet normal  1.02894e-04 -1.06430e-03 -3.16596e-05
     outer loop
       vertex  4.89104e-02 -2.45169e-01  1.44042e+00
       vertex  2.34438e-02 -2.48898e-01  1.48303e+00
       vertex -1.04191e-03 -2.49998e-01  1.44041e+00
     endloop
  endfacet
  facet normal -7.34946e-04  4.72717e-04 -2.44213e-05
     outer loop
       vertex -1.95343e-01  1.56016e-01  8.48982e-01
       vertex -2.21880e-01  1.15192e-01  8.57375e-01
       vertex -2.04211e-01  1.44215e-01  8.87414e-01
     endloop
  endfacet
  facet normal -8.99486e-04  4.83297e-04  1.66448e-05
     outer loop
       vertex -2.26297e-01  1.06252e-01  9.01295e-01
       vertex -2.30653e-01  9.64331e-02  9.51036e-01
       vertex -2.09584e-01  1.36288e-01  9.32351e-01
     endloop
  endfacet
  facet normal -6.91483e-04  6.61498e-04 -2.04949e-05
     outer loop
       vertex -1.62328e-01  1.90131e-01  8.36158e-01
       vertex -1.95343e-01  1.56016e-01  8.48982e-01
       vertex -1.71437e-01  1.81959e-01  8.79769e-01
     endloop
  endfacet
  facet normal -7.71624e-04  4.54368e-04  1.48819e-05
     outer loop
       vertex -2.04211e-01  1.44215e-01  8.87414e-01
       vertex -2.21880e-01  1.15192e-01  8.57375e-01
       vertex -2.26297e-01  1.06252e-01  9.01295e-01
     endloop
  endfacet
  facet normal -9.52778e-04  3.05584e-04  1.70374e-05
     outer loop
       vertex -2.30653e-01  9.64331e-02  9.51036e-01
       vertex -2.41621e-01  6.41805e-02  9.16125e-01
       vertex -2.44229e-01  5.34067e-02  9.63545e-01
     endloop
  endfacet
  facet normal -5.39129e-04  7.57757e-04  1.87272e-05
     outer loop
       vertex -1.46750e-01  2.02397e-01  7.88300e-01
       vertex -1.62328e-01  1.90131e-01  8.36158e-01
       vertex -1.28052e-01  2.14715e-01  8.28141e-01
     endloop
  endfacet
  facet normal -3.10973e-04 -1.01233e-03 -2.90763e-05
     outer loop
       vertex -7.43051e-02 -2.38702e-01  1.39677e+00
       vertex -9.63930e-02 -2.30669e-01  1.35333e+00
       vertex -4.97476e-02 -2.45000e-01  1.35340e+00
     endloop
  endfacet
  facet normal -9.72838e-04  8.55760e-05  1.56768e-05
     outer loop
       vertex -2.46284e-01  4.29413e-02  1.00874e+00
       vertex -2.49856e-01  8.49554e-03  9.75165e-01
       vertex -2.49995e-01 -1.62595e-03  1.02178e+00
     endloop
  endfacet
  facet normal -9.36341e-04  4.90054e-04 -1.04995e-05
     outer loop
       vertex -2.09584e-01  1.36288e-01  9.32351e-01
       vertex -2.30653e-01  9.64331e-02  9.51036e-01
       vertex -2.12767e-01  1.31263e-01  9.81694e-01
     endloop
  endfacet
  facet normal -7.97955e-04  4.58959e-04 -1.44573e-05
     outer loop
       vertex -2.26297e-01  1.06252e-01  9.01295e-01
       vertex -2.09584e-01  1.36288e-01  9.32351e-01
       vertex -2.04211e-01  1.44215e-01  8.87414e-01
     endloop
  endfacet
  facet normal -8.86574e-04  3.74852e-04 -1.41955e-05
     outer loop
       vertex -2.25162e-01  1.08638e-01  5.98991e-01
       vertex -2.20641e-01  1.17548e-01  5.51934e-01
       vertex -2.37521e-01  7.79980e-02  5.61804e-01
     endloop
  endfacet
  facet normal -6.80187e-04  5.95878e-04  2.60308e-05
     outer loop
       vertex -1.95343e-01  1.56016e-01  8.48982e-01
       vertex -2.04211e-01  1.44215e-01  8.87414e-01
       vertex -1.71437e-01  1.81959e-01  8.79769e-01
     endloop
  endfacet
  facet normal  0.00000e+00  0.00000e+00 -1.34703e-03
     outer loop
       vertex -1.00000e-01  2.29129e-01  0.00000e+00
       vertex -4.44878e-02  2.11327e-01  0.00000e+00
       vertex -8.21896e-02  1.74886e-01  0.00000e+00
     endloop
  endfacet
  facet normal -9.16568e-04  2.84760e-04 -1.52921e-05
     outer loop
       vertex -2.30653e-01  9.64331e-02  9.51036e-01
       vertex -2.44229e-01  5.34067e-02  9.63545e-01
       vertex -2.34154e-01  8.75901e-02  9.96212e-01
     endloop
  endfacet
  facet normal -9.22296e-04  4.57661e-04  1.81087e-05
     outer loop
       vertex -2.12767e-01  1.31263e-01  9.81694e-01
       vertex -2.30653e-01  9.64331e-02  9.51036e-01
       vertex -2.34154e-01  8.75901e-02  9.96212e-01
     endloop
  endfacet
  facet normal -6.88414e-04 -8.27211e-04  3.08584e-05
     outer loop
       vertex -1.40031e-01 -2.07102e-01  1.35361e+00
       vertex -1.78267e-01 -1.75274e-01  1.35383e+00
       vertex -1.60079e-01 -1.92028e-01  1.31046e+00
     endloop
  endfacet
  facet normal -7.81207e-04  4.62390e-04  1.25037e-05
     outer loop
       vertex -2.25162e-01  1.08638e-01  5.98991e-01
       vertex -2.04546e-01  1.43739e-01  5.88964e-01
       vertex -2.20641e-01  1.17548e-01  5.51934e-01
     endloop
  endfacet
  facet normal -1.02579e-03  2.33300e-04  2.44674e-05
     outer loop
       vertex -2.37521e-01  7.79980e-02  5.61804e-01
       vertex -2.46207e-01  4.33816e-02  5.27713e-01
       vertex -2.48232e-01  2.96785e-02  5.73484e-01
     endloop
  endfacet
  facet normal -1.05195e-03  3.01012e-05  2.23750e-05
     outer loop
       vertex -2.48232e-01  2.96785e-02  5.73484e-01
       vertex -2.49961e-01 -4.40999e-03  5.38056e-01
       vertex -2.49343e-01 -1.81098e-02  5.85537e-01
     endloop
  endfacet
  facet normal  4.31806e-04  8.03358e-04  3.83223e-06
     outer loop
       vertex  1.00000e-01  2.29129e-01  1.00000e-01
       vertex  1.37002e-01  2.09118e-01  1.25553e-01
       vertex  1.35081e-01  2.10364e-01  8.08043e-02
     endloop
  endfacet
  facet normal -7.64698e-04 -7.51228e-04  3.06659e-05
     outer loop
       vertex -1.78434e-01 -1.75104e-01  1.26734e+00
       vertex -1.60079e-01 -1.92028e-01  1.31046e+00
       vertex -1.94868e-01 -1.56609e-01  1.31060e+00
     endloop
  endfacet
  facet normal -5.90219e-04  7.60488e-04  1.92045e-05
     outer loop
       vertex -1.71437e-01  1.81959e-01  8.79769e-01
       vertex -1.35044e-01  2.10388e-01  8.72504e-01
       vertex -1.62328e-01  1.90131e-01  8.36158e-01
     endloop
  endfacet
  facet normal -1.02342e-03 -6.60185e-05 -1.73872e-05
     outer loop
       vertex -2.49995e-01 -1.62595e-03  1.02178e+00
       vertex -2.49856e-01  8.49554e-03  9.75165e-01
       vertex -2.47062e-01 -3.82156e-02  9.88084e-01
     endloop
  endfacet
  facet normal -1.01153e-03 -2.64731e-04 -2.19781e-05
     outer loop
       vertex -2.47000e-01 -3.86150e-02  5.01855e-01
       vertex -2.35261e-01 -8.45699e-02  5.15139e-01
       vertex -2.44507e-01 -5.21200e-02  5.49781e-01
     endloop
  endfacet
  facet normal -5.27983e-04  7.32267e-04 -1.17862e-05
     outer loop
       vertex -1.28052e-01  2.14715e-01  8.28141e-01
       vertex -1.62328e-01  1.90131e-01  8.36158e-01
       vertex -1.35044e-01  2.10388e-01  8.72504e-01
     endloop
  endfacet
  facet normal -9.43440e-04  2.61261e-04  1.75855e-05
     outer loop
       vertex -2.44229e-01  5.34067e-02  9.63545e-01
       vertex -2.46284e-01  4.29413e-02  1.00874e+00
       vertex -2.34154e-01  8.75901e-02  9.96212e-01
     endloop
  endfacet
  facet normal -6.56549e-04  8.07724e-04  2.92997e-05
     outer loop
       vertex -1.78551e-01  1.74984e-01  7.55211e-01
       vertex -1.39259e-01  2.07622e-01  7.35920e-01
       vertex -1.66534e-01  1.86458e-01  7.08197e-01
     endloop
  endfacet
  facet normal -1.00388e-03 -3.54474e-04 -2.06369e-05
     outer loop
       vertex -2.39606e-01 -7.13362e-02  4.67360e-01
       vertex -2.42867e-01 -5.92909e-02  4.19102e-01
       vertex -2.27329e-01 -1.04027e-01  4.31646e-01
     endloop
  endfacet
  facet normal -5.07373e-04 -9.39103e-04 -3.04802e-05
     outer loop
       vertex -1.19996e-01 -2.19319e-01  1.39652e+00
       vertex -1.40031e-01 -2.07102e-01  1.35361e+00
       vertex -9.63930e-02 -2.30669e-01  1.35333e+00
     endloop
  endfacet
  facet normal -8.04388e-04  9.56810e-04 -1.95862e-05
     outer loop
       vertex -1.78551e-01  1.74984e-01  7.55211e-01
       vertex -1.46750e-01  2.02397e-01  7.88300e-01
       vertex -1.39259e-01  2.07622e-01  7.35920e-01
     endloop
  endfacet
  facet normal -9.72507e-04  4.68654e-04 -2.27842e-05
     outer loop
       vertex -2.34154e-01  8.75901e-02  9.96212e-01
       vertex -2.19405e-01  1.19839e-01  1.03003e+00
       vertex -2.12767e-01  1.31263e-01  9.81694e-01
     endloop
  endfacet
  facet normal -1.02283e-03  2.72787e-04 -1.81956e-05
     outer loop
       vertex -2.34154e-01  8.75901e-02  9.96212e-01
       vertex -2.46284e-01  4.29413e-02  1.00874e+00
       vertex -2.37843e-01  7.70105e-02  1.04500e+00
     endloop
  endfacet
  facet normal -9.03031e-04 -2.28542e-04 -1.20327e-05
     outer loop
       vertex -2.45900e-01 -4.50915e-02  1.03148e+00
       vertex -2.47062e-01 -3.82156e-02  9.88084e-01
       vertex -2.36156e-01 -8.20380e-02  1.00197e+00
     endloop
  endfacet
  facet normal -6.87235e-04  8.74758e-04 -1.96435e-05
     outer loop
       vertex -1.45540e-01  2.03269e-01  9.22671e-01
       vertex -1.35044e-01  2.10388e-01  8.72504e-01
       vertex -1.71437e-01  1.81959e-01  8.79769e-01
     endloop
  endfacet
  facet normal  8.66499e-04 -1.35936e-03 -5.31332e-05
     outer loop
       vertex  1.38128e-01 -2.08376e-01  1.91917e-01
       vertex  1.10305e-01 -2.24350e-01  1.46844e-01
       vertex  1.60361e-01 -1.91793e-01  1.30218e-01
     endloop
  endfacet
  facet normal -1.00554e-03  7.87540e-04  1.53316e-05
     outer loop
       vertex -2.12767e-01  1.31263e-01  9.81694e-01
       vertex -1.79747e-01  1.73755e-01  9.64657e-01
       vertex -2.09584e-01  1.36288e-01  9.32351e-01
     endloop
  endfacet
  facet normal -9.65524e-04  4.22144e-04  1.85272e-05
     outer loop
       vertex -2.34154e-01  8.75901e-02  9.96212e-01
       vertex -2.37843e-01  7.70105e-02  1.04500e+00
       vertex -2.19405e-01  1.19839e-01  1.03003e+00
     endloop
  endfacet
  facet normal -1.02681e-03  2.31221e-04  2.17929e-05
     outer loop
       vertex -2.37843e-01  7.70105e-02  1.04500e+00
       vertex -2.46284e-01  4.29413e-02  1.00874e+00
       vertex -2.48176e-01  3.01432e-02  1.05540e+00
     endloop
  endfacet
  facet normal -8.58342e-04  5.84713e-04  2.03258e-05
     outer loop
       vertex -2.12767e-01  1.31263e-01  9.81694e-01
       vertex -2.19405e-01  1.19839e-01  1.03003e+00
       vertex -1.93507e-01  1.58288e-01  1.01763e+00
     endloop
  endfacet
  facet normal -7.27563e-04  6.21629e-04 -2.16311e-05
     outer loop
       vertex -1.72650e-01  1.80809e-01  5.81453e-01
       vertex -2.04546e-01  1.43739e-01  5.88964e-01
       vertex -1.81099e-01  1.72346e-01  6.22421e-01
     endloop
  endfacet
  facet normal  8.85430e-04 -9.35111e-04 -2.15598e-05
     outer loop
       vertex  1.60361e-01 -1.91793e-01  1.30218e-01
       vertex  1.52180e-01 -1.98346e-01  7.84940e-02
       vertex  1.89180e-01 -1.63435e-01  8.38211e-02
     endloop
  endfacet
  facet normal -6.32478e-04  7.22059e-04 -1.93024e-05
     outer loop
       vertex -1.45551e-01  2.03261e-01  6.14069e-01
       vertex -1.81099e-01  1.72346e-01  6.22421e-01
       vertex -1.54737e-01  1.96358e-01  6.56852e-01
     endloop
  endfacet
  facet normal -9.37359e-04  3.96365e-04 -2.05349e-05
     outer loop
       vertex -2.19405e-01  1.19839e-01  1.03003e+00
       vertex -2.37843e-01  7.70105e-02  1.04500e+00
       vertex -2.25394e-01  1.08155e-01  1.07788e+00
     endloop
  endfacet
  facet normal -9.93639e-04  7.57324e-04 -3.69705e-05
     outer loop
       vertex -2.12767e-01  1.31263e-01  9.81694e-01
       vertex -1.93507e-01  1.58288e-01  1.01763e+00
       vertex -1.79747e-01  1.73755e-01  9.64657e-01
     endloop
  endfacet
  facet normal -1.25045e-03 -5.73492e-04  2.47768e-05
     outer loop
       vertex -2.13959e-01 -1.29311e-01  1.02802e+00
       vertex -2.36156e-01 -8.20380e-02  1.00197e+00
       vertex -2.19770e-01 -1.19168e-01  9.69525e-01
     endloop
  endfacet
  facet normal -8.77227e-04  3.78362e-04  1.58558e-05
     outer loop
       vertex -2.37521e-01  7.79980e-02  5.61804e-01
       vertex -2.20641e-01  1.17548e-01  5.51934e-01
       vertex -2.33573e-01  8.91271e-02  5.14666e-01
     endloop
  endfacet
  facet normal  0.00000e+00  0.00000e+00 -1.22800e-03
     outer loop
       vertex -1.00000e-01  2.29129e-01  0.00000e+00
       vertex -5.44027e-02  2.58749e-01  0.00000e+00
       vertex -4.44878e-02  2.11327e-01  0.00000e+00
     endloop
  endfacet
  facet normal -9.56283e-04  7.42239e-05 -1.84107e-05
     outer loop
       vertex -2.48176e-01  3.01432e-02  1.05540e+00
       vertex -2.46284e-01  4.29413e-02  1.00874e+00
       vertex -2.49995e-01 -1.62595e-03  1.02178e+00
     endloop
  endfacet
  facet normal -8.02040e-04  4.79230e-04  1.66324e-05
     outer loop
       vertex -2.19405e-01  1.19839e-01  1.03003e+00
       vertex -2.25394e-01  1.08155e-01  1.07788e+00
       vertex -2.03680e-01  1.44964e-01  1.06440e+00
     endloop
  endfacet
  facet normal -8.16664e-04  5.42657e-04 -2.30332e-05
     outer loop
       vertex -1.93507e-01  1.58288e-01  1.01763e+00
       vertex -2.19405e-01  1.19839e-01  1.03003e+00
       vertex -2.03680e-01  1.44964e-01  1.06440e+00
     endloop
  endfacet
  facet normal -1.03953e-03  2.23943e-04 -2.36275e-05
     outer loop
       vertex -2.37843e-01  7.70105e-02  1.04500e+00
       vertex -2.48176e-01  3.01432e-02  1.05540e+00
       vertex -2.41988e-01  6.27827e-02  1.09252e+00
     endloop
  endfacet
  facet normal -1.00557e-03  2.72020e-04 -2.00010e-05
     outer loop
       vertex -2.37521e-01  7.79980e-02  5.61804e-01
       vertex -2.33573e-01  8.91271e-02  5.14666e-01
       vertex -2.46207e-01  4.33816e-02  5.27713e-01
     endloop
  endfacet
  facet normal -9.73921e-04  3.63940e-04  2.40131e-05
     outer loop
       vertex -2.25394e-01  1.08155e-01  1.07788e+00
       vertex -2.37843e-01  7.70105e-02  1.04500e+00
       vertex -2.41988e-01  6.27827e-02  1.09252e+00
     endloop
  endfacet
  facet normal -8.67367e-04  5.70526e-04 -2.65299e-05
     outer loop
       vertex -2.20641e-01  1.17548e-01  5.51934e-01
       vertex -2.04546e-01  1.43739e-01  5.88964e-01
       vertex -1.93801e-01  1.57928e-01  5.42792e-01
     endloop
  endfacet
  facet normal -2.46241e-04 -1.03451e-03 -2.81182e-05
     outer loop
       vertex -8.18247e-02 -2.36230e-01  3.51106e-01
       vertex -3.40495e-02 -2.47670e-01  3.53621e-01
       vertex -6.37413e-02 -2.41738e-01  3.95365e-01
     endloop
  endfacet
  facet normal -1.02286e-03  7.54356e-05 -2.26652e-05
     outer loop
       vertex -2.48232e-01  2.96785e-02  5.73484e-01
       vertex -2.46207e-01  4.33816e-02  5.27713e-01
       vertex -2.49961e-01 -4.40999e-03  5.38056e-01
     endloop
  endfacet
  facet normal -1.05233e-03 -1.25867e-04 -2.26226e-05
     outer loop
       vertex -2.49343e-01 -1.81098e-02  5.85537e-01
       vertex -2.49961e-01 -4.40999e-03  5.38056e-01
       vertex -2.44507e-01 -5.21200e-02  5.49781e-01
     endloop
  endfacet
  facet normal -8.83433e-04  3.59381e-05  1.38280e-05
     outer loop
       vertex -2.48176e-01  3.01432e-02  1.05540e+00
       vertex -2.49995e-01 -1.62595e-03  1.02178e+00
       vertex -2.49715e-01 -1.19411e-02  1.06648e+00
     endloop
  endfacet
  facet normal -9.09712e-04 -8.32105e-05  1.11753e-05
     outer loop
       vertex -2.49995e-01 -1.62595e-03  1.02178e+00
       vertex -2.47062e-01 -3.82156e-02  9.88084e-01
       vertex -2.45900e-01 -4.50915e-02  1.03148e+00
     endloop
  endfacet
  facet normal -9.21467e-04 -9.01623e-05 -1.50330e-05
     outer loop
       vertex -2.49995e-01 -1.62595e-03  1.02178e+00
       vertex -2.45900e-01 -4.50915e-02  1.03148e+00
       vertex -2.49715e-01 -1.19411e-02  1.06648e+00
     endloop
  endfacet
  facet normal -8.02524e-04  6.96006e-04  2.71221e-05
     outer loop
       vertex -1.93801e-01  1.57928e-01  5.42792e-01
       vertex -2.04546e-01  1.43739e-01  5.88964e-01
       vertex -1.72650e-01  1.80809e-01  5.81453e-01
     endloop
  endfacet
  facet normal -5.97912e-04  6.92882e-04  1.98251e-05
     outer loop
       vertex -1.72650e-01  1.80809e-01  5.81453e-01
       vertex -1.81099e-01  1.72346e-01  6.22421e-01
       vertex -1.45551e-01  2.03261e-01  6.14069e-01
     endloop
  endfacet
  facet normal -7.73764e-04 -9.23059e-04 -1.77888e-05
     outer loop
       vertex -1.78214e-01 -1.75327e-01  8.98181e-01
       vertex -1.43120e-01 -2.04980e-01  9.10333e-01
       vertex -1.70255e-01 -1.83066e-01  9.53542e-01
     endloop
  endfacet
  facet normal -7.41603e-04 -1.96348e-04  9.64697e-07
     outer loop
       vertex -2.35942e-01 -8.26515e-02  1.04163e+00
       vertex -2.45900e-01 -4.50915e-02  1.03148e+00
       vertex -2.36156e-01 -8.20380e-02  1.00197e+00
     endloop
  endfacet
  facet normal -1.05083e-04 -1.10398e-03  3.05017e-05
     outer loop
       vertex  8.61789e-04 -2.49999e-01  9.23907e-01
       vertex -4.84976e-02 -2.45251e-01  9.25694e-01
       vertex -2.28781e-02 -2.48951e-01  8.80034e-01
     endloop
  endfacet
  facet normal -9.41191e-04  4.62956e-04 -2.64613e-05
     outer loop
       vertex -2.33573e-01  8.91271e-02  5.14666e-01
       vertex -2.20641e-01  1.17548e-01  5.51934e-01
       vertex -2.11912e-01  1.32640e-01  5.05492e-01
     endloop
  endfacet
  facet normal -8.68685e-04  5.83362e-04  2.62944e-05
     outer loop
       vertex -2.20641e-01  1.17548e-01  5.51934e-01
       vertex -1.93801e-01  1.57928e-01  5.42792e-01
       vertex -2.11912e-01  1.32640e-01  5.05492e-01
     endloop
  endfacet
  facet normal -5.81378e-04 -1.06657e-03 -3.63457e-05
     outer loop
       vertex -1.22051e-01 -2.18182e-01  9.60755e-01
       vertex -1.43120e-01 -2.04980e-01  9.10333e-01
       vertex -9.70750e-02 -2.30383e-01  9.19282e-01
     endloop
  endfacet
  facet normal  0.00000e+00  0.00000e+00 -9.77302e-04
     outer loop
       vertex -1.00000e-01  3.24073e-01  0.00000e+00
       vertex -3.56721e-02  3.25949e-01  0.00000e+00
       vertex -6.30774e-02  2.94765e-01  0.00000e+00
     endloop
  endfacet
  facet normal -8.30578e-04 -6.79906e-04 -2.28596e-05
     outer loop
       vertex -2.08522e-01 -1.37908e-01  8.86426e-01
       vertex -1.78214e-01 -1.75327e-01  8.98181e-01
       vertex -2.00594e-01 -1.49205e-01  9.34368e-01
     endloop
  endfacet
  facet normal -8.45919e-04 -8.14925e-04  3.82177e-05
     outer loop
       vertex -1.97361e-01 -1.53456e-01  1.22196e+00
       vertex -1.79178e-01 -1.74343e-01  1.17905e+00
       vertex -1.60237e-01 -1.91896e-01  1.22400e+00
     endloop
  endfacet
  facet normal -1.02588e-03  2.89177e-04  2.04838e-05
     outer loop
       vertex -2.46207e-01  4.33816e-02  5.27713e-01
       vertex -2.33573e-01  8.91271e-02  5.14666e-01
       vertex -2.43788e-01  5.53822e-02  4.79439e-01
     endloop
  endfacet
  facet normal -9.61652e-04  1.65112e-04  1.51247e-05
     outer loop
       vertex -2.48176e-01  3.01432e-02  1.05540e+00
       vertex -2.49218e-01  1.97595e-02  1.10252e+00
       vertex -2.41988e-01  6.27827e-02  1.09252e+00
     endloop
  endfacet
  facet normal -8.32870e-04  6.35654e-04 -2.65473e-05
     outer loop
       vertex -2.11912e-01  1.32640e-01  5.05492e-01
       vertex -1.93801e-01  1.57928e-01  5.42792e-01
       vertex -1.82238e-01  1.71141e-01  4.96411e-01
     endloop
  endfacet
  facet normal -9.33933e-04  3.04743e-05 -1.39334e-05
     outer loop
       vertex -2.48176e-01  3.01432e-02  1.05540e+00
       vertex -2.49715e-01 -1.19411e-02  1.06648e+00
       vertex -2.49218e-01  1.97595e-02  1.10252e+00
     endloop
  endfacet
  facet normal -5.77095e-04  7.81886e-04  1.81708e-05
     outer loop
       vertex -1.66534e-01  1.86458e-01  7.08197e-01
       vertex -1.32221e-01  2.12174e-01  6.91410e-01
       vertex -1.54737e-01  1.96358e-01  6.56852e-01
     endloop
  endfacet
  facet normal -9.75210e-04  3.50409e-04 -1.94035e-05
     outer loop
       vertex -2.41988e-01  6.27827e-02  1.09252e+00
       vertex -2.29798e-01  9.84529e-02  1.12400e+00
       vertex -2.25394e-01  1.08155e-01  1.07788e+00
     endloop
  endfacet
  facet normal -1.01847e-03  1.31234e-04 -1.84082e-05
     outer loop
       vertex -2.49783e-01  1.04227e-02  4.90559e-01
       vertex -2.46207e-01  4.33816e-02  5.27713e-01
       vertex -2.43788e-01  5.53822e-02  4.79439e-01
     endloop
  endfacet
  facet normal -1.05828e-03  8.82251e-05  2.35749e-05
     outer loop
       vertex -2.49961e-01 -4.40999e-03  5.38056e-01
       vertex -2.46207e-01  4.33816e-02  5.27713e-01
       vertex -2.49783e-01  1.04227e-02  4.90559e-01
     endloop
  endfacet
  facet normal -9.56678e-04  4.81646e-04  2.56150e-05
     outer loop
       vertex -2.33573e-01  8.91271e-02  5.14666e-01
       vertex -2.11912e-01  1.32640e-01  5.05492e-01
       vertex -2.27280e-01  1.04133e-01  4.67530e-01
     endloop
  endfacet
  facet normal  0.00000e+00  0.00000e+00 -1.58089e-03
     outer loop
       vertex  1.22282e-01 -2.18053e-01  0.00000e+00
       vertex  7.61867e-02 -1.87534e-01  0.00000e+00
       vertex  1.30684e-01 -1.55023e-01  0.00000e+00
     endloop
  endfacet
  facet normal -1.05962e-03  3.51599e-04 -2.95291e-05
     outer loop
       vertex -2.43788e-01  5.53822e-02  4.79439e-01
       vertex -2.33573e-01  8.91271e-02  5.14666e-01
       vertex -2.27280e-01  1.04133e-01  4.67530e-01
     endloop
  endfacet
  facet normal -6.40901e-04 -8.33231e-04  3.67082e-05
     outer loop
       vertex -1.71826e-01 -1.81593e-01  4.56555e-01
       vertex -1.50228e-01 -1.99828e-01  4.19700e-01
       vertex -1.29862e-01 -2.13625e-01  4.62107e-01
     endloop
  endfacet
  facet normal  0.00000e+00  0.00000e+00 -7.43673e-04
     outer loop
       vertex -1.00000e-01  2.76601e-01  0.00000e+00
       vertex -6.30774e-02  2.94765e-01  0.00000e+00
       vertex -5.44027e-02  2.58749e-01  0.00000e+00
     endloop
  endfacet
  facet normal  0.00000e+00  0.00000e+00 -1.68584e-03
     outer loop
       vertex -1.44054e-01  2.04325e-01  0.00000e+00
       vertex -8.21896e-02  1.74886e-01  0.00000e+00
       vertex -1.13784e-01  1.35419e-01  0.00000e+00
     endloop
  endfacet
  facet normal -8.45164e-04  6.57448e-04  2.56822e-05
     outer loop
       vertex -2.11912e-01  1.32640e-01  5.05492e-01
       vertex -1.82238e-01  1.71141e-01  4.96411e-01
       vertex -2.02787e-01  1.46211e-01  4.58388e-01
     endloop
  endfacet
  facet normal -1.08081e-03 -6.70980e-05 -2.50144e-05
     outer loop
       vertex -2.49961e-01 -4.40999e-03  5.38056e-01
       vertex -2.49783e-01  1.04227e-02  4.90559e-01
       vertex -2.47000e-01 -3.86150e-02  5.01855e-01
     endloop
  endfacet
  facet normal -9.40921e-04 -5.57689e-04  2.41857e-05
     outer loop
       vertex -2.08522e-01 -1.37908e-01  8.86426e-01
       vertex -2.00594e-01 -1.49205e-01  9.34368e-01
       vertex -2.25973e-01 -1.06940e-01  9.21582e-01
     endloop
  endfacet
  facet normal  0.00000e+00  0.00000e+00 -1.01107e-03
     outer loop
       vertex  1.00000e-01  2.29129e-01  0.00000e+00
       vertex  8.55266e-02  1.79891e-01  0.00000e+00
       vertex  5.41341e-02  2.12811e-01  0.00000e+00
     endloop
  endfacet
  facet normal -1.06412e-03 -1.16091e-04  2.26418e-05
     outer loop
       vertex -2.44507e-01 -5.21200e-02  5.49781e-01
       vertex -2.49961e-01 -4.40999e-03  5.38056e-01
       vertex -2.47000e-01 -3.86150e-02  5.01855e-01
     endloop
  endfacet
  facet normal -1.01842e-03 -2.06240e-04 -2.26497e-05
     outer loop
       vertex -2.39606e-01 -7.13362e-02  4.67360e-01
       vertex -2.47000e-01 -3.86150e-02  5.01855e-01
       vertex -2.48790e-01 -2.45637e-02  4.54419e-01
     endloop
  endfacet
  facet normal -9.29314e-04 -4.37318e-04 -1.75021e-06
     outer loop
       vertex -2.35942e-01 -8.26515e-02  1.04163e+00
       vertex -2.36156e-01 -8.20380e-02  1.00197e+00
       vertex -2.13959e-01 -1.29311e-01  1.02802e+00
     endloop
  endfacet
  facet normal -9.28980e-04  5.35161e-04 -2.57857e-05
     outer loop
       vertex -2.11912e-01  1.32640e-01  5.05492e-01
       vertex -2.02787e-01  1.46211e-01  4.58388e-01
       vertex -2.27280e-01  1.04133e-01  4.67530e-01
     endloop
  endfacet
  facet normal -7.27181e-04  7.22065e-04  2.44176e-05
     outer loop
       vertex -1.82238e-01  1.71141e-01  4.96411e-01
       vertex -1.93801e-01  1.57928e-01  5.42792e-01
       vertex -1.60770e-01  1.91449e-01  5.35194e-01
     endloop
  endfacet
  facet normal -9.66502e-04  1.59288e-04 -1.34299e-05
     outer loop
       vertex -2.41988e-01  6.27827e-02  1.09252e+00
       vertex -2.49218e-01  1.97595e-02  1.10252e+00
       vertex -2.44057e-01  5.41846e-02  1.13945e+00
     endloop
  endfacet
  facet normal -7.34903e-04  7.18838e-04 -2.33855e-05
     outer loop
       vertex -1.60770e-01  1.91449e-01  5.35194e-01
       vertex -1.93801e-01  1.57928e-01  5.42792e-01
       vertex -1.72650e-01  1.80809e-01  5.81453e-01
     endloop
  endfacet
  facet normal -8.94182e-04 -1.18571e-04  1.48423e-05
     outer loop
       vertex -2.43853e-01 -5.50971e-02  1.07486e+00
       vertex -2.49715e-01 -1.19411e-02  1.06648e+00
       vertex -2.45900e-01 -4.50915e-02  1.03148e+00
     endloop
  endfacet
  facet normal -0.00000e+00  0.00000e+00 -1.77199e-03
     outer loop
       vertex  1.98328e-01 -1.52203e-01  0.00000e+00
       vertex  1.30684e-01 -1.55023e-01  0.00000e+00
       vertex  1.67135e-01 -1.01112e-01  0.00000e+00
     endloop
  endfacet
  facet normal  0.00000e+00  0.00000e+00 -9.93092e-04
     outer loop
       vertex -2.34930e-01  8.54869e-02  0.00000e+00
       vertex -1.77330e-01  8.24921e-02  0.00000e+00
       vertex -2.03940e-01  4.93932e-02  0.00000e+00
     endloop
  endfacet
  facet normal -9.72320e-04  3.18612e-04  1.55041e-05
     outer loop
       vertex -2.41988e-01  6.27827e-02  1.09252e+00
       vertex -2.44057e-01  5.41846e-02  1.13945e+00
       vertex -2.29798e-01  9.84529e-02  1.12400e+00
     endloop
  endfacet
  facet normal -6.96017e-04 -8.29338e-04  3.28279e-05
     outer loop
       vertex -1.59837e-01 -1.92229e-01  1.13724e+00
       vertex -1.40231e-01 -2.06967e-01  1.18061e+00
       vertex -1.79178e-01 -1.74343e-01  1.17905e+00
     endloop
  endfacet
  facet normal  0.00000e+00  0.00000e+00 -1.00354e-03
     outer loop
       vertex  7.59110e-02 -2.38196e-01  0.00000e+00
       vertex  3.64603e-02 -2.07636e-01  0.00000e+00
       vertex  7.61867e-02 -1.87534e-01  0.00000e+00
     endloop
  endfacet
  facet normal -9.48368e-04 -3.62517e-06  1.62620e-05
     outer loop
       vertex -2.49218e-01  1.97595e-02  1.10252e+00
       vertex -2.49715e-01 -1.19411e-02  1.06648e+00
       vertex -2.48873e-01 -2.37102e-02  1.11294e+00
     endloop
  endfacet
  facet normal  0.00000e+00  0.00000e+00 -1.18484e-03
     outer loop
       vertex -2.12927e-01  1.31004e-01  0.00000e+00
       vertex -1.55306e-01  1.19048e-01  0.00000e+00
       vertex -1.77330e-01  8.24921e-02  0.00000e+00
     endloop
  endfacet
  facet normal  0.00000e+00  0.00000e+00 -1.30227e-03
     outer loop
       vertex -1.82216e-01  1.71164e-01  0.00000e+00
       vertex -1.13784e-01  1.35419e-01  0.00000e+00
       vertex -1.55306e-01  1.19048e-01  0.00000e+00
     endloop
  endfacet
  facet normal -6.96472e-04  8.80936e-04  2.51070e-05
     outer loop
       vertex -1.73802e-01  1.79702e-01  1.52511e+00
       vertex -1.34851e-01  2.10512e-01  1.52459e+00
       vertex -1.46633e-01  2.02482e-01  1.47952e+00
     endloop
  endfacet
  facet normal -9.34985e-04 -5.68729e-04 -2.40887e-05
     outer loop
       vertex -2.19770e-01 -1.19168e-01  9.69525e-01
       vertex -2.25973e-01 -1.06940e-01  9.21582e-01
       vertex -2.00594e-01 -1.49205e-01  9.34368e-01
     endloop
  endfacet
  facet normal  0.00000e+00  0.00000e+00 -9.16258e-04
     outer loop
       vertex -1.61884e-01 -1.90508e-01  0.00000e+00
       vertex -1.54561e-01 -1.51569e-01  0.00000e+00
       vertex -1.09392e-01 -1.61628e-01  0.00000e+00
     endloop
  endfacet
  facet normal -6.47534e-04  8.09782e-04 -1.94143e-05
     outer loop
       vertex -1.72650e-01  1.80809e-01  5.81453e-01
       vertex -1.45551e-01  2.03261e-01  6.14069e-01
       vertex -1.35831e-01  2.09881e-01  5.66003e-01
     endloop
  endfacet
  facet normal -5.34098e-04  7.04553e-04 -1.24084e-05
     outer loop
       vertex -1.66534e-01  1.86458e-01  7.08197e-01
       vertex -1.39259e-01  2.07622e-01  7.35920e-01
       vertex -1.32221e-01  2.12174e-01  6.91410e-01
     endloop
  endfacet
  facet normal -0.00000e+00  0.00000e+00 -1.22446e-03
     outer loop
       vertex  1.00000e-01  2.29129e-01  0.00000e+00
       vertex  5.41341e-02  2.12811e-01  0.00000e+00
       vertex  5.00000e-02  2.64733e-01  0.00000e+00
     endloop
  endfacet
  facet normal -5.90211e-04  7.59830e-04  2.32010e-05
     outer loop
       vertex -1.72650e-01  1.80809e-01  5.81453e-01
       vertex -1.35831e-01  2.09881e-01  5.66003e-01
       vertex -1.60770e-01  1.91449e-01  5.35194e-01
     endloop
  endfacet
  facet normal  0.00000e+00  0.00000e+00 -1.01164e-03
     outer loop
       vertex -1.20246e-01 -2.19182e-01  0.00000e+00
       vertex -1.09392e-01 -1.61628e-01  0.00000e+00
       vertex -8.10768e-02 -1.97893e-01  0.00000e+00
     endloop
  endfacet
  facet normal -0.00000e+00  0.00000e+00 -9.90647e-04
     outer loop
       vertex  2.42264e-01 -6.17100e-02  0.00000e+00
       vertex  2.00322e-01 -6.90598e-02  0.00000e+00
       vertex  1.95776e-01 -2.26175e-02  0.00000e+00
     endloop
  endfacet
  facet normal  0.00000e+00  0.00000e+00 -1.05971e-03
     outer loop
       vertex  2.24895e-01 -1.09189e-01  0.00000e+00
       vertex  1.67135e-01 -1.01112e-01  0.00000e+00
       vertex  2.00322e-01 -6.90598e-02  0.00000e+00
     endloop
  endfacet
  facet normal -7.97464e-04 -6.88822e-04  2.12671e-05
     outer loop
       vertex -2.03138e-01 -1.45722e-01  4.44237e-01
       vertex -1.80910e-01 -1.72545e-01  4.08985e-01
       vertex -1.71826e-01 -1.81593e-01  4.56555e-01
     endloop
  endfacet
  facet normal -9.53107e-04 -1.32624e-04 -1.63342e-05
     outer loop
       vertex -2.48873e-01 -2.37102e-02  1.11294e+00
       vertex -2.49715e-01 -1.19411e-02  1.06648e+00
       vertex -2.43853e-01 -5.50971e-02  1.07486e+00
     endloop
  endfacet
  facet normal -8.01305e-04  7.03646e-04  2.61612e-05
     outer loop
       vertex -1.93507e-01  1.58288e-01  1.01763e+00
       vertex -2.03680e-01  1.44964e-01  1.06440e+00
       vertex -1.71685e-01  1.81725e-01  1.05562e+00
     endloop
  endfacet
  facet normal -1.91961e-04 -1.02734e-03 -2.44561e-05
     outer loop
       vertex -6.83545e-02 -2.40474e-01  8.80884e-01
       vertex -2.28781e-02 -2.48951e-01  8.80034e-01
       vertex -4.84976e-02 -2.45251e-01  9.25694e-01
     endloop
  endfacet
  facet normal -0.00000e+00  0.00000e+00 -9.99915e-04
     outer loop
       vertex  2.49726e-01 -1.17070e-02  0.00000e+00
       vertex  1.95776e-01 -2.26175e-02  0.00000e+00
       vertex  2.17514e-01  1.88472e-02  0.00000e+00
     endloop
  endfacet
  facet normal -9.33226e-04  9.57408e-04  3.71488e-05
     outer loop
       vertex -1.79747e-01  1.73755e-01  9.64657e-01
       vertex -1.93507e-01  1.58288e-01  1.01763e+00
       vertex -1.55072e-01  1.96094e-01  1.00883e+00
     endloop
  endfacet
  facet normal -1.04077e-03  1.31279e-04  2.30619e-05
     outer loop
       vertex -2.44057e-01  5.41846e-02  1.13945e+00
       vertex -2.49218e-01  1.97595e-02  1.10252e+00
       vertex -2.49926e-01  6.10098e-03  1.14834e+00
     endloop
  endfacet
  facet normal -6.85992e-04  5.39072e-04  1.30622e-05
     outer loop
       vertex -2.04211e-01  1.44215e-01  8.87414e-01
       vertex -2.09584e-01  1.36288e-01  9.32351e-01
       vertex -1.83801e-01  1.69462e-01  9.17372e-01
     endloop
  endfacet
  facet normal -6.01920e-04 -8.90405e-04  3.06514e-05
     outer loop
       vertex -1.18705e-01 -2.20021e-01  1.13765e+00
       vertex -1.59837e-01 -1.92229e-01  1.13724e+00
       vertex -1.39664e-01 -2.07350e-01  1.09414e+00
     endloop
  endfacet
  facet normal -9.24645e-04 -1.15842e-05 -1.77352e-05
     outer loop
       vertex -2.49218e-01  1.97595e-02  1.10252e+00
       vertex -2.48873e-01 -2.37102e-02  1.11294e+00
       vertex -2.49926e-01  6.10098e-03  1.14834e+00
     endloop
  endfacet
  facet normal -8.16797e-04  4.76479e-04 -1.46522e-05
     outer loop
       vertex -2.03680e-01  1.44964e-01  1.06440e+00
       vertex -2.25394e-01  1.08155e-01  1.07788e+00
       vertex -2.09689e-01  1.36126e-01  1.11202e+00
     endloop
  endfacet
  facet normal -1.01184e-03  3.20182e-04 -1.64862e-05
     outer loop
       vertex -2.29798e-01  9.84529e-02  1.12400e+00
       vertex -2.44057e-01  5.41846e-02  1.13945e+00
       vertex -2.33406e-01  8.95631e-02  1.17282e+00
     endloop
  endfacet
  facet normal -7.63911e-04 -2.05598e-04 -1.13765e-05
     outer loop
       vertex -2.43853e-01 -5.50971e-02  1.07486e+00
       vertex -2.45900e-01 -4.50915e-02  1.03148e+00
       vertex -2.35942e-01 -8.26515e-02  1.04163e+00
     endloop
  endfacet
  facet normal -6.61890e-04  5.68939e-04 -2.85286e-05
     outer loop
       vertex -2.04211e-01  1.44215e-01  8.87414e-01
       vertex -1.83801e-01  1.69462e-01  9.17372e-01
       vertex -1.71437e-01  1.81959e-01  8.79769e-01
     endloop
  endfacet
  facet normal  8.14256e-04  7.01474e-04  3.06550e-05
     outer loop
       vertex  1.89560e-01  1.62994e-01  1.91311e+00
       vertex  1.72295e-01  1.81148e-01  1.95629e+00
       vertex  2.04690e-01  1.43534e-01  1.95653e+00
     endloop
  endfacet
  facet normal -8.23624e-04  7.26692e-04 -3.13596e-05
     outer loop
       vertex -1.82238e-01  1.71141e-01  4.96411e-01
       vertex -1.68746e-01  1.84458e-01  4.50647e-01
       vertex -2.02787e-01  1.46211e-01  4.58388e-01
     endloop
  endfacet
  facet normal -9.96440e-04 -6.57552e-05  2.57516e-05
     outer loop
       vertex -2.49926e-01  6.10098e-03  1.14834e+00
       vertex -2.48873e-01 -2.37102e-02  1.11294e+00
       vertex -2.46514e-01 -4.16051e-02  1.15854e+00
     endloop
  endfacet
  facet normal -7.74721e-04  8.96562e-04 -4.06402e-05
     outer loop
       vertex -1.82238e-01  1.71141e-01  4.96411e-01
       vertex -1.60770e-01  1.91449e-01  5.35194e-01
       vertex -1.40705e-01  2.06645e-01  4.87916e-01
     endloop
  endfacet
  facet normal -6.68742e-04  7.52131e-04  3.01019e-05
     outer loop
       vertex -1.71437e-01  1.81959e-01  8.79769e-01
       vertex -1.83801e-01  1.69462e-01  9.17372e-01
       vertex -1.45540e-01  2.03269e-01  9.22671e-01
     endloop
  endfacet
  facet normal  0.00000e+00  0.00000e+00 -1.41475e-03
     outer loop
       vertex  1.42145e-01  2.05657e-01  0.00000e+00
       vertex  1.21239e-01  1.46168e-01  0.00000e+00
       vertex  8.55266e-02  1.79891e-01  0.00000e+00
     endloop
  endfacet
  facet normal -8.16460e-04  6.39942e-04  1.18824e-05
     outer loop
       vertex -1.83801e-01  1.69462e-01  9.17372e-01
       vertex -2.09584e-01  1.36288e-01  9.32351e-01
       vertex -1.79747e-01  1.73755e-01  9.64657e-01
     endloop
  endfacet
  facet normal -1.05911e-03  1.24539e-04 -2.54981e-05
     outer loop
       vertex -2.44057e-01  5.41846e-02  1.13945e+00
       vertex -2.49926e-01  6.10098e-03  1.14834e+00
       vertex -2.47086e-01  3.80615e-02  1.18648e+00
     endloop
  endfacet
  facet normal  6.78861e-04  8.90156e-04  3.77958e-05
     outer loop
       vertex  1.72295e-01  1.81148e-01  1.95629e+00
       vertex  1.53619e-01  1.97234e-01  1.91288e+00
       vertex  1.29955e-01  2.13569e-01  1.95320e+00
     endloop
  endfacet
  facet normal -1.05590e-03 -8.05375e-05 -2.34788e-05
     outer loop
       vertex -2.49926e-01  6.10098e-03  1.14834e+00
       vertex -2.46514e-01 -4.16051e-02  1.15854e+00
       vertex -2.49846e-01 -8.77528e-03  1.19578e+00
     endloop
  endfacet
  facet normal -1.03268e-03 -2.05639e-04 -2.72666e-05
     outer loop
       vertex -2.46514e-01 -4.16051e-02  1.15854e+00
       vertex -2.48873e-01 -2.37102e-02  1.11294e+00
       vertex -2.39499e-01 -7.16955e-02  1.11980e+00
     endloop
  endfacet
  facet normal -1.10101e-03  3.01010e-04  3.22986e-05
     outer loop
       vertex -2.33406e-01  8.95631e-02  1.17282e+00
       vertex -2.44057e-01  5.41846e-02  1.13945e+00
       vertex -2.47086e-01  3.80615e-02  1.18648e+00
     endloop
  endfacet
  facet normal  0.00000e+00  0.00000e+00 -1.29226e-03
     outer loop
       vertex  2.11698e-01  1.32981e-01  0.00000e+00
       vertex  1.90146e-01  7.74268e-02  0.00000e+00
       vertex  1.56316e-01  1.10143e-01  0.00000e+00
     endloop
  endfacet
  facet normal -1.01129e-04 -1.07822e-03 -3.10230e-05
     outer loop
       vertex -2.41880e-02 -2.48827e-01  1.05217e+00
       vertex -4.80690e-02 -2.45335e-01  1.00865e+00
       vertex  1.56810e-03 -2.49995e-01  1.00880e+00
     endloop
  endfacet
  facet normal -1.05063e-03 -2.00501e-04  2.09547e-05
     outer loop
       vertex -2.39606e-01 -7.13362e-02  4.67360e-01
       vertex -2.48790e-01 -2.45637e-02  4.54419e-01
       vertex -2.42867e-01 -5.92909e-02  4.19102e-01
     endloop
  endfacet
  facet normal -1.04196e-03  6.58563e-05  2.23955e-05
     outer loop
       vertex -2.49926e-01  6.10098e-03  1.14834e+00
       vertex -2.49846e-01 -8.77528e-03  1.19578e+00
       vertex -2.47086e-01  3.80615e-02  1.18648e+00
     endloop
  endfacet
  facet normal -5.06703e-04 -9.43006e-04  3.12384e-05
     outer loop
       vertex -1.18085e-01 -2.20354e-01  1.05160e+00
       vertex -9.56524e-02 -2.30978e-01  1.09478e+00
       vertex -1.39664e-01 -2.07350e-01  1.09414e+00
     endloop
  endfacet
  facet normal  0.00000e+00  0.00000e+00 -1.53752e-03
     outer loop
       vertex  1.80614e-01  1.72854e-01  0.00000e+00
       vertex  1.56316e-01  1.10143e-01  0.00000e+00
       vertex  1.21239e-01  1.46168e-01  0.00000e+00
     endloop
  endfacet
  facet normal -1.02138e-03 -1.95716e-04  2.66680e-05
     outer loop
       vertex -2.39499e-01 -7.16955e-02  1.11980e+00
       vertex -2.48873e-01 -2.37102e-02  1.11294e+00
       vertex -2.43853e-01 -5.50971e-02  1.07486e+00
     endloop
  endfacet
  facet normal -2.05781e-04 -1.04038e-03  2.94458e-05
     outer loop
       vertex -2.41880e-02 -2.48827e-01  1.05217e+00
       vertex -7.22428e-02 -2.39334e-01  1.05174e+00
       vertex -4.80690e-02 -2.45335e-01  1.00865e+00
     endloop
  endfacet
  facet normal -7.87905e-04  8.93845e-04 -1.36206e-05
     outer loop
       vertex -1.45540e-01  2.03269e-01  9.22671e-01
       vertex -1.83801e-01  1.69462e-01  9.17372e-01
       vertex -1.79747e-01  1.73755e-01  9.64657e-01
     endloop
  endfacet
  facet normal  0.00000e+00  0.00000e+00 -7.66033e-04
     outer loop
       vertex -7.36897e-02 -2.38893e-01  0.00000e+00
       vertex -8.10768e-02 -1.97893e-01  0.00000e+00
       vertex -4.18928e-02 -2.07974e-01  0.00000e+00
     endloop
  endfacet
  facet normal -4.21583e-04  5.89778e-04 -1.15673e-05
     outer loop
       vertex -1.27960e-01  2.14770e-01  5.28430e-01
       vertex -1.60770e-01  1.91449e-01  5.35194e-01
       vertex -1.35831e-01  2.09881e-01  5.66003e-01
     endloop
  endfacet
  facet normal -4.09030e-04 -9.88124e-04 -3.06112e-05
     outer loop
       vertex -7.22428e-02 -2.39334e-01  1.05174e+00
       vertex -9.56524e-02 -2.30978e-01  1.09478e+00
       vertex -1.18085e-01 -2.20354e-01  1.05160e+00
     endloop
  endfacet
  facet normal  0.00000e+00  0.00000e+00 -8.48155e-04
     outer loop
       vertex -2.47325e-01  3.64733e-02  0.00000e+00
       vertex -2.03940e-01  4.93932e-02  0.00000e+00
       vertex -2.04367e-01  1.01672e-02  0.00000e+00
     endloop
  endfacet
  facet normal  0.00000e+00  0.00000e+00 -1.10209e-03
     outer loop
       vertex -2.41679e-01 -6.39631e-02  0.00000e+00
       vertex -2.07897e-01 -3.02476e-02  0.00000e+00
       vertex -1.81362e-01 -6.90119e-02  0.00000e+00
     endloop
  endfacet
  facet normal -7.55813e-04  8.93028e-04  3.70369e-05
     outer loop
       vertex -1.82238e-01  1.71141e-01  4.96411e-01
       vertex -1.40705e-01  2.06645e-01  4.87916e-01
       vertex -1.68746e-01  1.84458e-01  4.50647e-01
     endloop
  endfacet
  facet normal -9.24524e-04 -5.29704e-04  2.21439e-05
     outer loop
       vertex -2.27329e-01 -1.04027e-01  4.31646e-01
       vertex -2.10466e-01 -1.34922e-01  3.96629e-01
       vertex -2.03138e-01 -1.45722e-01  4.44237e-01
     endloop
  endfacet
  facet normal -9.79212e-04 -3.28104e-04 -2.63085e-05
     outer loop
       vertex -2.39499e-01 -7.16955e-02  1.11980e+00
       vertex -2.43853e-01 -5.50971e-02  1.07486e+00
       vertex -2.28572e-01 -1.01266e-01  1.08189e+00
     endloop
  endfacet
  facet normal -8.10568e-04  4.37287e-04  1.45955e-05
     outer loop
       vertex -2.09689e-01  1.36126e-01  1.11202e+00
       vertex -2.25394e-01  1.08155e-01  1.07788e+00
       vertex -2.29798e-01  9.84529e-02  1.12400e+00
     endloop
  endfacet
  facet normal -1.03227e-03 -2.76275e-04  2.76761e-05
     outer loop
       vertex -2.46514e-01 -4.16051e-02  1.15854e+00
       vertex -2.39499e-01 -7.16955e-02  1.11980e+00
       vertex -2.33631e-01 -8.89738e-02  1.16617e+00
     endloop
  endfacet
  facet normal  6.47228e-06 -1.07237e-03 -3.04291e-05
     outer loop
       vertex  2.59863e-02 -2.48646e-01  2.71693e-01
       vertex -7.52948e-04 -2.49999e-01  3.13691e-01
       vertex -2.36314e-02 -2.48881e-01  2.69416e-01
     endloop
  endfacet
  facet normal -8.63930e-04 -2.81695e-04  2.79121e-05
     outer loop
       vertex -2.28572e-01 -1.01266e-01  1.08189e+00
       vertex -2.43853e-01 -5.50971e-02  1.07486e+00
       vertex -2.35942e-01 -8.26515e-02  1.04163e+00
     endloop
  endfacet
  facet normal -9.86193e-04 -3.98764e-04  2.67852e-05
     outer loop
       vertex -2.39499e-01 -7.16955e-02  1.11980e+00
       vertex -2.28572e-01 -1.01266e-01  1.08189e+00
       vertex -2.20980e-01 -1.16910e-01  1.12853e+00
     endloop
  endfacet
  facet normal  0.00000e+00  0.00000e+00 -8.71452e-04
     outer loop
       vertex -2.49606e-01 -1.40318e-02  0.00000e+00
       vertex -2.04367e-01  1.01672e-02  0.00000e+00
       vertex -2.07897e-01 -3.02476e-02  0.00000e+00
     endloop
  endfacet
  facet normal  3.69413e-06 -1.07537e-03  3.04177e-05
     outer loop
       vertex  2.59863e-02 -2.48646e-01  2.71693e-01
       vertex -2.36314e-02 -2.48881e-01  2.69416e-01
       vertex  3.17804e-03 -2.49980e-01  2.27300e-01
     endloop
  endfacet
  facet normal -1.06589e-03 -4.92649e-04 -3.26557e-05
     outer loop
       vertex -2.35942e-01 -8.26515e-02  1.04163e+00
       vertex -2.13959e-01 -1.29311e-01  1.02802e+00
       vertex -2.28572e-01 -1.01266e-01  1.08189e+00
     endloop
  endfacet
  facet normal -4.99887e-04  7.07742e-04  1.53143e-05
     outer loop
       vertex -1.40705e-01  2.06645e-01  4.87916e-01
       vertex -1.60770e-01  1.91449e-01  5.35194e-01
       vertex -1.27960e-01  2.14770e-01  5.28430e-01
     endloop
  endfacet
  facet normal -9.72908e-04 -4.03766e-04 -2.73429e-05
     outer loop
       vertex -2.39499e-01 -7.16955e-02  1.11980e+00
       vertex -2.20980e-01 -1.16910e-01  1.12853e+00
       vertex -2.33631e-01 -8.89738e-02  1.16617e+00
     endloop
  endfacet
  facet normal  0.00000e+00 -0.00000e+00 -1.42127e-03
     outer loop
       vertex  0.00000e+00  3.71545e-01  0.00000e+00
       vertex  1.63557e-02  3.12766e-01  0.00000e+00
       vertex -3.56721e-02  3.25949e-01  0.00000e+00
     endloop
  endfacet
  facet normal -7.77359e-04  6.71084e-04 -2.29007e-05
     outer loop
       vertex -1.71685e-01  1.81725e-01  1.05562e+00
       vertex -2.03680e-01  1.44964e-01  1.06440e+00
       vertex -1.81046e-01  1.72402e-01  1.10014e+00
     endloop
  endfacet
  facet normal -8.21353e-04  8.26200e-04 -3.79212e-05
     outer loop
       vertex -1.93507e-01  1.58288e-01  1.01763e+00
       vertex -1.71685e-01  1.81725e-01  1.05562e+00
       vertex -1.55072e-01  1.96094e-01  1.00883e+00
     endloop
  endfacet
  facet normal -1.23463e-03 -1.60731e-04  3.12179e-05
     outer loop
       vertex -2.49846e-01 -8.77528e-03  1.19578e+00
       vertex -2.46514e-01 -4.16051e-02  1.15854e+00
       vertex -2.42781e-01 -5.96439e-02  1.21329e+00
     endloop
  endfacet
  facet normal -8.79940e-04 -7.06627e-04  2.99078e-05
     outer loop
       vertex -1.78434e-01 -1.75104e-01  1.26734e+00
       vertex -2.09516e-01 -1.36392e-01  1.26747e+00
       vertex -1.97361e-01 -1.53456e-01  1.22196e+00
     endloop
  endfacet
  facet normal -8.11166e-04  6.46258e-04  1.75708e-05
     outer loop
       vertex -2.03680e-01  1.44964e-01  1.06440e+00
       vertex -2.09689e-01  1.36126e-01  1.11202e+00
       vertex -1.81046e-01  1.72402e-01  1.10014e+00
     endloop
  endfacet
  facet normal -9.39863e-04 -4.62041e-04  2.70100e-05
     outer loop
       vertex -2.33631e-01 -8.89738e-02  1.16617e+00
       vertex -2.20980e-01 -1.16910e-01  1.12853e+00
       vertex -2.11950e-01 -1.32580e-01  1.17470e+00
     endloop
  endfacet
  facet normal -9.21588e-04 -5.24583e-04 -2.59337e-05
     outer loop
       vertex -2.20980e-01 -1.16910e-01  1.12853e+00
       vertex -2.28572e-01 -1.01266e-01  1.08189e+00
       vertex -2.04863e-01 -1.43287e-01  1.08934e+00
     endloop
  endfacet
  facet normal -6.26417e-04  8.17536e-04 -1.53779e-05
     outer loop
       vertex -1.68746e-01  1.84458e-01  4.50647e-01
       vertex -1.40705e-01  2.06645e-01  4.87916e-01
       vertex -1.32746e-01  2.11846e-01  4.40184e-01
     endloop
  endfacet
  facet normal -1.22785e-03 -3.38400e-04 -2.77825e-05
     outer loop
       vertex -2.46514e-01 -4.16051e-02  1.15854e+00
       vertex -2.33631e-01 -8.89738e-02  1.16617e+00
       vertex -2.42781e-01 -5.96439e-02  1.21329e+00
     endloop
  endfacet
  facet normal -1.23639e-03 -6.93082e-04  2.54425e-05
     outer loop
       vertex -2.04863e-01 -1.43287e-01  1.08934e+00
       vertex -2.28572e-01 -1.01266e-01  1.08189e+00
       vertex -2.13959e-01 -1.29311e-01  1.02802e+00
     endloop
  endfacet
  facet normal -5.33862e-06 -1.05775e-03  3.03560e-05
     outer loop
       vertex -1.04191e-03 -2.49998e-01  1.44041e+00
       vertex  2.34438e-02 -2.48898e-01  1.48303e+00
       vertex -2.60354e-02 -2.48641e-01  1.48331e+00
     endloop
  endfacet
  facet normal -2.15201e-04 -1.04966e-03 -3.06557e-05
     outer loop
       vertex -2.56771e-02 -2.48678e-01  1.39697e+00
       vertex -5.03842e-02 -2.44870e-01  1.44004e+00
       vertex -7.43051e-02 -2.38702e-01  1.39677e+00
     endloop
  endfacet
  facet normal -7.66873e-04 -7.53116e-04 -3.06658e-05
     outer loop
       vertex -1.94868e-01 -1.56609e-01  1.31060e+00
       vertex -1.60079e-01 -1.92028e-01  1.31046e+00
       vertex -1.78267e-01 -1.75274e-01  1.35383e+00
     endloop
  endfacet
  facet normal -1.10231e-04 -1.06298e-03 -3.05943e-05
     outer loop
       vertex -1.04191e-03 -2.49998e-01  1.44041e+00
       vertex -2.60354e-02 -2.48641e-01  1.48331e+00
       vertex -5.03842e-02 -2.44870e-01  1.44004e+00
     endloop
  endfacet
  facet normal -1.01246e-03 -5.09071e-04 -2.89096e-05
     outer loop
       vertex -2.33631e-01 -8.89738e-02  1.16617e+00
       vertex -2.11950e-01 -1.32580e-01  1.17470e+00
       vertex -2.24218e-01 -1.10572e-01  1.21683e+00
     endloop
  endfacet
  facet normal -8.85451e-04 -5.90989e-04 -2.73937e-05
     outer loop
       vertex -2.11950e-01 -1.32580e-01  1.17470e+00
       vertex -2.20980e-01 -1.16910e-01  1.12853e+00
       vertex -1.93953e-01 -1.57741e-01  1.13582e+00
     endloop
  endfacet
  facet normal -8.76477e-04  4.32723e-04  1.40147e-05
     outer loop
       vertex -2.14451e-01  1.28495e-01  1.15622e+00
       vertex -2.29798e-01  9.84529e-02  1.12400e+00
       vertex -2.33406e-01  8.95631e-02  1.17282e+00
     endloop
  endfacet
  facet normal  0.00000e+00  0.00000e+00 -7.09376e-04
     outer loop
       vertex -1.96903e-01 -1.54043e-01  0.00000e+00
       vertex -1.73621e-01 -1.19175e-01  0.00000e+00
       vertex -1.54561e-01 -1.51569e-01  0.00000e+00
     endloop
  endfacet
  facet normal  0.00000e+00  0.00000e+00 -8.19320e-04
     outer loop
       vertex  2.64360e-02 -2.48598e-01  0.00000e+00
       vertex -5.91807e-03 -2.17340e-01  0.00000e+00
       vertex  3.64603e-02 -2.07636e-01  0.00000e+00
     endloop
  endfacet
  facet normal -8.96073e-04 -5.88231e-04  2.74090e-05
     outer loop
       vertex -1.93953e-01 -1.57741e-01  1.13582e+00
       vertex -2.20980e-01 -1.16910e-01  1.12853e+00
       vertex -2.04863e-01 -1.43287e-01  1.08934e+00
     endloop
  endfacet
  facet normal -0.00000e+00  0.00000e+00 -5.30367e-04
     outer loop
       vertex  2.46975e-01  3.87747e-02  0.00000e+00
       vertex  2.17514e-01  1.88472e-02  0.00000e+00
       vertex  2.14626e-01  5.28990e-02  0.00000e+00
     endloop
  endfacet
  facet normal  0.00000e+00  0.00000e+00 -6.51722e-04
     outer loop
       vertex -2.41200e-02 -2.48834e-01  0.00000e+00
       vertex -4.18928e-02 -2.07974e-01  0.00000e+00
       vertex -5.91807e-03 -2.17340e-01  0.00000e+00
     endloop
  endfacet
  facet normal -1.08370e-03 -5.58903e-05  2.43510e-05
     outer loop
       vertex -2.48790e-01 -2.45637e-02  4.54419e-01
       vertex -2.47000e-01 -3.86150e-02  5.01855e-01
       vertex -2.49783e-01  1.04227e-02  4.90559e-01
     endloop
  endfacet
  facet normal -5.56399e-04  7.40134e-04  2.29277e-05
     outer loop
       vertex -1.68746e-01  1.84458e-01  4.50647e-01
       vertex -1.32746e-01  2.11846e-01  4.40184e-01
       vertex -1.53257e-01  1.97515e-01  4.05027e-01
     endloop
  endfacet
  facet normal -1.25174e-03 -4.53517e-04  3.92377e-05
     outer loop
       vertex -2.33631e-01 -8.89738e-02  1.16617e+00
       vertex -2.24218e-01 -1.10572e-01  1.21683e+00
       vertex -2.42781e-01 -5.96439e-02  1.21329e+00
     endloop
  endfacet
  facet normal -9.71926e-04 -6.41664e-04 -1.47152e-05
     outer loop
       vertex -2.19770e-01 -1.19168e-01  9.69525e-01
       vertex -1.96852e-01 -1.54108e-01  9.79369e-01
       vertex -2.13959e-01 -1.29311e-01  1.02802e+00
     endloop
  endfacet
  facet normal -1.00179e-03  1.38143e-04  1.85212e-05
     outer loop
       vertex -2.49783e-01  1.04227e-02  4.90559e-01
       vertex -2.43788e-01  5.53822e-02  4.79439e-01
       vertex -2.48962e-01  2.27571e-02  4.42944e-01
     endloop
  endfacet
  facet normal  0.00000e+00  0.00000e+00 -6.64724e-04
     outer loop
       vertex  2.34124e-01  8.76708e-02  0.00000e+00
       vertex  2.14626e-01  5.28990e-02  0.00000e+00
       vertex  1.90146e-01  7.74268e-02  0.00000e+00
     endloop
  endfacet
  facet normal -1.10248e-03  2.84273e-04 -3.22646e-05
     outer loop
       vertex -2.38768e-01  7.40919e-02  1.21973e+00
       vertex -2.33406e-01  8.95631e-02  1.17282e+00
       vertex -2.47086e-01  3.80615e-02  1.18648e+00
     endloop
  endfacet
  facet normal -4.20016e-04 -9.89708e-04  3.05512e-05
     outer loop
       vertex -7.43051e-02 -2.38702e-01  1.39677e+00
       vertex -1.19996e-01 -2.19319e-01  1.39652e+00
       vertex -9.63930e-02 -2.30669e-01  1.35333e+00
     endloop
  endfacet
  facet normal -8.66622e-04 -6.76243e-04  3.64976e-05
     outer loop
       vertex -2.11950e-01 -1.32580e-01  1.17470e+00
       vertex -1.93953e-01 -1.57741e-01  1.13582e+00
       vertex -1.79178e-01 -1.74343e-01  1.17905e+00
     endloop
  endfacet
  facet normal  0.00000e+00  1.48064e-03  0.00000e+00
     outer loop
       vertex  0.00000e+00  3.71545e-01  2.00000e+00
       vertex  3.57203e-02  3.71545e-01  1.95176e+00
       vertex -1.62851e-02  3.71545e-01  1.93909e+00
     endloop
  endfacet
  facet normal  0.00000e+00  0.00000e+00 -1.22974e-03
     outer loop
       vertex -2.23868e-01 -1.11279e-01  0.00000e+00
       vertex -1.81362e-01 -6.90119e-02  0.00000e+00
       vertex -1.73621e-01 -1.19175e-01  0.00000e+00
     endloop
  endfacet
  facet normal -1.06395e-03  3.67291e-04  2.87065e-05
     outer loop
       vertex -2.39897e-01  7.03507e-02  4.32134e-01
       vertex -2.43788e-01  5.53822e-02  4.79439e-01
       vertex -2.27280e-01  1.04133e-01  4.67530e-01
     endloop
  endfacet
  facet normal -6.78133e-04 -8.14442e-04 -3.07708e-05
     outer loop
       vertex -1.60970e-01 -1.91282e-01  1.39633e+00
       vertex -1.78267e-01 -1.75274e-01  1.35383e+00
       vertex -1.40031e-01 -2.07102e-01  1.35361e+00
     endloop
  endfacet
  facet normal -9.59826e-04 -5.97243e-04  3.24709e-05
     outer loop
       vertex -2.24218e-01 -1.10572e-01  1.21683e+00
       vertex -2.11950e-01 -1.32580e-01  1.17470e+00
       vertex -1.97361e-01 -1.53456e-01  1.22196e+00
     endloop
  endfacet
  facet normal -3.17794e-04 -1.02472e-03  3.15844e-05
     outer loop
       vertex -6.83545e-02 -2.40474e-01  8.80884e-01
       vertex -4.84976e-02 -2.45251e-01  9.25694e-01
       vertex -9.70750e-02 -2.30383e-01  9.19282e-01
     endloop
  endfacet
  facet normal -1.03418e-03  5.64740e-05 -2.25216e-05
     outer loop
       vertex -2.47086e-01  3.80615e-02  1.18648e+00
       vertex -2.49846e-01 -8.77528e-03  1.19578e+00
       vertex -2.48927e-01  2.31408e-02  1.23360e+00
     endloop
  endfacet
  facet normal -7.86883e-04  4.15883e-04 -1.29587e-05
     outer loop
       vertex -2.09689e-01  1.36126e-01  1.11202e+00
       vertex -2.29798e-01  9.84529e-02  1.12400e+00
       vertex -2.14451e-01  1.28495e-01  1.15622e+00
     endloop
  endfacet
  facet normal -9.41373e-04 -7.42613e-04 -3.74414e-05
     outer loop
       vertex -2.11950e-01 -1.32580e-01  1.17470e+00
       vertex -1.79178e-01 -1.74343e-01  1.17905e+00
       vertex -1.97361e-01 -1.53456e-01  1.22196e+00
     endloop
  endfacet
  facet normal -8.63090e-04 -7.63477e-04  1.73602e-05
     outer loop
       vertex -1.78214e-01 -1.75327e-01  8.98181e-01
       vertex -1.70255e-01 -1.83066e-01  9.53542e-01
       vertex -2.00594e-01 -1.49205e-01  9.34368e-01
     endloop
  endfacet
  facet normal -6.00375e-04 -8.77176e-04  3.05748e-05
     outer loop
       vertex -1.19996e-01 -2.19319e-01  1.39652e+00
       vertex -1.60970e-01 -1.91282e-01  1.39633e+00
       vertex -1.40031e-01 -2.07102e-01  1.35361e+00
     endloop
  endfacet
  facet normal  8.25606e-04  1.03588e-03 -1.24132e-05
     outer loop
       vertex  1.37002e-01  2.09118e-01  1.25553e-01
       vertex  1.43476e-01  2.04730e-01  1.89996e-01
       vertex  1.71489e-01  1.81911e-01  1.48823e-01
     endloop
  endfacet
  facet normal -4.67873e-04 -1.09535e-03  4.04762e-05
     outer loop
       vertex -1.22051e-01 -2.18182e-01  9.60755e-01
       vertex -9.70750e-02 -2.30383e-01  9.19282e-01
       vertex -7.19135e-02 -2.39434e-01  9.65213e-01
     endloop
  endfacet
  facet normal -8.36037e-04 -6.71173e-04 -3.06649e-05
     outer loop
       vertex -1.78434e-01 -1.75104e-01  1.26734e+00
       vertex -1.94868e-01 -1.56609e-01  1.31060e+00
       vertex -2.09516e-01 -1.36392e-01  1.26747e+00
     endloop
  endfacet
  facet normal -8.82285e-04  4.24699e-04 -1.14432e-05
     outer loop
       vertex -2.14451e-01  1.28495e-01  1.15622e+00
       vertex -2.33406e-01  8.95631e-02  1.17282e+00
       vertex -2.18133e-01  1.22139e-01  1.20426e+00
     endloop
  endfacet
  facet normal -8.37701e-04 -1.13929e-03  5.17192e-05
     outer loop
       vertex -1.70255e-01 -1.83066e-01  9.53542e-01
       vertex -1.43120e-01 -2.04980e-01  9.10333e-01
       vertex -1.22051e-01 -2.18182e-01  9.60755e-01
     endloop
  endfacet
  facet normal -1.00740e-03  4.42586e-04  3.08055e-05
     outer loop
       vertex -2.18133e-01  1.22139e-01  1.20426e+00
       vertex -2.33406e-01  8.95631e-02  1.17282e+00
       vertex -2.38768e-01  7.40919e-02  1.21973e+00
     endloop
  endfacet
  facet normal -0.00000e+00  0.00000e+00 -1.07007e-03
     outer loop
       vertex  1.00000e-01  2.76601e-01  0.00000e+00
       vertex  5.00000e-02  2.64733e-01  0.00000e+00
       vertex  6.32028e-02  3.10670e-01  0.00000e+00
     endloop
  endfacet
  facet normal -9.64781e-04 -1.40493e-04 -1.88834e-05
     outer loop
       vertex -2.49397e-01 -1.73535e-02  1.23667e+00
       vertex -2.49846e-01 -8.77528e-03  1.19578e+00
       vertex -2.42781e-01 -5.96439e-02  1.21329e+00
     endloop
  endfacet
  facet normal -6.19891e-04  4.81965e-04 -2.29280e-05
     outer loop
       vertex -1.81046e-01  1.72402e-01  1.10014e+00
       vertex -2.09689e-01  1.36126e-01  1.11202e+00
       vertex -1.92267e-01  1.59792e-01  1.13845e+00
     endloop
  endfacet
  facet normal -7.38790e-04  7.57698e-04  3.30118e-05
     outer loop
       vertex -1.81046e-01  1.72402e-01  1.10014e+00
       vertex -1.92267e-01  1.59792e-01  1.13845e+00
       vertex -1.53927e-01  1.96994e-01  1.14262e+00
     endloop
  endfacet
  facet normal -6.23867e-04  4.47964e-04  1.01411e-05
     outer loop
       vertex -1.92267e-01  1.59792e-01  1.13845e+00
       vertex -2.09689e-01  1.36126e-01  1.11202e+00
       vertex -2.14451e-01  1.28495e-01  1.15622e+00
     endloop
  endfacet
  facet normal -6.39637e-04  7.57710e-04  2.41968e-05
     outer loop
       vertex -1.81046e-01  1.72402e-01  1.10014e+00
       vertex -1.43215e-01  2.04913e-01  1.08211e+00
       vertex -1.71685e-01  1.81725e-01  1.05562e+00
     endloop
  endfacet
  facet normal -1.09706e-03  2.26586e-04  2.88822e-05
     outer loop
       vertex -2.47086e-01  3.80615e-02  1.18648e+00
       vertex -2.48927e-01  2.31408e-02  1.23360e+00
       vertex -2.38768e-01  7.40919e-02  1.21973e+00
     endloop
  endfacet
  facet normal -5.45974e-04  7.08106e-04  2.35849e-05
     outer loop
       vertex -1.71685e-01  1.81725e-01  1.05562e+00
       vertex -1.35896e-01  2.09839e-01  1.04006e+00
       vertex -1.55072e-01  1.96094e-01  1.00883e+00
     endloop
  endfacet
  facet normal -7.99845e-04  8.23518e-04  7.15598e-06
     outer loop
       vertex -1.53927e-01  1.96994e-01  1.14262e+00
       vertex -1.92267e-01  1.59792e-01  1.13845e+00
       vertex -1.93792e-01  1.57939e-01  1.18124e+00
     endloop
  endfacet
  facet normal -8.14642e-04  1.03012e-05  1.11071e-05
     outer loop
       vertex -2.48927e-01  2.31408e-02  1.23360e+00
       vertex -2.49846e-01 -8.77528e-03  1.19578e+00
       vertex -2.49397e-01 -1.73535e-02  1.23667e+00
     endloop
  endfacet
  facet normal -6.53189e-04  4.61108e-04 -3.31196e-06
     outer loop
       vertex -1.93792e-01  1.57939e-01  1.18124e+00
       vertex -1.92267e-01  1.59792e-01  1.13845e+00
       vertex -2.14451e-01  1.28495e-01  1.15622e+00
     endloop
  endfacet
  facet normal -9.12106e-04  1.04785e-03 -2.43247e-05
     outer loop
       vertex -1.81046e-01  1.72402e-01  1.10014e+00
       vertex -1.53927e-01  1.96994e-01  1.14262e+00
       vertex -1.43215e-01  2.04913e-01  1.08211e+00
     endloop
  endfacet
  facet normal -7.62031e-04 -4.97254e-04  9.18403e-06
     outer loop
       vertex -2.00594e-01 -1.49205e-01  9.34368e-01
       vertex -1.96852e-01 -1.54108e-01  9.79369e-01
       vertex -2.19770e-01 -1.19168e-01  9.69525e-01
     endloop
  endfacet
  facet normal  0.00000e+00 -0.00000e+00 -1.41209e-03
     outer loop
       vertex  5.00000e-02  3.71545e-01  0.00000e+00
       vertex  6.32028e-02  3.10670e-01  0.00000e+00
       vertex  1.63557e-02  3.12766e-01  0.00000e+00
     endloop
  endfacet
  facet normal -7.86674e-04  5.42232e-04  1.14376e-05
     outer loop
       vertex -2.14451e-01  1.28495e-01  1.15622e+00
       vertex -2.18133e-01  1.22139e-01  1.20426e+00
       vertex -1.93792e-01  1.57939e-01  1.18124e+00
     endloop
  endfacet
  facet normal  6.14102e-04  7.88459e-04  1.17510e-05
     outer loop
       vertex  1.37002e-01  2.09118e-01  1.25553e-01
       vertex  1.71489e-01  1.81911e-01  1.48823e-01
       vertex  1.66105e-01  1.86840e-01  9.94655e-02
     endloop
  endfacet
  facet normal -1.05581e-03 -8.79709e-06 -2.04741e-05
     outer loop
       vertex -2.49783e-01  1.04227e-02  4.90559e-01
       vertex -2.48962e-01  2.27571e-02  4.42944e-01
       vertex -2.48790e-01 -2.45637e-02  4.54419e-01
     endloop
  endfacet
  facet normal -7.33747e-04 -7.26992e-04 -2.84019e-05
     outer loop
       vertex -1.93953e-01 -1.57741e-01  1.13582e+00
       vertex -1.59837e-01 -1.92229e-01  1.13724e+00
       vertex -1.79178e-01 -1.74343e-01  1.17905e+00
     endloop
  endfacet
  facet normal -7.92318e-04  5.33326e-04 -8.38510e-06
     outer loop
       vertex -1.93792e-01  1.57939e-01  1.18124e+00
       vertex -2.18133e-01  1.22139e-01  1.20426e+00
       vertex -1.96952e-01  1.53981e-01  1.22805e+00
     endloop
  endfacet
  facet normal -5.52803e-04  6.95580e-04 -1.47432e-05
     outer loop
       vertex -1.71685e-01  1.81725e-01  1.05562e+00
       vertex -1.43215e-01  2.04913e-01  1.08211e+00
       vertex -1.35896e-01  2.09839e-01  1.04006e+00
     endloop
  endfacet
  facet normal -3.75436e-04 -1.00402e-03 -3.05847e-05
     outer loop
       vertex -6.37413e-02 -2.41738e-01  3.95365e-01
       vertex -8.65652e-02 -2.34535e-01  4.39079e-01
       vertex -1.10233e-01 -2.24385e-01  3.96428e-01
     endloop
  endfacet
  facet normal -1.12328e-03  4.76232e-04 -1.92294e-05
     outer loop
       vertex -2.18133e-01  1.22139e-01  1.20426e+00
       vertex -2.38768e-01  7.40919e-02  1.21973e+00
       vertex -2.22097e-01  1.14773e-01  1.25339e+00
     endloop
  endfacet
  facet normal -8.69823e-04  5.67484e-04  1.48994e-05
     outer loop
       vertex -1.96952e-01  1.53981e-01  1.22805e+00
       vertex -2.18133e-01  1.22139e-01  1.20426e+00
       vertex -2.22097e-01  1.14773e-01  1.25339e+00
     endloop
  endfacet
  facet normal -1.04479e-03  1.93369e-04 -2.47519e-05
     outer loop
       vertex -2.48962e-01  2.27571e-02  4.42944e-01
       vertex -2.43788e-01  5.53822e-02  4.79439e-01
       vertex -2.39897e-01  7.03507e-02  4.32134e-01
     endloop
  endfacet
  facet normal -1.09346e-03  1.08422e-03 -3.22769e-05
     outer loop
       vertex -1.93792e-01  1.57939e-01  1.18124e+00
       vertex -1.64502e-01  1.88253e-01  1.20726e+00
       vertex -1.53927e-01  1.96994e-01  1.14262e+00
     endloop
  endfacet
  facet normal -7.60948e-04  7.26597e-04  1.00758e-05
     outer loop
       vertex -1.93792e-01  1.57939e-01  1.18124e+00
       vertex -1.96952e-01  1.53981e-01  1.22805e+00
       vertex -1.64502e-01  1.88253e-01  1.20726e+00
     endloop
  endfacet
  facet normal -8.43006e-04 -6.21061e-04 -1.64933e-05
     outer loop
       vertex -1.90042e-01 -1.62431e-01  1.05272e+00
       vertex -2.04863e-01 -1.43287e-01  1.08934e+00
       vertex -2.13959e-01 -1.29311e-01  1.02802e+00
     endloop
  endfacet
  facet normal -7.21099e-04 -6.03469e-04 -1.84063e-05
     outer loop
       vertex -2.04863e-01 -1.43287e-01  1.08934e+00
       vertex -1.77863e-01 -1.75684e-01  1.09373e+00
       vertex -1.93953e-01 -1.57741e-01  1.13582e+00
     endloop
  endfacet
  facet normal -5.62762e-04 -1.19585e-03  2.77172e-05
     outer loop
       vertex -1.10233e-01 -2.24385e-01  3.96428e-01
       vertex -8.65652e-02 -2.34535e-01  4.39079e-01
       vertex -1.29862e-01 -2.13625e-01  4.62107e-01
     endloop
  endfacet
  facet normal -7.96841e-04  8.00186e-06 -1.65522e-05
     outer loop
       vertex -2.48927e-01  2.31408e-02  1.23360e+00
       vertex -2.49397e-01 -1.73535e-02  1.23667e+00
       vertex -2.49963e-01  4.29838e-03  1.27439e+00
     endloop
  endfacet
  facet normal -8.88795e-04  8.33945e-04 -1.25059e-05
     outer loop
       vertex -1.64502e-01  1.88253e-01  1.20726e+00
       vertex -1.96952e-01  1.53981e-01  1.22805e+00
       vertex -1.69347e-01  1.83907e-01  1.26176e+00
     endloop
  endfacet
  facet normal  6.39208e-04  8.47156e-04  5.25502e-06
     outer loop
       vertex  1.35081e-01  2.10364e-01  8.08043e-02
       vertex  1.66105e-01  1.86840e-01  9.94655e-02
       vertex  1.63212e-01  1.89372e-01  4.31133e-02
     endloop
  endfacet
  facet normal  1.15380e-05 -1.06902e-03  3.04426e-05
     outer loop
       vertex  8.61789e-04 -2.49999e-01  9.23907e-01
       vertex  2.71981e-02 -2.48516e-01  9.65981e-01
       vertex -2.23894e-02 -2.48995e-01  9.67944e-01
     endloop
  endfacet
  facet normal -0.00000e+00  1.25000e-03  0.00000e+00
     outer loop
       vertex -1.00000e-01  3.71545e-01  1.80000e+00
       vertex -5.00000e-02  3.71545e-01  1.83750e+00
       vertex -5.00000e-02  3.71545e-01  1.78750e+00
     endloop
  endfacet
  facet normal -1.03705e-04 -1.02187e-03 -2.68880e-05
     outer loop
       vertex -5.00674e-02 -2.44935e-01  3.11450e-01
       vertex -7.52948e-04 -2.49999e-01  3.13691e-01
       vertex -3.40495e-02 -2.47670e-01  3.53621e-01
     endloop
  endfacet
  facet normal -7.38468e-04 -7.29318e-04  2.86065e-05
     outer loop
       vertex -1.93953e-01 -1.57741e-01  1.13582e+00
       vertex -1.77863e-01 -1.75684e-01  1.09373e+00
       vertex -1.59837e-01 -1.92229e-01  1.13724e+00
     endloop
  endfacet
  facet normal -0.00000e+00  1.12032e-03  0.00000e+00
     outer loop
       vertex -1.00000e-01  3.71545e-01  1.50000e+00
       vertex -5.11817e-02  3.71545e-01  1.53261e+00
       vertex -5.00000e-02  3.71545e-01  1.48750e+00
     endloop
  endfacet
  facet normal -1.06719e-03 -1.58580e-04 -2.30428e-05
     outer loop
       vertex -2.48790e-01 -2.45637e-02  4.54419e-01
       vertex -2.49751e-01 -1.11483e-02  4.06601e-01
       vertex -2.42867e-01 -5.92909e-02  4.19102e-01
     endloop
  endfacet
  facet normal -1.00396e-03 -3.42899e-04  2.07478e-05
     outer loop
       vertex -2.27329e-01 -1.04027e-01  4.31646e-01
       vertex -2.42867e-01 -5.92909e-02  4.19102e-01
       vertex -2.32275e-01 -9.24560e-02  3.83517e-01
     endloop
  endfacet
  facet normal  1.09572e-04 -9.83913e-04  2.94407e-05
     outer loop
       vertex  3.17804e-03 -2.49980e-01  2.27300e-01
       vertex  3.32042e-02 -2.47785e-01  1.88895e-01
       vertex  5.25814e-02 -2.44408e-01  2.29647e-01
     endloop
  endfacet
  facet normal -1.05442e-03  1.40721e-06  2.15852e-05
     outer loop
       vertex -2.48790e-01 -2.45637e-02  4.54419e-01
       vertex -2.48962e-01  2.27571e-02  4.42944e-01
       vertex -2.49751e-01 -1.11483e-02  4.06601e-01
     endloop
  endfacet
  facet normal -0.00000e+00  1.25000e-03  0.00000e+00
     outer loop
       vertex -1.00000e-01  3.71545e-01  1.35000e+00
       vertex -5.00000e-02  3.71545e-01  1.38750e+00
       vertex -5.00000e-02  3.71545e-01  1.33750e+00
     endloop
  endfacet
  facet normal -8.06793e-04 -6.06035e-04 -3.14112e-05
     outer loop
       vertex -1.90042e-01 -1.62431e-01  1.05272e+00
       vertex -2.13959e-01 -1.29311e-01  1.02802e+00
       vertex -1.80633e-01 -1.72834e-01  1.01175e+00
     endloop
  endfacet
  facet normal -6.35337e-04 -5.27012e-04  1.83778e-05
     outer loop
       vertex -1.90042e-01 -1.62431e-01  1.05272e+00
       vertex -1.77863e-01 -1.75684e-01  1.09373e+00
       vertex -2.04863e-01 -1.43287e-01  1.08934e+00
     endloop
  endfacet
  facet normal -1.07488e-03  5.11834e-05 -2.44081e-05
     outer loop
       vertex -2.49751e-01 -1.11483e-02  4.06601e-01
       vertex -2.48962e-01  2.27571e-02  4.42944e-01
       vertex -2.47181e-01  3.74406e-02  3.95278e-01
     endloop
  endfacet
  facet normal -8.57014e-04 -6.71514e-04  4.09096e-05
     outer loop
       vertex -1.96852e-01 -1.54108e-01  9.79369e-01
       vertex -1.80633e-01 -1.72834e-01  1.01175e+00
       vertex -2.13959e-01 -1.29311e-01  1.02802e+00
     endloop
  endfacet
  facet normal -1.05493e-03  2.06407e-04  2.41547e-05
     outer loop
       vertex -2.48962e-01  2.27571e-02  4.42944e-01
       vertex -2.39897e-01  7.03507e-02  4.32134e-01
       vertex -2.47181e-01  3.74406e-02  3.95278e-01
     endloop
  endfacet
  facet normal -1.01975e-03 -6.42415e-04 -3.14983e-05
     outer loop
       vertex -1.97361e-01 -1.53456e-01  1.22196e+00
       vertex -2.09516e-01 -1.36392e-01  1.26747e+00
       vertex -2.24218e-01 -1.10572e-01  1.21683e+00
     endloop
  endfacet
  facet normal -3.86923e-04 -1.03844e-03  2.88720e-05
     outer loop
       vertex -6.37413e-02 -2.41738e-01  3.95365e-01
       vertex -1.10233e-01 -2.24385e-01  3.96428e-01
       vertex -8.18247e-02 -2.36230e-01  3.51106e-01
     endloop
  endfacet
  facet normal -0.00000e+00  1.25000e-03  0.00000e+00
     outer loop
       vertex -1.00000e-01  3.71545e-01  1.00000e-01
       vertex -5.00000e-02  3.71545e-01  1.25000e-01
       vertex -5.00000e-02  3.71545e-01  7.50000e-02
     endloop
  endfacet
  facet normal -6.85407e-04 -8.27206e-04 -3.06067e-05
     outer loop
       vertex -1.77863e-01 -1.75684e-01  1.09373e+00
       vertex -1.39664e-01 -2.07350e-01  1.09414e+00
       vertex -1.59837e-01 -1.92229e-01  1.13724e+00
     endloop
  endfacet
  facet normal -0.00000e+00  1.40625e-03  0.00000e+00
     outer loop
       vertex -1.00000e-01  3.71545e-01  1.50000e-01
       vertex -5.00000e-02  3.71545e-01  1.81250e-01
       vertex -5.00000e-02  3.71545e-01  1.25000e-01
     endloop
  endfacet
  facet normal -5.92636e-04 -8.83681e-04 -3.04850e-05
     outer loop
       vertex -1.18085e-01 -2.20354e-01  1.05160e+00
       vertex -1.39664e-01 -2.07350e-01  1.09414e+00
       vertex -1.59226e-01 -1.92736e-01  1.05081e+00
     endloop
  endfacet
  facet normal -3.09017e-04 -1.02573e-03 -3.05221e-05
     outer loop
       vertex -4.80690e-02 -2.45335e-01  1.00865e+00
       vertex -7.22428e-02 -2.39334e-01  1.05174e+00
       vertex -9.55278e-02 -2.31029e-01  1.00837e+00
     endloop
  endfacet
  facet normal -4.11001e-04 -9.92455e-04  3.06105e-05
     outer loop
       vertex -7.22428e-02 -2.39334e-01  1.05174e+00
       vertex -1.18085e-01 -2.20354e-01  1.05160e+00
       vertex -9.55278e-02 -2.31029e-01  1.00837e+00
     endloop
  endfacet
  facet normal -1.30521e-03 -4.78248e-04 -3.61137e-05
     outer loop
       vertex -2.42781e-01 -5.96439e-02  1.21329e+00
       vertex -2.24218e-01 -1.10572e-01  1.21683e+00
       vertex -2.31877e-01 -9.34519e-02  1.26690e+00
     endloop
  endfacet
  facet normal -3.09902e-04 -1.02745e-03  3.05194e-05
     outer loop
       vertex -4.80690e-02 -2.45335e-01  1.00865e+00
       vertex -9.55278e-02 -2.31029e-01  1.00837e+00
       vertex -7.19135e-02 -2.39434e-01  9.65213e-01
     endloop
  endfacet
  facet normal -6.83124e-04 -8.23656e-04  3.06048e-05
     outer loop
       vertex -1.59226e-01 -1.92736e-01  1.05081e+00
       vertex -1.39664e-01 -2.07350e-01  1.09414e+00
       vertex -1.77863e-01 -1.75684e-01  1.09373e+00
     endloop
  endfacet
  facet normal -0.00000e+00  1.11856e-03  0.00000e+00
     outer loop
       vertex -1.00000e-01  3.71545e-01  7.50000e-01
       vertex -5.11817e-02  3.71545e-01  7.82538e-01
       vertex -5.00000e-02  3.71545e-01  7.37500e-01
     endloop
  endfacet
  facet normal -5.71043e-04 -1.04849e-03 -3.90553e-05
     outer loop
       vertex -1.18085e-01 -2.20354e-01  1.05160e+00
       vertex -1.42834e-01 -2.05179e-01  1.00607e+00
       vertex -9.55278e-02 -2.31029e-01  1.00837e+00
     endloop
  endfacet
  facet normal -6.22707e-04 -9.26749e-04  2.96056e-05
     outer loop
       vertex -1.18085e-01 -2.20354e-01  1.05160e+00
       vertex -1.59226e-01 -1.92736e-01  1.05081e+00
       vertex -1.42834e-01 -2.05179e-01  1.00607e+00
     endloop
  endfacet
  facet normal -2.37782e-04 -9.87220e-04  2.62865e-05
     outer loop
       vertex -5.00674e-02 -2.44935e-01  3.11450e-01
       vertex -3.40495e-02 -2.47670e-01  3.53621e-01
       vertex -8.18247e-02 -2.36230e-01  3.51106e-01
     endloop
  endfacet
  facet normal -0.00000e+00  1.25000e-03  0.00000e+00
     outer loop
       vertex -1.00000e-01  3.71545e-01  1.30000e+00
       vertex -5.00000e-02  3.71545e-01  1.33750e+00
       vertex -5.00000e-02  3.71545e-01  1.28750e+00
     endloop
  endfacet
  facet normal -0.00000e+00  1.28906e-03  0.00000e+00
     outer loop
       vertex -1.00000e-01  3.71545e-01  1.85000e+00
       vertex -5.62500e-02  3.71545e-01  1.89062e+00
       vertex -5.00000e-02  3.71545e-01  1.83750e+00
     endloop
  endfacet
  facet normal  6.35412e-04 -1.28470e-03  6.30591e-05
     outer loop
       vertex  8.15516e-02 -2.36325e-01  1.92612e-01
       vertex  1.10305e-01 -2.24350e-01  1.46844e-01
       vertex  1.38128e-01 -2.08376e-01  1.91917e-01
     endloop
  endfacet
  facet normal -6.81239e-04 -1.08504e-03 -2.58447e-05
     outer loop
       vertex -1.29862e-01 -2.13625e-01  4.62107e-01
       vertex -1.50228e-01 -1.99828e-01  4.19700e-01
       vertex -1.10233e-01 -2.24385e-01  3.96428e-01
     endloop
  endfacet
  facet normal -0.00000e+00  1.11856e-03  0.00000e+00
     outer loop
       vertex -1.00000e-01  3.71545e-01  4.50000e-01
       vertex -5.11817e-02  3.71545e-01  4.82538e-01
       vertex -5.00000e-02  3.71545e-01  4.37500e-01
     endloop
  endfacet
  facet normal  0.00000e+00  1.51053e-03  0.00000e+00
     outer loop
       vertex -5.00000e-02  3.71545e-01  2.00000e+00
       vertex -1.62851e-02  3.71545e-01  1.93909e+00
       vertex -6.43914e-02  3.71545e-01  1.93639e+00
     endloop
  endfacet
  facet normal -6.34129e-04 -6.43602e-04 -1.96505e-05
     outer loop
       vertex -1.59226e-01 -1.92736e-01  1.05081e+00
       vertex -1.77863e-01 -1.75684e-01  1.09373e+00
       vertex -1.90042e-01 -1.62431e-01  1.05272e+00
     endloop
  endfacet
  facet normal -3.12424e-04 -1.03493e-03 -3.27755e-05
     outer loop
       vertex -4.84976e-02 -2.45251e-01  9.25694e-01
       vertex -7.19135e-02 -2.39434e-01  9.65213e-01
       vertex -9.70750e-02 -2.30383e-01  9.19282e-01
     endloop
  endfacet
  facet normal -6.88147e-04 -7.98932e-04 -2.99266e-05
     outer loop
       vertex -1.42834e-01 -2.05179e-01  1.00607e+00
       vertex -1.59226e-01 -1.92736e-01  1.05081e+00
       vertex -1.80633e-01 -1.72834e-01  1.01175e+00
     endloop
  endfacet
  facet normal -0.00000e+00  1.25000e-03  0.00000e+00
     outer loop
       vertex -1.00000e-01  3.71545e-01  1.75000e+00
       vertex -5.00000e-02  3.71545e-01  1.78750e+00
       vertex -5.00000e-02  3.71545e-01  1.73750e+00
     endloop
  endfacet
  facet normal -6.10735e-04 -6.22164e-04  1.77194e-05
     outer loop
       vertex -1.59226e-01 -1.92736e-01  1.05081e+00
       vertex -1.90042e-01 -1.62431e-01  1.05272e+00
       vertex -1.80633e-01 -1.72834e-01  1.01175e+00
     endloop
  endfacet
  facet normal -4.77298e-04 -1.13451e-03 -4.02264e-05
     outer loop
       vertex -7.19135e-02 -2.39434e-01  9.65213e-01
       vertex -9.55278e-02 -2.31029e-01  1.00837e+00
       vertex -1.22051e-01 -2.18182e-01  9.60755e-01
     endloop
  endfacet
  facet normal -6.00658e-04 -1.09576e-03  3.89479e-05
     outer loop
       vertex -9.55278e-02 -2.31029e-01  1.00837e+00
       vertex -1.42834e-01 -2.05179e-01  1.00607e+00
       vertex -1.22051e-01 -2.18182e-01  9.60755e-01
     endloop
  endfacet
  facet normal -0.00000e+00  1.25000e-03  0.00000e+00
     outer loop
       vertex -1.00000e-01  3.71545e-01  1.45000e+00
       vertex -5.00000e-02  3.71545e-01  1.48750e+00
       vertex -5.00000e-02  3.71545e-01  1.43750e+00
     endloop
  endfacet
  facet normal -9.12377e-04 -1.07072e-03  2.55411e-05
     outer loop
       vertex -1.42834e-01 -2.05179e-01  1.00607e+00
       vertex -1.80633e-01 -1.72834e-01  1.01175e+00
       vertex -1.70255e-01 -1.83066e-01  9.53542e-01
     endloop
  endfacet
  facet normal -0.00000e+00  1.25000e-03  0.00000e+00
     outer loop
       vertex -1.00000e-01  3.71545e-01  4.00000e-01
       vertex -5.00000e-02  3.71545e-01  4.37500e-01
       vertex -5.00000e-02  3.71545e-01  3.87500e-01
     endloop
  endfacet
  facet normal -6.00468e-04 -6.81085e-04 -1.48797e-05
     outer loop
       vertex -1.71826e-01 -1.81593e-01  4.56555e-01
       vertex -1.80910e-01 -1.72545e-01  4.08985e-01
       vertex -1.50228e-01 -1.99828e-01  4.19700e-01
     endloop
  endfacet
  facet normal -8.42590e-04 -1.16720e-03 -5.15032e-05
     outer loop
       vertex -1.42834e-01 -2.05179e-01  1.00607e+00
       vertex -1.70255e-01 -1.83066e-01  9.53542e-01
       vertex -1.22051e-01 -2.18182e-01  9.60755e-01
     endloop
  endfacet
  facet normal -7.10721e-04 -6.40109e-04 -1.41956e-05
     outer loop
       vertex -1.96852e-01 -1.54108e-01  9.79369e-01
       vertex -1.70255e-01 -1.83066e-01  9.53542e-01
       vertex -1.80633e-01 -1.72834e-01  1.01175e+00
     endloop
  endfacet
  facet normal -9.50727e-04 -1.38896e-04 -1.77937e-05
     outer loop
       vertex -2.45894e-01 -4.51211e-02  1.26628e+00
       vertex -2.49397e-01 -1.73535e-02  1.23667e+00
       vertex -2.42781e-01 -5.96439e-02  1.21329e+00
     endloop
  endfacet
  facet normal -7.14876e-04 -6.46754e-04 -1.10248e-05
     outer loop
       vertex -2.00594e-01 -1.49205e-01  9.34368e-01
       vertex -1.70255e-01 -1.83066e-01  9.53542e-01
       vertex -1.96852e-01 -1.54108e-01  9.79369e-01
     endloop
  endfacet
  facet normal -0.00000e+00  1.25980e-03  0.00000e+00
     outer loop
       vertex -1.00000e-01  3.71545e-01  1.25000e+00
       vertex -5.00000e-02  3.71545e-01  1.28750e+00
       vertex -4.45907e-02  3.71545e-01  1.24116e+00
     endloop
  endfacet
  facet normal -1.03640e-04 -1.06605e-03 -3.04381e-05
     outer loop
       vertex  8.61789e-04 -2.49999e-01  9.23907e-01
       vertex -2.23894e-02 -2.48995e-01  9.67944e-01
       vertex -4.84976e-02 -2.45251e-01  9.25694e-01
     endloop
  endfacet
  facet normal -0.00000e+00  1.25000e-03  0.00000e+00
     outer loop
       vertex -1.00000e-01  3.71545e-01  7.00000e-01
       vertex -5.00000e-02  3.71545e-01  7.37500e-01
       vertex -5.00000e-02  3.71545e-01  6.87500e-01
     endloop
  endfacet
  facet normal -0.00000e+00  1.25000e-03  0.00000e+00
     outer loop
       vertex -1.00000e-01  3.71545e-01  1.70000e+00
       vertex -5.00000e-02  3.71545e-01  1.73750e+00
       vertex -5.00000e-02  3.71545e-01  1.68750e+00
     endloop
  endfacet
  facet normal  7.12992e-04 -7.60178e-04  2.96983e-05
     outer loop
       vertex  1.89180e-01 -1.63435e-01  8.38211e-02
       vertex  1.52180e-01 -1.98346e-01  7.84940e-02
       vertex  1.77337e-01 -1.76214e-01  4.10256e-02
     endloop
  endfacet
  facet normal -0.00000e+00  1.25000e-03  0.00000e+00
     outer loop
       vertex -1.00000e-01  3.71545e-01  1.40000e+00
       vertex -5.00000e-02  3.71545e-01  1.43750e+00
       vertex -5.00000e-02  3.71545e-01  1.38750e+00
     endloop
  endfacet
  facet normal -1.36404e-03  5.00983e-04  7.01239e-05
     outer loop
       vertex -2.22097e-01  1.14773e-01  1.25339e+00
       vertex -2.38768e-01  7.40919e-02  1.21973e+00
       vertex -2.44700e-01  5.12065e-02  1.26786e+00
     endloop
  endfacet
  facet normal  2.27243e-04 -9.49113e-04 -2.93945e-05
     outer loop
       vertex  5.25814e-02 -2.44408e-01  2.29647e-01
       vertex  3.32042e-02 -2.47785e-01  1.88895e-01
       vertex  8.15516e-02 -2.36325e-01  1.92612e-01
     endloop
  endfacet
  facet normal -1.06738e-03  2.03314e-04 -3.48610e-05
     outer loop
       vertex -2.48927e-01  2.31408e-02  1.23360e+00
       vertex -2.44700e-01  5.12065e-02  1.26786e+00
       vertex -2.38768e-01  7.40919e-02  1.21973e+00
     endloop
  endfacet
  facet normal -8.44225e-04 -7.44341e-05  3.00590e-05
     outer loop
       vertex -2.49963e-01  4.29838e-03  1.27439e+00
       vertex -2.49397e-01 -1.73535e-02  1.23667e+00
       vertex -2.45894e-01 -4.51211e-02  1.26628e+00
     endloop
  endfacet
  facet normal -8.28855e-04 -6.58296e-04 -2.17531e-05
     outer loop
       vertex -2.03138e-01 -1.45722e-01  4.44237e-01
       vertex -2.10466e-01 -1.34922e-01  3.96629e-01
       vertex -1.80910e-01 -1.72545e-01  4.08985e-01
     endloop
  endfacet
  facet normal -1.07988e-03 -5.61957e-04  2.69787e-05
     outer loop
       vertex -2.09516e-01 -1.36392e-01  1.26747e+00
       vertex -2.31877e-01 -9.34519e-02  1.26690e+00
       vertex -2.24218e-01 -1.10572e-01  1.21683e+00
     endloop
  endfacet
  facet normal -9.46056e-04 -4.92392e-04 -2.11442e-05
     outer loop
       vertex -2.27329e-01 -1.04027e-01  4.31646e-01
       vertex -2.32275e-01 -9.24560e-02  3.83517e-01
       vertex -2.10466e-01 -1.34922e-01  3.96629e-01
     endloop
  endfacet
  facet normal -0.00000e+00  1.25982e-03  0.00000e+00
     outer loop
       vertex -1.00000e-01  3.71545e-01  3.50000e-01
       vertex -5.00000e-02  3.71545e-01  3.87500e-01
       vertex -4.45907e-02  3.71545e-01  3.41164e-01
     endloop
  endfacet
  facet normal -8.95027e-04  1.03945e-04  2.52816e-05
     outer loop
       vertex -2.49963e-01  4.29838e-03  1.27439e+00
       vertex -2.44700e-01  5.12065e-02  1.26786e+00
       vertex -2.48927e-01  2.31408e-02  1.23360e+00
     endloop
  endfacet
  facet normal -2.16907e-04 -1.04909e-03  3.06432e-05
     outer loop
       vertex -5.03842e-02 -2.44870e-01  1.44004e+00
       vertex -2.60354e-02 -2.48641e-01  1.48331e+00
       vertex -7.46431e-02 -2.38597e-01  1.48310e+00
     endloop
  endfacet
  facet normal -0.00000e+00  1.16515e-03  0.00000e+00
     outer loop
       vertex -1.00000e-01  3.71545e-01  1.20000e+00
       vertex -3.84843e-02  3.71545e-01  1.20230e+00
       vertex -4.78310e-02  3.71545e-01  1.16407e+00
     endloop
  endfacet
  facet normal -3.19098e-04 -1.02342e-03 -3.06665e-05
     outer loop
       vertex -5.03842e-02 -2.44870e-01  1.44004e+00
       vertex -7.46431e-02 -2.38597e-01  1.48310e+00
       vertex -9.77787e-02 -2.30085e-01  1.43979e+00
     endloop
  endfacet
  facet normal  0.00000e+00  1.25000e-03  0.00000e+00
     outer loop
       vertex  1.00000e-01  3.71545e-01  1.80000e+00
       vertex  5.00000e-02  3.71545e-01  1.78750e+00
       vertex  5.00000e-02  3.71545e-01  1.83750e+00
     endloop
  endfacet
  facet normal -3.19113e-04 -1.02245e-03  3.06675e-05
     outer loop
       vertex -5.03842e-02 -2.44870e-01  1.44004e+00
       vertex -9.77787e-02 -2.30085e-01  1.43979e+00
       vertex -7.43051e-02 -2.38702e-01  1.39677e+00
     endloop
  endfacet
  facet normal -0.00000e+00  1.25000e-03  0.00000e+00
     outer loop
       vertex -1.00000e-01  3.71545e-01  6.50000e-01
       vertex -5.00000e-02  3.71545e-01  6.87500e-01
       vertex -5.00000e-02  3.71545e-01  6.37500e-01
     endloop
  endfacet
  facet normal -4.18024e-04 -9.85786e-04 -3.06398e-05
     outer loop
       vertex -7.43051e-02 -2.38702e-01  1.39677e+00
       vertex -9.77787e-02 -2.30085e-01  1.43979e+00
       vertex -1.19996e-01 -2.19319e-01  1.39652e+00
     endloop
  endfacet
  facet normal -0.00000e+00  9.93229e-04  0.00000e+00
     outer loop
       vertex -1.00000e-01  3.71545e-01  2.50000e-01
       vertex -4.78426e-02  3.71545e-01  2.63769e-01
       vertex -5.71737e-02  3.71545e-01  2.23220e-01
     endloop
  endfacet
  facet normal -4.20328e-04 -9.86988e-04  3.05724e-05
     outer loop
       vertex -9.77787e-02 -2.30085e-01  1.43979e+00
       vertex -7.46431e-02 -2.38597e-01  1.48310e+00
       vertex -1.20275e-01 -2.19167e-01  1.48300e+00
     endloop
  endfacet
  facet normal -5.15158e-04 -9.39882e-04  3.06564e-05
     outer loop
       vertex -1.19996e-01 -2.19319e-01  1.39652e+00
       vertex -9.77787e-02 -2.30085e-01  1.43979e+00
       vertex -1.41312e-01 -2.06230e-01  1.43962e+00
     endloop
  endfacet
  facet normal -7.28480e-04  4.57207e-04 -1.54737e-05
     outer loop
       vertex -2.02239e-01  1.46968e-01  1.26974e+00
       vertex -1.96952e-01  1.53981e-01  1.22805e+00
       vertex -2.22097e-01  1.14773e-01  1.25339e+00
     endloop
  endfacet
  facet normal  0.00000e+00  1.20253e-03  0.00000e+00
     outer loop
       vertex -1.00000e-01  3.71545e-01  1.20000e+00
       vertex -4.45907e-02  3.71545e-01  1.24116e+00
       vertex -3.84843e-02  3.71545e-01  1.20230e+00
     endloop
  endfacet
  facet normal -8.37572e-04 -6.73899e-04  3.06878e-05
     outer loop
       vertex -1.78267e-01 -1.75274e-01  1.35383e+00
       vertex -2.09393e-01 -1.36582e-01  1.35397e+00
       vertex -1.94868e-01 -1.56609e-01  1.31060e+00
     endloop
  endfacet
  facet normal -0.00000e+00  1.35270e-03  0.00000e+00
     outer loop
       vertex -1.00000e-01  3.71545e-01  1.65000e+00
       vertex -5.00000e-02  3.71545e-01  1.68750e+00
       vertex -5.02225e-02  3.71545e-01  1.63323e+00
     endloop
  endfacet
  facet normal -5.16376e-04 -9.42559e-04 -3.06565e-05
     outer loop
       vertex -1.41312e-01 -2.06230e-01  1.43962e+00
       vertex -9.77787e-02 -2.30085e-01  1.43979e+00
       vertex -1.20275e-01 -2.19167e-01  1.48300e+00
     endloop
  endfacet
  facet normal -0.00000e+00  1.17267e-03  0.00000e+00
     outer loop
       vertex -1.00000e-01  3.71545e-01  3.00000e-01
       vertex -3.84867e-02  3.71545e-01  3.02237e-01
       vertex -4.78426e-02  3.71545e-01  2.63769e-01
     endloop
  endfacet
  facet normal  0.00000e+00  1.12032e-03  0.00000e+00
     outer loop
       vertex  1.00000e-01  3.71545e-01  1.50000e+00
       vertex  5.00000e-02  3.71545e-01  1.48750e+00
       vertex  5.11817e-02  3.71545e-01  1.53261e+00
     endloop
  endfacet
  facet normal -0.00000e+00  9.81998e-04  0.00000e+00
     outer loop
       vertex -1.00000e-01  3.71545e-01  2.00000e-01
       vertex -5.71737e-02  3.71545e-01  2.23220e-01
       vertex -5.00000e-02  3.71545e-01  1.81250e-01
     endloop
  endfacet
  facet normal -7.42043e-04  6.64566e-04  1.76853e-05
     outer loop
       vertex -1.69347e-01  1.83907e-01  1.26176e+00
       vertex -1.96952e-01  1.53981e-01  1.22805e+00
       vertex -2.02239e-01  1.46968e-01  1.26974e+00
     endloop
  endfacet
  facet normal -1.28503e-03 -3.72372e-04  2.65510e-05
     outer loop
       vertex -2.31877e-01 -9.34519e-02  1.26690e+00
       vertex -2.45894e-01 -4.51211e-02  1.26628e+00
       vertex -2.42781e-01 -5.96439e-02  1.21329e+00
     endloop
  endfacet
  facet normal -6.05362e-04 -8.84880e-04 -3.06695e-05
     outer loop
       vertex -1.19996e-01 -2.19319e-01  1.39652e+00
       vertex -1.41312e-01 -2.06230e-01  1.43962e+00
       vertex -1.60970e-01 -1.91282e-01  1.39633e+00
     endloop
  endfacet
  facet normal -8.98271e-04 -5.85428e-04  3.06710e-05
     outer loop
       vertex -2.09516e-01 -1.36392e-01  1.26747e+00
       vertex -1.94868e-01 -1.56609e-01  1.31060e+00
       vertex -2.21973e-01 -1.15013e-01  1.31073e+00
     endloop
  endfacet
  facet normal  0.00000e+00  1.25000e-03  0.00000e+00
     outer loop
       vertex  1.00000e-01  3.71545e-01  1.35000e+00
       vertex  5.00000e-02  3.71545e-01  1.33750e+00
       vertex  5.00000e-02  3.71545e-01  1.38750e+00
     endloop
  endfacet
  facet normal -9.00617e-04 -5.86764e-04 -3.06710e-05
     outer loop
       vertex -2.21973e-01 -1.15013e-01  1.31073e+00
       vertex -1.94868e-01 -1.56609e-01  1.31060e+00
       vertex -2.09393e-01 -1.36582e-01  1.35397e+00
     endloop
  endfacet
  facet normal -0.00000e+00  1.32014e-03  0.00000e+00
     outer loop
       vertex -1.00000e-01  3.71545e-01  9.00000e-01
       vertex -4.78069e-02  3.71545e-01  9.34446e-01
       vertex -4.98513e-02  3.71545e-01  8.82510e-01
     endloop
  endfacet
  facet normal -7.54709e-04 -7.34267e-04  3.05901e-05
     outer loop
       vertex -1.60970e-01 -1.91282e-01  1.39633e+00
       vertex -1.95595e-01 -1.55700e-01  1.39615e+00
       vertex -1.78267e-01 -1.75274e-01  1.35383e+00
     endloop
  endfacet
  facet normal -6.08231e-04 -8.86241e-04  3.06729e-05
     outer loop
       vertex -1.41312e-01 -2.06230e-01  1.43962e+00
       vertex -1.20275e-01 -2.19167e-01  1.48300e+00
       vertex -1.61214e-01 -1.91076e-01  1.48282e+00
     endloop
  endfacet
  facet normal -8.17377e-04 -6.57436e-04 -3.06066e-05
     outer loop
       vertex -1.78267e-01 -1.75274e-01  1.35383e+00
       vertex -1.95595e-01 -1.55700e-01  1.39615e+00
       vertex -2.09393e-01 -1.36582e-01  1.35397e+00
     endloop
  endfacet
  facet normal -6.90939e-04 -8.19820e-04  3.06638e-05
     outer loop
       vertex -1.60970e-01 -1.91282e-01  1.39633e+00
       vertex -1.41312e-01 -2.06230e-01  1.43962e+00
       vertex -1.79277e-01 -1.74241e-01  1.43943e+00
     endloop
  endfacet
  facet normal -0.00000e+00  1.33194e-03  0.00000e+00
     outer loop
       vertex -1.00000e-01  3.71545e-01  1.05000e+00
       vertex -4.78092e-02  3.71545e-01  1.08596e+00
       vertex -4.41616e-02  3.71545e-01  1.03743e+00
     endloop
  endfacet
  facet normal -0.00000e+00  9.53798e-04  0.00000e+00
     outer loop
       vertex -1.00000e-01  3.71545e-01  1.15000e+00
       vertex -4.78310e-02  3.71545e-01  1.16407e+00
       vertex -5.71041e-02  3.71545e-01  1.12500e+00
     endloop
  endfacet
  facet normal -0.00000e+00  9.63016e-04  0.00000e+00
     outer loop
       vertex -1.00000e-01  3.71545e-01  1.90000e+00
       vertex -6.43914e-02  3.71545e-01  1.93639e+00
       vertex -5.62500e-02  3.71545e-01  1.89062e+00
     endloop
  endfacet
  facet normal  5.91761e-04 -8.86575e-04  4.55153e-05
     outer loop
       vertex  1.10305e-01 -2.24350e-01  1.46844e-01
       vertex  1.26524e-01 -2.15619e-01  1.06033e-01
       vertex  1.60361e-01 -1.91793e-01  1.30218e-01
     endloop
  endfacet
  facet normal -6.92489e-04 -8.22013e-04 -3.06637e-05
     outer loop
       vertex -1.79277e-01 -1.74241e-01  1.43943e+00
       vertex -1.41312e-01 -2.06230e-01  1.43962e+00
       vertex -1.61214e-01 -1.91076e-01  1.48282e+00
     endloop
  endfacet
  facet normal  0.00000e+00  1.25000e-03  0.00000e+00
     outer loop
       vertex  1.00000e-01  3.71545e-01  1.00000e-01
       vertex  5.00000e-02  3.71545e-01  7.50000e-02
       vertex  5.00000e-02  3.71545e-01  1.25000e-01
     endloop
  endfacet
  facet normal -0.00000e+00  1.35283e-03  0.00000e+00
     outer loop
       vertex -1.00000e-01  3.71545e-01  6.00000e-01
       vertex -5.00000e-02  3.71545e-01  6.37500e-01
       vertex -5.02197e-02  3.71545e-01  5.83222e-01
     endloop
  endfacet
  facet normal  0.00000e+00  1.20410e-03  0.00000e+00
     outer loop
       vertex -1.00000e-01  3.71545e-01  3.00000e-01
       vertex -4.45907e-02  3.71545e-01  3.41164e-01
       vertex -3.84867e-02  3.71545e-01  3.02237e-01
     endloop
  endfacet
  facet normal  0.00000e+00  1.40625e-03  0.00000e+00
     outer loop
       vertex  1.00000e-01  3.71545e-01  1.50000e-01
       vertex  5.00000e-02  3.71545e-01  1.25000e-01
       vertex  5.00000e-02  3.71545e-01  1.81250e-01
     endloop
  endfacet
  facet normal -0.00000e+00  1.18247e-03  0.00000e+00
     outer loop
       vertex -1.00000e-01  3.71545e-01  1.55000e+00
       vertex -5.13349e-02  3.71545e-01  1.58111e+00
       vertex -5.11817e-02  3.71545e-01  1.53261e+00
     endloop
  endfacet
  facet normal -9.68124e-04 -7.46905e-05 -3.05559e-05
     outer loop
       vertex -2.49168e-01 -2.03835e-02  1.30952e+00
       vertex -2.49963e-01  4.29838e-03  1.27439e+00
       vertex -2.45894e-01 -4.51211e-02  1.26628e+00
     endloop
  endfacet
  facet normal -7.68352e-04 -7.47858e-04 -3.06713e-05
     outer loop
       vertex -1.60970e-01 -1.91282e-01  1.39633e+00
       vertex -1.79277e-01 -1.74241e-01  1.43943e+00
       vertex -1.95595e-01 -1.55700e-01  1.39615e+00
     endloop
  endfacet
  facet normal  5.36953e-04 -7.76159e-04  1.34166e-05
     outer loop
       vertex  1.60361e-01 -1.91793e-01  1.30218e-01
       vertex  1.26524e-01 -2.15619e-01  1.06033e-01
       vertex  1.52180e-01 -1.98346e-01  7.84940e-02
     endloop
  endfacet
  facet normal -8.62256e-04  1.53974e-05  3.03404e-05
     outer loop
       vertex -2.49168e-01 -2.03835e-02  1.30952e+00
       vertex -2.48303e-01  2.90786e-02  1.30898e+00
       vertex -2.49963e-01  4.29838e-03  1.27439e+00
     endloop
  endfacet
  facet normal  0.00000e+00  1.11856e-03  0.00000e+00
     outer loop
       vertex  1.00000e-01  3.71545e-01  7.50000e-01
       vertex  5.00000e-02  3.71545e-01  7.37500e-01
       vertex  5.11817e-02  3.71545e-01  7.82538e-01
     endloop
  endfacet
  facet normal -8.73110e-04 -5.64132e-04  2.99096e-05
     outer loop
       vertex -2.09393e-01 -1.36582e-01  1.35397e+00
       vertex -1.95595e-01 -1.55700e-01  1.39615e+00
       vertex -2.22331e-01 -1.14319e-01  1.39618e+00
     endloop
  endfacet
  facet normal -9.35157e-04 -4.84329e-04  3.04831e-05
     outer loop
       vertex -2.09393e-01 -1.36582e-01  1.35397e+00
       vertex -2.32216e-01 -9.26040e-02  1.35253e+00
       vertex -2.21973e-01 -1.15013e-01  1.31073e+00
     endloop
  endfacet
  facet normal -1.49793e-03  5.15876e-04 -7.35433e-05
     outer loop
       vertex -2.44700e-01  5.12065e-02  1.26786e+00
       vertex -2.37892e-01  7.68583e-02  1.30915e+00
       vertex -2.22097e-01  1.14773e-01  1.25339e+00
     endloop
  endfacet
  facet normal -0.00000e+00  9.53597e-04  0.00000e+00
     outer loop
       vertex -1.00000e-01  3.71545e-01  1.10000e+00
       vertex -5.71041e-02  3.71545e-01  1.12500e+00
       vertex -4.78092e-02  3.71545e-01  1.08596e+00
     endloop
  endfacet
  facet normal -9.34917e-04 -4.87217e-04 -2.84228e-05
     outer loop
       vertex -2.09516e-01 -1.36392e-01  1.26747e+00
       vertex -2.21973e-01 -1.15013e-01  1.31073e+00
       vertex -2.31877e-01 -9.34519e-02  1.26690e+00
     endloop
  endfacet
  facet normal -0.00000e+00  1.18743e-03  0.00000e+00
     outer loop
       vertex -1.00000e-01  3.71545e-01  9.50000e-01
       vertex -5.12301e-02  3.71545e-01  9.80968e-01
       vertex -4.78069e-02  3.71545e-01  9.34446e-01
     endloop
  endfacet
  facet normal -8.92309e-04  9.64686e-05 -2.62825e-05
     outer loop
       vertex -2.49963e-01  4.29838e-03  1.27439e+00
       vertex -2.48303e-01  2.90786e-02  1.30898e+00
       vertex -2.44700e-01  5.12065e-02  1.26786e+00
     endloop
  endfacet
  facet normal -8.34509e-04 -6.64501e-04  2.99792e-05
     outer loop
       vertex -1.79277e-01 -1.74241e-01  1.43943e+00
       vertex -2.09969e-01 -1.35695e-01  1.43947e+00
       vertex -1.95595e-01 -1.55700e-01  1.39615e+00
     endloop
  endfacet
  facet normal -0.00000e+00  1.18374e-03  0.00000e+00
     outer loop
       vertex -1.00000e-01  3.71545e-01  8.00000e-01
       vertex -5.13010e-02  3.71545e-01  8.31076e-01
       vertex -5.11817e-02  3.71545e-01  7.82538e-01
     endloop
  endfacet
  facet normal -9.44319e-04 -4.91077e-04 -3.04400e-05
     outer loop
       vertex -2.09393e-01 -1.36582e-01  1.35397e+00
       vertex -2.22331e-01 -1.14319e-01  1.39618e+00
       vertex -2.32216e-01 -9.26040e-02  1.35253e+00
     endloop
  endfacet
  facet normal -8.95912e-04 -5.78815e-04 -2.99679e-05
     outer loop
       vertex -2.22331e-01 -1.14319e-01  1.39618e+00
       vertex -1.95595e-01 -1.55700e-01  1.39615e+00
       vertex -2.09969e-01 -1.35695e-01  1.43947e+00
     endloop
  endfacet
  facet normal  0.00000e+00  1.10457e-03  0.00000e+00
     outer loop
       vertex  1.00000e-01  3.71545e-01  1.85000e+00
       vertex  5.00000e-02  3.71545e-01  1.83750e+00
       vertex  5.56927e-02  3.71545e-01  1.88311e+00
     endloop
  endfacet
  facet normal -9.69592e-04 -3.87151e-04 -3.00586e-05
     outer loop
       vertex -2.21973e-01 -1.15013e-01  1.31073e+00
       vertex -2.32216e-01 -9.26040e-02  1.35253e+00
       vertex -2.40232e-01 -6.92008e-02  1.30964e+00
     endloop
  endfacet
  facet normal -0.00000e+00  1.18403e-03  0.00000e+00
     outer loop
       vertex -1.00000e-01  3.71545e-01  5.00000e-01
       vertex -5.13181e-02  3.71545e-01  5.31094e-01
       vertex -5.11817e-02  3.71545e-01  4.82538e-01
     endloop
  endfacet
  facet normal -9.92317e-04 -3.94777e-04  3.00130e-05
     outer loop
       vertex -2.21973e-01 -1.15013e-01  1.31073e+00
       vertex -2.40232e-01 -6.92008e-02  1.30964e+00
       vertex -2.31877e-01 -9.34519e-02  1.26690e+00
     endloop
  endfacet
  facet normal  0.00000e+00  1.25000e-03  0.00000e+00
     outer loop
       vertex  1.00000e-01  3.71545e-01  1.30000e+00
       vertex  5.00000e-02  3.71545e-01  1.28750e+00
       vertex  5.00000e-02  3.71545e-01  1.33750e+00
     endloop
  endfacet
  facet normal  0.00000e+00  1.11856e-03  0.00000e+00
     outer loop
       vertex  1.00000e-01  3.71545e-01  4.50000e-01
       vertex  5.00000e-02  3.71545e-01  4.37500e-01
       vertex  5.11817e-02  3.71545e-01  4.82538e-01
     endloop
  endfacet
  facet normal -0.00000e+00  9.37500e-04  0.00000e+00
     outer loop
       vertex -1.00000e-01  3.71545e-01  5.00000e-02
       vertex -5.00000e-02  3.71545e-01  7.50000e-02
       vertex -5.00000e-02  3.71545e-01  3.75000e-02
     endloop
  endfacet
  facet normal -1.25354e-03  5.47677e-04  1.73044e-05
     outer loop
       vertex -2.37892e-01  7.68583e-02  1.30915e+00
       vertex -2.18065e-01  1.22261e-01  1.30850e+00
       vertex -2.22097e-01  1.14773e-01  1.25339e+00
     endloop
  endfacet
  facet normal -9.80084e-04 -3.88886e-04  2.84893e-05
     outer loop
       vertex -2.32216e-01 -9.26040e-02  1.35253e+00
       vertex -2.22331e-01 -1.14319e-01  1.39618e+00
       vertex -2.40206e-01 -6.92885e-02  1.39592e+00
     endloop
  endfacet
  facet normal -1.02369e-03 -2.94667e-04  3.05206e-05
     outer loop
       vertex -2.40232e-01 -6.92008e-02  1.30964e+00
       vertex -2.32216e-01 -9.26040e-02  1.35253e+00
       vertex -2.45922e-01 -4.49693e-02  1.35272e+00
     endloop
  endfacet
  facet normal -9.43963e-04 -4.85786e-04  2.97003e-05
     outer loop
       vertex -2.32448e-01 -9.20202e-02  1.43935e+00
       vertex -2.22331e-01 -1.14319e-01  1.39618e+00
       vertex -2.09969e-01 -1.35695e-01  1.43947e+00
     endloop
  endfacet
  facet normal  0.00000e+00  1.25000e-03  0.00000e+00
     outer loop
       vertex  1.00000e-01  3.71545e-01  1.75000e+00
       vertex  5.00000e-02  3.71545e-01  1.73750e+00
       vertex  5.00000e-02  3.71545e-01  1.78750e+00
     endloop
  endfacet
  facet normal -1.03133e-03 -2.96619e-04 -3.05195e-05
     outer loop
       vertex -2.45922e-01 -4.49693e-02  1.35272e+00
       vertex -2.32216e-01 -9.26040e-02  1.35253e+00
       vertex -2.40206e-01 -6.92885e-02  1.39592e+00
     endloop
  endfacet
  facet normal -9.74860e-04 -3.87141e-04 -2.84942e-05
     outer loop
       vertex -2.40206e-01 -6.92885e-02  1.39592e+00
       vertex -2.22331e-01 -1.14319e-01  1.39618e+00
       vertex -2.32448e-01 -9.20202e-02  1.43935e+00
     endloop
  endfacet
  facet normal  0.00000e+00  1.25000e-03  0.00000e+00
     outer loop
       vertex  1.00000e-01  3.71545e-01  1.45000e+00
       vertex  5.00000e-02  3.71545e-01  1.43750e+00
       vertex  5.00000e-02  3.71545e-01  1.48750e+00
     endloop
  endfacet
  facet normal -9.49567e-04 -1.29930e-04  2.25198e-05
     outer loop
       vertex -2.45615e-01 -4.66181e-02  3.76363e-01
       vertex -2.42867e-01 -5.92909e-02  4.19102e-01
       vertex -2.49751e-01 -1.11483e-02  4.06601e-01
     endloop
  endfacet
  facet normal  0.00000e+00  1.25000e-03  0.00000e+00
     outer loop
       vertex  1.00000e-01  3.71545e-01  4.00000e-01
       vertex  5.00000e-02  3.71545e-01  3.87500e-01
       vertex  5.00000e-02  3.71545e-01  4.37500e-01
     endloop
  endfacet
  facet normal -9.45522e-04 -4.86743e-04 -2.97003e-05
     outer loop
       vertex -2.32448e-01 -9.20202e-02  1.43935e+00
       vertex -2.09969e-01 -1.35695e-01  1.43947e+00
       vertex -2.22330e-01 -1.14321e-01  1.48271e+00
     endloop
  endfacet
  facet normal -1.02678e-03 -2.92125e-04  3.05129e-05
     outer loop
       vertex -2.40206e-01 -6.92885e-02  1.39592e+00
       vertex -2.32448e-01 -9.20202e-02  1.43935e+00
       vertex -2.46037e-01 -4.43384e-02  1.43859e+00
     endloop
  endfacet
  facet normal  8.81050e-06 -1.03658e-03 -3.05268e-05
     outer loop
       vertex -2.23894e-02 -2.48995e-01  9.67944e-01
       vertex  2.71981e-02 -2.48516e-01  9.65981e-01
       vertex  1.56810e-03 -2.49995e-01  1.00880e+00
     endloop
  endfacet
  facet normal -1.05298e-03 -1.92825e-04 -3.06340e-05
     outer loop
       vertex -2.40232e-01 -6.92008e-02  1.30964e+00
       vertex -2.45922e-01 -4.49693e-02  1.35272e+00
       vertex -2.49168e-01 -2.03835e-02  1.30952e+00
     endloop
  endfacet
  facet normal -8.25918e-04  5.14243e-04 -9.43818e-06
     outer loop
       vertex -2.02239e-01  1.46968e-01  1.26974e+00
       vertex -2.22097e-01  1.14773e-01  1.25339e+00
       vertex -2.18065e-01  1.22261e-01  1.30850e+00
     endloop
  endfacet
  facet normal -1.04041e-03 -3.02169e-04 -3.19294e-05
     outer loop
       vertex -2.31877e-01 -9.34519e-02  1.26690e+00
       vertex -2.40232e-01 -6.92008e-02  1.30964e+00
       vertex -2.45894e-01 -4.51211e-02  1.26628e+00
     endloop
  endfacet
  facet normal  0.00000e+00  1.25980e-03  0.00000e+00
     outer loop
       vertex  1.00000e-01  3.71545e-01  1.25000e+00
       vertex  4.45907e-02  3.71545e-01  1.24116e+00
       vertex  5.00000e-02  3.71545e-01  1.28750e+00
     endloop
  endfacet
  facet normal -1.03231e-03 -2.94672e-04 -3.05229e-05
     outer loop
       vertex -2.46037e-01 -4.43384e-02  1.43859e+00
       vertex -2.32448e-01 -9.20202e-02  1.43935e+00
       vertex -2.40609e-01 -6.78764e-02  1.48227e+00
     endloop
  endfacet
  facet normal -0.00000e+00  1.26611e-03  0.00000e+00
     outer loop
       vertex -1.00000e-01  3.71545e-01  8.50000e-01
       vertex -4.98513e-02  3.71545e-01  8.82510e-01
       vertex -5.13010e-02  3.71545e-01  8.31076e-01
     endloop
  endfacet
  facet normal -9.51258e-05 -1.01229e-03  3.10089e-05
     outer loop
       vertex -2.23894e-02 -2.48995e-01  9.67944e-01
       vertex  1.56810e-03 -2.49995e-01  1.00880e+00
       vertex -4.80690e-02 -2.45335e-01  1.00865e+00
     endloop
  endfacet
  facet normal -0.00000e+00  1.27869e-03  0.00000e+00
     outer loop
       vertex -1.00000e-01  3.71545e-01  1.60000e+00
       vertex -5.02225e-02  3.71545e-01  1.63323e+00
       vertex -5.13349e-02  3.71545e-01  1.58111e+00
     endloop
  endfacet
  facet normal -1.00193e-03 -3.94030e-04  3.11515e-05
     outer loop
       vertex -2.32448e-01 -9.20202e-02  1.43935e+00
       vertex -2.22330e-01 -1.14321e-01  1.48271e+00
       vertex -2.40609e-01 -6.78764e-02  1.48227e+00
     endloop
  endfacet
  facet normal -1.04302e-03 -1.90703e-04  3.06458e-05
     outer loop
       vertex -2.40206e-01 -6.92885e-02  1.39592e+00
       vertex -2.49161e-01 -2.04677e-02  1.39497e+00
       vertex -2.45922e-01 -4.49693e-02  1.35272e+00
     endloop
  endfacet
  facet normal  0.00000e+00  1.25000e-03  0.00000e+00
     outer loop
       vertex  1.00000e-01  3.71545e-01  7.00000e-01
       vertex  5.00000e-02  3.71545e-01  6.87500e-01
       vertex  5.00000e-02  3.71545e-01  7.37500e-01
     endloop
  endfacet
  facet normal -1.05691e-03 -1.93390e-04  3.06335e-05
     outer loop
       vertex -2.40232e-01 -6.92008e-02  1.30964e+00
       vertex -2.49168e-01 -2.03835e-02  1.30952e+00
       vertex -2.45894e-01 -4.51211e-02  1.26628e+00
     endloop
  endfacet
  facet normal -0.00000e+00  1.27922e-03  0.00000e+00
     outer loop
       vertex -1.00000e-01  3.71545e-01  5.50000e-01
       vertex -5.02197e-02  3.71545e-01  5.83222e-01
       vertex -5.13181e-02  3.71545e-01  5.31094e-01
     endloop
  endfacet
  facet normal -1.05353e-03 -1.93829e-04 -3.06169e-05
     outer loop
       vertex -2.40206e-01 -6.92885e-02  1.39592e+00
       vertex -2.46037e-01 -4.43384e-02  1.43859e+00
       vertex -2.49161e-01 -2.04677e-02  1.39497e+00
     endloop
  endfacet
  facet normal  0.00000e+00  1.25000e-03  0.00000e+00
     outer loop
       vertex  1.00000e-01  3.71545e-01  1.70000e+00
       vertex  5.00000e-02  3.71545e-01  1.68750e+00
       vertex  5.00000e-02  3.71545e-01  1.73750e+00
     endloop
  endfacet
  facet normal -0.00000e+00  1.44404e-03  0.00000e+00
     outer loop
       vertex -1.00000e-01  3.71545e-01  1.00000e+00
       vertex -4.41616e-02  3.71545e-01  1.03743e+00
       vertex -5.12301e-02  3.71545e-01  9.80968e-01
     endloop
  endfacet
  facet normal -7.73364e-04  6.82290e-04 -2.93642e-05
     outer loop
       vertex -2.02239e-01  1.46968e-01  1.26974e+00
       vertex -1.89608e-01  1.62938e-01  1.30816e+00
       vertex -1.69347e-01  1.83907e-01  1.26176e+00
     endloop
  endfacet
  facet normal -1.05500e-03 -8.60880e-05  3.02607e-05
     outer loop
       vertex -2.45922e-01 -4.49693e-02  1.35272e+00
       vertex -2.49963e-01  4.29167e-03  1.35198e+00
       vertex -2.49168e-01 -2.03835e-02  1.30952e+00
     endloop
  endfacet
  facet normal -1.99633e-04 -1.04315e-03 -3.21381e-05
     outer loop
       vertex -2.23894e-02 -2.48995e-01  9.67944e-01
       vertex -4.80690e-02 -2.45335e-01  1.00865e+00
       vertex -7.19135e-02 -2.39434e-01  9.65213e-01
     endloop
  endfacet
  facet normal -1.04967e-03 -8.65582e-05 -3.02608e-05
     outer loop
       vertex -2.45922e-01 -4.49693e-02  1.35272e+00
       vertex -2.49161e-01 -2.04677e-02  1.39497e+00
       vertex -2.49963e-01  4.29167e-03  1.35198e+00
     endloop
  endfacet
  facet normal  0.00000e+00  1.25000e-03  0.00000e+00
     outer loop
       vertex  1.00000e-01  3.71545e-01  1.40000e+00
       vertex  5.00000e-02  3.71545e-01  1.38750e+00
       vertex  5.00000e-02  3.71545e-01  1.43750e+00
     endloop
  endfacet
  facet normal -7.58936e-04 -7.38475e-04  2.94077e-05
     outer loop
       vertex -1.95362e-01 -1.55992e-01  1.48256e+00
       vertex -1.79277e-01 -1.74241e-01  1.43943e+00
       vertex -1.61214e-01 -1.91076e-01  1.48282e+00
     endloop
  endfacet
  facet normal -8.30848e-04 -6.61532e-04 -2.99735e-05
     outer loop
       vertex -1.95362e-01 -1.55992e-01  1.48256e+00
       vertex -2.09969e-01 -1.35695e-01  1.43947e+00
       vertex -1.79277e-01 -1.74241e-01  1.43943e+00
     endloop
  endfacet
  facet normal -1.05672e-03  1.81436e-05 -3.03404e-05
     outer loop
       vertex -2.49168e-01 -2.03835e-02  1.30952e+00
       vertex -2.49963e-01  4.29167e-03  1.35198e+00
       vertex -2.48303e-01  2.90786e-02  1.30898e+00
     endloop
  endfacet
  facet normal  0.00000e+00  9.75822e-04  0.00000e+00
     outer loop
       vertex  1.00000e-01  3.71545e-01  1.95000e+00
       vertex  6.25913e-02  3.71545e-01  1.92066e+00
       vertex  3.57203e-02  3.71545e-01  1.95176e+00
     endloop
  endfacet
  facet normal  0.00000e+00  1.25982e-03  0.00000e+00
     outer loop
       vertex  1.00000e-01  3.71545e-01  3.50000e-01
       vertex  4.45907e-02  3.71545e-01  3.41164e-01
       vertex  5.00000e-02  3.71545e-01  3.87500e-01
     endloop
  endfacet
  facet normal -1.05642e-03 -8.52545e-05  2.89991e-05
     outer loop
       vertex -2.49161e-01 -2.04677e-02  1.39497e+00
       vertex -2.46037e-01 -4.43384e-02  1.43859e+00
       vertex -2.49964e-01  4.23669e-03  1.43833e+00
     endloop
  endfacet
  facet normal  0.00000e+00  1.16515e-03  0.00000e+00
     outer loop
       vertex  1.00000e-01  3.71545e-01  1.20000e+00
       vertex  4.78310e-02  3.71545e-01  1.16407e+00
       vertex  3.84843e-02  3.71545e-01  1.20230e+00
     endloop
  endfacet
  facet normal -7.91473e-04  8.30585e-04  2.97399e-05
     outer loop
       vertex -1.89608e-01  1.62938e-01  1.30816e+00
       vertex -1.53674e-01  1.97191e-01  1.30785e+00
       vertex -1.69347e-01  1.83907e-01  1.26176e+00
     endloop
  endfacet
  facet normal -9.84235e-04  2.14354e-04  2.90960e-05
     outer loop
       vertex -2.44700e-01  5.12065e-02  1.26786e+00
       vertex -2.48303e-01  2.90786e-02  1.30898e+00
       vertex -2.37892e-01  7.68583e-02  1.30915e+00
     endloop
  endfacet
  facet normal -1.06735e-03  1.84833e-05  3.05689e-05
     outer loop
       vertex -2.49963e-01  4.29167e-03  1.35198e+00
       vertex -2.49161e-01 -2.04677e-02  1.39497e+00
       vertex -2.48298e-01  2.91182e-02  1.39509e+00
     endloop
  endfacet
  facet normal -1.05363e-03  1.22064e-04  2.96899e-05
     outer loop
       vertex -2.48303e-01  2.90786e-02  1.30898e+00
       vertex -2.49963e-01  4.29167e-03  1.35198e+00
       vertex -2.44300e-01  5.30799e-02  1.35237e+00
     endloop
  endfacet
  facet normal -8.99366e-04 -5.82144e-04  3.06466e-05
     outer loop
       vertex -2.22330e-01 -1.14321e-01  1.48271e+00
       vertex -2.09969e-01 -1.35695e-01  1.43947e+00
       vertex -1.95362e-01 -1.55992e-01  1.48256e+00
     endloop
  endfacet
  facet normal -1.03441e-03  2.25489e-04 -2.93029e-05
     outer loop
       vertex -2.37892e-01  7.68583e-02  1.30915e+00
       vertex -2.48303e-01  2.90786e-02  1.30898e+00
       vertex -2.44300e-01  5.30799e-02  1.35237e+00
     endloop
  endfacet
  facet normal  0.00000e+00  1.25000e-03  0.00000e+00
     outer loop
       vertex  1.00000e-01  3.71545e-01  6.50000e-01
       vertex  5.00000e-02  3.71545e-01  6.37500e-01
       vertex  5.00000e-02  3.71545e-01  6.87500e-01
     endloop
  endfacet
  facet normal -1.04691e-03  1.21755e-04 -2.96889e-05
     outer loop
       vertex -2.44300e-01  5.30799e-02  1.35237e+00
       vertex -2.49963e-01  4.29167e-03  1.35198e+00
       vertex -2.48298e-01  2.91182e-02  1.39509e+00
     endloop
  endfacet
  facet normal -1.07354e-03  1.87455e-05 -3.05685e-05
     outer loop
       vertex -2.48298e-01  2.91182e-02  1.39509e+00
       vertex -2.49161e-01 -2.04677e-02  1.39497e+00
       vertex -2.49964e-01  4.23669e-03  1.43833e+00
     endloop
  endfacet
  facet normal  0.00000e+00  9.93229e-04  0.00000e+00
     outer loop
       vertex  1.00000e-01  3.71545e-01  2.50000e-01
       vertex  5.71737e-02  3.71545e-01  2.23220e-01
       vertex  4.78426e-02  3.71545e-01  2.63769e-01
     endloop
  endfacet
  facet normal  0.00000e+00  1.20253e-03  0.00000e+00
     outer loop
       vertex  4.45907e-02  3.71545e-01  1.24116e+00
       vertex  1.00000e-01  3.71545e-01  1.20000e+00
       vertex  3.84843e-02  3.71545e-01  1.20230e+00
     endloop
  endfacet
  facet normal  0.00000e+00  1.35270e-03  0.00000e+00
     outer loop
       vertex  1.00000e-01  3.71545e-01  1.65000e+00
       vertex  5.02225e-02  3.71545e-01  1.63323e+00
       vertex  5.00000e-02  3.71545e-01  1.68750e+00
     endloop
  endfacet
  facet normal -1.03286e-03  2.26444e-04  3.03377e-05
     outer loop
       vertex -2.44300e-01  5.30799e-02  1.35237e+00
       vertex -2.48298e-01  2.91182e-02  1.39509e+00
       vertex -2.37702e-01  7.74444e-02  1.39513e+00
     endloop
  endfacet
  facet normal -1.04143e-03 -1.86348e-04  2.89916e-05
     outer loop
       vertex -2.49206e-01 -1.99126e-02  1.48176e+00
       vertex -2.46037e-01 -4.43384e-02  1.43859e+00
       vertex -2.40609e-01 -6.78764e-02  1.48227e+00
     endloop
  endfacet
  facet normal -1.01229e-03  3.28388e-04  3.05925e-05
     outer loop
       vertex -2.44300e-01  5.30799e-02  1.35237e+00
       vertex -2.29010e-01  1.00272e-01  1.35174e+00
       vertex -2.37892e-01  7.68583e-02  1.30915e+00
     endloop
  endfacet
  facet normal  0.00000e+00  1.17267e-03  0.00000e+00
     outer loop
       vertex  1.00000e-01  3.71545e-01  3.00000e-01
       vertex  4.78426e-02  3.71545e-01  2.63769e-01
       vertex  3.84867e-02  3.71545e-01  3.02237e-01
     endloop
  endfacet
  facet normal -1.06626e-03  1.24549e-04  3.05982e-05
     outer loop
       vertex -2.49964e-01  4.23669e-03  1.43833e+00
       vertex -2.44206e-01  5.35107e-02  1.43841e+00
       vertex -2.48298e-01  2.91182e-02  1.39509e+00
     endloop
  endfacet
  facet normal  0.00000e+00  9.81998e-04  0.00000e+00
     outer loop
       vertex  1.00000e-01  3.71545e-01  2.00000e-01
       vertex  5.00000e-02  3.71545e-01  1.81250e-01
       vertex  5.71737e-02  3.71545e-01  2.23220e-01
     endloop
  endfacet
  facet normal -1.04626e-03  2.29431e-04 -3.03489e-05
     outer loop
       vertex -2.37702e-01  7.74444e-02  1.39513e+00
       vertex -2.48298e-01  2.91182e-02  1.39509e+00
       vertex -2.44206e-01  5.35107e-02  1.43841e+00
     endloop
  endfacet
  facet normal -1.01672e-03  3.29010e-04 -3.05864e-05
     outer loop
       vertex -2.44300e-01  5.30799e-02  1.35237e+00
       vertex -2.37702e-01  7.74444e-02  1.39513e+00
       vertex -2.29010e-01  1.00272e-01  1.35174e+00
     endloop
  endfacet
  facet normal -9.74470e-04  4.25118e-04 -3.04728e-05
     outer loop
       vertex -2.37892e-01  7.68583e-02  1.30915e+00
       vertex -2.29010e-01  1.00272e-01  1.35174e+00
       vertex -2.18065e-01  1.22261e-01  1.30850e+00
     endloop
  endfacet
  facet normal -1.05165e-03 -8.51833e-05 -2.90014e-05
     outer loop
       vertex -2.49964e-01  4.23669e-03  1.43833e+00
       vertex -2.46037e-01 -4.43384e-02  1.43859e+00
       vertex -2.49206e-01 -1.99126e-02  1.48176e+00
     endloop
  endfacet
  facet normal  0.00000e+00  1.32014e-03  0.00000e+00
     outer loop
       vertex  1.00000e-01  3.71545e-01  9.00000e-01
       vertex  4.98513e-02  3.71545e-01  8.82510e-01
       vertex  4.78069e-02  3.71545e-01  9.34446e-01
     endloop
  endfacet
  facet normal -9.79094e-04  4.30283e-04  3.02286e-05
     outer loop
       vertex -2.29010e-01  1.00272e-01  1.35174e+00
       vertex -2.37702e-01  7.74444e-02  1.39513e+00
       vertex -2.17828e-01  1.22683e-01  1.39492e+00
     endloop
  endfacet
  facet normal -9.32580e-04  5.24391e-04  3.06109e-05
     outer loop
       vertex -2.18065e-01  1.22261e-01  1.30850e+00
       vertex -2.29010e-01  1.00272e-01  1.35174e+00
       vertex -2.04697e-01  1.43525e-01  1.35150e+00
     endloop
  endfacet
  facet normal -1.02070e-03  3.32875e-04  3.06942e-05
     outer loop
       vertex -2.44206e-01  5.35107e-02  1.43841e+00
       vertex -2.28811e-01  1.00725e-01  1.43833e+00
       vertex -2.37702e-01  7.74444e-02  1.39513e+00
     endloop
  endfacet
  facet normal -1.10844e-04 -1.06606e-03  3.03512e-05
     outer loop
       vertex -2.36314e-02 -2.48881e-01  2.69416e-01
       vertex -7.52948e-04 -2.49999e-01  3.13691e-01
       vertex -5.00674e-02 -2.44935e-01  3.11450e-01
     endloop
  endfacet
  facet normal -9.36504e-04  5.26265e-04 -3.06126e-05
     outer loop
       vertex -2.04697e-01  1.43525e-01  1.35150e+00
       vertex -2.29010e-01  1.00272e-01  1.35174e+00
       vertex -2.17828e-01  1.22683e-01  1.39492e+00
     endloop
  endfacet
  facet normal -9.79468e-04  4.30167e-04 -3.02316e-05
     outer loop
       vertex -2.17828e-01  1.22683e-01  1.39492e+00
       vertex -2.37702e-01  7.74444e-02  1.39513e+00
       vertex -2.28811e-01  1.00725e-01  1.43833e+00
     endloop
  endfacet
  facet normal  0.00000e+00  7.73722e-04  0.00000e+00
     outer loop
       vertex  1.00000e-01  3.71545e-01  1.90000e+00
       vertex  5.56927e-02  3.71545e-01  1.88311e+00
       vertex  6.25913e-02  3.71545e-01  1.92066e+00
     endloop
  endfacet
  facet normal  0.00000e+00  1.33194e-03  0.00000e+00
     outer loop
       vertex  1.00000e-01  3.71545e-01  1.05000e+00
       vertex  4.41616e-02  3.71545e-01  1.03743e+00
       vertex  4.78092e-02  3.71545e-01  1.08596e+00
     endloop
  endfacet
  facet normal -6.88590e-05 -9.33492e-04 -1.94697e-05
     outer loop
       vertex -4.01829e-02 -2.46750e-01  2.25779e-01
       vertex  3.17804e-03 -2.49980e-01  2.27300e-01
       vertex -2.36314e-02 -2.48881e-01  2.69416e-01
     endloop
  endfacet
  facet normal  0.00000e+00  9.53798e-04  0.00000e+00
     outer loop
       vertex  1.00000e-01  3.71545e-01  1.15000e+00
       vertex  5.71041e-02  3.71545e-01  1.12500e+00
       vertex  4.78310e-02  3.71545e-01  1.16407e+00
     endloop
  endfacet
  facet normal -1.05257e-03  1.23052e-04 -3.05767e-05
     outer loop
       vertex -2.49964e-01  4.23669e-03  1.43833e+00
       vertex -2.48232e-01  2.96785e-02  1.48110e+00
       vertex -2.44206e-01  5.35107e-02  1.43841e+00
     endloop
  endfacet
  facet normal -8.78253e-04  6.14154e-04 -3.06584e-05
     outer loop
       vertex -2.18065e-01  1.22261e-01  1.30850e+00
       vertex -2.04697e-01  1.43525e-01  1.35150e+00
       vertex -1.89608e-01  1.62938e-01  1.30816e+00
     endloop
  endfacet
  facet normal  0.00000e+00  1.35283e-03  0.00000e+00
     outer loop
       vertex  1.00000e-01  3.71545e-01  6.00000e-01
       vertex  5.02197e-02  3.71545e-01  5.83222e-01
       vertex  5.00000e-02  3.71545e-01  6.37500e-01
     endloop
  endfacet
  facet normal -9.34199e-04 -2.75231e-04 -2.15526e-05
     outer loop
       vertex -2.32275e-01 -9.24560e-02  3.83517e-01
       vertex -2.42867e-01 -5.92909e-02  4.19102e-01
       vertex -2.45615e-01 -4.66181e-02  3.76363e-01
     endloop
  endfacet
  facet normal  0.00000e+00  1.20410e-03  0.00000e+00
     outer loop
       vertex  4.45907e-02  3.71545e-01  3.41164e-01
       vertex  1.00000e-01  3.71545e-01  3.00000e-01
       vertex  3.84867e-02  3.71545e-01  3.02237e-01
     endloop
  endfacet
  facet normal  0.00000e+00  1.18247e-03  0.00000e+00
     outer loop
       vertex  1.00000e-01  3.71545e-01  1.55000e+00
       vertex  5.11817e-02  3.71545e-01  1.53261e+00
       vertex  5.13349e-02  3.71545e-01  1.58111e+00
     endloop
  endfacet
  facet normal -7.84128e-04  5.48801e-04  2.96585e-05
     outer loop
       vertex -2.18065e-01  1.22261e-01  1.30850e+00
       vertex -1.89608e-01  1.62938e-01  1.30816e+00
       vertex -2.02239e-01  1.46968e-01  1.26974e+00
     endloop
  endfacet
  facet normal -1.06886e-03  2.13945e-05  3.05603e-05
     outer loop
       vertex -2.49964e-01  4.23669e-03  1.43833e+00
       vertex -2.49206e-01 -1.99126e-02  1.48176e+00
       vertex -2.48232e-01  2.96785e-02  1.48110e+00
     endloop
  endfacet
  facet normal -1.00855e-03  3.28799e-04 -3.06830e-05
     outer loop
       vertex -2.44206e-01  5.35107e-02  1.43841e+00
       vertex -2.37535e-01  7.79565e-02  1.48109e+00
       vertex -2.28811e-01  1.00725e-01  1.43833e+00
     endloop
  endfacet
  facet normal -1.03026e-03  2.28287e-04  3.02853e-05
     outer loop
       vertex -2.44206e-01  5.35107e-02  1.43841e+00
       vertex -2.48232e-01  2.96785e-02  1.48110e+00
       vertex -2.37535e-01  7.79565e-02  1.48109e+00
     endloop
  endfacet
  facet normal -9.31764e-04  5.26555e-04  3.05998e-05
     outer loop
       vertex -2.28811e-01  1.00725e-01  1.43833e+00
       vertex -2.04415e-01  1.43925e-01  1.43780e+00
       vertex -2.17828e-01  1.22683e-01  1.39492e+00
     endloop
  endfacet
  facet normal -8.76724e-04  6.16135e-04  3.06098e-05
     outer loop
       vertex -2.17828e-01  1.22683e-01  1.39492e+00
       vertex -1.89310e-01  1.63284e-01  1.39447e+00
       vertex -2.04697e-01  1.43525e-01  1.35150e+00
     endloop
  endfacet
  facet normal  0.00000e+00  9.53597e-04  0.00000e+00
     outer loop
       vertex  1.00000e-01  3.71545e-01  1.10000e+00
       vertex  4.78092e-02  3.71545e-01  1.08596e+00
       vertex  5.71041e-02  3.71545e-01  1.12500e+00
     endloop
  endfacet
  facet normal  0.00000e+00  1.18743e-03  0.00000e+00
     outer loop
       vertex  1.00000e-01  3.71545e-01  9.50000e-01
       vertex  4.78069e-02  3.71545e-01  9.34446e-01
       vertex  5.12301e-02  3.71545e-01  9.80968e-01
     endloop
  endfacet
  facet normal  0.00000e+00  1.18374e-03  0.00000e+00
     outer loop
       vertex  1.00000e-01  3.71545e-01  8.00000e-01
       vertex  5.11817e-02  3.71545e-01  7.82538e-01
       vertex  5.13010e-02  3.71545e-01  8.31076e-01
     endloop
  endfacet
  facet normal -9.68645e-04  4.28194e-04  3.03777e-05
     outer loop
       vertex -2.28811e-01  1.00725e-01  1.43833e+00
       vertex -2.37535e-01  7.79565e-02  1.48109e+00
       vertex -2.17522e-01  1.23224e-01  1.48116e+00
     endloop
  endfacet
  facet normal -8.11783e-04  6.99307e-04  3.06250e-05
     outer loop
       vertex -2.04697e-01  1.43525e-01  1.35150e+00
       vertex -1.72315e-01  1.81129e-01  1.35118e+00
       vertex -1.89608e-01  1.62938e-01  1.30816e+00
     endloop
  endfacet
  facet normal -9.31014e-04  5.25386e-04 -3.05982e-05
     outer loop
       vertex -2.28811e-01  1.00725e-01  1.43833e+00
       vertex -2.17522e-01  1.23224e-01  1.48116e+00
       vertex -2.04415e-01  1.43925e-01  1.43780e+00
     endloop
  endfacet
  facet normal -1.09669e-03  6.44065e-04  2.61106e-05
     outer loop
       vertex -2.27280e-01  1.04133e-01  4.67530e-01
       vertex -2.02787e-01  1.46211e-01  4.58388e-01
       vertex -2.19783e-01  1.19145e-01  4.12141e-01
     endloop
  endfacet
  facet normal  0.00000e+00  1.18403e-03  0.00000e+00
     outer loop
       vertex  1.00000e-01  3.71545e-01  5.00000e-01
       vertex  5.11817e-02  3.71545e-01  4.82538e-01
       vertex  5.13181e-02  3.71545e-01  5.31094e-01
     endloop
  endfacet
  facet normal -8.75256e-04  6.14427e-04 -3.06079e-05
     outer loop
       vertex -2.17828e-01  1.22683e-01  1.39492e+00
       vertex -2.04415e-01  1.43925e-01  1.43780e+00
       vertex -1.89310e-01  1.63284e-01  1.39447e+00
     endloop
  endfacet
  facet normal -8.00771e-04  9.61742e-04  2.36236e-05
     outer loop
       vertex -1.37661e-01  2.08685e-01  9.69231e-01
       vertex -1.45540e-01  2.03269e-01  9.22671e-01
       vertex -1.79747e-01  1.73755e-01  9.64657e-01
     endloop
  endfacet
  facet normal -8.11050e-04  6.98154e-04 -3.06262e-05
     outer loop
       vertex -2.04697e-01  1.43525e-01  1.35150e+00
       vertex -1.89310e-01  1.63284e-01  1.39447e+00
       vertex -1.72315e-01  1.81129e-01  1.35118e+00
     endloop
  endfacet
  facet normal  0.00000e+00  9.37500e-04  0.00000e+00
     outer loop
       vertex  1.00000e-01  3.71545e-01  5.00000e-02
       vertex  5.00000e-02  3.71545e-01  3.75000e-02
       vertex  5.00000e-02  3.71545e-01  7.50000e-02
     endloop
  endfacet
  facet normal -1.96881e-04 -1.01055e-03  3.20981e-05
     outer loop
       vertex -4.84976e-02 -2.45251e-01  9.25694e-01
       vertex -2.23894e-02 -2.48995e-01  9.67944e-01
       vertex -7.19135e-02 -2.39434e-01  9.65213e-01
     endloop
  endfacet
  facet normal -8.75002e-04  6.18168e-04  3.06363e-05
     outer loop
       vertex -2.04415e-01  1.43925e-01  1.43780e+00
       vertex -2.17522e-01  1.23224e-01  1.48116e+00
       vertex -1.88892e-01  1.63767e-01  1.48078e+00
     endloop
  endfacet
  facet normal -7.39603e-04  7.75623e-04 -3.06597e-05
     outer loop
       vertex -1.89608e-01  1.62938e-01  1.30816e+00
       vertex -1.72315e-01  1.81129e-01  1.35118e+00
       vertex -1.53674e-01  1.97191e-01  1.30785e+00
     endloop
  endfacet
  facet normal -8.10386e-04  7.00894e-04  3.06419e-05
     outer loop
       vertex -1.89310e-01  1.63284e-01  1.39447e+00
       vertex -2.04415e-01  1.43925e-01  1.43780e+00
       vertex -1.71953e-01  1.81472e-01  1.43749e+00
     endloop
  endfacet
  facet normal -8.10039e-04  7.00079e-04 -3.06402e-05
     outer loop
       vertex -1.71953e-01  1.81472e-01  1.43749e+00
       vertex -2.04415e-01  1.43925e-01  1.43780e+00
       vertex -1.88892e-01  1.63767e-01  1.48078e+00
     endloop
  endfacet
  facet normal -8.26875e-04  9.04102e-04  4.62042e-05
     outer loop
       vertex -1.71953e-01  1.81472e-01  1.43749e+00
       vertex -1.88892e-01  1.63767e-01  1.48078e+00
       vertex -1.46633e-01  2.02482e-01  1.47952e+00
     endloop
  endfacet
  facet normal -7.34776e-04  7.73903e-04  3.05448e-05
     outer loop
       vertex -1.72315e-01  1.81129e-01  1.35118e+00
       vertex -1.89310e-01  1.63284e-01  1.39447e+00
       vertex -1.53363e-01  1.97433e-01  1.39399e+00
     endloop
  endfacet
  facet normal -7.38842e-04  7.77313e-04 -3.05413e-05
     outer loop
       vertex -1.53363e-01  1.97433e-01  1.39399e+00
       vertex -1.89310e-01  1.63284e-01  1.39447e+00
       vertex -1.71953e-01  1.81472e-01  1.43749e+00
     endloop
  endfacet
  facet normal -6.54270e-04  8.28704e-04 -2.00899e-05
     outer loop
       vertex -1.71953e-01  1.81472e-01  1.43749e+00
       vertex -1.46633e-01  2.02482e-01  1.47952e+00
       vertex -1.35704e-01  2.09963e-01  1.43220e+00
     endloop
  endfacet
  facet normal  0.00000e+00  1.26611e-03  0.00000e+00
     outer loop
       vertex  1.00000e-01  3.71545e-01  8.50000e-01
       vertex  5.13010e-02  3.71545e-01  8.31076e-01
       vertex  4.98513e-02  3.71545e-01  8.82510e-01
     endloop
  endfacet
  facet normal  0.00000e+00  1.27869e-03  0.00000e+00
     outer loop
       vertex  1.00000e-01  3.71545e-01  1.60000e+00
       vertex  5.13349e-02  3.71545e-01  1.58111e+00
       vertex  5.02225e-02  3.71545e-01  1.63323e+00
     endloop
  endfacet
  facet normal -6.56084e-04  8.43816e-04  3.05488e-05
     outer loop
       vertex -1.72315e-01  1.81129e-01  1.35118e+00
       vertex -1.33178e-01  2.11574e-01  1.35075e+00
       vertex -1.53674e-01  1.97191e-01  1.30785e+00
     endloop
  endfacet
  facet normal -5.77456e-04  7.39243e-04  2.44594e-05
     outer loop
       vertex -1.71953e-01  1.81472e-01  1.43749e+00
       vertex -1.35704e-01  2.09963e-01  1.43220e+00
       vertex -1.53363e-01  1.97433e-01  1.39399e+00
     endloop
  endfacet
  facet normal -1.78703e-04 -9.67958e-04 -2.15354e-05
     outer loop
       vertex -2.36314e-02 -2.48881e-01  2.69416e-01
       vertex -5.00674e-02 -2.44935e-01  3.11450e-01
       vertex -6.75824e-02 -2.40692e-01  2.66069e-01
     endloop
  endfacet
  facet normal  0.00000e+00  1.27922e-03  0.00000e+00
     outer loop
       vertex  1.00000e-01  3.71545e-01  5.50000e-01
       vertex  5.13181e-02  3.71545e-01  5.31094e-01
       vertex  5.02197e-02  3.71545e-01  5.83222e-01
     endloop
  endfacet
  facet normal -6.55120e-04  8.41699e-04 -3.05496e-05
     outer loop
       vertex -1.72315e-01  1.81129e-01  1.35118e+00
       vertex -1.53363e-01  1.97433e-01  1.39399e+00
       vertex -1.33178e-01  2.11574e-01  1.35075e+00
     endloop
  endfacet
  facet normal -1.75100e-04 -9.31260e-04  2.09359e-05
     outer loop
       vertex -2.36314e-02 -2.48881e-01  2.69416e-01
       vertex -6.75824e-02 -2.40692e-01  2.66069e-01
       vertex -4.01829e-02 -2.46750e-01  2.25779e-01
     endloop
  endfacet
  facet normal  0.00000e+00  1.44404e-03  0.00000e+00
     outer loop
       vertex  1.00000e-01  3.71545e-01  1.00000e+00
       vertex  5.12301e-02  3.71545e-01  9.80968e-01
       vertex  4.41616e-02  3.71545e-01  1.03743e+00
     endloop
  endfacet
  facet normal -9.43036e-04  8.45270e-04  2.94203e-05
     outer loop
       vertex -1.68746e-01  1.84458e-01  4.50647e-01
       vertex -1.92664e-01  1.59313e-01  4.06424e-01
       vertex -2.02787e-01  1.46211e-01  4.58388e-01
     endloop
  endfacet
  facet normal  0.00000e+00  1.25000e-03 -0.00000e+00
     outer loop
       vertex  0.00000e+00  3.71545e-01  0.00000e+00
       vertex -1.49012e-09  3.71545e-01  5.00000e-02
       vertex  5.00000e-02  3.71545e-01  3.75000e-02
     endloop
  endfacet
  facet normal  0.00000e+00  1.25000e-03  0.00000e+00
     outer loop
       vertex  0.00000e+00  3.71545e-01  0.00000e+00
       vertex -5.00000e-02  3.71545e-01  3.75000e-02
       vertex -1.49012e-09  3.71545e-01  5.00000e-02
     endloop
  endfacet
  facet normal -9.56293e-04 -4.84658e-04  2.09359e-05
     outer loop
       vertex -2.10466e-01 -1.34922e-01  3.96629e-01
       vertex -2.32275e-01 -9.24560e-02  3.83517e-01
       vertex -2.16894e-01 -1.24326e-01  3.48319e-01
     endloop
  endfacet
  facet normal -7.20335e-04  8.73042e-04 -3.91141e-05
     outer loop
       vertex -1.55072e-01  1.96094e-01  1.00883e+00
       vertex -1.37661e-01  2.08685e-01  9.69231e-01
       vertex -1.79747e-01  1.73755e-01  9.64657e-01
     endloop
  endfacet
  facet normal -6.61876e-05 -8.79567e-04  1.88789e-05
     outer loop
       vertex -4.01829e-02 -2.46750e-01  2.25779e-01
       vertex -1.23110e-02 -2.49697e-01  1.86187e-01
       vertex  3.17804e-03 -2.49980e-01  2.27300e-01
     endloop
  endfacet
  facet normal -1.20128e-03  4.82123e-04 -3.19376e-05
     outer loop
       vertex -2.27280e-01  1.04133e-01  4.67530e-01
       vertex -2.19783e-01  1.19145e-01  4.12141e-01
       vertex -2.39897e-01  7.03507e-02  4.32134e-01
     endloop
  endfacet
  facet normal -8.63762e-04 -6.16702e-04 -2.03359e-05
     outer loop
       vertex -2.16894e-01 -1.24326e-01  3.48319e-01
       vertex -1.89691e-01 -1.62841e-01  3.60882e-01
       vertex -2.10466e-01 -1.34922e-01  3.96629e-01
     endloop
  endfacet
  facet normal -8.44928e-04 -6.56623e-04  2.17900e-05
     outer loop
       vertex -1.80910e-01 -1.72545e-01  4.08985e-01
       vertex -2.10466e-01 -1.34922e-01  3.96629e-01
       vertex -1.89691e-01 -1.62841e-01  3.60882e-01
     endloop
  endfacet
  facet normal -6.12818e-04 -9.83555e-04 -1.53466e-05
     outer loop
       vertex -1.10233e-01 -2.24385e-01  3.96428e-01
       vertex -1.50228e-01 -1.99828e-01  4.19700e-01
       vertex -1.55108e-01 -1.96065e-01  3.73357e-01
     endloop
  endfacet
  facet normal -9.36799e-04 -4.19645e-04 -2.94105e-05
     outer loop
       vertex -2.16894e-01 -1.24326e-01  3.48319e-01
       vertex -2.32275e-01 -9.24560e-02  3.83517e-01
       vertex -2.37759e-01 -7.72702e-02  3.41501e-01
     endloop
  endfacet
  facet normal -7.38550e-04 -7.76995e-04 -2.19115e-05
     outer loop
       vertex -1.80910e-01 -1.72545e-01  4.08985e-01
       vertex -1.89691e-01 -1.62841e-01  3.60882e-01
       vertex -1.55108e-01 -1.96065e-01  3.73357e-01
     endloop
  endfacet
  facet normal -8.62281e-04  8.88057e-04 -3.85848e-05
     outer loop
       vertex -1.68746e-01  1.84458e-01  4.50647e-01
       vertex -1.53257e-01  1.97515e-01  4.05027e-01
       vertex -1.92664e-01  1.59313e-01  4.06424e-01
     endloop
  endfacet
  facet normal -6.12048e-04 -6.84794e-04  8.83311e-06
     outer loop
       vertex -1.50228e-01 -1.99828e-01  4.19700e-01
       vertex -1.80910e-01 -1.72545e-01  4.08985e-01
       vertex -1.55108e-01 -1.96065e-01  3.73357e-01
     endloop
  endfacet
  facet normal -9.08655e-04 -2.60627e-04  2.43897e-05
     outer loop
       vertex -2.32275e-01 -9.24560e-02  3.83517e-01
       vertex -2.45615e-01 -4.66181e-02  3.76363e-01
       vertex -2.37759e-01 -7.72702e-02  3.41501e-01
     endloop
  endfacet
  facet normal  3.96779e-05 -9.14670e-04 -2.12468e-05
     outer loop
       vertex  3.17804e-03 -2.49980e-01  2.27300e-01
       vertex -1.23110e-02 -2.49697e-01  1.86187e-01
       vertex  3.32042e-02 -2.47785e-01  1.88895e-01
     endloop
  endfacet
  facet normal -5.28442e-04 -1.16270e-03 -2.73574e-05
     outer loop
       vertex -1.26245e-01 -2.15783e-01  3.40116e-01
       vertex -8.18247e-02 -2.36230e-01  3.51106e-01
       vertex -1.10233e-01 -2.24385e-01  3.96428e-01
     endloop
  endfacet
  facet normal -6.98148e-04 -1.07880e-03  3.37159e-05
     outer loop
       vertex -1.55108e-01 -1.96065e-01  3.73357e-01
       vertex -1.26245e-01 -2.15783e-01  3.40116e-01
       vertex -1.10233e-01 -2.24385e-01  3.96428e-01
     endloop
  endfacet
  facet normal -3.17304e-04 -1.04439e-03 -2.48457e-05
     outer loop
       vertex -9.63739e-02 -2.30677e-01  3.03501e-01
       vertex -5.00674e-02 -2.44935e-01  3.11450e-01
       vertex -8.18247e-02 -2.36230e-01  3.51106e-01
     endloop
  endfacet
  facet normal -7.27278e-04  1.01283e-03  1.79775e-05
     outer loop
       vertex -1.64502e-01  1.88253e-01  1.20726e+00
       vertex -1.29225e-01  2.14011e-01  1.18317e+00
       vertex -1.53927e-01  1.96994e-01  1.14262e+00
     endloop
  endfacet
  facet normal -4.56191e-04 -9.77374e-04  2.54183e-05
     outer loop
       vertex -9.63739e-02 -2.30677e-01  3.03501e-01
       vertex -8.18247e-02 -2.36230e-01  3.51106e-01
       vertex -1.26245e-01 -2.15783e-01  3.40116e-01
     endloop
  endfacet
  facet normal -7.45749e-04 -7.66897e-04  2.49400e-05
     outer loop
       vertex -1.55108e-01 -1.96065e-01  3.73357e-01
       vertex -1.89691e-01 -1.62841e-01  3.60882e-01
       vertex -1.67713e-01 -1.85397e-01  3.24459e-01
     endloop
  endfacet
  facet normal  1.18680e-03 -6.93889e-19  0.00000e+00
     outer loop
       vertex  1.00000e-01  2.29129e-01  1.80000e+00
       vertex  1.00000e-01  2.76601e-01  1.76667e+00
       vertex  1.00000e-01  2.76601e-01  1.81667e+00
     endloop
  endfacet
  facet normal  1.18680e-03 -6.93889e-19  0.00000e+00
     outer loop
       vertex  1.00000e-01  2.29129e-01  1.85000e+00
       vertex  1.00000e-01  2.76601e-01  1.81667e+00
       vertex  1.00000e-01  2.76601e-01  1.86667e+00
     endloop
  endfacet
  facet normal -3.06650e-04 -9.81100e-04  2.66175e-05
     outer loop
       vertex -6.75824e-02 -2.40692e-01  2.66069e-01
       vertex -5.00674e-02 -2.44935e-01  3.11450e-01
       vertex -9.63739e-02 -2.30677e-01  3.03501e-01
     endloop
  endfacet
  facet normal -6.81708e-04  9.02673e-04  1.13814e-05
     outer loop
       vertex -1.64502e-01  1.88253e-01  1.20726e+00
       vertex -1.69347e-01  1.83907e-01  1.26176e+00
       vertex -1.33477e-01  2.11386e-01  1.23085e+00
     endloop
  endfacet
  facet normal  6.32561e-04 -5.72558e-20  2.29946e-19
     outer loop
       vertex  1.00000e-01  2.76601e-01  2.00000e+00
       vertex  1.00000e-01  2.66078e-01  1.95920e+00
       vertex  1.00000e-01  2.99217e-01  1.96745e+00
     endloop
  endfacet
  facet normal  1.18680e-03 -6.93889e-19  0.00000e+00
     outer loop
       vertex  1.00000e-01  2.29129e-01  1.70000e+00
       vertex  1.00000e-01  2.76601e-01  1.66667e+00
       vertex  1.00000e-01  2.76601e-01  1.71667e+00
     endloop
  endfacet
  facet normal  1.18680e-03 -6.93889e-19  0.00000e+00
     outer loop
       vertex  1.00000e-01  2.29129e-01  1.75000e+00
       vertex  1.00000e-01  2.76601e-01  1.71667e+00
       vertex  1.00000e-01  2.76601e-01  1.76667e+00
     endloop
  endfacet
  facet normal  7.86976e-04  1.63098e-19  2.11015e-19
     outer loop
       vertex  1.00000e-01  3.24073e-01  2.00000e+00
       vertex  1.00000e-01  2.99217e-01  1.96745e+00
       vertex  1.00000e-01  3.29627e-01  1.94395e+00
     endloop
  endfacet
  facet normal  1.18680e-03 -6.93889e-19  0.00000e+00
     outer loop
       vertex  1.00000e-01  2.29129e-01  1.60000e+00
       vertex  1.00000e-01  2.76601e-01  1.56667e+00
       vertex  1.00000e-01  2.76601e-01  1.61667e+00
     endloop
  endfacet
  facet normal  1.18680e-03 -6.93889e-19  0.00000e+00
     outer loop
       vertex  1.00000e-01  2.29129e-01  1.65000e+00
       vertex  1.00000e-01  2.76601e-01  1.61667e+00
       vertex  1.00000e-01  2.76601e-01  1.66667e+00
     endloop
  endfacet
  facet normal -6.59380e-04 -9.15182e-04 -2.96752e-05
     outer loop
       vertex -1.67713e-01 -1.85397e-01  3.24459e-01
       vertex -1.26245e-01 -2.15783e-01  3.40116e-01
       vertex -1.55108e-01 -1.96065e-01  3.73357e-01
     endloop
  endfacet
  facet normal  1.18680e-03 -6.93889e-19  0.00000e+00
     outer loop
       vertex  1.00000e-01  2.29129e-01  1.40000e+00
       vertex  1.00000e-01  2.76601e-01  1.36667e+00
       vertex  1.00000e-01  2.76601e-01  1.41667e+00
     endloop
  endfacet
  facet normal  1.18680e-03 -6.93889e-19  0.00000e+00
     outer loop
       vertex  1.00000e-01  2.29129e-01  1.45000e+00
       vertex  1.00000e-01  2.76601e-01  1.41667e+00
       vertex  1.00000e-01  2.76601e-01  1.46667e+00
     endloop
  endfacet
  facet normal -3.46977e-04 -9.21492e-04 -2.03485e-05
     outer loop
       vertex -6.75824e-02 -2.40692e-01  2.66069e-01
       vertex -9.63739e-02 -2.30677e-01  3.03501e-01
       vertex -1.09824e-01 -2.24586e-01  2.56976e-01
     endloop
  endfacet
  facet normal -4.96410e-04 -9.40498e-04 -2.23934e-05
     outer loop
       vertex -9.63739e-02 -2.30677e-01  3.03501e-01
       vertex -1.26245e-01 -2.15783e-01  3.40116e-01
       vertex -1.38238e-01 -2.08304e-01  2.91846e-01
     endloop
  endfacet
  facet normal -4.84969e-04 -8.95468e-04  2.29524e-05
     outer loop
       vertex -9.63739e-02 -2.30677e-01  3.03501e-01
       vertex -1.38238e-01 -2.08304e-01  2.91846e-01
       vertex -1.09824e-01 -2.24586e-01  2.56976e-01
     endloop
  endfacet
  facet normal  1.18680e-03 -6.93889e-19  0.00000e+00
     outer loop
       vertex  1.00000e-01  2.29129e-01  1.10000e+00
       vertex  1.00000e-01  2.76601e-01  1.06667e+00
       vertex  1.00000e-01  2.76601e-01  1.11667e+00
     endloop
  endfacet
  facet normal  1.18680e-03 -6.93889e-19  0.00000e+00
     outer loop
       vertex  1.00000e-01  2.29129e-01  1.15000e+00
       vertex  1.00000e-01  2.76601e-01  1.11667e+00
       vertex  1.00000e-01  2.76601e-01  1.16667e+00
     endloop
  endfacet
  facet normal -6.74804e-04 -9.06964e-04  2.71242e-05
     outer loop
       vertex -1.38238e-01 -2.08304e-01  2.91846e-01
       vertex -1.26245e-01 -2.15783e-01  3.40116e-01
       vertex -1.67713e-01 -1.85397e-01  3.24459e-01
     endloop
  endfacet
  facet normal -2.50316e-04 -9.72463e-04 -2.40200e-05
     outer loop
       vertex -6.75824e-02 -2.40692e-01  2.66069e-01
       vertex -8.51311e-02 -2.35059e-01  2.20890e-01
       vertex -4.01829e-02 -2.46750e-01  2.25779e-01
     endloop
  endfacet
  facet normal  1.18680e-03 -6.93889e-19  0.00000e+00
     outer loop
       vertex  1.00000e-01  2.29129e-01  1.00000e+00
       vertex  1.00000e-01  2.76601e-01  9.66667e-01
       vertex  1.00000e-01  2.76601e-01  1.01667e+00
     endloop
  endfacet
  facet normal  1.18680e-03 -6.93889e-19  0.00000e+00
     outer loop
       vertex  1.00000e-01  2.29129e-01  1.05000e+00
       vertex  1.00000e-01  2.76601e-01  1.01667e+00
       vertex  1.00000e-01  2.76601e-01  1.06667e+00
     endloop
  endfacet
  facet normal -3.38224e-04 -8.74430e-04  2.23489e-05
     outer loop
       vertex -6.75824e-02 -2.40692e-01  2.66069e-01
       vertex -1.09824e-01 -2.24586e-01  2.56976e-01
       vertex -8.51311e-02 -2.35059e-01  2.20890e-01
     endloop
  endfacet
  facet normal -7.97183e-04 -9.88106e-04 -2.64921e-05
     outer loop
       vertex -1.38238e-01 -2.08304e-01  2.91846e-01
       vertex -1.67713e-01 -1.85397e-01  3.24459e-01
       vertex -1.77740e-01 -1.75808e-01  2.68508e-01
     endloop
  endfacet
  facet normal  1.18680e-03 -6.93889e-19  0.00000e+00
     outer loop
       vertex  1.00000e-01  2.29129e-01  7.00000e-01
       vertex  1.00000e-01  2.76601e-01  6.66667e-01
       vertex  1.00000e-01  2.76601e-01  7.16667e-01
     endloop
  endfacet
  facet normal  1.18680e-03 -6.93889e-19  0.00000e+00
     outer loop
       vertex  1.00000e-01  2.29129e-01  7.50000e-01
       vertex  1.00000e-01  2.76601e-01  7.16667e-01
       vertex  1.00000e-01  2.76601e-01  7.66667e-01
     endloop
  endfacet
  facet normal -5.14831e-04 -8.76202e-04 -1.03766e-05
     outer loop
       vertex -1.09824e-01 -2.24586e-01  2.56976e-01
       vertex -1.38238e-01 -2.08304e-01  2.91846e-01
       vertex -1.44681e-01 -2.03881e-01  2.38078e-01
     endloop
  endfacet
  facet normal -8.21992e-04 -9.86785e-04  1.73382e-05
     outer loop
       vertex -1.38238e-01 -2.08304e-01  2.91846e-01
       vertex -1.77740e-01 -1.75808e-01  2.68508e-01
       vertex -1.44681e-01 -2.03881e-01  2.38078e-01
     endloop
  endfacet
  facet normal -2.57792e-04 -9.80990e-04  2.43232e-05
     outer loop
       vertex -4.01829e-02 -2.46750e-01  2.25779e-01
       vertex -8.51311e-02 -2.35059e-01  2.20890e-01
       vertex -5.89650e-02 -2.42947e-01  1.80086e-01
     endloop
  endfacet
  facet normal  1.18680e-03 -6.93889e-19  0.00000e+00
     outer loop
       vertex  1.00000e-01  2.29129e-01  2.00000e-01
       vertex  1.00000e-01  2.76601e-01  1.66667e-01
       vertex  1.00000e-01  2.76601e-01  2.16667e-01
     endloop
  endfacet
  facet normal  1.18680e-03 -6.93889e-19  0.00000e+00
     outer loop
       vertex  1.00000e-01  2.29129e-01  2.50000e-01
       vertex  1.00000e-01  2.76601e-01  2.16667e-01
       vertex  1.00000e-01  2.76601e-01  2.66667e-01
     endloop
  endfacet
  facet normal -9.16372e-04  5.33174e-05  2.07388e-05
     outer loop
       vertex -2.50000e-01  2.88533e-04  3.66217e-01
       vertex -2.49751e-01 -1.11483e-02  4.06601e-01
       vertex -2.47181e-01  3.74406e-02  3.95278e-01
     endloop
  endfacet
  facet normal  1.18680e-03 -6.93890e-19  0.00000e+00
     outer loop
       vertex  1.00000e-01  2.29129e-01  1.50000e-01
       vertex  1.00000e-01  2.76601e-01  1.16667e-01
       vertex  1.00000e-01  2.76601e-01  1.66667e-01
     endloop
  endfacet
  facet normal -1.42610e-04 -1.00857e-03 -2.53183e-05
     outer loop
       vertex -4.01829e-02 -2.46750e-01  2.25779e-01
       vertex -5.89650e-02 -2.42947e-01  1.80086e-01
       vertex -1.23110e-02 -2.49697e-01  1.86187e-01
     endloop
  endfacet
  facet normal -3.90974e-04 -6.46151e-04  1.32165e-05
     outer loop
       vertex -1.44681e-01 -2.03881e-01  2.38078e-01
       vertex -1.19632e-01 -2.19518e-01  2.14584e-01
       vertex -1.09824e-01 -2.24586e-01  2.56976e-01
     endloop
  endfacet
  facet normal -3.13421e-04 -7.00347e-04 -1.12044e-05
     outer loop
       vertex -8.51311e-02 -2.35059e-01  2.20890e-01
       vertex -1.09824e-01 -2.24586e-01  2.56976e-01
       vertex -1.19632e-01 -2.19518e-01  2.14584e-01
     endloop
  endfacet
  facet normal -1.14689e-03  2.71495e-04 -1.57926e-05
     outer loop
       vertex -2.36704e-01  8.04434e-02  3.73738e-01
       vertex -2.47181e-01  3.74406e-02  3.95278e-01
       vertex -2.39897e-01  7.03507e-02  4.32134e-01
     endloop
  endfacet
  facet normal  1.18680e-03 -6.93889e-19  0.00000e+00
     outer loop
       vertex  1.00000e-01  2.29129e-01  1.50000e+00
       vertex  1.00000e-01  2.76601e-01  1.46667e+00
       vertex  1.00000e-01  2.76601e-01  1.51667e+00
     endloop
  endfacet
  facet normal  1.18680e-03 -6.93889e-19  0.00000e+00
     outer loop
       vertex  1.00000e-01  2.29129e-01  1.55000e+00
       vertex  1.00000e-01  2.76601e-01  1.51667e+00
       vertex  1.00000e-01  2.76601e-01  1.56667e+00
     endloop
  endfacet
  facet normal  1.46533e-03  0.00000e+00  0.00000e+00
     outer loop
       vertex  1.00000e-01  3.71545e-01  1.85000e+00
       vertex  1.00000e-01  3.18953e-01  1.89327e+00
       vertex  1.00000e-01  3.24073e-01  1.83333e+00
     endloop
  endfacet
  facet normal  1.18680e-03 -6.93889e-19  0.00000e+00
     outer loop
       vertex  1.00000e-01  2.29129e-01  1.30000e+00
       vertex  1.00000e-01  2.76601e-01  1.26667e+00
       vertex  1.00000e-01  2.76601e-01  1.31667e+00
     endloop
  endfacet
  facet normal  1.18680e-03 -6.93889e-19  0.00000e+00
     outer loop
       vertex  1.00000e-01  2.29129e-01  1.35000e+00
       vertex  1.00000e-01  2.76601e-01  1.31667e+00
       vertex  1.00000e-01  2.76601e-01  1.36667e+00
     endloop
  endfacet
  facet normal -3.29316e-04 -9.42997e-04 -2.88874e-05
     outer loop
       vertex -5.89650e-02 -2.42947e-01  1.80086e-01
       vertex -8.51311e-02 -2.35059e-01  2.20890e-01
       vertex -1.05121e-01 -2.26825e-01  1.79986e-01
     endloop
  endfacet
  facet normal -2.91879e-04 -6.42584e-04  1.32907e-05
     outer loop
       vertex -8.51311e-02 -2.35059e-01  2.20890e-01
       vertex -1.19632e-01 -2.19518e-01  2.14584e-01
       vertex -1.05121e-01 -2.26825e-01  1.79986e-01
     endloop
  endfacet
  facet normal  1.18680e-03 -6.93890e-19  0.00000e+00
     outer loop
       vertex  1.00000e-01  2.29129e-01  1.20000e+00
       vertex  1.00000e-01  2.76601e-01  1.16667e+00
       vertex  1.00000e-01  2.76601e-01  1.21667e+00
     endloop
  endfacet
  facet normal  1.18680e-03 -6.93890e-19  0.00000e+00
     outer loop
       vertex  1.00000e-01  2.29129e-01  1.25000e+00
       vertex  1.00000e-01  2.76601e-01  1.21667e+00
       vertex  1.00000e-01  2.76601e-01  1.26667e+00
     endloop
  endfacet
  facet normal  5.14732e-04  6.76236e-04 -3.26773e-06
     outer loop
       vertex  1.37002e-01  2.09118e-01  1.25553e-01
       vertex  1.66105e-01  1.86840e-01  9.94655e-02
       vertex  1.35081e-01  2.10364e-01  8.08043e-02
     endloop
  endfacet
  facet normal -1.36589e-04 -9.20700e-04  2.58593e-05
     outer loop
       vertex -1.23110e-02 -2.49697e-01  1.86187e-01
       vertex -5.89650e-02 -2.42947e-01  1.80086e-01
       vertex -3.29593e-02 -2.47818e-01  1.44018e-01
     endloop
  endfacet
  facet normal  1.18680e-03 -6.93890e-19  0.00000e+00
     outer loop
       vertex  1.00000e-01  2.29129e-01  9.00000e-01
       vertex  1.00000e-01  2.76601e-01  8.66667e-01
       vertex  1.00000e-01  2.76601e-01  9.16667e-01
     endloop
  endfacet
  facet normal  1.18680e-03 -6.93890e-19  0.00000e+00
     outer loop
       vertex  1.00000e-01  2.29129e-01  9.50000e-01
       vertex  1.00000e-01  2.76601e-01  9.16667e-01
       vertex  1.00000e-01  2.76601e-01  9.66667e-01
     endloop
  endfacet
  facet normal -3.20195e-04 -9.16522e-04  2.91157e-05
     outer loop
       vertex -5.89650e-02 -2.42947e-01  1.80086e-01
       vertex -1.05121e-01 -2.26825e-01  1.79986e-01
       vertex -8.06700e-02 -2.36627e-01  1.40325e-01
     endloop
  endfacet
  facet normal -2.10811e-04 -9.08438e-04 -2.93111e-05
     outer loop
       vertex -3.29593e-02 -2.47818e-01  1.44018e-01
       vertex -5.89650e-02 -2.42947e-01  1.80086e-01
       vertex -8.06700e-02 -2.36627e-01  1.40325e-01
     endloop
  endfacet
  facet normal  1.18680e-03 -6.93890e-19  0.00000e+00
     outer loop
       vertex  1.00000e-01  2.29129e-01  8.00000e-01
       vertex  1.00000e-01  2.76601e-01  7.66667e-01
       vertex  1.00000e-01  2.76601e-01  8.16667e-01
     endloop
  endfacet
  facet normal  1.18680e-03 -6.93890e-19  0.00000e+00
     outer loop
       vertex  1.00000e-01  2.29129e-01  8.50000e-01
       vertex  1.00000e-01  2.76601e-01  8.16667e-01
       vertex  1.00000e-01  2.76601e-01  8.66667e-01
     endloop
  endfacet
  facet normal  9.89003e-04 -6.93889e-19 -1.64702e-19
     outer loop
       vertex  1.00000e-01  2.29129e-01  1.90000e+00
       vertex  1.00000e-01  2.76601e-01  1.86667e+00
       vertex  1.00000e-01  2.64733e-01  1.91667e+00
     endloop
  endfacet
  facet normal -4.34202e-04 -6.94851e-04 -4.59110e-07
     outer loop
       vertex -1.45103e-01 -2.03581e-01  1.82995e-01
       vertex -1.19632e-01 -2.19518e-01  2.14584e-01
       vertex -1.44681e-01 -2.03881e-01  2.38078e-01
     endloop
  endfacet
  facet normal  1.18680e-03 -6.93890e-19  0.00000e+00
     outer loop
       vertex  1.00000e-01  2.29129e-01  6.00000e-01
       vertex  1.00000e-01  2.76601e-01  5.66667e-01
       vertex  1.00000e-01  2.76601e-01  6.16667e-01
     endloop
  endfacet
  facet normal  1.18680e-03 -6.93890e-19  0.00000e+00
     outer loop
       vertex  1.00000e-01  2.29129e-01  6.50000e-01
       vertex  1.00000e-01  2.76601e-01  6.16667e-01
       vertex  1.00000e-01  2.76601e-01  6.66667e-01
     endloop
  endfacet
  facet normal -3.40940e-05 -9.38438e-04 -2.51176e-05
     outer loop
       vertex  1.36570e-02 -2.49627e-01  1.48324e-01
       vertex -1.23110e-02 -2.49697e-01  1.86187e-01
       vertex -3.29593e-02 -2.47818e-01  1.44018e-01
     endloop
  endfacet
  facet normal  3.62836e-05 -8.96838e-04  2.32264e-05
     outer loop
       vertex  3.32042e-02 -2.47785e-01  1.88895e-01
       vertex -1.23110e-02 -2.49697e-01  1.86187e-01
       vertex  1.36570e-02 -2.49627e-01  1.48324e-01
     endloop
  endfacet
  facet normal  1.18680e-03 -6.93890e-19  0.00000e+00
     outer loop
       vertex  1.00000e-01  2.29129e-01  4.00000e-01
       vertex  1.00000e-01  2.76601e-01  3.66667e-01
       vertex  1.00000e-01  2.76601e-01  4.16667e-01
     endloop
  endfacet
  facet normal  1.18680e-03 -6.93890e-19  0.00000e+00
     outer loop
       vertex  1.00000e-01  2.29129e-01  4.50000e-01
       vertex  1.00000e-01  2.76601e-01  4.16667e-01
       vertex  1.00000e-01  2.76601e-01  4.66667e-01
     endloop
  endfacet
  facet normal -3.91107e-04 -6.69812e-04 -2.25749e-05
     outer loop
       vertex -1.05121e-01 -2.26825e-01  1.79986e-01
       vertex -1.19632e-01 -2.19518e-01  2.14584e-01
       vertex -1.45103e-01 -2.03581e-01  1.82995e-01
     endloop
  endfacet
  facet normal  1.18680e-03  0.00000e+00  0.00000e+00
     outer loop
       vertex  1.00000e-01  3.71545e-01  1.70000e+00
       vertex  1.00000e-01  3.24073e-01  1.73333e+00
       vertex  1.00000e-01  3.24073e-01  1.68333e+00
     endloop
  endfacet
  facet normal  1.18680e-03  0.00000e+00  0.00000e+00
     outer loop
       vertex  1.00000e-01  3.71545e-01  1.60000e+00
       vertex  1.00000e-01  3.24073e-01  1.63333e+00
       vertex  1.00000e-01  3.24073e-01  1.58333e+00
     endloop
  endfacet
  facet normal  1.18680e-03 -6.93890e-19  0.00000e+00
     outer loop
       vertex  1.00000e-01  2.29129e-01  3.00000e-01
       vertex  1.00000e-01  2.76601e-01  2.66667e-01
       vertex  1.00000e-01  2.76601e-01  3.16667e-01
     endloop
  endfacet
  facet normal  1.18680e-03 -6.93890e-19  0.00000e+00
     outer loop
       vertex  1.00000e-01  2.29129e-01  3.50000e-01
       vertex  1.00000e-01  2.76601e-01  3.16667e-01
       vertex  1.00000e-01  2.76601e-01  3.66667e-01
     endloop
  endfacet
  facet normal  1.18680e-03 -6.93889e-19  0.00000e+00
     outer loop
       vertex  1.00000e-01  2.29129e-01  5.00000e-01
       vertex  1.00000e-01  2.76601e-01  4.66667e-01
       vertex  1.00000e-01  2.76601e-01  5.16667e-01
     endloop
  endfacet
  facet normal  1.18680e-03 -6.93889e-19  0.00000e+00
     outer loop
       vertex  1.00000e-01  2.29129e-01  5.50000e-01
       vertex  1.00000e-01  2.76601e-01  5.16667e-01
       vertex  1.00000e-01  2.76601e-01  5.66667e-01
     endloop
  endfacet
  facet normal  1.18680e-03  0.00000e+00  0.00000e+00
     outer loop
       vertex  1.00000e-01  3.71545e-01  1.65000e+00
       vertex  1.00000e-01  3.24073e-01  1.68333e+00
       vertex  1.00000e-01  3.24073e-01  1.63333e+00
     endloop
  endfacet
  facet normal  1.18680e-03  0.00000e+00  0.00000e+00
     outer loop
       vertex  1.00000e-01  3.71545e-01  1.55000e+00
       vertex  1.00000e-01  3.24073e-01  1.58333e+00
       vertex  1.00000e-01  3.24073e-01  1.53333e+00
     endloop
  endfacet
  facet normal -4.03448e-04 -9.07263e-04 -2.44995e-05
     outer loop
       vertex -1.22971e-01 -2.17665e-01  1.34729e-01
       vertex -8.06700e-02 -2.36627e-01  1.40325e-01
       vertex -1.05121e-01 -2.26825e-01  1.79986e-01
     endloop
  endfacet
  facet normal  1.18680e-03  0.00000e+00  0.00000e+00
     outer loop
       vertex  1.00000e-01  3.71545e-01  1.40000e+00
       vertex  1.00000e-01  3.24073e-01  1.43333e+00
       vertex  1.00000e-01  3.24073e-01  1.38333e+00
     endloop
  endfacet
  facet normal  1.33482e-04 -9.04924e-04 -2.32371e-05
     outer loop
       vertex  3.32042e-02 -2.47785e-01  1.88895e-01
       vertex  1.36570e-02 -2.49627e-01  1.48324e-01
       vertex  5.87357e-02 -2.43002e-01  1.49298e-01
     endloop
  endfacet
  facet normal  2.35790e-04 -1.00466e-03  3.06829e-05
     outer loop
       vertex  8.15516e-02 -2.36325e-01  1.92612e-01
       vertex  3.32042e-02 -2.47785e-01  1.88895e-01
       vertex  5.87357e-02 -2.43002e-01  1.49298e-01
     endloop
  endfacet
  facet normal  1.18680e-03  0.00000e+00  0.00000e+00
     outer loop
       vertex  1.00000e-01  3.71545e-01  1.35000e+00
       vertex  1.00000e-01  3.24073e-01  1.38333e+00
       vertex  1.00000e-01  3.24073e-01  1.33333e+00
     endloop
  endfacet
  facet normal  1.18680e-03 -6.93890e-19  0.00000e+00
     outer loop
       vertex  1.00000e-01  2.29129e-01  1.00000e-01
       vertex  1.00000e-01  2.76601e-01  6.66666e-02
       vertex  1.00000e-01  2.76601e-01  1.16667e-01
     endloop
  endfacet
  facet normal  1.18680e-03  0.00000e+00  0.00000e+00
     outer loop
       vertex  1.00000e-01  3.71545e-01  1.20000e+00
       vertex  1.00000e-01  3.24073e-01  1.23333e+00
       vertex  1.00000e-01  3.24073e-01  1.18333e+00
     endloop
  endfacet
  facet normal -5.39761e-04 -9.31583e-04  2.43402e-05
     outer loop
       vertex -1.05121e-01 -2.26825e-01  1.79986e-01
       vertex -1.45103e-01 -2.03581e-01  1.82995e-01
       vertex -1.22971e-01 -2.17665e-01  1.34729e-01
     endloop
  endfacet
  facet normal  1.18680e-03  0.00000e+00  0.00000e+00
     outer loop
       vertex  1.00000e-01  3.71545e-01  1.10000e+00
       vertex  1.00000e-01  3.24073e-01  1.13333e+00
       vertex  1.00000e-01  3.24073e-01  1.08333e+00
     endloop
  endfacet
  facet normal  1.18680e-03  0.00000e+00  0.00000e+00
     outer loop
       vertex  1.00000e-01  3.71545e-01  1.15000e+00
       vertex  1.00000e-01  3.24073e-01  1.18333e+00
       vertex  1.00000e-01  3.24073e-01  1.13333e+00
     endloop
  endfacet
  facet normal  1.18680e-03  0.00000e+00  0.00000e+00
     outer loop
       vertex  1.00000e-01  3.71545e-01  1.05000e+00
       vertex  1.00000e-01  3.24073e-01  1.08333e+00
       vertex  1.00000e-01  3.24073e-01  1.03333e+00
     endloop
  endfacet
  facet normal -3.85211e-05 -9.32816e-04  2.51706e-05
     outer loop
       vertex  1.36570e-02 -2.49627e-01  1.48324e-01
       vertex -3.29593e-02 -2.47818e-01  1.44018e-01
       vertex -1.20845e-02 -2.49708e-01  1.05925e-01
     endloop
  endfacet
  facet normal -2.22753e-04 -9.39962e-04  2.94597e-05
     outer loop
       vertex -5.62822e-02 -2.43582e-01  1.02810e-01
       vertex -3.29593e-02 -2.47818e-01  1.44018e-01
       vertex -8.06700e-02 -2.36627e-01  1.40325e-01
     endloop
  endfacet
  facet normal  1.42951e-04 -9.76253e-04  2.36568e-05
     outer loop
       vertex  5.87357e-02 -2.43002e-01  1.49298e-01
       vertex  1.36570e-02 -2.49627e-01  1.48324e-01
       vertex  3.72669e-02 -2.47207e-01  1.05521e-01
     endloop
  endfacet
  facet normal  1.18680e-03  0.00000e+00  0.00000e+00
     outer loop
       vertex  1.00000e-01  3.71545e-01  8.00000e-01
       vertex  1.00000e-01  3.24073e-01  8.33333e-01
       vertex  1.00000e-01  3.24073e-01  7.83333e-01
     endloop
  endfacet
  facet normal  1.18680e-03  0.00000e+00  0.00000e+00
     outer loop
       vertex  1.00000e-01  3.71545e-01  7.50000e-01
       vertex  1.00000e-01  3.24073e-01  7.83333e-01
       vertex  1.00000e-01  3.24073e-01  7.33333e-01
     endloop
  endfacet
  facet normal  2.60151e-04 -1.01932e-03 -2.96829e-05
     outer loop
       vertex  5.87357e-02 -2.43002e-01  1.49298e-01
       vertex  3.72669e-02 -2.47207e-01  1.05521e-01
       vertex  8.50777e-02 -2.35078e-01  1.08053e-01
     endloop
  endfacet
  facet normal  5.30363e-05 -1.05142e-03 -3.01896e-05
     outer loop
       vertex  3.72669e-02 -2.47207e-01  1.05521e-01
       vertex  1.36570e-02 -2.49627e-01  1.48324e-01
       vertex -1.20845e-02 -2.49708e-01  1.05925e-01
     endloop
  endfacet
  facet normal -6.13564e-04 -7.38615e-04  1.48271e-05
     outer loop
       vertex -1.70317e-01 -1.83008e-01  2.16990e-01
       vertex -1.44681e-01 -2.03881e-01  2.38078e-01
       vertex -1.77740e-01 -1.75808e-01  2.68508e-01
     endloop
  endfacet
  facet normal -1.19612e-04 -8.74315e-04 -2.21694e-05
     outer loop
       vertex -1.20845e-02 -2.49708e-01  1.05925e-01
       vertex -3.29593e-02 -2.47818e-01  1.44018e-01
       vertex -5.62822e-02 -2.43582e-01  1.02810e-01
     endloop
  endfacet
  facet normal  1.18680e-03  0.00000e+00  0.00000e+00
     outer loop
       vertex  1.00000e-01  3.71545e-01  5.00000e-01
       vertex  1.00000e-01  3.24073e-01  5.33333e-01
       vertex  1.00000e-01  3.24073e-01  4.83333e-01
     endloop
  endfacet
  facet normal -4.15870e-04 -9.20408e-04  2.48547e-05
     outer loop
       vertex -1.00899e-01 -2.28734e-01  9.41317e-02
       vertex -8.06700e-02 -2.36627e-01  1.40325e-01
       vertex -1.22971e-01 -2.17665e-01  1.34729e-01
     endloop
  endfacet
  facet normal  1.18680e-03  0.00000e+00  0.00000e+00
     outer loop
       vertex  1.00000e-01  3.71545e-01  4.50000e-01
       vertex  1.00000e-01  3.24073e-01  4.83333e-01
       vertex  1.00000e-01  3.24073e-01  4.33333e-01
     endloop
  endfacet
  facet normal  1.18680e-03  0.00000e+00  0.00000e+00
     outer loop
       vertex  1.00000e-01  3.71545e-01  2.00000e-01
       vertex  1.00000e-01  3.24073e-01  2.33333e-01
       vertex  1.00000e-01  3.24073e-01  1.83333e-01
     endloop
  endfacet
  facet normal  1.18680e-03  0.00000e+00  0.00000e+00
     outer loop
       vertex  1.00000e-01  3.71545e-01  3.00000e-01
       vertex  1.00000e-01  3.24073e-01  3.33333e-01
       vertex  1.00000e-01  3.24073e-01  2.83333e-01
     endloop
  endfacet
  facet normal -3.08693e-04 -9.42731e-04 -2.58944e-05
     outer loop
       vertex -5.62822e-02 -2.43582e-01  1.02810e-01
       vertex -8.06700e-02 -2.36627e-01  1.40325e-01
       vertex -1.00899e-01 -2.28734e-01  9.41317e-02
     endloop
  endfacet
  facet normal -5.62582e-04  7.53864e-04 -2.59773e-05
     outer loop
       vertex -1.53674e-01  1.97191e-01  1.30785e+00
       vertex -1.31718e-01  2.12486e-01  1.27623e+00
       vertex -1.69347e-01  1.83907e-01  1.26176e+00
     endloop
  endfacet
  facet normal  1.18680e-03  0.00000e+00  0.00000e+00
     outer loop
       vertex  1.00000e-01  3.71545e-01  2.50000e-01
       vertex  1.00000e-01  3.24073e-01  2.83333e-01
       vertex  1.00000e-01  3.24073e-01  2.33333e-01
     endloop
  endfacet
  facet normal  1.18680e-03  0.00000e+00  0.00000e+00
     outer loop
       vertex  1.00000e-01  3.71545e-01  1.00000e-01
       vertex  1.00000e-01  3.24073e-01  1.33333e-01
       vertex  1.00000e-01  3.24073e-01  8.33333e-02
     endloop
  endfacet
  facet normal  1.18680e-03  0.00000e+00  0.00000e+00
     outer loop
       vertex  1.00000e-01  3.71545e-01  1.80000e+00
       vertex  1.00000e-01  3.24073e-01  1.83333e+00
       vertex  1.00000e-01  3.24073e-01  1.78333e+00
     endloop
  endfacet
  facet normal -5.71692e-04 -7.01604e-04  5.56664e-07
     outer loop
       vertex -1.70317e-01 -1.83008e-01  2.16990e-01
       vertex -1.45103e-01 -2.03581e-01  1.82995e-01
       vertex -1.44681e-01 -2.03881e-01  2.38078e-01
     endloop
  endfacet
  facet normal  1.18680e-03  0.00000e+00  0.00000e+00
     outer loop
       vertex  1.00000e-01  3.71545e-01  1.75000e+00
       vertex  1.00000e-01  3.24073e-01  1.78333e+00
       vertex  1.00000e-01  3.24073e-01  1.73333e+00
     endloop
  endfacet
  facet normal -1.25960e-04 -8.97768e-04  2.17914e-05
     outer loop
       vertex -1.20845e-02 -2.49708e-01  1.05925e-01
       vertex -5.62822e-02 -2.43582e-01  1.02810e-01
       vertex -3.11298e-02 -2.48054e-01  6.39575e-02
     endloop
  endfacet
  facet normal -6.87394e-04 -9.76314e-04 -3.03020e-05
     outer loop
       vertex -1.63450e-01 -1.89166e-01  1.34782e-01
       vertex -1.22971e-01 -2.17665e-01  1.34729e-01
       vertex -1.45103e-01 -2.03581e-01  1.82995e-01
     endloop
  endfacet
  facet normal  4.12156e-04 -1.14484e-03 -4.06070e-05
     outer loop
       vertex  8.15516e-02 -2.36325e-01  1.92612e-01
       vertex  5.87357e-02 -2.43002e-01  1.49298e-01
       vertex  1.10305e-01 -2.24350e-01  1.46844e-01
     endloop
  endfacet
  facet normal  1.18680e-03  0.00000e+00  0.00000e+00
     outer loop
       vertex  1.00000e-01  3.71545e-01  1.50000e+00
       vertex  1.00000e-01  3.24073e-01  1.53333e+00
       vertex  1.00000e-01  3.24073e-01  1.48333e+00
     endloop
  endfacet
  facet normal -5.01385e-04 -8.91344e-04 -2.95624e-05
     outer loop
       vertex -1.00899e-01 -2.28734e-01  9.41317e-02
       vertex -1.22971e-01 -2.17665e-01  1.34729e-01
       vertex -1.43614e-01 -2.04634e-01  9.19293e-02
     endloop
  endfacet
  facet normal -1.69833e-04 -8.60826e-04 -1.08631e-05
     outer loop
       vertex -5.62822e-02 -2.43582e-01  1.02810e-01
       vertex -6.74132e-02 -2.40739e-01  5.15553e-02
       vertex -3.11298e-02 -2.48054e-01  6.39575e-02
     endloop
  endfacet
  facet normal  1.18680e-03  0.00000e+00  0.00000e+00
     outer loop
       vertex  1.00000e-01  3.71545e-01  1.45000e+00
       vertex  1.00000e-01  3.24073e-01  1.48333e+00
       vertex  1.00000e-01  3.24073e-01  1.43333e+00
     endloop
  endfacet
  facet normal -3.68179e-04 -1.09512e-03  1.92169e-05
     outer loop
       vertex -5.62822e-02 -2.43582e-01  1.02810e-01
       vertex -1.00899e-01 -2.28734e-01  9.41317e-02
       vertex -6.74132e-02 -2.40739e-01  5.15553e-02
     endloop
  endfacet
  facet normal  1.18680e-03  0.00000e+00  0.00000e+00
     outer loop
       vertex  1.00000e-01  3.71545e-01  1.30000e+00
       vertex  1.00000e-01  3.24073e-01  1.33333e+00
       vertex  1.00000e-01  3.24073e-01  1.28333e+00
     endloop
  endfacet
  facet normal  6.28214e-05 -1.23481e-03  2.98032e-05
     outer loop
       vertex  3.72669e-02 -2.47207e-01  1.05521e-01
       vertex -1.20845e-02 -2.49708e-01  1.05925e-01
       vertex  9.68463e-03 -2.49812e-01  5.57048e-02
     endloop
  endfacet
  facet normal  3.74940e-04 -1.03117e-03  4.13548e-05
     outer loop
       vertex  1.10305e-01 -2.24350e-01  1.46844e-01
       vertex  5.87357e-02 -2.43002e-01  1.49298e-01
       vertex  8.50777e-02 -2.35078e-01  1.08053e-01
     endloop
  endfacet
  facet normal  3.12558e-04 -1.23833e-03  2.97644e-05
     outer loop
       vertex  8.50777e-02 -2.35078e-01  1.08053e-01
       vertex  3.72669e-02 -2.47207e-01  1.05521e-01
       vertex  6.39013e-02 -2.41695e-01  5.51303e-02
     endloop
  endfacet
  facet normal  1.18680e-03  0.00000e+00  0.00000e+00
     outer loop
       vertex  1.00000e-01  3.71545e-01  1.25000e+00
       vertex  1.00000e-01  3.24073e-01  1.28333e+00
       vertex  1.00000e-01  3.24073e-01  1.23333e+00
     endloop
  endfacet
  facet normal -6.10212e-04 -8.66800e-04  3.03995e-05
     outer loop
       vertex -1.43614e-01 -2.04634e-01  9.19293e-02
       vertex -1.22971e-01 -2.17665e-01  1.34729e-01
       vertex -1.63450e-01 -1.89166e-01  1.34782e-01
     endloop
  endfacet
  facet normal -4.37129e-05 -9.35022e-04 -1.70012e-05
     outer loop
       vertex -1.20845e-02 -2.49708e-01  1.05925e-01
       vertex -3.11298e-02 -2.48054e-01  6.39575e-02
       vertex  9.68463e-03 -2.49812e-01  5.57048e-02
     endloop
  endfacet
  facet normal -4.11742e-04 -1.05300e-03 -2.69198e-05
     outer loop
       vertex -6.74132e-02 -2.40739e-01  5.15553e-02
       vertex -1.00899e-01 -2.28734e-01  9.41317e-02
       vertex -1.14421e-01 -2.22279e-01  4.84326e-02
     endloop
  endfacet
  facet normal  7.79665e-04 -5.90315e-19  1.86725e-20
     outer loop
       vertex  1.00000e-01  2.29129e-01  1.95000e+00
       vertex  1.00000e-01  2.64733e-01  1.91667e+00
       vertex  1.00000e-01  2.66078e-01  1.95920e+00
     endloop
  endfacet
  facet normal -5.43568e-04 -9.61116e-04  2.50673e-05
     outer loop
       vertex -1.00899e-01 -2.28734e-01  9.41317e-02
       vertex -1.43614e-01 -2.04634e-01  9.19293e-02
       vertex -1.14421e-01 -2.22279e-01  4.84326e-02
     endloop
  endfacet
  facet normal -1.02883e-03 -4.51298e-04  3.37881e-05
     outer loop
       vertex -2.37759e-01 -7.72702e-02  3.41501e-01
       vertex -2.27396e-01 -1.03879e-01  3.01628e-01
       vertex -2.16894e-01 -1.24326e-01  3.48319e-01
     endloop
  endfacet
  facet normal  1.18680e-03  0.00000e+00  0.00000e+00
     outer loop
       vertex  1.00000e-01  3.71545e-01  1.00000e+00
       vertex  1.00000e-01  3.24073e-01  1.03333e+00
       vertex  1.00000e-01  3.24073e-01  9.83333e-01
     endloop
  endfacet
  facet normal  1.18680e-03  0.00000e+00  0.00000e+00
     outer loop
       vertex  1.00000e-01  3.71545e-01  9.00000e-01
       vertex  1.00000e-01  3.24073e-01  9.33333e-01
       vertex  1.00000e-01  3.24073e-01  8.83333e-01
     endloop
  endfacet
  facet normal  1.18680e-03  0.00000e+00  0.00000e+00
     outer loop
       vertex  1.00000e-01  3.71545e-01  9.50000e-01
       vertex  1.00000e-01  3.24073e-01  9.83333e-01
       vertex  1.00000e-01  3.24073e-01  9.33333e-01
     endloop
  endfacet
  facet normal  1.18680e-03  0.00000e+00  0.00000e+00
     outer loop
       vertex  1.00000e-01  3.71545e-01  8.50000e-01
       vertex  1.00000e-01  3.24073e-01  8.83333e-01
       vertex  1.00000e-01  3.24073e-01  8.33333e-01
     endloop
  endfacet
  facet normal  2.02927e-04 -1.35835e-03 -4.13098e-05
     outer loop
       vertex  6.39013e-02 -2.41695e-01  5.51303e-02
       vertex  3.72669e-02 -2.47207e-01  1.05521e-01
       vertex  9.68463e-03 -2.49812e-01  5.57048e-02
     endloop
  endfacet
  facet normal -7.46613e-04 -8.44102e-04  3.17618e-05
     outer loop
       vertex -1.63450e-01 -1.89166e-01  1.34782e-01
       vertex -1.45103e-01 -2.03581e-01  1.82995e-01
       vertex -1.82933e-01 -1.70398e-01  1.75599e-01
     endloop
  endfacet
  facet normal  1.18680e-03  0.00000e+00  0.00000e+00
     outer loop
       vertex  1.00000e-01  3.71545e-01  7.00000e-01
       vertex  1.00000e-01  3.24073e-01  7.33333e-01
       vertex  1.00000e-01  3.24073e-01  6.83333e-01
     endloop
  endfacet
  facet normal  1.18680e-03  0.00000e+00  0.00000e+00
     outer loop
       vertex  1.00000e-01  3.71545e-01  6.00000e-01
       vertex  1.00000e-01  3.24073e-01  6.33333e-01
       vertex  1.00000e-01  3.24073e-01  5.83333e-01
     endloop
  endfacet
  facet normal -8.89128e-04 -8.72778e-05 -1.92452e-05
     outer loop
       vertex -2.50000e-01  2.88533e-04  3.66217e-01
       vertex -2.45615e-01 -4.66181e-02  3.76363e-01
       vertex -2.49751e-01 -1.11483e-02  4.06601e-01
     endloop
  endfacet
  facet normal  1.18680e-03  0.00000e+00  0.00000e+00
     outer loop
       vertex  1.00000e-01  3.71545e-01  6.50000e-01
       vertex  1.00000e-01  3.24073e-01  6.83333e-01
       vertex  1.00000e-01  3.24073e-01  6.33333e-01
     endloop
  endfacet
  facet normal  1.18680e-03  0.00000e+00  0.00000e+00
     outer loop
       vertex  1.00000e-01  3.71545e-01  5.50000e-01
       vertex  1.00000e-01  3.24073e-01  5.83333e-01
       vertex  1.00000e-01  3.24073e-01  5.33333e-01
     endloop
  endfacet
  facet normal  1.18680e-03  0.00000e+00  0.00000e+00
     outer loop
       vertex  1.00000e-01  3.71545e-01  4.00000e-01
       vertex  1.00000e-01  3.24073e-01  4.33333e-01
       vertex  1.00000e-01  3.24073e-01  3.83333e-01
     endloop
  endfacet
  facet normal -6.40093e-04 -7.36252e-04 -2.92091e-05
     outer loop
       vertex -1.82933e-01 -1.70398e-01  1.75599e-01
       vertex -1.45103e-01 -2.03581e-01  1.82995e-01
       vertex -1.70317e-01 -1.83008e-01  2.16990e-01
     endloop
  endfacet
  facet normal  1.18680e-03  0.00000e+00  0.00000e+00
     outer loop
       vertex  1.00000e-01  3.71545e-01  3.50000e-01
       vertex  1.00000e-01  3.24073e-01  3.83333e-01
       vertex  1.00000e-01  3.24073e-01  3.33333e-01
     endloop
  endfacet
  facet normal  1.58240e-03 -1.73472e-19 -3.29404e-19
     outer loop
       vertex  1.00000e-01  2.76601e-01  0.00000e+00
       vertex  1.00000e-01  3.24073e-01  4.16667e-02
       vertex  1.00000e-01  2.76601e-01  6.66666e-02
     endloop
  endfacet
  facet normal  1.18680e-03  0.00000e+00  0.00000e+00
     outer loop
       vertex  1.00000e-01  3.71545e-01  1.50000e-01
       vertex  1.00000e-01  3.24073e-01  1.83333e-01
       vertex  1.00000e-01  3.24073e-01  1.33333e-01
     endloop
  endfacet
  facet normal  9.89003e-04  0.00000e+00  0.00000e+00
     outer loop
       vertex  1.00000e-01  3.71545e-01  5.00000e-02
       vertex  1.00000e-01  3.24073e-01  8.33333e-02
       vertex  1.00000e-01  3.24073e-01  4.16667e-02
     endloop
  endfacet
  facet normal  3.88252e-04 -8.29351e-04 -2.31199e-05
     outer loop
       vertex  1.10305e-01 -2.24350e-01  1.46844e-01
       vertex  8.50777e-02 -2.35078e-01  1.08053e-01
       vertex  1.26524e-01 -2.15619e-01  1.06033e-01
     endloop
  endfacet
  facet normal -8.59130e-04 -7.70713e-04 -1.60696e-05
     outer loop
       vertex -2.00312e-01 -1.49584e-01  2.17504e-01
       vertex -1.70317e-01 -1.83008e-01  2.16990e-01
       vertex -1.77740e-01 -1.75808e-01  2.68508e-01
     endloop
  endfacet
  facet normal  4.62126e-04 -1.18218e-03 -3.71031e-05
     outer loop
       vertex  6.39013e-02 -2.41695e-01  5.51303e-02
       vertex  1.13791e-01 -2.22602e-01  6.81612e-02
       vertex  8.50777e-02 -2.35078e-01  1.08053e-01
     endloop
  endfacet
  facet normal -6.65342e-04 -7.82886e-04 -2.54094e-05
     outer loop
       vertex -1.43614e-01 -2.04634e-01  9.19293e-02
       vertex -1.63450e-01 -1.89166e-01  1.34782e-01
       vertex -1.79183e-01 -1.74337e-01  8.98352e-02
     endloop
  endfacet
  facet normal -1.18680e-03 -1.38778e-18  0.00000e+00
     outer loop
       vertex -1.00000e-01  2.29129e-01  1.90000e+00
       vertex -1.00000e-01  2.76601e-01  1.93333e+00
       vertex -1.00000e-01  2.76601e-01  1.88333e+00
     endloop
  endfacet
  facet normal -1.18680e-03 -1.38778e-18  0.00000e+00
     outer loop
       vertex -1.00000e-01  2.29129e-01  1.85000e+00
       vertex -1.00000e-01  2.76601e-01  1.88333e+00
       vertex -1.00000e-01  2.76601e-01  1.83333e+00
     endloop
  endfacet
  facet normal -1.18680e-03 -1.38778e-18  0.00000e+00
     outer loop
       vertex -1.00000e-01  2.29129e-01  1.80000e+00
       vertex -1.00000e-01  2.76601e-01  1.83333e+00
       vertex -1.00000e-01  2.76601e-01  1.78333e+00
     endloop
  endfacet
  facet normal  1.29676e-03  0.00000e+00  0.00000e+00
     outer loop
       vertex  1.00000e-01  3.71545e-01  1.90000e+00
       vertex  1.00000e-01  3.29627e-01  1.94395e+00
       vertex  1.00000e-01  3.18953e-01  1.89327e+00
     endloop
  endfacet
  facet normal -7.63434e-04 -7.27575e-04 -2.98463e-05
     outer loop
       vertex -1.63450e-01 -1.89166e-01  1.34782e-01
       vertex -1.82933e-01 -1.70398e-01  1.75599e-01
       vertex -1.97424e-01 -1.53374e-01  1.31270e-01
     endloop
  endfacet
  facet normal  3.75529e-04 -7.97691e-04  2.08163e-05
     outer loop
       vertex  1.26524e-01 -2.15619e-01  1.06033e-01
       vertex  8.50777e-02 -2.35078e-01  1.08053e-01
       vertex  1.13791e-01 -2.22602e-01  6.81612e-02
     endloop
  endfacet
  facet normal -1.18680e-03 -1.38778e-18  0.00000e+00
     outer loop
       vertex -1.00000e-01  2.29129e-01  1.75000e+00
       vertex -1.00000e-01  2.76601e-01  1.78333e+00
       vertex -1.00000e-01  2.76601e-01  1.73333e+00
     endloop
  endfacet
  facet normal -1.18680e-03 -1.38778e-18  0.00000e+00
     outer loop
       vertex -1.00000e-01  2.29129e-01  1.70000e+00
       vertex -1.00000e-01  2.76601e-01  1.73333e+00
       vertex -1.00000e-01  2.76601e-01  1.68333e+00
     endloop
  endfacet
  facet normal -7.78338e-04 -7.35885e-04  2.96482e-05
     outer loop
       vertex -1.63450e-01 -1.89166e-01  1.34782e-01
       vertex -1.97424e-01 -1.53374e-01  1.31270e-01
       vertex -1.79183e-01 -1.74337e-01  8.98352e-02
     endloop
  endfacet
  facet normal -1.18680e-03 -1.38778e-18  0.00000e+00
     outer loop
       vertex -1.00000e-01  2.29129e-01  1.65000e+00
       vertex -1.00000e-01  2.76601e-01  1.68333e+00
       vertex -1.00000e-01  2.76601e-01  1.63333e+00
     endloop
  endfacet
  facet normal -1.18680e-03 -1.38778e-18  0.00000e+00
     outer loop
       vertex -1.00000e-01  2.29129e-01  1.60000e+00
       vertex -1.00000e-01  2.76601e-01  1.63333e+00
       vertex -1.00000e-01  2.76601e-01  1.58333e+00
     endloop
  endfacet
  facet normal -1.18680e-03 -1.38778e-18  0.00000e+00
     outer loop
       vertex -1.00000e-01  2.29129e-01  1.45000e+00
       vertex -1.00000e-01  2.76601e-01  1.48333e+00
       vertex -1.00000e-01  2.76601e-01  1.43333e+00
     endloop
  endfacet
  facet normal -1.18680e-03 -1.38778e-18  0.00000e+00
     outer loop
       vertex -1.00000e-01  2.29129e-01  1.40000e+00
       vertex -1.00000e-01  2.76601e-01  1.43333e+00
       vertex -1.00000e-01  2.76601e-01  1.38333e+00
     endloop
  endfacet
  facet normal -1.18680e-03 -1.38778e-18  0.00000e+00
     outer loop
       vertex -1.00000e-01  2.29129e-01  1.50000e-01
       vertex -1.00000e-01  2.76601e-01  1.83333e-01
       vertex -1.00000e-01  2.76601e-01  1.33333e-01
     endloop
  endfacet
  facet normal -1.18680e-03 -1.38778e-18  0.00000e+00
     outer loop
       vertex -1.00000e-01  2.29129e-01  1.35000e+00
       vertex -1.00000e-01  2.76601e-01  1.38333e+00
       vertex -1.00000e-01  2.76601e-01  1.33333e+00
     endloop
  endfacet
  facet normal -1.18680e-03 -1.38778e-18  0.00000e+00
     outer loop
       vertex -1.00000e-01  2.29129e-01  1.30000e+00
       vertex -1.00000e-01  2.76601e-01  1.33333e+00
       vertex -1.00000e-01  2.76601e-01  1.28333e+00
     endloop
  endfacet
  facet normal -5.84595e-04 -9.10684e-04 -2.29250e-05
     outer loop
       vertex -1.43614e-01 -2.04634e-01  9.19293e-02
       vertex -1.54833e-01 -1.96282e-01  4.62543e-02
       vertex -1.14421e-01 -2.22279e-01  4.84326e-02
     endloop
  endfacet
  facet normal -1.18680e-03 -1.38778e-18  0.00000e+00
     outer loop
       vertex -1.00000e-01  2.29129e-01  1.15000e+00
       vertex -1.00000e-01  2.76601e-01  1.18333e+00
       vertex -1.00000e-01  2.76601e-01  1.13333e+00
     endloop
  endfacet
  facet normal -1.18680e-03 -1.38778e-18  0.00000e+00
     outer loop
       vertex -1.00000e-01  2.29129e-01  1.10000e+00
       vertex -1.00000e-01  2.76601e-01  1.13333e+00
       vertex -1.00000e-01  2.76601e-01  1.08333e+00
     endloop
  endfacet
  facet normal -1.18680e-03 -1.38778e-18  0.00000e+00
     outer loop
       vertex -1.00000e-01  2.29129e-01  1.05000e+00
       vertex -1.00000e-01  2.76601e-01  1.08333e+00
       vertex -1.00000e-01  2.76601e-01  1.03333e+00
     endloop
  endfacet
  facet normal -1.18680e-03 -1.38778e-18  0.00000e+00
     outer loop
       vertex -1.00000e-01  2.29129e-01  1.00000e+00
       vertex -1.00000e-01  2.76601e-01  1.03333e+00
       vertex -1.00000e-01  2.76601e-01  9.83333e-01
     endloop
  endfacet
  facet normal  3.28411e-04 -8.75653e-04  2.56988e-05
     outer loop
       vertex  1.03480e-01 -2.27578e-01  3.03645e-02
       vertex  1.13791e-01 -2.22602e-01  6.81612e-02
       vertex  6.39013e-02 -2.41695e-01  5.51303e-02
     endloop
  endfacet
  facet normal  4.23228e-04 -6.61150e-04 -2.03953e-05
     outer loop
       vertex  1.52180e-01 -1.98346e-01  7.84940e-02
       vertex  1.26524e-01 -2.15619e-01  1.06033e-01
       vertex  1.13791e-01 -2.22602e-01  6.81612e-02
     endloop
  endfacet
  facet normal -6.83157e-04 -8.00564e-04  2.14216e-05
     outer loop
       vertex -1.43614e-01 -2.04634e-01  9.19293e-02
       vertex -1.79183e-01 -1.74337e-01  8.98352e-02
       vertex -1.54833e-01 -1.96282e-01  4.62543e-02
     endloop
  endfacet
  facet normal -8.50144e-04 -6.45297e-04  3.00989e-05
     outer loop
       vertex -1.97424e-01 -1.53374e-01  1.31270e-01
       vertex -1.82933e-01 -1.70398e-01  1.75599e-01
       vertex -2.12918e-01 -1.31019e-01  1.72933e-01
     endloop
  endfacet
  facet normal -6.94975e-04 -6.23986e-04  2.17217e-05
     outer loop
       vertex -1.82933e-01 -1.70398e-01  1.75599e-01
       vertex -1.70317e-01 -1.83008e-01  2.16990e-01
       vertex -2.00312e-01 -1.49584e-01  2.17504e-01
     endloop
  endfacet
  facet normal -1.18680e-03 -1.38778e-18  0.00000e+00
     outer loop
       vertex -1.00000e-01  2.29129e-01  7.50000e-01
       vertex -1.00000e-01  2.76601e-01  7.83333e-01
       vertex -1.00000e-01  2.76601e-01  7.33333e-01
     endloop
  endfacet
  facet normal -1.18680e-03 -1.38778e-18  0.00000e+00
     outer loop
       vertex -1.00000e-01  2.29129e-01  7.00000e-01
       vertex -1.00000e-01  2.76601e-01  7.33333e-01
       vertex -1.00000e-01  2.76601e-01  6.83333e-01
     endloop
  endfacet
  facet normal  4.70065e-04 -7.52962e-04  2.11158e-05
     outer loop
       vertex  1.39552e-01 -2.07425e-01  3.58669e-02
       vertex  1.52180e-01 -1.98346e-01  7.84940e-02
       vertex  1.13791e-01 -2.22602e-01  6.81612e-02
     endloop
  endfacet
  facet normal -1.18680e-03 -1.38778e-18  0.00000e+00
     outer loop
       vertex -1.00000e-01  2.29129e-01  5.50000e-01
       vertex -1.00000e-01  2.76601e-01  5.83333e-01
       vertex -1.00000e-01  2.76601e-01  5.33333e-01
     endloop
  endfacet
  facet normal -1.18680e-03 -1.38778e-18  0.00000e+00
     outer loop
       vertex -1.00000e-01  2.29129e-01  5.00000e-01
       vertex -1.00000e-01  2.76601e-01  5.33333e-01
       vertex -1.00000e-01  2.76601e-01  4.83333e-01
     endloop
  endfacet
  facet normal  6.41796e-04 -7.72763e-04 -2.55391e-05
     outer loop
       vertex  1.77337e-01 -1.76214e-01  4.10256e-02
       vertex  1.52180e-01 -1.98346e-01  7.84940e-02
       vertex  1.39552e-01 -2.07425e-01  3.58669e-02
     endloop
  endfacet
  facet normal -8.13386e-04 -5.66618e-04  2.41294e-05
     outer loop
       vertex -2.00243e-01 -1.49675e-01  3.14350e-01
       vertex -1.89691e-01 -1.62841e-01  3.60882e-01
       vertex -2.16894e-01 -1.24326e-01  3.48319e-01
     endloop
  endfacet
  facet normal  3.67167e-04 -6.53330e-04 -1.41439e-05
     outer loop
       vertex  1.39552e-01 -2.07425e-01  3.58669e-02
       vertex  1.13791e-01 -2.22602e-01  6.81612e-02
       vertex  1.03480e-01 -2.27578e-01  3.03645e-02
     endloop
  endfacet
  facet normal -8.52837e-04 -6.51424e-04 -3.01187e-05
     outer loop
       vertex -2.12918e-01 -1.31019e-01  1.72933e-01
       vertex -1.82933e-01 -1.70398e-01  1.75599e-01
       vertex -2.00312e-01 -1.49584e-01  2.17504e-01
     endloop
  endfacet
  facet normal -1.18680e-03 -1.38778e-18  0.00000e+00
     outer loop
       vertex -1.00000e-01  2.29129e-01  1.55000e+00
       vertex -1.00000e-01  2.76601e-01  1.58333e+00
       vertex -1.00000e-01  2.76601e-01  1.53333e+00
     endloop
  endfacet
  facet normal -1.18680e-03 -1.38778e-18  0.00000e+00
     outer loop
       vertex -1.00000e-01  2.29129e-01  1.50000e+00
       vertex -1.00000e-01  2.76601e-01  1.53333e+00
       vertex -1.00000e-01  2.76601e-01  1.48333e+00
     endloop
  endfacet
  facet normal -8.10097e-04 -6.45334e-04 -3.01471e-05
     outer loop
       vertex -2.10074e-01 -1.35531e-01  8.92500e-02
       vertex -1.79183e-01 -1.74337e-01  8.98352e-02
       vertex -1.97424e-01 -1.53374e-01  1.31270e-01
     endloop
  endfacet
  facet normal -1.18680e-03 -1.38778e-18  0.00000e+00
     outer loop
       vertex -1.00000e-01  2.29129e-01  2.50000e-01
       vertex -1.00000e-01  2.76601e-01  2.83333e-01
       vertex -1.00000e-01  2.76601e-01  2.33333e-01
     endloop
  endfacet
  facet normal -1.18680e-03 -1.38778e-18  0.00000e+00
     outer loop
       vertex -1.00000e-01  2.29129e-01  2.00000e-01
       vertex -1.00000e-01  2.76601e-01  2.33333e-01
       vertex -1.00000e-01  2.76601e-01  1.83333e-01
     endloop
  endfacet
  facet normal -1.18680e-03 -0.00000e+00  0.00000e+00
     outer loop
       vertex -1.00000e-01  3.71545e-01  1.70000e+00
       vertex -1.00000e-01  3.24073e-01  1.66667e+00
       vertex -1.00000e-01  3.24073e-01  1.71667e+00
     endloop
  endfacet
  facet normal -1.18680e-03 -0.00000e+00  0.00000e+00
     outer loop
       vertex -1.00000e-01  3.71545e-01  1.60000e+00
       vertex -1.00000e-01  3.24073e-01  1.56667e+00
       vertex -1.00000e-01  3.24073e-01  1.61667e+00
     endloop
  endfacet
  facet normal -1.18680e-03 -0.00000e+00  0.00000e+00
     outer loop
       vertex -1.00000e-01  3.71545e-01  1.65000e+00
       vertex -1.00000e-01  3.24073e-01  1.61667e+00
       vertex -1.00000e-01  3.24073e-01  1.66667e+00
     endloop
  endfacet
  facet normal -1.18680e-03 -0.00000e+00  0.00000e+00
     outer loop
       vertex -1.00000e-01  3.71545e-01  1.55000e+00
       vertex -1.00000e-01  3.24073e-01  1.51667e+00
       vertex -1.00000e-01  3.24073e-01  1.56667e+00
     endloop
  endfacet
  facet normal -1.18680e-03 -1.38778e-18  0.00000e+00
     outer loop
       vertex -1.00000e-01  2.29129e-01  1.25000e+00
       vertex -1.00000e-01  2.76601e-01  1.28333e+00
       vertex -1.00000e-01  2.76601e-01  1.23333e+00
     endloop
  endfacet
  facet normal -1.18680e-03 -1.38778e-18  0.00000e+00
     outer loop
       vertex -1.00000e-01  2.29129e-01  1.20000e+00
       vertex -1.00000e-01  2.76601e-01  1.23333e+00
       vertex -1.00000e-01  2.76601e-01  1.18333e+00
     endloop
  endfacet
  facet normal -1.10690e-03 -8.46290e-04  5.47196e-05
     outer loop
       vertex -2.14816e-01 -1.27884e-01  2.59717e-01
       vertex -2.00312e-01 -1.49584e-01  2.17504e-01
       vertex -1.77740e-01 -1.75808e-01  2.68508e-01
     endloop
  endfacet
  facet normal -1.18680e-03 -0.00000e+00  0.00000e+00
     outer loop
       vertex -1.00000e-01  3.71545e-01  1.40000e+00
       vertex -1.00000e-01  3.24073e-01  1.36667e+00
       vertex -1.00000e-01  3.24073e-01  1.41667e+00
     endloop
  endfacet
  facet normal -7.59730e-04 -7.89052e-04 -2.71584e-05
     outer loop
       vertex -1.54833e-01 -1.96282e-01  4.62543e-02
       vertex -1.79183e-01 -1.74337e-01  8.98352e-02
       vertex -1.90453e-01 -1.61950e-01  4.51963e-02
     endloop
  endfacet
  facet normal -1.18680e-03 -0.00000e+00  0.00000e+00
     outer loop
       vertex -1.00000e-01  3.71545e-01  1.35000e+00
       vertex -1.00000e-01  3.24073e-01  1.31667e+00
       vertex -1.00000e-01  3.24073e-01  1.36667e+00
     endloop
  endfacet
  facet normal -8.75084e-04 -5.52167e-04 -2.91466e-05
     outer loop
       vertex -2.23552e-01 -1.11913e-01  1.30252e-01
       vertex -1.97424e-01 -1.53374e-01  1.31270e-01
       vertex -2.12918e-01 -1.31019e-01  1.72933e-01
     endloop
  endfacet
  facet normal -1.18680e-03 -1.38778e-18  0.00000e+00
     outer loop
       vertex -1.00000e-01  2.29129e-01  9.50000e-01
       vertex -1.00000e-01  2.76601e-01  9.83333e-01
       vertex -1.00000e-01  2.76601e-01  9.33333e-01
     endloop
  endfacet
  facet normal -1.18680e-03 -1.38778e-18  0.00000e+00
     outer loop
       vertex -1.00000e-01  2.29129e-01  9.00000e-01
       vertex -1.00000e-01  2.76601e-01  9.33333e-01
       vertex -1.00000e-01  2.76601e-01  8.83333e-01
     endloop
  endfacet
  facet normal -1.18680e-03 -0.00000e+00  0.00000e+00
     outer loop
       vertex -1.00000e-01  3.71545e-01  1.20000e+00
       vertex -1.00000e-01  3.24073e-01  1.16667e+00
       vertex -1.00000e-01  3.24073e-01  1.21667e+00
     endloop
  endfacet
  facet normal -8.62505e-04 -6.86187e-04  2.73358e-05
     outer loop
       vertex -1.90453e-01 -1.61950e-01  4.51963e-02
       vertex -1.79183e-01 -1.74337e-01  8.98352e-02
       vertex -2.10074e-01 -1.35531e-01  8.92500e-02
     endloop
  endfacet
  facet normal -1.00617e-03  6.75652e-04 -2.56449e-05
     outer loop
       vertex -2.19783e-01  1.19145e-01  4.12141e-01
       vertex -2.02787e-01  1.46211e-01  4.58388e-01
       vertex -1.92664e-01  1.59313e-01  4.06424e-01
     endloop
  endfacet
  facet normal -1.18680e-03 -0.00000e+00  0.00000e+00
     outer loop
       vertex -1.00000e-01  3.71545e-01  1.15000e+00
       vertex -1.00000e-01  3.24073e-01  1.11667e+00
       vertex -1.00000e-01  3.24073e-01  1.16667e+00
     endloop
  endfacet
  facet normal -1.18680e-03 -1.38778e-18  0.00000e+00
     outer loop
       vertex -1.00000e-01  2.29129e-01  8.50000e-01
       vertex -1.00000e-01  2.76601e-01  8.83333e-01
       vertex -1.00000e-01  2.76601e-01  8.33333e-01
     endloop
  endfacet
  facet normal -1.18680e-03 -1.38778e-18  0.00000e+00
     outer loop
       vertex -1.00000e-01  2.29129e-01  8.00000e-01
       vertex -1.00000e-01  2.76601e-01  8.33333e-01
       vertex -1.00000e-01  2.76601e-01  7.83333e-01
     endloop
  endfacet
  facet normal -8.62021e-04 -5.42504e-04  2.91482e-05
     outer loop
       vertex -2.10074e-01 -1.35531e-01  8.92500e-02
       vertex -1.97424e-01 -1.53374e-01  1.31270e-01
       vertex -2.23552e-01 -1.11913e-01  1.30252e-01
     endloop
  endfacet
  facet normal -7.64568e-04 -7.03504e-04 -2.56729e-05
     outer loop
       vertex -1.67713e-01 -1.85397e-01  3.24459e-01
       vertex -1.89691e-01 -1.62841e-01  3.60882e-01
       vertex -2.00243e-01 -1.49675e-01  3.14350e-01
     endloop
  endfacet
  facet normal -1.18680e-03 -1.38778e-18  0.00000e+00
     outer loop
       vertex -1.00000e-01  2.29129e-01  6.50000e-01
       vertex -1.00000e-01  2.76601e-01  6.83333e-01
       vertex -1.00000e-01  2.76601e-01  6.33333e-01
     endloop
  endfacet
  facet normal -1.18680e-03 -1.38778e-18  0.00000e+00
     outer loop
       vertex -1.00000e-01  2.29129e-01  6.00000e-01
       vertex -1.00000e-01  2.76601e-01  6.33333e-01
       vertex -1.00000e-01  2.76601e-01  5.83333e-01
     endloop
  endfacet
  facet normal -9.57623e-04 -2.16789e-20 -2.71231e-19
     outer loop
       vertex -1.00000e-01  3.24073e-01  0.00000e+00
       vertex -1.00000e-01  2.98636e-01  5.10309e-02
       vertex -1.00000e-01  3.37724e-01  4.79066e-02
     endloop
  endfacet
  facet normal -1.18680e-03 -1.38778e-18  0.00000e+00
     outer loop
       vertex -1.00000e-01  2.29129e-01  4.50000e-01
       vertex -1.00000e-01  2.76601e-01  4.83333e-01
       vertex -1.00000e-01  2.76601e-01  4.33333e-01
     endloop
  endfacet
  facet normal -1.18680e-03 -1.38778e-18  0.00000e+00
     outer loop
       vertex -1.00000e-01  2.29129e-01  4.00000e-01
       vertex -1.00000e-01  2.76601e-01  4.33333e-01
       vertex -1.00000e-01  2.76601e-01  3.83333e-01
     endloop
  endfacet
  facet normal -8.52434e-04  1.91059e-19 -7.77953e-19
     outer loop
       vertex -1.00000e-01  2.76601e-01  0.00000e+00
       vertex -1.00000e-01  2.61264e-01  4.18527e-02
       vertex -1.00000e-01  2.98636e-01  5.10309e-02
     endloop
  endfacet
  facet normal -9.03039e-04 -5.45404e-04  2.82418e-05
     outer loop
       vertex -2.25377e-01 -1.08190e-01  2.15411e-01
       vertex -2.12918e-01 -1.31019e-01  1.72933e-01
       vertex -2.00312e-01 -1.49584e-01  2.17504e-01
     endloop
  endfacet
  facet normal -9.47380e-04 -3.26796e-04 -2.81287e-05
     outer loop
       vertex -2.43226e-01 -5.78039e-02  2.99463e-01
       vertex -2.27396e-01 -1.03879e-01  3.01628e-01
       vertex -2.37759e-01 -7.72702e-02  3.41501e-01
     endloop
  endfacet
  facet normal -1.18680e-03 -1.38778e-18  0.00000e+00
     outer loop
       vertex -1.00000e-01  2.29129e-01  3.50000e-01
       vertex -1.00000e-01  2.76601e-01  3.83333e-01
       vertex -1.00000e-01  2.76601e-01  3.33333e-01
     endloop
  endfacet
  facet normal -1.18680e-03 -1.38778e-18  0.00000e+00
     outer loop
       vertex -1.00000e-01  2.29129e-01  3.00000e-01
       vertex -1.00000e-01  2.76601e-01  3.33333e-01
       vertex -1.00000e-01  2.76601e-01  2.83333e-01
     endloop
  endfacet
  facet normal -9.27340e-04 -4.50572e-04  2.93510e-05
     outer loop
       vertex -2.23552e-01 -1.11913e-01  1.30252e-01
       vertex -2.12918e-01 -1.31019e-01  1.72933e-01
       vertex -2.34430e-01 -8.68492e-02  1.71335e-01
     endloop
  endfacet
  facet normal -9.56357e-04 -4.66838e-04 -2.96192e-05
     outer loop
       vertex -2.34430e-01 -8.68492e-02  1.71335e-01
       vertex -2.12918e-01 -1.31019e-01  1.72933e-01
       vertex -2.25377e-01 -1.08190e-01  2.15411e-01
     endloop
  endfacet
  facet normal -9.50881e-04 -8.59360e-04  2.31168e-05
     outer loop
       vertex -1.67713e-01 -1.85397e-01  3.24459e-01
       vertex -2.00243e-01 -1.49675e-01  3.14350e-01
       vertex -1.77740e-01 -1.75808e-01  2.68508e-01
     endloop
  endfacet
  facet normal -1.18680e-03 -0.00000e+00  0.00000e+00
     outer loop
       vertex -1.00000e-01  3.71545e-01  5.00000e-01
       vertex -1.00000e-01  3.24073e-01  4.66667e-01
       vertex -1.00000e-01  3.24073e-01  5.16667e-01
     endloop
  endfacet
  facet normal -1.18680e-03 -0.00000e+00  0.00000e+00
     outer loop
       vertex -1.00000e-01  3.71545e-01  4.50000e-01
       vertex -1.00000e-01  3.24073e-01  4.16667e-01
       vertex -1.00000e-01  3.24073e-01  4.66667e-01
     endloop
  endfacet
  facet normal -1.18680e-03 -0.00000e+00  0.00000e+00
     outer loop
       vertex -1.00000e-01  3.71545e-01  1.90000e+00
       vertex -1.00000e-01  3.24073e-01  1.86667e+00
       vertex -1.00000e-01  3.24073e-01  1.91667e+00
     endloop
  endfacet
  facet normal -1.58240e-03 -5.20417e-19  9.88213e-19
     outer loop
       vertex -1.00000e-01  2.76601e-01  2.00000e+00
       vertex -1.00000e-01  3.24073e-01  1.95833e+00
       vertex -1.00000e-01  2.76601e-01  1.93333e+00
     endloop
  endfacet
  facet normal -9.41857e-04 -4.85491e-04 -2.99364e-05
     outer loop
       vertex -2.10074e-01 -1.35531e-01  8.92500e-02
       vertex -2.23552e-01 -1.11913e-01  1.30252e-01
       vertex -2.32628e-01 -9.15660e-02  8.58185e-02
     endloop
  endfacet
  facet normal -1.18680e-03 -0.00000e+00  0.00000e+00
     outer loop
       vertex -1.00000e-01  3.71545e-01  1.80000e+00
       vertex -1.00000e-01  3.24073e-01  1.76667e+00
       vertex -1.00000e-01  3.24073e-01  1.81667e+00
     endloop
  endfacet
  facet normal -1.18680e-03 -0.00000e+00  0.00000e+00
     outer loop
       vertex -1.00000e-01  3.71545e-01  1.85000e+00
       vertex -1.00000e-01  3.24073e-01  1.81667e+00
       vertex -1.00000e-01  3.24073e-01  1.86667e+00
     endloop
  endfacet
  facet normal -8.95909e-04 -6.24381e-04 -2.46066e-05
     outer loop
       vertex -1.90453e-01 -1.61950e-01  4.51963e-02
       vertex -2.10074e-01 -1.35531e-01  8.92500e-02
       vertex -2.18056e-01 -1.22277e-01  4.35267e-02
     endloop
  endfacet
  facet normal -1.18680e-03 -0.00000e+00  0.00000e+00
     outer loop
       vertex -1.00000e-01  3.71545e-01  1.75000e+00
       vertex -1.00000e-01  3.24073e-01  1.71667e+00
       vertex -1.00000e-01  3.24073e-01  1.76667e+00
     endloop
  endfacet
  facet normal -9.91861e-04 -3.81332e-04 -2.99731e-05
     outer loop
       vertex -2.23552e-01 -1.11913e-01  1.30252e-01
       vertex -2.34430e-01 -8.68492e-02  1.71335e-01
       vertex -2.41206e-01 -6.57238e-02  1.26816e-01
     endloop
  endfacet
  facet normal -9.89003e-04 -0.00000e+00  0.00000e+00
     outer loop
       vertex -1.00000e-01  3.71545e-01  1.95000e+00
       vertex -1.00000e-01  3.24073e-01  1.91667e+00
       vertex -1.00000e-01  3.24073e-01  1.95833e+00
     endloop
  endfacet
  facet normal -9.91209e-04 -3.76621e-04  2.99965e-05
     outer loop
       vertex -2.23552e-01 -1.11913e-01  1.30252e-01
       vertex -2.41206e-01 -6.57238e-02  1.26816e-01
       vertex -2.32628e-01 -9.15660e-02  8.58185e-02
     endloop
  endfacet
  facet normal -9.82379e-04 -5.01913e-04  2.59874e-05
     outer loop
       vertex -2.10074e-01 -1.35531e-01  8.92500e-02
       vertex -2.32628e-01 -9.15660e-02  8.58185e-02
       vertex -2.18056e-01 -1.22277e-01  4.35267e-02
     endloop
  endfacet
  facet normal -1.18680e-03 -0.00000e+00  0.00000e+00
     outer loop
       vertex -1.00000e-01  3.71545e-01  1.50000e+00
       vertex -1.00000e-01  3.24073e-01  1.46667e+00
       vertex -1.00000e-01  3.24073e-01  1.51667e+00
     endloop
  endfacet
  facet normal -1.18680e-03 -0.00000e+00  0.00000e+00
     outer loop
       vertex -1.00000e-01  3.71545e-01  1.45000e+00
       vertex -1.00000e-01  3.24073e-01  1.41667e+00
       vertex -1.00000e-01  3.24073e-01  1.46667e+00
     endloop
  endfacet
  facet normal -9.16764e-04 -2.05465e-04 -2.59381e-05
     outer loop
       vertex -2.48204e-01 -2.99142e-02  3.35544e-01
       vertex -2.37759e-01 -7.72702e-02  3.41501e-01
       vertex -2.45615e-01 -4.66181e-02  3.76363e-01
     endloop
  endfacet
  facet normal -1.18680e-03 -0.00000e+00  0.00000e+00
     outer loop
       vertex -1.00000e-01  3.71545e-01  1.30000e+00
       vertex -1.00000e-01  3.24073e-01  1.26667e+00
       vertex -1.00000e-01  3.24073e-01  1.31667e+00
     endloop
  endfacet
  facet normal -1.18680e-03 -0.00000e+00  0.00000e+00
     outer loop
       vertex -1.00000e-01  3.71545e-01  1.25000e+00
       vertex -1.00000e-01  3.24073e-01  1.21667e+00
       vertex -1.00000e-01  3.24073e-01  1.26667e+00
     endloop
  endfacet
  facet normal -1.01928e-03 -2.90864e-04 -2.99327e-05
     outer loop
       vertex -2.32628e-01 -9.15660e-02  8.58185e-02
       vertex -2.41206e-01 -6.57238e-02  1.26816e-01
       vertex -2.46094e-01 -4.40211e-02  8.23612e-02
     endloop
  endfacet
  facet normal -6.40414e-04  8.40950e-04  4.42906e-06
     outer loop
       vertex -1.33477e-01  2.11386e-01  1.23085e+00
       vertex -1.69347e-01  1.83907e-01  1.26176e+00
       vertex -1.31718e-01  2.12486e-01  1.27623e+00
     endloop
  endfacet
  facet normal -1.18680e-03 -0.00000e+00  0.00000e+00
     outer loop
       vertex -1.00000e-01  3.71545e-01  1.10000e+00
       vertex -1.00000e-01  3.24073e-01  1.06667e+00
       vertex -1.00000e-01  3.24073e-01  1.11667e+00
     endloop
  endfacet
  facet normal -5.82480e-04  7.89818e-04 -8.44709e-06
     outer loop
       vertex -1.64502e-01  1.88253e-01  1.20726e+00
       vertex -1.33477e-01  2.11386e-01  1.23085e+00
       vertex -1.29225e-01  2.14011e-01  1.18317e+00
     endloop
  endfacet
  facet normal -1.18680e-03 -0.00000e+00  0.00000e+00
     outer loop
       vertex -1.00000e-01  3.71545e-01  1.00000e+00
       vertex -1.00000e-01  3.24073e-01  9.66667e-01
       vertex -1.00000e-01  3.24073e-01  1.01667e+00
     endloop
  endfacet
  facet normal -9.93487e-04 -4.34718e-04 -2.66350e-05
     outer loop
       vertex -2.32628e-01 -9.15660e-02  8.58185e-02
       vertex -2.37936e-01 -7.67226e-02  4.15607e-02
       vertex -2.18056e-01 -1.22277e-01  4.35267e-02
     endloop
  endfacet
  facet normal -1.18680e-03 -0.00000e+00  0.00000e+00
     outer loop
       vertex -1.00000e-01  3.71545e-01  9.00000e-01
       vertex -1.00000e-01  3.24073e-01  8.66667e-01
       vertex -1.00000e-01  3.24073e-01  9.16667e-01
     endloop
  endfacet
  facet normal -1.18680e-03 -0.00000e+00  0.00000e+00
     outer loop
       vertex -1.00000e-01  3.71545e-01  1.05000e+00
       vertex -1.00000e-01  3.24073e-01  1.01667e+00
       vertex -1.00000e-01  3.24073e-01  1.06667e+00
     endloop
  endfacet
  facet normal -1.02646e-03 -2.88812e-04  2.62546e-05
     outer loop
       vertex -2.32628e-01 -9.15660e-02  8.58185e-02
       vertex -2.46094e-01 -4.40211e-02  8.23612e-02
       vertex -2.37936e-01 -7.67226e-02  4.15607e-02
     endloop
  endfacet
  facet normal -1.03523e-03 -2.69073e-04  2.98978e-05
     outer loop
       vertex -2.41206e-01 -6.57238e-02  1.26816e-01
       vertex -2.34430e-01 -8.68492e-02  1.71335e-01
       vertex -2.46931e-01 -3.90535e-02  1.68619e-01
     endloop
  endfacet
  facet normal -1.01768e-03 -3.66453e-04  3.15796e-05
     outer loop
       vertex -2.34430e-01 -8.68492e-02  1.71335e-01
       vertex -2.25377e-01 -1.08190e-01  2.15411e-01
       vertex -2.42457e-01 -6.09472e-02  2.13212e-01
     endloop
  endfacet
  facet normal -1.18680e-03 -0.00000e+00  0.00000e+00
     outer loop
       vertex -1.00000e-01  3.71545e-01  9.50000e-01
       vertex -1.00000e-01  3.24073e-01  9.16667e-01
       vertex -1.00000e-01  3.24073e-01  9.66667e-01
     endloop
  endfacet
  facet normal -8.96380e-04 -5.44226e-04 -2.82251e-05
     outer loop
       vertex -2.25377e-01 -1.08190e-01  2.15411e-01
       vertex -2.00312e-01 -1.49584e-01  2.17504e-01
       vertex -2.14816e-01 -1.27884e-01  2.59717e-01
     endloop
  endfacet
  facet normal -1.18680e-03 -0.00000e+00  0.00000e+00
     outer loop
       vertex -1.00000e-01  3.71545e-01  8.50000e-01
       vertex -1.00000e-01  3.24073e-01  8.16667e-01
       vertex -1.00000e-01  3.24073e-01  8.66667e-01
     endloop
  endfacet
  facet normal -1.05404e-03 -1.75772e-04  3.00777e-05
     outer loop
       vertex -2.46094e-01 -4.40211e-02  8.23612e-02
       vertex -2.41206e-01 -6.57238e-02  1.26816e-01
       vertex -2.49427e-01 -1.69115e-02  1.23966e-01
     endloop
  endfacet
  facet normal -1.18680e-03 -0.00000e+00  0.00000e+00
     outer loop
       vertex -1.00000e-01  3.71545e-01  7.00000e-01
       vertex -1.00000e-01  3.24073e-01  6.66667e-01
       vertex -1.00000e-01  3.24073e-01  7.16667e-01
     endloop
  endfacet
  facet normal -1.18680e-03 -0.00000e+00  0.00000e+00
     outer loop
       vertex -1.00000e-01  3.71545e-01  6.00000e-01
       vertex -1.00000e-01  3.24073e-01  5.66667e-01
       vertex -1.00000e-01  3.24073e-01  6.16667e-01
     endloop
  endfacet
  facet normal -1.18680e-03 -0.00000e+00  0.00000e+00
     outer loop
       vertex -1.00000e-01  3.71545e-01  6.50000e-01
       vertex -1.00000e-01  3.24073e-01  6.16667e-01
       vertex -1.00000e-01  3.24073e-01  6.66667e-01
     endloop
  endfacet
  facet normal -7.60822e-04  7.86169e-04  3.71849e-05
     outer loop
       vertex -1.92664e-01  1.59313e-01  4.06424e-01
       vertex -1.53257e-01  1.97515e-01  4.05027e-01
       vertex -1.80238e-01  1.73247e-01  3.66083e-01
     endloop
  endfacet
  facet normal -1.18680e-03 -0.00000e+00  0.00000e+00
     outer loop
       vertex -1.00000e-01  3.71545e-01  5.50000e-01
       vertex -1.00000e-01  3.24073e-01  5.16667e-01
       vertex -1.00000e-01  3.24073e-01  5.66667e-01
     endloop
  endfacet
  facet normal -1.05827e-03 -1.79996e-04 -3.00867e-05
     outer loop
       vertex -2.49427e-01 -1.69115e-02  1.23966e-01
       vertex -2.41206e-01 -6.57238e-02  1.26816e-01
       vertex -2.46931e-01 -3.90535e-02  1.68619e-01
     endloop
  endfacet
  facet normal -1.03594e-03 -2.72657e-04 -2.99370e-05
     outer loop
       vertex -2.46931e-01 -3.90535e-02  1.68619e-01
       vertex -2.34430e-01 -8.68492e-02  1.71335e-01
       vertex -2.42457e-01 -6.09472e-02  2.13212e-01
     endloop
  endfacet
  facet normal -1.18680e-03 -0.00000e+00  0.00000e+00
     outer loop
       vertex -1.00000e-01  3.71545e-01  4.00000e-01
       vertex -1.00000e-01  3.24073e-01  3.66667e-01
       vertex -1.00000e-01  3.24073e-01  4.16667e-01
     endloop
  endfacet
  facet normal -1.18680e-03 -0.00000e+00  0.00000e+00
     outer loop
       vertex -1.00000e-01  3.71545e-01  3.50000e-01
       vertex -1.00000e-01  3.24073e-01  3.16667e-01
       vertex -1.00000e-01  3.24073e-01  3.66667e-01
     endloop
  endfacet
  facet normal -1.18680e-03 -0.00000e+00  0.00000e+00
     outer loop
       vertex -1.00000e-01  3.71545e-01  2.00000e-01
       vertex -1.00000e-01  3.24073e-01  1.66667e-01
       vertex -1.00000e-01  3.24073e-01  2.16667e-01
     endloop
  endfacet
  facet normal -1.06845e-03 -8.49761e-05 -3.02391e-05
     outer loop
       vertex -2.46094e-01 -4.40211e-02  8.23612e-02
       vertex -2.49427e-01 -1.69115e-02  1.23966e-01
       vertex -2.49941e-01  5.41128e-03  7.94003e-02
     endloop
  endfacet
  facet normal -7.24782e-04  8.66819e-04 -3.80411e-05
     outer loop
       vertex -1.37823e-01  2.08578e-01  3.63050e-01
       vertex -1.80238e-01  1.73247e-01  3.66083e-01
       vertex -1.53257e-01  1.97515e-01  4.05027e-01
     endloop
  endfacet
  facet normal -1.02631e-03 -2.21874e-04 -2.73666e-05
     outer loop
       vertex -2.37936e-01 -7.67226e-02  4.15607e-02
       vertex -2.46094e-01 -4.40211e-02  8.23612e-02
       vertex -2.48436e-01 -2.79236e-02  3.96771e-02
     endloop
  endfacet
  facet normal -1.38460e-03 -0.00000e+00  0.00000e+00
     outer loop
       vertex -1.00000e-01  3.71545e-01  1.50000e-01
       vertex -1.00000e-01  3.20682e-01  1.09524e-01
       vertex -1.00000e-01  3.24073e-01  1.66667e-01
     endloop
  endfacet
  facet normal -1.01153e-03 -3.67172e-04 -3.15621e-05
     outer loop
       vertex -2.25377e-01 -1.08190e-01  2.15411e-01
       vertex -2.35798e-01 -8.30615e-02  2.57064e-01
       vertex -2.42457e-01 -6.09472e-02  2.13212e-01
     endloop
  endfacet
  facet normal -1.03116e-03 -7.86501e-05  2.69137e-05
     outer loop
       vertex -2.46094e-01 -4.40211e-02  8.23612e-02
       vertex -2.49941e-01  5.41128e-03  7.94003e-02
       vertex -2.48436e-01 -2.79236e-02  3.96771e-02
     endloop
  endfacet
  facet normal -1.18680e-03 -0.00000e+00  0.00000e+00
     outer loop
       vertex -1.00000e-01  3.71545e-01  8.00000e-01
       vertex -1.00000e-01  3.24073e-01  7.66667e-01
       vertex -1.00000e-01  3.24073e-01  8.16667e-01
     endloop
  endfacet
  facet normal -1.32381e-03  5.55390e-04  2.35993e-05
     outer loop
       vertex -2.39897e-01  7.03507e-02  4.32134e-01
       vertex -2.19783e-01  1.19145e-01  4.12141e-01
       vertex -2.36704e-01  8.04434e-02  3.73738e-01
     endloop
  endfacet
  facet normal -9.66820e-04 -4.50816e-04  3.00867e-05
     outer loop
       vertex -2.25377e-01 -1.08190e-01  2.15411e-01
       vertex -2.14816e-01 -1.27884e-01  2.59717e-01
       vertex -2.35798e-01 -8.30615e-02  2.57064e-01
     endloop
  endfacet
  facet normal -9.39063e-04 -5.67096e-04 -3.71172e-05
     outer loop
       vertex -2.00243e-01 -1.49675e-01  3.14350e-01
       vertex -2.16894e-01 -1.24326e-01  3.48319e-01
       vertex -2.27396e-01 -1.03879e-01  3.01628e-01
     endloop
  endfacet
  facet normal -1.18680e-03 -0.00000e+00  0.00000e+00
     outer loop
       vertex -1.00000e-01  3.71545e-01  7.50000e-01
       vertex -1.00000e-01  3.24073e-01  7.16667e-01
       vertex -1.00000e-01  3.24073e-01  7.66667e-01
     endloop
  endfacet
  facet normal -9.45054e-04  7.53014e-05 -4.58291e-06
     outer loop
       vertex -2.50000e-01  2.88533e-04  3.66217e-01
       vertex -2.47181e-01  3.74406e-02  3.95278e-01
       vertex -2.46705e-01  4.04554e-02  3.46762e-01
     endloop
  endfacet
  facet normal -1.08790e-03 -1.50343e-18  3.29404e-19
     outer loop
       vertex -1.00000e-01  2.29129e-01  1.00000e-01
       vertex -1.00000e-01  2.76601e-01  1.33333e-01
       vertex -1.00000e-01  2.64733e-01  7.91667e-02
     endloop
  endfacet
  facet normal -1.01071e-03  2.49017e-04  5.56812e-06
     outer loop
       vertex -2.46705e-01  4.04554e-02  3.46762e-01
       vertex -2.47181e-01  3.74406e-02  3.95278e-01
       vertex -2.36704e-01  8.04434e-02  3.73738e-01
     endloop
  endfacet
  facet normal -1.18680e-03 -0.00000e+00  0.00000e+00
     outer loop
       vertex -1.00000e-01  3.71545e-01  3.00000e-01
       vertex -1.00000e-01  3.24073e-01  2.66667e-01
       vertex -1.00000e-01  3.24073e-01  3.16667e-01
     endloop
  endfacet
  facet normal -1.07224e-03 -1.57400e-04  3.02924e-05
     outer loop
       vertex -2.42457e-01 -6.09472e-02  2.13212e-01
       vertex -2.49718e-01 -1.18711e-02  2.11204e-01
       vertex -2.46931e-01 -3.90535e-02  1.68619e-01
     endloop
  endfacet
  facet normal -1.03558e-03 -2.51740e-04  3.03014e-05
     outer loop
       vertex -2.42457e-01 -6.09472e-02  2.13212e-01
       vertex -2.35798e-01 -8.30615e-02  2.57064e-01
       vertex -2.47545e-01 -3.49487e-02  2.55315e-01
     endloop
  endfacet
  facet normal -1.18680e-03 -0.00000e+00  0.00000e+00
     outer loop
       vertex -1.00000e-01  3.71545e-01  2.50000e-01
       vertex -1.00000e-01  3.24073e-01  2.16667e-01
       vertex -1.00000e-01  3.24073e-01  2.66667e-01
     endloop
  endfacet
  facet normal -9.71129e-04 -4.56396e-04 -3.01108e-05
     outer loop
       vertex -2.35798e-01 -8.30615e-02  2.57064e-01
       vertex -2.14816e-01 -1.27884e-01  2.59717e-01
       vertex -2.27396e-01 -1.03879e-01  3.01628e-01
     endloop
  endfacet
  facet normal  0.00000e+00  0.00000e+00  1.90606e-03
     outer loop
       vertex  4.76970e-02  7.50000e-02  2.00000e+00
       vertex -2.50201e-03  2.96926e-02  2.00000e+00
       vertex  6.67594e-02  1.62649e-02  2.00000e+00
     endloop
  endfacet
  facet normal -1.21334e-03 -9.48721e-04 -5.47777e-05
     outer loop
       vertex -1.77740e-01 -1.75808e-01  2.68508e-01
       vertex -2.00243e-01 -1.49675e-01  3.14350e-01
       vertex -2.14816e-01 -1.27884e-01  2.59717e-01
     endloop
  endfacet
  facet normal  0.00000e+00  0.00000e+00  1.48217e-03
     outer loop
       vertex -4.76970e-02  7.50000e-02  2.00000e+00
       vertex -6.69242e-02  2.86850e-02  2.00000e+00
       vertex -2.50201e-03  2.96926e-02  2.00000e+00
     endloop
  endfacet
  facet normal -1.10617e-03 -6.07711e-05  3.17112e-05
     outer loop
       vertex -2.49427e-01 -1.69115e-02  1.23966e-01
       vertex -2.46931e-01 -3.90535e-02  1.68619e-01
       vertex -2.49744e-01  1.13039e-02  1.66981e-01
     endloop
  endfacet
  facet normal -1.05923e-03 -1.57963e-04 -3.04642e-05
     outer loop
       vertex -2.42457e-01 -6.09472e-02  2.13212e-01
       vertex -2.47545e-01 -3.49487e-02  2.55315e-01
       vertex -2.49718e-01 -1.18711e-02  2.11204e-01
     endloop
  endfacet
  facet normal -1.00411e-03 -3.43612e-04  2.87935e-05
     outer loop
       vertex -2.35798e-01 -8.30615e-02  2.57064e-01
       vertex -2.27396e-01 -1.03879e-01  3.01628e-01
       vertex -2.43226e-01 -5.78039e-02  2.99463e-01
     endloop
  endfacet
  facet normal -1.04204e-03 -2.55521e-04 -3.03278e-05
     outer loop
       vertex -2.47545e-01 -3.49487e-02  2.55315e-01
       vertex -2.35798e-01 -8.30615e-02  2.57064e-01
       vertex -2.43226e-01 -5.78039e-02  2.99463e-01
     endloop
  endfacet
  facet normal -1.07095e-03  3.55360e-05  3.01535e-05
     outer loop
       vertex -2.49941e-01  5.41128e-03  7.94003e-02
       vertex -2.49427e-01 -1.69115e-02  1.23966e-01
       vertex -2.47866e-01  3.25961e-02  1.21079e-01
     endloop
  endfacet
  facet normal -1.48587e-03 -0.00000e+00  0.00000e+00
     outer loop
       vertex -1.00000e-01  3.71545e-01  1.00000e-01
       vertex -1.00000e-01  3.37724e-01  4.79066e-02
       vertex -1.00000e-01  3.20682e-01  1.09524e-01
     endloop
  endfacet
  facet normal -1.09449e-03 -6.21886e-05 -3.19388e-05
     outer loop
       vertex -2.49718e-01 -1.18711e-02  2.11204e-01
       vertex -2.49744e-01  1.13039e-02  1.66981e-01
       vertex -2.46931e-01 -3.90535e-02  1.68619e-01
     endloop
  endfacet
  facet normal -1.07067e-03 -4.26584e-05  3.04223e-05
     outer loop
       vertex -2.49718e-01 -1.18711e-02  2.11204e-01
       vertex -2.47545e-01 -3.49487e-02  2.55315e-01
       vertex -2.49574e-01  1.45964e-02  2.53401e-01
     endloop
  endfacet
  facet normal -1.06624e-03 -1.42341e-04  3.06333e-05
     outer loop
       vertex -2.43226e-01 -5.78039e-02  2.99463e-01
       vertex -2.49854e-01 -8.54947e-03  2.97626e-01
       vertex -2.47545e-01 -3.49487e-02  2.55315e-01
     endloop
  endfacet
  facet normal -1.02187e-03 -1.30392e-05 -2.77934e-05
     outer loop
       vertex -2.49941e-01  5.41128e-03  7.94003e-02
       vertex -2.49026e-01  2.20515e-02  3.79204e-02
       vertex -2.48436e-01 -2.79236e-02  3.96771e-02
     endloop
  endfacet
  facet normal -1.07341e-03 -4.51209e-05 -3.04170e-05
     outer loop
       vertex -2.49574e-01  1.45964e-02  2.53401e-01
       vertex -2.47545e-01 -3.49487e-02  2.55315e-01
       vertex -2.49854e-01 -8.54947e-03  2.97626e-01
     endloop
  endfacet
  facet normal -1.10551e-03  3.31259e-05 -2.98747e-05
     outer loop
       vertex -2.47866e-01  3.25961e-02  1.21079e-01
       vertex -2.49427e-01 -1.69115e-02  1.23966e-01
       vertex -2.49744e-01  1.13039e-02  1.66981e-01
     endloop
  endfacet
  facet normal -1.07099e-03  5.44827e-05 -3.05064e-05
     outer loop
       vertex -2.49718e-01 -1.18711e-02  2.11204e-01
       vertex -2.49574e-01  1.45964e-02  2.53401e-01
       vertex -2.47142e-01  3.76922e-02  2.09295e-01
     endloop
  endfacet
  facet normal -1.06491e-03  1.27726e-04 -3.02775e-05
     outer loop
       vertex -2.49941e-01  5.41128e-03  7.94003e-02
       vertex -2.47866e-01  3.25961e-02  1.21079e-01
       vertex -2.43955e-01  5.46439e-02  7.65365e-02
     endloop
  endfacet
  facet normal -1.07379e-03  5.69781e-05  3.04985e-05
     outer loop
       vertex -2.49718e-01 -1.18711e-02  2.11204e-01
       vertex -2.47142e-01  3.76922e-02  2.09295e-01
       vertex -2.49744e-01  1.13039e-02  1.66981e-01
     endloop
  endfacet
  facet normal -9.97255e-04  1.22847e-04  2.72624e-05
     outer loop
       vertex -2.49941e-01  5.41128e-03  7.94003e-02
       vertex -2.43955e-01  5.46439e-02  7.65365e-02
       vertex -2.49026e-01  2.20515e-02  3.79204e-02
     endloop
  endfacet
  facet normal -9.37408e-04 -2.03262e-04  2.77788e-05
     outer loop
       vertex -2.43226e-01 -5.78039e-02  2.99463e-01
       vertex -2.37759e-01 -7.72702e-02  3.41501e-01
       vertex -2.48204e-01 -2.99142e-02  3.35544e-01
     endloop
  endfacet
  facet normal  0.00000e+00  0.00000e+00  1.53731e-03
     outer loop
       vertex -9.53939e-02  7.50000e-02  2.00000e+00
       vertex -1.32244e-01  2.69519e-02  2.00000e+00
       vertex -6.69242e-02  2.86850e-02  2.00000e+00
     endloop
  endfacet
  facet normal -6.13679e-04 -1.03567e-18  9.62779e-20
     outer loop
       vertex -1.00000e-01  2.29129e-01  5.00000e-02
       vertex -1.00000e-01  2.64733e-01  7.91667e-02
       vertex -1.00000e-01  2.61264e-01  4.18527e-02
     endloop
  endfacet
  facet normal -1.05839e-03  1.69546e-04  3.04396e-05
     outer loop
       vertex -2.47142e-01  3.76922e-02  2.09295e-01
       vertex -2.49574e-01  1.45964e-02  2.53401e-01
       vertex -2.41782e-01  6.35730e-02  2.51521e-01
     endloop
  endfacet
  facet normal -1.07163e-03  7.10026e-05  3.03699e-05
     outer loop
       vertex -2.49854e-01 -8.54947e-03  2.97626e-01
       vertex -2.46631e-01  4.09056e-02  2.95730e-01
       vertex -2.49574e-01  1.45964e-02  2.53401e-01
     endloop
  endfacet
  facet normal -1.06129e-03  1.67672e-04 -3.04327e-05
     outer loop
       vertex -2.41782e-01  6.35730e-02  2.51521e-01
       vertex -2.49574e-01  1.45964e-02  2.53401e-01
       vertex -2.46631e-01  4.09056e-02  2.95730e-01
     endloop
  endfacet
  facet normal -1.06485e-03  1.54042e-04 -3.05845e-05
     outer loop
       vertex -2.47142e-01  3.76922e-02  2.09295e-01
       vertex -2.42579e-01  6.04590e-02  1.65095e-01
       vertex -2.49744e-01  1.13039e-02  1.66981e-01
     endloop
  endfacet
  facet normal -1.03919e-03  2.65027e-04 -3.05171e-05
     outer loop
       vertex -2.47142e-01  3.76922e-02  2.09295e-01
       vertex -2.41782e-01  6.35730e-02  2.51521e-01
       vertex -2.34826e-01  8.57723e-02  2.07435e-01
     endloop
  endfacet
  facet normal -1.10808e-03  1.62673e-04  3.01123e-05
     outer loop
       vertex -2.49744e-01  1.13039e-02  1.66981e-01
       vertex -2.42579e-01  6.04590e-02  1.65095e-01
       vertex -2.47866e-01  3.25961e-02  1.21079e-01
     endloop
  endfacet
  facet normal -1.04139e-03  2.67950e-04  3.05100e-05
     outer loop
       vertex -2.47142e-01  3.76922e-02  2.09295e-01
       vertex -2.34826e-01  8.57723e-02  2.07435e-01
       vertex -2.42579e-01  6.04590e-02  1.65095e-01
     endloop
  endfacet
  facet normal  0.00000e+00  0.00000e+00  1.18583e-03
     outer loop
       vertex  9.53939e-02  7.50000e-02  2.00000e+00
       vertex  6.67594e-02  1.62649e-02  2.00000e+00
       vertex  1.18368e-01  3.92995e-02  2.00000e+00
     endloop
  endfacet
  facet normal -1.00413e-03  3.75117e-04  3.04502e-05
     outer loop
       vertex -2.34826e-01  8.57723e-02  2.07435e-01
       vertex -2.41782e-01  6.35730e-02  2.51521e-01
       vertex -2.24475e-01  1.10050e-01  2.49686e-01
     endloop
  endfacet
  facet normal -1.13073e-03  3.17245e-04  3.86428e-05
     outer loop
       vertex -2.46631e-01  4.09056e-02  2.95730e-01
       vertex -2.32100e-01  9.28967e-02  2.94097e-01
       vertex -2.41782e-01  6.35730e-02  2.51521e-01
     endloop
  endfacet
  facet normal -1.11238e-03 -6.49041e-04  3.78261e-05
     outer loop
       vertex -2.27396e-01 -1.03879e-01  3.01628e-01
       vertex -2.14816e-01 -1.27884e-01  2.59717e-01
       vertex -2.00243e-01 -1.49675e-01  3.14350e-01
     endloop
  endfacet
  facet normal -1.01631e-03  3.77314e-04 -2.87493e-05
     outer loop
       vertex -2.24475e-01  1.10050e-01  2.49686e-01
       vertex -2.41782e-01  6.35730e-02  2.51521e-01
       vertex -2.32100e-01  9.28967e-02  2.94097e-01
     endloop
  endfacet
  facet normal -9.66344e-04  4.65124e-04 -3.05254e-05
     outer loop
       vertex -2.34826e-01  8.57723e-02  2.07435e-01
       vertex -2.24475e-01  1.10050e-01  2.49686e-01
       vertex -2.13253e-01  1.30473e-01  2.05621e-01
     endloop
  endfacet
  facet normal -1.01331e-03  3.61544e-04 -3.05878e-05
     outer loop
       vertex -2.34826e-01  8.57723e-02  2.07435e-01
       vertex -2.25838e-01  1.07226e-01  1.63257e-01
       vertex -2.42579e-01  6.04590e-02  1.65095e-01
     endloop
  endfacet
  facet normal -9.67934e-04  4.68368e-04  3.05187e-05
     outer loop
       vertex -2.34826e-01  8.57723e-02  2.07435e-01
       vertex -2.13253e-01  1.30473e-01  2.05621e-01
       vertex -2.25838e-01  1.07226e-01  1.63257e-01
     endloop
  endfacet
  facet normal  0.00000e+00  0.00000e+00  1.34201e-03
     outer loop
       vertex -1.43091e-01  7.50000e-02  2.00000e+00
       vertex -1.90430e-01  3.72499e-02  2.00000e+00
       vertex -1.32244e-01  2.69519e-02  2.00000e+00
     endloop
  endfacet
  facet normal  0.00000e+00  0.00000e+00  1.01336e-03
     outer loop
       vertex  1.90788e-01  7.50000e-02  2.00000e+00
       vertex  1.60080e-01  3.40739e-02  2.00000e+00
       vertex  2.07055e-01  3.06813e-02  2.00000e+00
     endloop
  endfacet
  facet normal -9.10342e-04  5.65937e-04  3.04599e-05
     outer loop
       vertex -2.13253e-01  1.30473e-01  2.05621e-01
       vertex -2.24475e-01  1.10050e-01  2.49686e-01
       vertex -1.98333e-01  1.52198e-01  2.47895e-01
     endloop
  endfacet
  facet normal -8.75408e-04  4.47008e-04  2.23596e-05
     outer loop
       vertex -2.24475e-01  1.10050e-01  2.49686e-01
       vertex -2.32100e-01  9.28967e-02  2.94097e-01
       vertex -2.11620e-01  1.33105e-01  2.92062e-01
     endloop
  endfacet
  facet normal -8.72593e-04 -7.63571e-05  2.40939e-05
     outer loop
       vertex -2.48204e-01 -2.99142e-02  3.35544e-01
       vertex -2.45615e-01 -4.66181e-02  3.76363e-01
       vertex -2.50000e-01  2.88533e-04  3.66217e-01
     endloop
  endfacet
  facet normal  0.00000e+00  0.00000e+00  8.09158e-04
     outer loop
       vertex  1.43091e-01  7.50000e-02  2.00000e+00
       vertex  1.18368e-01  3.92995e-02  2.00000e+00
       vertex  1.60080e-01  3.40739e-02  2.00000e+00
     endloop
  endfacet
  facet normal -9.13680e-04  5.65419e-04 -3.04535e-05
     outer loop
       vertex -1.98333e-01  1.52198e-01  2.47895e-01
       vertex -2.24475e-01  1.10050e-01  2.49686e-01
       vertex -2.11620e-01  1.33105e-01  2.92062e-01
     endloop
  endfacet
  facet normal -1.04312e-03  2.46002e-04  3.01799e-05
     outer loop
       vertex -2.43955e-01  5.46439e-02  7.65365e-02
       vertex -2.47866e-01  3.25961e-02  1.21079e-01
       vertex -2.36572e-01  8.08301e-02  1.18256e-01
     endloop
  endfacet
  facet normal -8.55390e-04  6.46883e-04 -3.05332e-05
     outer loop
       vertex -2.13253e-01  1.30473e-01  2.05621e-01
       vertex -1.98333e-01  1.52198e-01  2.47895e-01
       vertex -1.83274e-01  1.70031e-01  2.03851e-01
     endloop
  endfacet
  facet normal -9.21792e-04  5.54757e-04 -3.05942e-05
     outer loop
       vertex -2.13253e-01  1.30473e-01  2.05621e-01
       vertex -2.00180e-01  1.49759e-01  1.61463e-01
       vertex -2.25838e-01  1.07226e-01  1.63257e-01
     endloop
  endfacet
  facet normal -8.56335e-04  6.50332e-04  3.05268e-05
     outer loop
       vertex -2.13253e-01  1.30473e-01  2.05621e-01
       vertex -1.83274e-01  1.70031e-01  2.03851e-01
       vertex -2.00180e-01  1.49759e-01  1.61463e-01
     endloop
  endfacet
  facet normal -1.10086e-03  2.56009e-04 -2.98380e-05
     outer loop
       vertex -2.36572e-01  8.08301e-02  1.18256e-01
       vertex -2.47866e-01  3.25961e-02  1.21079e-01
       vertex -2.42579e-01  6.04590e-02  1.65095e-01
     endloop
  endfacet
  facet normal -9.78535e-04  1.85801e-04 -2.83298e-05
     outer loop
       vertex -2.43955e-01  5.46439e-02  7.65365e-02
       vertex -2.39634e-01  7.12415e-02  3.61548e-02
       vertex -2.49026e-01  2.20515e-02  3.79204e-02
     endloop
  endfacet
  facet normal -7.80727e-04  7.34499e-04  3.04692e-05
     outer loop
       vertex -1.83274e-01  1.70031e-01  2.03851e-01
       vertex -1.98333e-01  1.52198e-01  2.47895e-01
       vertex -1.64383e-01  1.88357e-01  2.46148e-01
     endloop
  endfacet
  facet normal -8.53684e-04  6.74480e-04  3.47400e-05
     outer loop
       vertex -1.98333e-01  1.52198e-01  2.47895e-01
       vertex -2.11620e-01  1.33105e-01  2.92062e-01
       vertex -1.79546e-01  1.73964e-01  2.86970e-01
     endloop
  endfacet
  facet normal -7.25471e-04  6.79707e-04 -2.98143e-05
     outer loop
       vertex -1.64383e-01  1.88357e-01  2.46148e-01
       vertex -1.98333e-01  1.52198e-01  2.47895e-01
       vertex -1.79546e-01  1.73964e-01  2.86970e-01
     endloop
  endfacet
  facet normal -1.07653e-03  3.86558e-04  3.00609e-05
     outer loop
       vertex -2.42579e-01  6.04590e-02  1.65095e-01
       vertex -2.25838e-01  1.07226e-01  1.63257e-01
       vertex -2.36572e-01  8.08301e-02  1.18256e-01
     endloop
  endfacet
  facet normal -7.10708e-04  8.03138e-04 -3.05405e-05
     outer loop
       vertex -1.83274e-01  1.70031e-01  2.03851e-01
       vertex -1.64383e-01  1.88357e-01  2.46148e-01
       vertex -1.46070e-01  2.02888e-01  2.02123e-01
     endloop
  endfacet
  facet normal -7.93880e-04  7.26056e-04 -3.06003e-05
     outer loop
       vertex -1.83274e-01  1.70031e-01  2.03851e-01
       vertex -1.66620e-01  1.86380e-01  1.59713e-01
       vertex -2.00180e-01  1.49759e-01  1.61463e-01
     endloop
  endfacet
  facet normal -7.10990e-04  8.06667e-04  3.05345e-05
     outer loop
       vertex -1.83274e-01  1.70031e-01  2.03851e-01
       vertex -1.46070e-01  2.02888e-01  2.02123e-01
       vertex -1.66620e-01  1.86380e-01  1.59713e-01
     endloop
  endfacet
  facet normal -1.01876e-03  3.35488e-04 -3.02986e-05
     outer loop
       vertex -2.43955e-01  5.46439e-02  7.65365e-02
       vertex -2.36572e-01  8.08301e-02  1.18256e-01
       vertex -2.28366e-01  1.01729e-01  7.37436e-02
     endloop
  endfacet
  facet normal -9.14206e-04 -1.24149e-04 -3.01706e-05
     outer loop
       vertex -2.43226e-01 -5.78039e-02  2.99463e-01
       vertex -2.48204e-01 -2.99142e-02  3.35544e-01
       vertex -2.49854e-01 -8.54947e-03  2.97626e-01
     endloop
  endfacet
  facet normal -4.72583e-04  6.49525e-04  1.78097e-05
     outer loop
       vertex -1.46070e-01  2.02888e-01  2.02123e-01
       vertex -1.64383e-01  1.88357e-01  2.46148e-01
       vertex -1.30840e-01  2.13028e-01  2.36448e-01
     endloop
  endfacet
  facet normal -6.69574e-04  8.05771e-04  3.53960e-05
     outer loop
       vertex -1.79546e-01  1.73964e-01  2.86970e-01
       vertex -1.38953e-01  2.07827e-01  2.83967e-01
       vertex -1.64383e-01  1.88357e-01  2.46148e-01
     endloop
  endfacet
  facet normal -9.27520e-04  3.08718e-04  2.76496e-05
     outer loop
       vertex -2.43955e-01  5.46439e-02  7.65365e-02
       vertex -2.28366e-01  1.01729e-01  7.37436e-02
       vertex -2.39634e-01  7.12415e-02  3.61548e-02
     endloop
  endfacet
  facet normal -5.60945e-04  7.57606e-04 -1.28511e-05
     outer loop
       vertex -1.30840e-01  2.13028e-01  2.36448e-01
       vertex -1.64383e-01  1.88357e-01  2.46148e-01
       vertex -1.38953e-01  2.07827e-01  2.83967e-01
     endloop
  endfacet
  facet normal -9.98875e-04  6.03811e-04  3.00132e-05
     outer loop
       vertex -2.25838e-01  1.07226e-01  1.63257e-01
       vertex -2.00180e-01  1.49759e-01  1.61463e-01
       vertex -2.15987e-01  1.25894e-01  1.15501e-01
     endloop
  endfacet
  facet normal -1.05033e-03  4.77956e-04 -2.97988e-05
     outer loop
       vertex -2.15987e-01  1.25894e-01  1.15501e-01
       vertex -2.36572e-01  8.08301e-02  1.18256e-01
       vertex -2.25838e-01  1.07226e-01  1.63257e-01
     endloop
  endfacet
  facet normal -7.76709e-04  4.95579e-05 -2.76629e-05
     outer loop
       vertex -2.49849e-01  8.69179e-03  3.28376e-01
       vertex -2.46631e-01  4.09056e-02  2.95730e-01
       vertex -2.49854e-01 -8.54947e-03  2.97626e-01
     endloop
  endfacet
  facet normal -8.04743e-04  7.38890e-04  2.96433e-05
     outer loop
       vertex -2.00180e-01  1.49759e-01  1.61463e-01
       vertex -1.66620e-01  1.86380e-01  1.59713e-01
       vertex -1.87421e-01  1.65449e-01  1.16764e-01
     endloop
  endfacet
  facet normal -9.74165e-04  4.46835e-04  3.02022e-05
     outer loop
       vertex -2.28366e-01  1.01729e-01  7.37436e-02
       vertex -2.36572e-01  8.08301e-02  1.18256e-01
       vertex -2.15987e-01  1.25894e-01  1.15501e-01
     endloop
  endfacet
  facet normal -8.93934e-04  6.46504e-04 -2.82442e-05
     outer loop
       vertex -1.87421e-01  1.65449e-01  1.16764e-01
       vertex -2.15987e-01  1.25894e-01  1.15501e-01
       vertex -2.00180e-01  1.49759e-01  1.61463e-01
     endloop
  endfacet
  facet normal -8.58857e-04  4.88474e-04 -2.80768e-05
     outer loop
       vertex -2.28366e-01  1.01729e-01  7.37436e-02
       vertex -2.15987e-01  1.25894e-01  1.15501e-01
       vertex -2.04460e-01  1.43862e-01  7.54648e-02
     endloop
  endfacet
  facet normal -8.95725e-04  2.49359e-04 -3.15290e-05
     outer loop
       vertex -2.37231e-01  7.88749e-02  3.28994e-01
       vertex -2.32100e-01  9.28967e-02  2.94097e-01
       vertex -2.46631e-01  4.09056e-02  2.95730e-01
     endloop
  endfacet
  facet normal -9.07342e-04  3.71536e-04 -2.93504e-05
     outer loop
       vertex -2.20489e-01  1.17833e-01  3.40761e-02
       vertex -2.39634e-01  7.12415e-02  3.61548e-02
       vertex -2.28366e-01  1.01729e-01  7.37436e-02
     endloop
  endfacet
  facet normal -8.49496e-04  4.80930e-04  2.65457e-05
     outer loop
       vertex -2.28366e-01  1.01729e-01  7.37436e-02
       vertex -2.04460e-01  1.43862e-01  7.54648e-02
       vertex -2.20489e-01  1.17833e-01  3.40761e-02
     endloop
  endfacet
  facet normal -8.03145e-04  5.79119e-04  2.86442e-05
     outer loop
       vertex -2.04460e-01  1.43862e-01  7.54648e-02
       vertex -2.15987e-01  1.25894e-01  1.15501e-01
       vertex -1.87421e-01  1.65449e-01  1.16764e-01
     endloop
  endfacet
  facet normal -8.02687e-04  8.61215e-04 -3.09684e-05
     outer loop
       vertex -1.50502e-01  1.99623e-01  1.10188e-01
       vertex -1.87421e-01  1.65449e-01  1.16764e-01
       vertex -1.66620e-01  1.86380e-01  1.59713e-01
     endloop
  endfacet
  facet normal -1.08004e-03  5.49249e-04 -1.68431e-05
     outer loop
       vertex -2.11620e-01  1.33105e-01  2.92062e-01
       vertex -2.32100e-01  9.28967e-02  2.94097e-01
       vertex -2.17218e-01  1.23760e-01  3.46257e-01
     endloop
  endfacet
  facet normal -6.66764e-04  5.65152e-04 -2.03211e-05
     outer loop
       vertex -2.04460e-01  1.43862e-01  7.54648e-02
       vertex -1.87421e-01  1.65449e-01  1.16764e-01
       vertex -1.75941e-01  1.77609e-01  7.82540e-02
     endloop
  endfacet
  facet normal -9.34803e-04  6.54707e-04 -4.97020e-05
     outer loop
       vertex -2.04460e-01  1.43862e-01  7.54648e-02
       vertex -1.87177e-01  1.65725e-01  3.84026e-02
       vertex -2.20489e-01  1.17833e-01  3.40761e-02
     endloop
  endfacet
  facet normal -6.55868e-04  5.52599e-04  2.01391e-05
     outer loop
       vertex -2.04460e-01  1.43862e-01  7.54648e-02
       vertex -1.75941e-01  1.77609e-01  7.82540e-02
       vertex -1.87177e-01  1.65725e-01  3.84026e-02
     endloop
  endfacet
  facet normal -6.18035e-04  6.73133e-04  2.83029e-05
     outer loop
       vertex -1.75941e-01  1.77609e-01  7.82540e-02
       vertex -1.87421e-01  1.65449e-01  1.16764e-01
       vertex -1.50502e-01  1.99623e-01  1.10188e-01
     endloop
  endfacet
  facet normal -6.55360e-04 -2.52745e-05  1.42759e-05
     outer loop
       vertex -2.49849e-01  8.69179e-03  3.28376e-01
       vertex -2.49854e-01 -8.54947e-03  2.97626e-01
       vertex -2.48204e-01 -2.99142e-02  3.35544e-01
     endloop
  endfacet
  facet normal -6.49316e-04  7.46780e-04 -3.96119e-05
     outer loop
       vertex -1.75941e-01  1.77609e-01  7.82540e-02
       vertex -1.43934e-01  2.04409e-01  5.88486e-02
       vertex -1.87177e-01  1.65725e-01  3.84026e-02
     endloop
  endfacet
  facet normal -6.41516e-04  7.57883e-04 -1.14138e-05
     outer loop
       vertex -1.75941e-01  1.77609e-01  7.82540e-02
       vertex -1.50502e-01  1.99623e-01  1.10188e-01
       vertex -1.43934e-01  2.04409e-01  5.88486e-02
     endloop
  endfacet
  facet normal -7.29691e-04  5.68797e-04 -3.22409e-05
     outer loop
       vertex -1.79546e-01  1.73964e-01  2.86970e-01
       vertex -2.11620e-01  1.33105e-01  2.92062e-01
       vertex -1.91953e-01  1.60169e-01  3.24408e-01
     endloop
  endfacet
  facet normal -8.14609e-04  8.09001e-05 -4.71501e-07
     outer loop
       vertex -2.49849e-01  8.69179e-03  3.28376e-01
       vertex -2.46705e-01  4.04554e-02  3.46762e-01
       vertex -2.46631e-01  4.09056e-02  2.95730e-01
     endloop
  endfacet
  facet normal -9.76303e-04  2.41066e-04  7.06247e-07
     outer loop
       vertex -2.46705e-01  4.04554e-02  3.46762e-01
       vertex -2.37231e-01  7.88749e-02  3.28994e-01
       vertex -2.46631e-01  4.09056e-02  2.95730e-01
     endloop
  endfacet
  facet normal -7.09653e-04  8.47394e-04 -3.69839e-05
     outer loop
       vertex -1.60902e-01  1.91339e-01  3.27342e-01
       vertex -1.38953e-01  2.07827e-01  2.83967e-01
       vertex -1.79546e-01  1.73964e-01  2.86970e-01
     endloop
  endfacet
  facet normal -9.04208e-04  3.93509e-04  2.51429e-05
     outer loop
       vertex -2.37231e-01  7.88749e-02  3.28994e-01
       vertex -2.17218e-01  1.23760e-01  3.46257e-01
       vertex -2.32100e-01  9.28967e-02  2.94097e-01
     endloop
  endfacet
  facet normal -5.82447e-04  7.74556e-04 -1.92543e-05
     outer loop
       vertex -1.66620e-01  1.86380e-01  1.59713e-01
       vertex -1.46070e-01  2.02888e-01  2.02123e-01
       vertex -1.32028e-01  2.12293e-01  1.55720e-01
     endloop
  endfacet
  facet normal -8.84496e-04  6.23457e-04  1.61513e-05
     outer loop
       vertex -2.17218e-01  1.23760e-01  3.46257e-01
       vertex -1.91953e-01  1.60169e-01  3.24408e-01
       vertex -2.11620e-01  1.33105e-01  2.92062e-01
     endloop
  endfacet
  facet normal -6.15230e-04  8.24398e-04  2.01974e-05
     outer loop
       vertex -1.66620e-01  1.86380e-01  1.59713e-01
       vertex -1.32028e-01  2.12293e-01  1.55720e-01
       vertex -1.50502e-01  1.99623e-01  1.10188e-01
     endloop
  endfacet
  facet normal -6.03695e-04  5.99435e-04  2.08031e-05
     outer loop
       vertex -1.79546e-01  1.73964e-01  2.86970e-01
       vertex -1.91953e-01  1.60169e-01  3.24408e-01
       vertex -1.60902e-01  1.91339e-01  3.27342e-01
     endloop
  endfacet
  facet normal -0.00000e+00  0.00000e+00  1.48975e-03
     outer loop
       vertex -2.48970e-01 -2.26660e-02  2.00000e+00
       vertex -1.85619e-01 -4.94115e-02  2.00000e+00
       vertex -1.90072e-01 -5.00162e-04  2.00000e+00
     endloop
  endfacet
  facet normal -7.00321e-04 -3.16658e-05 -9.82603e-06
     outer loop
       vertex -2.48204e-01 -2.99142e-02  3.35544e-01
       vertex -2.50000e-01  2.88533e-04  3.66217e-01
       vertex -2.49849e-01  8.69179e-03  3.28376e-01
     endloop
  endfacet
  facet normal -6.78231e-04  6.08708e-05  1.08115e-05
     outer loop
       vertex -2.50000e-01  2.88533e-04  3.66217e-01
       vertex -2.46705e-01  4.04554e-02  3.46762e-01
       vertex -2.49849e-01  8.69179e-03  3.28376e-01
     endloop
  endfacet
  facet normal -1.36354e-03  6.06688e-04 -1.05923e-05
     outer loop
       vertex -2.17218e-01  1.23760e-01  3.46257e-01
       vertex -2.36704e-01  8.04434e-02  3.73738e-01
       vertex -2.19783e-01  1.19145e-01  4.12141e-01
     endloop
  endfacet
  facet normal -1.31002e-03  8.86015e-04  1.10555e-05
     outer loop
       vertex -1.92664e-01  1.59313e-01  4.06424e-01
       vertex -2.17218e-01  1.23760e-01  3.46257e-01
       vertex -2.19783e-01  1.19145e-01  4.12141e-01
     endloop
  endfacet
  facet normal -4.93487e-04  6.96892e-04  1.51907e-05
     outer loop
       vertex -1.60902e-01  1.91339e-01  3.27342e-01
       vertex -1.27517e-01  2.15033e-01  3.24869e-01
       vertex -1.38953e-01  2.07827e-01  2.83967e-01
     endloop
  endfacet
  facet normal -8.73458e-04  2.16628e-04  2.69899e-06
     outer loop
       vertex -2.46705e-01  4.04554e-02  3.46762e-01
       vertex -2.36704e-01  8.04434e-02  3.73738e-01
       vertex -2.37231e-01  7.88749e-02  3.28994e-01
     endloop
  endfacet
  facet normal -9.90633e-04  4.43200e-04 -3.86261e-06
     outer loop
       vertex -2.37231e-01  7.88749e-02  3.28994e-01
       vertex -2.36704e-01  8.04434e-02  3.73738e-01
       vertex -2.17218e-01  1.23760e-01  3.46257e-01
     endloop
  endfacet
  facet normal  0.00000e+00 -0.00000e+00  1.16738e-03
     outer loop
       vertex  2.54352e-02 -2.48703e-01  2.00000e+00
       vertex  4.32987e-02 -1.93876e-01  2.00000e+00
       vertex -2.87870e-03 -2.04905e-01  2.00000e+00
     endloop
  endfacet
  facet normal -1.13629e-03  8.69085e-04 -4.98346e-05
     outer loop
       vertex -1.92664e-01  1.59313e-01  4.06424e-01
       vertex -1.80238e-01  1.73247e-01  3.66083e-01
       vertex -2.17218e-01  1.23760e-01  3.46257e-01
     endloop
  endfacet
  facet normal  0.00000e+00  0.00000e+00  1.65082e-03
     outer loop
       vertex  2.49104e-01 -2.11484e-02  2.00000e+00
       vertex  1.81560e-01 -1.17935e-02  2.00000e+00
       vertex  1.93349e-01 -6.23076e-02  2.00000e+00
     endloop
  endfacet
  facet normal -9.01549e-04  6.54443e-04  4.80676e-05
     outer loop
       vertex -1.80238e-01  1.73247e-01  3.66083e-01
       vertex -1.91953e-01  1.60169e-01  3.24408e-01
       vertex -2.17218e-01  1.23760e-01  3.46257e-01
     endloop
  endfacet
  facet normal  0.00000e+00  0.00000e+00  1.55371e-03
     outer loop
       vertex  2.49104e-01 -2.11484e-02  2.00000e+00
       vertex  2.07055e-01  3.06813e-02  2.00000e+00
       vertex  1.81560e-01 -1.17935e-02  2.00000e+00
     endloop
  endfacet
  facet normal -0.00000e+00  0.00000e+00  1.09932e-03
     outer loop
       vertex -2.48572e-01  2.66871e-02  2.00000e+00
       vertex -1.90072e-01 -5.00162e-04  2.00000e+00
       vertex -1.90430e-01  3.72499e-02  2.00000e+00
     endloop
  endfacet
  facet normal -6.30321e-04  6.29842e-04 -2.04552e-05
     outer loop
       vertex -1.60902e-01  1.91339e-01  3.27342e-01
       vertex -1.91953e-01  1.60169e-01  3.24408e-01
       vertex -1.80238e-01  1.73247e-01  3.66083e-01
     endloop
  endfacet
  facet normal  0.00000e+00 -0.00000e+00  8.57458e-04
     outer loop
       vertex -2.39192e-02 -2.48853e-01  2.00000e+00
       vertex -2.87870e-03 -2.04905e-01  2.00000e+00
       vertex -4.09739e-02 -2.02971e-01  2.00000e+00
     endloop
  endfacet
  facet normal -6.56951e-04  7.92270e-04  4.21089e-05
     outer loop
       vertex -1.60902e-01  1.91339e-01  3.27342e-01
       vertex -1.80238e-01  1.73247e-01  3.66083e-01
       vertex -1.37823e-01  2.08578e-01  3.63050e-01
     endloop
  endfacet
  facet normal -4.44346e-04  6.24572e-04 -1.43407e-05
     outer loop
       vertex -1.60902e-01  1.91339e-01  3.27342e-01
       vertex -1.37823e-01  2.08578e-01  3.63050e-01
       vertex -1.27517e-01  2.15033e-01  3.24869e-01
     endloop
  endfacet
  facet normal  0.00000e+00  0.00000e+00  1.22131e-03
     outer loop
       vertex  2.21728e-01 -1.15484e-01  2.00000e+00
       vertex  1.93349e-01 -6.23076e-02  2.00000e+00
       vertex  1.70662e-01 -1.05867e-01  2.00000e+00
     endloop
  endfacet
  facet normal  0.00000e+00 -0.00000e+00  9.23236e-04
     outer loop
       vertex  7.37983e-02 -2.38859e-01  2.00000e+00
       vertex  8.38837e-02 -1.93193e-01  2.00000e+00
       vertex  4.32987e-02 -1.93876e-01  2.00000e+00
     endloop
  endfacet
  facet normal  0.00000e+00  0.00000e+00  1.14304e-03
     outer loop
       vertex -1.17944e-01 -2.20430e-01  2.00000e+00
       vertex -7.54260e-02 -1.89979e-01  2.00000e+00
       vertex -1.06286e-01 -1.58313e-01  2.00000e+00
     endloop
  endfacet
  facet normal -0.00000e+00  0.00000e+00  9.93226e-04
     outer loop
       vertex -2.39666e-01 -7.11356e-02  2.00000e+00
       vertex -1.86310e-01 -8.64434e-02  2.00000e+00
       vertex -1.85619e-01 -4.94115e-02  2.00000e+00
     endloop
  endfacet
  facet normal  0.00000e+00  0.00000e+00  9.45400e-04
     outer loop
       vertex  1.60123e-01 -1.91991e-01  2.00000e+00
       vertex  1.49711e-01 -1.44897e-01  2.00000e+00
       vertex  1.13950e-01 -1.64747e-01  2.00000e+00
     endloop
  endfacet
  facet normal  0.00000e+00  0.00000e+00  6.84599e-04
     outer loop
       vertex -2.21021e-01 -1.16833e-01  2.00000e+00
       vertex -1.75514e-01 -1.16438e-01  2.00000e+00
       vertex -1.86310e-01 -8.64434e-02  2.00000e+00
     endloop
  endfacet
  facet normal  0.00000e+00  0.00000e+00  1.16212e-03
     outer loop
       vertex -1.58950e-01 -1.92963e-01  2.00000e+00
       vertex -1.06286e-01 -1.58313e-01  2.00000e+00
       vertex -1.42310e-01 -1.37882e-01  2.00000e+00
     endloop
  endfacet
  facet normal  0.00000e+00 -0.00000e+00  8.29654e-04
     outer loop
       vertex -7.23414e-02 -2.39305e-01  2.00000e+00
       vertex -4.09739e-02 -2.02971e-01  2.00000e+00
       vertex -7.54260e-02 -1.89979e-01  2.00000e+00
     endloop
  endfacet
  facet normal  0.00000e+00  0.00000e+00  1.00297e-03
     outer loop
       vertex  1.94720e-01 -1.56793e-01  2.00000e+00
       vertex  1.70662e-01 -1.05867e-01  2.00000e+00
       vertex  1.49711e-01 -1.44897e-01  2.00000e+00
     endloop
  endfacet
  facet normal  0.00000e+00  0.00000e+00  8.85284e-04
     outer loop
       vertex -1.93761e-01 -1.57977e-01  2.00000e+00
       vertex -1.42310e-01 -1.37882e-01  2.00000e+00
       vertex -1.75514e-01 -1.16438e-01  2.00000e+00
     endloop
  endfacet
  facet normal  0.00000e+00  0.00000e+00  9.02106e-04
     outer loop
       vertex  1.19285e-01 -2.19707e-01  2.00000e+00
       vertex  1.13950e-01 -1.64747e-01  2.00000e+00
       vertex  8.38837e-02 -1.93193e-01  2.00000e+00
     endloop
  endfacet
  facet normal  0.00000e+00  0.00000e+00 -1.45494e-03
     outer loop
       vertex  7.09774e-02 -4.39486e-02  0.00000e+00
       vertex  1.20205e-01 -4.27677e-02  0.00000e+00
       vertex  9.98667e-02 -1.02366e-01  0.00000e+00
     endloop
  endfacet
  facet normal  0.00000e+00  0.00000e+00 -1.48054e-03
     outer loop
       vertex  7.09774e-02 -4.39486e-02  0.00000e+00
       vertex  9.56171e-02  1.67932e-02  0.00000e+00
       vertex  1.20205e-01 -4.27677e-02  0.00000e+00
     endloop
  endfacet
  facet normal  0.00000e+00  0.00000e+00 -1.26222e-03
     outer loop
       vertex -4.69909e-02 -1.16269e-01  0.00000e+00
       vertex -8.19706e-02 -7.79705e-02  0.00000e+00
       vertex -2.34721e-02 -6.98505e-02  0.00000e+00
     endloop
  endfacet
  facet normal  0.00000e+00  0.00000e+00 -1.52792e-03
     outer loop
       vertex  1.01083e-01  8.37189e-02  0.00000e+00
       vertex  9.56171e-02  1.67932e-02  0.00000e+00
       vertex  5.38171e-02  6.40545e-02  0.00000e+00
     endloop
  endfacet
  facet normal  0.00000e+00 -0.00000e+00 -1.74879e-03
     outer loop
       vertex -6.03035e-02 -1.51739e-02  0.00000e+00
       vertex -2.34721e-02 -6.98505e-02  0.00000e+00
       vertex -8.19706e-02 -7.79705e-02  0.00000e+00
     endloop
  endfacet
  facet normal -0.00000e+00  0.00000e+00 -1.37320e-03
     outer loop
       vertex  1.01083e-01  8.37189e-02  0.00000e+00
       vertex  5.38171e-02  6.40545e-02  0.00000e+00
       vertex  6.29246e-02  1.25948e-01  0.00000e+00
     endloop
  endfacet
  facet normal  0.00000e+00  0.00000e+00 -1.67743e-03
     outer loop
       vertex -5.89367e-02  5.05053e-02  0.00000e+00
       vertex -6.03035e-02 -1.51739e-02  0.00000e+00
       vertex -1.10736e-01  1.59195e-02  0.00000e+00
     endloop
  endfacet
  facet normal -0.00000e+00  0.00000e+00 -1.68521e-03
     outer loop
       vertex -5.89367e-02  5.05053e-02  0.00000e+00
       vertex -1.10736e-01  1.59195e-02  0.00000e+00
       vertex -1.15594e-01  7.77428e-02  0.00000e+00
     endloop
  endfacet
  facet normal -0.00000e+00  0.00000e+00 -1.16695e-03
     outer loop
       vertex  1.65365e-02  1.40120e-01  0.00000e+00
       vertex -1.77357e-02  1.05144e-01  0.00000e+00
       vertex -3.16993e-02  1.58993e-01  0.00000e+00
     endloop
  endfacet
  facet normal  0.00000e+00 -0.00000e+00 -1.36742e-03
     outer loop
       vertex  3.45208e-03  2.49686e-01  0.00000e+00
       vertex  8.26825e-03  1.96493e-01  0.00000e+00
       vertex -4.44878e-02  2.11327e-01  0.00000e+00
     endloop
  endfacet
  facet normal  0.00000e+00  0.00000e+00 -1.72639e-03
     outer loop
       vertex -5.89367e-02  5.05053e-02  0.00000e+00
       vertex -1.15594e-01  7.77428e-02  0.00000e+00
       vertex -6.87930e-02  1.16185e-01  0.00000e+00
     endloop
  endfacet
  facet normal  0.00000e+00  0.00000e+00 -1.35884e-03
     outer loop
       vertex  1.20205e-01 -4.27677e-02  0.00000e+00
       vertex  9.56171e-02  1.67932e-02  0.00000e+00
       vertex  1.49173e-01 -2.40824e-03  0.00000e+00
     endloop
  endfacet
  facet normal  0.00000e+00  0.00000e+00 -1.28156e-03
     outer loop
       vertex  1.65365e-02  1.40120e-01  0.00000e+00
       vertex -3.16993e-02  1.58993e-01  0.00000e+00
       vertex  8.26825e-03  1.96493e-01  0.00000e+00
     endloop
  endfacet
  facet normal  0.00000e+00  0.00000e+00 -1.67304e-03
     outer loop
       vertex -6.03035e-02 -1.51739e-02  0.00000e+00
       vertex -8.19706e-02 -7.79705e-02  0.00000e+00
       vertex -1.22972e-01 -4.23713e-02  0.00000e+00
     endloop
  endfacet
  facet normal  0.00000e+00  0.00000e+00 -1.21957e-03
     outer loop
       vertex -8.21896e-02  1.74886e-01  0.00000e+00
       vertex -4.44878e-02  2.11327e-01  0.00000e+00
       vertex -3.16993e-02  1.58993e-01  0.00000e+00
     endloop
  endfacet
  facet normal -0.00000e+00  0.00000e+00 -1.23749e-03
     outer loop
       vertex -8.19706e-02 -7.79705e-02  0.00000e+00
       vertex -1.33514e-01 -9.35816e-02  0.00000e+00
       vertex -1.22972e-01 -4.23713e-02  0.00000e+00
     endloop
  endfacet
  facet normal  0.00000e+00  0.00000e+00 -1.37103e-03
     outer loop
       vertex  3.45208e-03  2.49686e-01  0.00000e+00
       vertex  1.63557e-02  3.12766e-01  0.00000e+00
       vertex  5.00000e-02  2.64733e-01  0.00000e+00
     endloop
  endfacet
  facet normal  0.00000e+00  0.00000e+00 -1.68613e-03
     outer loop
       vertex -5.89367e-02  5.05053e-02  0.00000e+00
       vertex -1.77357e-02  1.05144e-01  0.00000e+00
       vertex  3.19984e-03  5.10590e-02  0.00000e+00
     endloop
  endfacet
  facet normal  0.00000e+00  0.00000e+00 -1.62231e-03
     outer loop
       vertex -5.89367e-02  5.05053e-02  0.00000e+00
       vertex -6.87930e-02  1.16185e-01  0.00000e+00
       vertex -1.77357e-02  1.05144e-01  0.00000e+00
     endloop
  endfacet
  facet normal  0.00000e+00  0.00000e+00 -1.79039e-03
     outer loop
       vertex  9.98667e-02 -1.02366e-01  0.00000e+00
       vertex  1.67135e-01 -1.01112e-01  0.00000e+00
       vertex  1.30684e-01 -1.55023e-01  0.00000e+00
     endloop
  endfacet
  facet normal -0.00000e+00  0.00000e+00 -1.32686e-03
     outer loop
       vertex  3.45208e-03  2.49686e-01  0.00000e+00
       vertex -4.44878e-02  2.11327e-01  0.00000e+00
       vertex -5.44027e-02  2.58749e-01  0.00000e+00
     endloop
  endfacet
  facet normal  0.00000e+00  0.00000e+00 -1.32228e-03
     outer loop
       vertex -1.62469e-01 -1.43982e-02  0.00000e+00
       vertex -1.10736e-01  1.59195e-02  0.00000e+00
       vertex -1.22972e-01 -4.23713e-02  0.00000e+00
     endloop
  endfacet
  facet normal  0.00000e+00  0.00000e+00 -1.25918e-03
     outer loop
       vertex  3.45208e-03  2.49686e-01  0.00000e+00
       vertex  5.41341e-02  2.12811e-01  0.00000e+00
       vertex  8.26825e-03  1.96493e-01  0.00000e+00
     endloop
  endfacet
  facet normal  0.00000e+00  0.00000e+00 -1.28563e-03
     outer loop
       vertex -4.44878e-02  2.11327e-01  0.00000e+00
       vertex  8.26825e-03  1.96493e-01  0.00000e+00
       vertex -3.16993e-02  1.58993e-01  0.00000e+00
     endloop
  endfacet
  facet normal -0.00000e+00  0.00000e+00 -1.66010e-03
     outer loop
       vertex -6.03035e-02 -1.51739e-02  0.00000e+00
       vertex -1.22972e-01 -4.23713e-02  0.00000e+00
       vertex -1.10736e-01  1.59195e-02  0.00000e+00
     endloop
  endfacet
  facet normal  0.00000e+00  0.00000e+00 -1.37545e-03
     outer loop
       vertex -8.21896e-02  1.74886e-01  0.00000e+00
       vertex -3.16993e-02  1.58993e-01  0.00000e+00
       vertex -6.87930e-02  1.16185e-01  0.00000e+00
     endloop
  endfacet
  facet normal  0.00000e+00 -0.00000e+00 -1.26068e-03
     outer loop
       vertex -5.89367e-02  5.05053e-02  0.00000e+00
       vertex -2.12831e-02  1.51635e-02  0.00000e+00
       vertex -6.03035e-02 -1.51739e-02  0.00000e+00
     endloop
  endfacet
  facet normal  0.00000e+00  0.00000e+00 -1.18071e-03
     outer loop
       vertex -1.15594e-01  7.77428e-02  0.00000e+00
       vertex -1.77330e-01  8.24921e-02  0.00000e+00
       vertex -1.55306e-01  1.19048e-01  0.00000e+00
     endloop
  endfacet
  facet normal  0.00000e+00  0.00000e+00 -1.23954e-03
     outer loop
       vertex  3.45208e-03  2.49686e-01  0.00000e+00
       vertex  5.00000e-02  2.64733e-01  0.00000e+00
       vertex  5.41341e-02  2.12811e-01  0.00000e+00
     endloop
  endfacet
  facet normal  0.00000e+00  0.00000e+00 -1.18262e-03
     outer loop
       vertex -1.15594e-01  7.77428e-02  0.00000e+00
       vertex -1.55306e-01  1.19048e-01  0.00000e+00
       vertex -1.13784e-01  1.35419e-01  0.00000e+00
     endloop
  endfacet
  facet normal  0.00000e+00 -0.00000e+00 -1.58861e-03
     outer loop
       vertex  1.01083e-01  8.37189e-02  0.00000e+00
       vertex  1.46027e-01  5.27450e-02  0.00000e+00
       vertex  9.56171e-02  1.67932e-02  0.00000e+00
     endloop
  endfacet
  facet normal  0.00000e+00  0.00000e+00 -8.54313e-04
     outer loop
       vertex  9.98667e-02 -1.02366e-01  0.00000e+00
       vertex  1.20205e-01 -4.27677e-02  0.00000e+00
       vertex  1.38756e-01 -7.24160e-02  0.00000e+00
     endloop
  endfacet
  facet normal  0.00000e+00  0.00000e+00 -1.44920e-03
     outer loop
       vertex  1.01083e-01  8.37189e-02  0.00000e+00
       vertex  1.56316e-01  1.10143e-01  0.00000e+00
       vertex  1.46027e-01  5.27450e-02  0.00000e+00
     endloop
  endfacet
  facet normal  0.00000e+00  0.00000e+00 -1.17801e-03
     outer loop
       vertex  1.77358e-02 -9.82661e-02  0.00000e+00
       vertex -2.34721e-02 -6.98505e-02  0.00000e+00
       vertex  2.30580e-02 -4.47620e-02  0.00000e+00
     endloop
  endfacet
  facet normal  0.00000e+00 -0.00000e+00 -1.19168e-03
     outer loop
       vertex -8.21896e-02  1.74886e-01  0.00000e+00
       vertex -6.87930e-02  1.16185e-01  0.00000e+00
       vertex -1.13784e-01  1.35419e-01  0.00000e+00
     endloop
  endfacet
  facet normal  0.00000e+00  0.00000e+00 -1.22554e-03
     outer loop
       vertex -1.62469e-01 -1.43982e-02  0.00000e+00
       vertex -1.59165e-01  3.49178e-02  0.00000e+00
       vertex -1.10736e-01  1.59195e-02  0.00000e+00
     endloop
  endfacet
  facet normal  0.00000e+00  0.00000e+00 -1.45832e-03
     outer loop
       vertex  1.01083e-01  8.37189e-02  0.00000e+00
       vertex  1.21239e-01  1.46168e-01  0.00000e+00
       vertex  1.56316e-01  1.10143e-01  0.00000e+00
     endloop
  endfacet
  facet normal -0.00000e+00  0.00000e+00 -9.65285e-04
     outer loop
       vertex -4.69909e-02 -1.16269e-01  0.00000e+00
       vertex -9.06565e-02 -1.23652e-01  0.00000e+00
       vertex -8.19706e-02 -7.79705e-02  0.00000e+00
     endloop
  endfacet
  facet normal  0.00000e+00  0.00000e+00 -1.29759e-03
     outer loop
       vertex -1.77357e-02  1.05144e-01  0.00000e+00
       vertex -6.87930e-02  1.16185e-01  0.00000e+00
       vertex -3.16993e-02  1.58993e-01  0.00000e+00
     endloop
  endfacet
  facet normal  0.00000e+00  0.00000e+00 -1.31487e-03
     outer loop
       vertex -1.15594e-01  7.77428e-02  0.00000e+00
       vertex -1.13784e-01  1.35419e-01  0.00000e+00
       vertex -6.87930e-02  1.16185e-01  0.00000e+00
     endloop
  endfacet
  facet normal  0.00000e+00  0.00000e+00 -1.07858e-03
     outer loop
       vertex  1.20205e-01 -4.27677e-02  0.00000e+00
       vertex  1.49173e-01 -2.40824e-03  0.00000e+00
       vertex  1.66841e-01 -5.22603e-02  0.00000e+00
     endloop
  endfacet
  facet normal  0.00000e+00  0.00000e+00 -1.61707e-03
     outer loop
       vertex  1.01083e-01  8.37189e-02  0.00000e+00
       vertex  6.29246e-02  1.25948e-01  0.00000e+00
       vertex  1.21239e-01  1.46168e-01  0.00000e+00
     endloop
  endfacet
  facet normal  0.00000e+00 -0.00000e+00 -1.45088e-03
     outer loop
       vertex -1.15594e-01  7.77428e-02  0.00000e+00
       vertex -1.10736e-01  1.59195e-02  0.00000e+00
       vertex -1.59165e-01  3.49178e-02  0.00000e+00
     endloop
  endfacet
  facet normal -0.00000e+00  0.00000e+00 -8.83660e-04
     outer loop
       vertex -3.69908e-03 -1.82969e-01  0.00000e+00
       vertex -4.18928e-02 -2.07974e-01  0.00000e+00
       vertex -5.20637e-02 -1.68361e-01  0.00000e+00
     endloop
  endfacet
  facet normal  0.00000e+00 -0.00000e+00 -8.78898e-04
     outer loop
       vertex  1.65365e-02  1.40120e-01  0.00000e+00
       vertex  2.37949e-02  9.62386e-02  0.00000e+00
       vertex -1.77357e-02  1.05144e-01  0.00000e+00
     endloop
  endfacet
  facet normal  0.00000e+00 -0.00000e+00 -1.21680e-03
     outer loop
       vertex  7.09774e-02 -4.39486e-02  0.00000e+00
       vertex  9.98667e-02 -1.02366e-01  0.00000e+00
       vertex  5.05523e-02 -8.68855e-02  0.00000e+00
     endloop
  endfacet
  facet normal  0.00000e+00 -0.00000e+00 -7.75420e-04
     outer loop
       vertex -4.69909e-02 -1.16269e-01  0.00000e+00
       vertex -2.01616e-02 -1.46479e-01  0.00000e+00
       vertex -5.20637e-02 -1.68361e-01  0.00000e+00
     endloop
  endfacet
  facet normal -0.00000e+00  0.00000e+00 -1.42539e-03
     outer loop
       vertex -1.15594e-01  7.77428e-02  0.00000e+00
       vertex -1.59165e-01  3.49178e-02  0.00000e+00
       vertex -1.77330e-01  8.24921e-02  0.00000e+00
     endloop
  endfacet
  facet normal  0.00000e+00  0.00000e+00 -9.82964e-04
     outer loop
       vertex  9.98667e-02 -1.02366e-01  0.00000e+00
       vertex  1.38756e-01 -7.24160e-02  0.00000e+00
       vertex  1.67135e-01 -1.01112e-01  0.00000e+00
     endloop
  endfacet
  facet normal  0.00000e+00  0.00000e+00 -1.10949e-03
     outer loop
       vertex -8.19706e-02 -7.79705e-02  0.00000e+00
       vertex -9.06565e-02 -1.23652e-01  0.00000e+00
       vertex -1.33514e-01 -9.35816e-02  0.00000e+00
     endloop
  endfacet
  facet normal  0.00000e+00  0.00000e+00 -1.10843e-03
     outer loop
       vertex -5.89367e-02  5.05053e-02  0.00000e+00
       vertex  3.19984e-03  5.10590e-02  0.00000e+00
       vertex -2.12831e-02  1.51635e-02  0.00000e+00
     endloop
  endfacet
  facet normal  0.00000e+00  0.00000e+00 -9.44181e-04
     outer loop
       vertex -1.09392e-01 -1.61628e-01  0.00000e+00
       vertex -5.20637e-02 -1.68361e-01  0.00000e+00
       vertex -8.10768e-02 -1.97893e-01  0.00000e+00
     endloop
  endfacet
  facet normal  0.00000e+00  0.00000e+00 -9.66363e-04
     outer loop
       vertex  1.65365e-02  1.40120e-01  0.00000e+00
       vertex  6.29246e-02  1.25948e-01  0.00000e+00
       vertex  2.37949e-02  9.62386e-02  0.00000e+00
     endloop
  endfacet
  facet normal  0.00000e+00  0.00000e+00 -1.15110e-03
     outer loop
       vertex  3.45208e-03  2.49686e-01  0.00000e+00
       vertex -2.51318e-02  2.88368e-01  0.00000e+00
       vertex  1.63557e-02  3.12766e-01  0.00000e+00
     endloop
  endfacet
  facet normal  0.00000e+00  0.00000e+00 -1.11859e-03
     outer loop
       vertex -4.69909e-02 -1.16269e-01  0.00000e+00
       vertex -5.20637e-02 -1.68361e-01  0.00000e+00
       vertex -9.06565e-02 -1.23652e-01  0.00000e+00
     endloop
  endfacet
  facet normal  0.00000e+00 -0.00000e+00 -1.34432e-03
     outer loop
       vertex  8.55266e-02  1.79891e-01  0.00000e+00
       vertex  1.21239e-01  1.46168e-01  0.00000e+00
       vertex  6.29246e-02  1.25948e-01  0.00000e+00
     endloop
  endfacet
  facet normal  0.00000e+00  0.00000e+00 -8.41611e-04
     outer loop
       vertex -4.69909e-02 -1.16269e-01  0.00000e+00
       vertex -2.34721e-02 -6.98505e-02  0.00000e+00
       vertex -1.11251e-02 -1.17051e-01  0.00000e+00
     endloop
  endfacet
  facet normal -0.00000e+00  0.00000e+00 -9.83112e-04
     outer loop
       vertex  1.95776e-01 -2.26175e-02  0.00000e+00
       vertex  1.66841e-01 -5.22603e-02  0.00000e+00
       vertex  1.49173e-01 -2.40824e-03  0.00000e+00
     endloop
  endfacet
  facet normal  0.00000e+00  0.00000e+00 -1.07565e-03
     outer loop
       vertex  5.38171e-02  6.40545e-02  0.00000e+00
       vertex  2.37949e-02  9.62386e-02  0.00000e+00
       vertex  6.29246e-02  1.25948e-01  0.00000e+00
     endloop
  endfacet
  facet normal  0.00000e+00  0.00000e+00 -1.80507e-03
     outer loop
       vertex  7.61867e-02 -1.87534e-01  0.00000e+00
       vertex  5.53214e-02 -1.33737e-01  0.00000e+00
       vertex  1.30684e-01 -1.55023e-01  0.00000e+00
     endloop
  endfacet
  facet normal  0.00000e+00  0.00000e+00 -1.44668e-03
     outer loop
       vertex  9.56171e-02  1.67932e-02  0.00000e+00
       vertex  1.46027e-01  5.27450e-02  0.00000e+00
       vertex  1.49173e-01 -2.40824e-03  0.00000e+00
     endloop
  endfacet
  facet normal  0.00000e+00  0.00000e+00 -1.27466e-03
     outer loop
       vertex  7.09774e-02 -4.39486e-02  0.00000e+00
       vertex  5.08961e-02  1.00113e-02  0.00000e+00
       vertex  9.56171e-02  1.67932e-02  0.00000e+00
     endloop
  endfacet
  facet normal  0.00000e+00  0.00000e+00 -7.62163e-04
     outer loop
       vertex -3.69908e-03 -1.82969e-01  0.00000e+00
       vertex -5.20637e-02 -1.68361e-01  0.00000e+00
       vertex -2.01616e-02 -1.46479e-01  0.00000e+00
     endloop
  endfacet
  facet normal  0.00000e+00  0.00000e+00 -1.09077e-03
     outer loop
       vertex -1.62469e-01 -1.43982e-02  0.00000e+00
       vertex -1.81362e-01 -6.90119e-02  0.00000e+00
       vertex -2.07897e-01 -3.02476e-02  0.00000e+00
     endloop
  endfacet
  facet normal  0.00000e+00  0.00000e+00 -9.33594e-04
     outer loop
       vertex -2.03940e-01  4.93932e-02  0.00000e+00
       vertex -1.77330e-01  8.24921e-02  0.00000e+00
       vertex -1.59165e-01  3.49178e-02  0.00000e+00
     endloop
  endfacet
  facet normal  0.00000e+00  0.00000e+00 -9.50114e-04
     outer loop
       vertex  1.65365e-02  1.40120e-01  0.00000e+00
       vertex  8.26825e-03  1.96493e-01  0.00000e+00
       vertex  4.47145e-02  1.77828e-01  0.00000e+00
     endloop
  endfacet
  facet normal  0.00000e+00 -0.00000e+00 -1.34277e-03
     outer loop
       vertex -1.62469e-01 -1.43982e-02  0.00000e+00
       vertex -1.22972e-01 -4.23713e-02  0.00000e+00
       vertex -1.81362e-01 -6.90119e-02  0.00000e+00
     endloop
  endfacet
  facet normal  0.00000e+00 -0.00000e+00 -1.65621e-03
     outer loop
       vertex  9.98667e-02 -1.02366e-01  0.00000e+00
       vertex  1.30684e-01 -1.55023e-01  0.00000e+00
       vertex  5.53214e-02 -1.33737e-01  0.00000e+00
     endloop
  endfacet
  facet normal  0.00000e+00  0.00000e+00 -1.07426e-03
     outer loop
       vertex  1.65365e-02  1.40120e-01  0.00000e+00
       vertex  4.47145e-02  1.77828e-01  0.00000e+00
       vertex  6.29246e-02  1.25948e-01  0.00000e+00
     endloop
  endfacet
  facet normal -0.00000e+00  0.00000e+00 -1.00961e-03
     outer loop
       vertex  5.38171e-02  6.40545e-02  0.00000e+00
       vertex  3.19984e-03  5.10590e-02  0.00000e+00
       vertex  2.37949e-02  9.62386e-02  0.00000e+00
     endloop
  endfacet
  facet normal -0.00000e+00  0.00000e+00 -7.97092e-04
     outer loop
       vertex  1.77358e-02 -9.82661e-02  0.00000e+00
       vertex -1.11251e-02 -1.17051e-01  0.00000e+00
       vertex -2.34721e-02 -6.98505e-02  0.00000e+00
     endloop
  endfacet
  facet normal  0.00000e+00  0.00000e+00 -7.21152e-04
     outer loop
       vertex  9.51481e-03  1.40718e-03  0.00000e+00
       vertex -2.12831e-02  1.51635e-02  0.00000e+00
       vertex  3.19984e-03  5.10590e-02  0.00000e+00
     endloop
  endfacet
  facet normal  0.00000e+00 -0.00000e+00 -7.39285e-04
     outer loop
       vertex  1.95776e-01 -2.26175e-02  0.00000e+00
       vertex  2.00322e-01 -6.90598e-02  0.00000e+00
       vertex  1.66841e-01 -5.22603e-02  0.00000e+00
     endloop
  endfacet
  facet normal  0.00000e+00  0.00000e+00 -6.03288e-04
     outer loop
       vertex  1.20205e-01 -4.27677e-02  0.00000e+00
       vertex  1.66841e-01 -5.22603e-02  0.00000e+00
       vertex  1.38756e-01 -7.24160e-02  0.00000e+00
     endloop
  endfacet
  facet normal  0.00000e+00  0.00000e+00 -8.15343e-04
     outer loop
       vertex  1.67135e-01 -1.01112e-01  0.00000e+00
       vertex  1.66841e-01 -5.22603e-02  0.00000e+00
       vertex  2.00322e-01 -6.90598e-02  0.00000e+00
     endloop
  endfacet
  facet normal  0.00000e+00 -0.00000e+00 -1.19853e-03
     outer loop
       vertex  5.38171e-02  6.40545e-02  0.00000e+00
       vertex  9.56171e-02  1.67932e-02  0.00000e+00
       vertex  5.08961e-02  1.00113e-02  0.00000e+00
     endloop
  endfacet
  facet normal -0.00000e+00  0.00000e+00 -9.08134e-04
     outer loop
       vertex  1.63557e-02  3.12766e-01  0.00000e+00
       vertex -2.51318e-02  2.88368e-01  0.00000e+00
       vertex -3.56721e-02  3.25949e-01  0.00000e+00
     endloop
  endfacet
  facet normal  0.00000e+00  0.00000e+00 -9.89446e-04
     outer loop
       vertex  3.45208e-03  2.49686e-01  0.00000e+00
       vertex -5.44027e-02  2.58749e-01  0.00000e+00
       vertex -2.51318e-02  2.88368e-01  0.00000e+00
     endloop
  endfacet
  facet normal -0.00000e+00  0.00000e+00 -8.90013e-04
     outer loop
       vertex -1.62469e-01 -1.43982e-02  0.00000e+00
       vertex -2.07897e-01 -3.02476e-02  0.00000e+00
       vertex -2.04367e-01  1.01672e-02  0.00000e+00
     endloop
  endfacet
  facet normal  0.00000e+00  0.00000e+00 -1.11472e-03
     outer loop
       vertex -6.03035e-02 -1.51739e-02  0.00000e+00
       vertex -1.44972e-02 -2.26432e-02  0.00000e+00
       vertex -2.34721e-02 -6.98505e-02  0.00000e+00
     endloop
  endfacet
  facet normal  0.00000e+00  0.00000e+00 -1.15163e-03
     outer loop
       vertex -1.09392e-01 -1.61628e-01  0.00000e+00
       vertex -9.06565e-02 -1.23652e-01  0.00000e+00
       vertex -5.20637e-02 -1.68361e-01  0.00000e+00
     endloop
  endfacet
  facet normal  0.00000e+00  0.00000e+00 -1.35466e-03
     outer loop
       vertex -1.33514e-01 -9.35816e-02  0.00000e+00
       vertex -1.81362e-01 -6.90119e-02  0.00000e+00
       vertex -1.22972e-01 -4.23713e-02  0.00000e+00
     endloop
  endfacet
  facet normal  0.00000e+00  0.00000e+00 -1.07744e-03
     outer loop
       vertex  8.55266e-02  1.79891e-01  0.00000e+00
       vertex  6.29246e-02  1.25948e-01  0.00000e+00
       vertex  4.47145e-02  1.77828e-01  0.00000e+00
     endloop
  endfacet
  facet normal  0.00000e+00 -0.00000e+00 -7.24838e-04
     outer loop
       vertex -5.20637e-02 -1.68361e-01  0.00000e+00
       vertex -4.18928e-02 -2.07974e-01  0.00000e+00
       vertex -8.10768e-02 -1.97893e-01  0.00000e+00
     endloop
  endfacet
  facet normal  0.00000e+00  0.00000e+00 -1.02988e-03
     outer loop
       vertex -1.77357e-02  1.05144e-01  0.00000e+00
       vertex  2.37949e-02  9.62386e-02  0.00000e+00
       vertex  3.19984e-03  5.10590e-02  0.00000e+00
     endloop
  endfacet
  facet normal  0.00000e+00  0.00000e+00 -1.08984e-03
     outer loop
       vertex  1.63557e-02  3.12766e-01  0.00000e+00
       vertex  6.32028e-02  3.10670e-01  0.00000e+00
       vertex  5.00000e-02  2.64733e-01  0.00000e+00
     endloop
  endfacet
  facet normal  0.00000e+00  0.00000e+00 -6.07710e-04
     outer loop
       vertex -1.09392e-01 -1.61628e-01  0.00000e+00
       vertex -1.54561e-01 -1.51569e-01  0.00000e+00
       vertex -1.33801e-01 -1.29284e-01  0.00000e+00
     endloop
  endfacet
  facet normal  0.00000e+00 -0.00000e+00 -1.13920e-03
     outer loop
       vertex  1.56316e-01  1.10143e-01  0.00000e+00
       vertex  1.90146e-01  7.74268e-02  0.00000e+00
       vertex  1.46027e-01  5.27450e-02  0.00000e+00
     endloop
  endfacet
  facet normal  0.00000e+00  0.00000e+00 -1.07372e-03
     outer loop
       vertex -1.62469e-01 -1.43982e-02  0.00000e+00
       vertex -2.04367e-01  1.01672e-02  0.00000e+00
       vertex -1.59165e-01  3.49178e-02  0.00000e+00
     endloop
  endfacet
  facet normal  0.00000e+00  0.00000e+00 -6.88957e-04
     outer loop
       vertex  1.67135e-01 -1.01112e-01  0.00000e+00
       vertex  1.38756e-01 -7.24160e-02  0.00000e+00
       vertex  1.66841e-01 -5.22603e-02  0.00000e+00
     endloop
  endfacet
  facet normal  0.00000e+00  0.00000e+00 -1.02045e-03
     outer loop
       vertex  7.09774e-02 -4.39486e-02  0.00000e+00
       vertex  5.05523e-02 -8.68855e-02  0.00000e+00
       vertex  2.30580e-02 -4.47620e-02  0.00000e+00
     endloop
  endfacet
  facet normal -0.00000e+00  0.00000e+00 -7.04144e-04
     outer loop
       vertex  8.55266e-02  1.79891e-01  0.00000e+00
       vertex  4.47145e-02  1.77828e-01  0.00000e+00
       vertex  5.41341e-02  2.12811e-01  0.00000e+00
     endloop
  endfacet
  facet normal  0.00000e+00  0.00000e+00 -1.34878e-03
     outer loop
       vertex  5.38171e-02  6.40545e-02  0.00000e+00
       vertex  5.08961e-02  1.00113e-02  0.00000e+00
       vertex  3.19984e-03  5.10590e-02  0.00000e+00
     endloop
  endfacet
  facet normal -0.00000e+00  0.00000e+00 -1.30103e-03
     outer loop
       vertex  7.09774e-02 -4.39486e-02  0.00000e+00
       vertex  2.30580e-02 -4.47620e-02  0.00000e+00
       vertex  5.08961e-02  1.00113e-02  0.00000e+00
     endloop
  endfacet
  facet normal  0.00000e+00  0.00000e+00 -5.31263e-04
     outer loop
       vertex -4.69909e-02 -1.16269e-01  0.00000e+00
       vertex -1.11251e-02 -1.17051e-01  0.00000e+00
       vertex -2.01616e-02 -1.46479e-01  0.00000e+00
     endloop
  endfacet
  facet normal  0.00000e+00  0.00000e+00 -7.69383e-04
     outer loop
       vertex -1.33801e-01 -1.29284e-01  0.00000e+00
       vertex -1.33514e-01 -9.35816e-02  0.00000e+00
       vertex -9.06565e-02 -1.23652e-01  0.00000e+00
     endloop
  endfacet
  facet normal  0.00000e+00  0.00000e+00 -1.05450e-03
     outer loop
       vertex  9.51481e-03  1.40718e-03  0.00000e+00
       vertex  3.19984e-03  5.10590e-02  0.00000e+00
       vertex  5.08961e-02  1.00113e-02  0.00000e+00
     endloop
  endfacet
  facet normal  0.00000e+00  0.00000e+00 -8.47622e-04
     outer loop
       vertex  1.77358e-02 -9.82661e-02  0.00000e+00
       vertex  2.30580e-02 -4.47620e-02  0.00000e+00
       vertex  5.05523e-02 -8.68855e-02  0.00000e+00
     endloop
  endfacet
  facet normal  0.00000e+00  0.00000e+00 -7.66478e-04
     outer loop
       vertex -1.09392e-01 -1.61628e-01  0.00000e+00
       vertex -1.33801e-01 -1.29284e-01  0.00000e+00
       vertex -9.06565e-02 -1.23652e-01  0.00000e+00
     endloop
  endfacet
  facet normal  0.00000e+00  0.00000e+00 -7.25406e-04
     outer loop
       vertex  8.26825e-03  1.96493e-01  0.00000e+00
       vertex  5.41341e-02  2.12811e-01  0.00000e+00
       vertex  4.47145e-02  1.77828e-01  0.00000e+00
     endloop
  endfacet
  facet normal -0.00000e+00  0.00000e+00 -6.96695e-04
     outer loop
       vertex  7.61867e-02 -1.87534e-01  0.00000e+00
       vertex  3.64603e-02 -2.07636e-01  0.00000e+00
       vertex  3.64620e-02 -1.72560e-01  0.00000e+00
     endloop
  endfacet
  facet normal -0.00000e+00  0.00000e+00 -1.11832e-03
     outer loop
       vertex  9.98667e-02 -1.02366e-01  0.00000e+00
       vertex  5.53214e-02 -1.33737e-01  0.00000e+00
       vertex  5.05523e-02 -8.68855e-02  0.00000e+00
     endloop
  endfacet
  facet normal  0.00000e+00 -0.00000e+00 -7.17542e-04
     outer loop
       vertex -3.69908e-03 -1.82969e-01  0.00000e+00
       vertex  3.64603e-02 -2.07636e-01  0.00000e+00
       vertex -5.91807e-03 -2.17340e-01  0.00000e+00
     endloop
  endfacet
  facet normal  0.00000e+00  0.00000e+00 -7.95894e-04
     outer loop
       vertex  1.77358e-02 -9.82661e-02  0.00000e+00
       vertex  5.05523e-02 -8.68855e-02  0.00000e+00
       vertex  5.53214e-02 -1.33737e-01  0.00000e+00
     endloop
  endfacet
  facet normal  0.00000e+00 -0.00000e+00 -8.81266e-04
     outer loop
       vertex -2.03940e-01  4.93932e-02  0.00000e+00
       vertex -1.59165e-01  3.49178e-02  0.00000e+00
       vertex -2.04367e-01  1.01672e-02  0.00000e+00
     endloop
  endfacet
  facet normal  0.00000e+00  0.00000e+00 -6.28649e-04
     outer loop
       vertex -3.69908e-03 -1.82969e-01  0.00000e+00
       vertex -5.91807e-03 -2.17340e-01  0.00000e+00
       vertex -4.18928e-02 -2.07974e-01  0.00000e+00
     endloop
  endfacet
  facet normal  0.00000e+00  0.00000e+00 -1.12392e-03
     outer loop
       vertex  1.95776e-01 -2.26175e-02  0.00000e+00
       vertex  1.49173e-01 -2.40824e-03  0.00000e+00
       vertex  1.83830e-01  3.07958e-02  0.00000e+00
     endloop
  endfacet
  facet normal  0.00000e+00  0.00000e+00 -7.04327e-04
     outer loop
       vertex -3.69908e-03 -1.82969e-01  0.00000e+00
       vertex  3.64620e-02 -1.72560e-01  0.00000e+00
       vertex  3.64603e-02 -2.07636e-01  0.00000e+00
     endloop
  endfacet
  facet normal  0.00000e+00  0.00000e+00 -1.01354e-03
     outer loop
       vertex  9.51481e-03  1.40718e-03  0.00000e+00
       vertex  5.08961e-02  1.00113e-02  0.00000e+00
       vertex  2.30580e-02 -4.47620e-02  0.00000e+00
     endloop
  endfacet
  facet normal  0.00000e+00  0.00000e+00 -8.40549e-04
     outer loop
       vertex -6.03035e-02 -1.51739e-02  0.00000e+00
       vertex -2.12831e-02  1.51635e-02  0.00000e+00
       vertex -1.44972e-02 -2.26432e-02  0.00000e+00
     endloop
  endfacet
  facet normal  0.00000e+00  0.00000e+00 -9.12315e-04
     outer loop
       vertex  7.61867e-02 -1.87534e-01  0.00000e+00
       vertex  3.64620e-02 -1.72560e-01  0.00000e+00
       vertex  5.53214e-02 -1.33737e-01  0.00000e+00
     endloop
  endfacet
  facet normal  0.00000e+00  0.00000e+00 -6.33845e-04
     outer loop
       vertex -3.69908e-03 -1.82969e-01  0.00000e+00
       vertex -2.01616e-02 -1.46479e-01  0.00000e+00
       vertex  1.27244e-02 -1.42367e-01  0.00000e+00
     endloop
  endfacet
  facet normal  0.00000e+00 -0.00000e+00 -9.17657e-04
     outer loop
       vertex  1.77358e-02 -9.82661e-02  0.00000e+00
       vertex  5.53214e-02 -1.33737e-01  0.00000e+00
       vertex  1.27244e-02 -1.42367e-01  0.00000e+00
     endloop
  endfacet
  facet normal  0.00000e+00 -0.00000e+00 -6.79293e-04
     outer loop
       vertex -3.56721e-02  3.25949e-01  0.00000e+00
       vertex -2.51318e-02  2.88368e-01  0.00000e+00
       vertex -6.30774e-02  2.94765e-01  0.00000e+00
     endloop
  endfacet
  facet normal  0.00000e+00  0.00000e+00 -9.85699e-04
     outer loop
       vertex -2.34721e-02 -6.98505e-02  0.00000e+00
       vertex -1.44972e-02 -2.26432e-02  0.00000e+00
       vertex  2.30580e-02 -4.47620e-02  0.00000e+00
     endloop
  endfacet
  facet normal  0.00000e+00 -0.00000e+00 -7.17167e-04
     outer loop
       vertex  9.51481e-03  1.40718e-03  0.00000e+00
       vertex  2.30580e-02 -4.47620e-02  0.00000e+00
       vertex -1.44972e-02 -2.26432e-02  0.00000e+00
     endloop
  endfacet
  facet normal -0.00000e+00  0.00000e+00 -5.35509e-04
     outer loop
       vertex  9.51481e-03  1.40718e-03  0.00000e+00
       vertex -1.44972e-02 -2.26432e-02  0.00000e+00
       vertex -2.12831e-02  1.51635e-02  0.00000e+00
     endloop
  endfacet
  facet normal  0.00000e+00  0.00000e+00 -8.28214e-04
     outer loop
       vertex  1.95776e-01 -2.26175e-02  0.00000e+00
       vertex  1.83830e-01  3.07958e-02  0.00000e+00
       vertex  2.17514e-01  1.88472e-02  0.00000e+00
     endloop
  endfacet
  facet normal  0.00000e+00  0.00000e+00 -5.89324e-04
     outer loop
       vertex  1.77358e-02 -9.82661e-02  0.00000e+00
       vertex  1.27244e-02 -1.42367e-01  0.00000e+00
       vertex -1.11251e-02 -1.17051e-01  0.00000e+00
     endloop
  endfacet
  facet normal  0.00000e+00  0.00000e+00 -7.12279e-04
     outer loop
       vertex -1.33514e-01 -9.35816e-02  0.00000e+00
       vertex -1.33801e-01 -1.29284e-01  0.00000e+00
       vertex -1.73621e-01 -1.19175e-01  0.00000e+00
     endloop
  endfacet
  facet normal -0.00000e+00  0.00000e+00 -1.10501e-03
     outer loop
       vertex -1.33514e-01 -9.35816e-02  0.00000e+00
       vertex -1.73621e-01 -1.19175e-01  0.00000e+00
       vertex -1.81362e-01 -6.90119e-02  0.00000e+00
     endloop
  endfacet
  facet normal  0.00000e+00  0.00000e+00 -6.55567e-04
     outer loop
       vertex -5.44027e-02  2.58749e-01  0.00000e+00
       vertex -6.30774e-02  2.94765e-01  0.00000e+00
       vertex -2.51318e-02  2.88368e-01  0.00000e+00
     endloop
  endfacet
  facet normal  0.00000e+00  0.00000e+00 -7.29837e-04
     outer loop
       vertex -3.69908e-03 -1.82969e-01  0.00000e+00
       vertex  1.27244e-02 -1.42367e-01  0.00000e+00
       vertex  3.64620e-02 -1.72560e-01  0.00000e+00
     endloop
  endfacet
  facet normal  0.00000e+00  0.00000e+00 -1.00795e-03
     outer loop
       vertex  1.49173e-01 -2.40824e-03  0.00000e+00
       vertex  1.46027e-01  5.27450e-02  0.00000e+00
       vertex  1.83830e-01  3.07958e-02  0.00000e+00
     endloop
  endfacet
  facet normal  0.00000e+00  0.00000e+00 -5.48616e-04
     outer loop
       vertex -1.54561e-01 -1.51569e-01  0.00000e+00
       vertex -1.73621e-01 -1.19175e-01  0.00000e+00
       vertex -1.33801e-01 -1.29284e-01  0.00000e+00
     endloop
  endfacet
  facet normal  0.00000e+00  0.00000e+00 -9.50700e-04
     outer loop
       vertex  1.90146e-01  7.74268e-02  0.00000e+00
       vertex  1.83830e-01  3.07958e-02  0.00000e+00
       vertex  1.46027e-01  5.27450e-02  0.00000e+00
     endloop
  endfacet
  facet normal  0.00000e+00  0.00000e+00 -5.56248e-04
     outer loop
       vertex  2.17514e-01  1.88472e-02  0.00000e+00
       vertex  1.83830e-01  3.07958e-02  0.00000e+00
       vertex  2.14626e-01  5.28990e-02  0.00000e+00
     endloop
  endfacet
  facet normal  0.00000e+00  0.00000e+00 -4.65305e-04
     outer loop
       vertex -2.01616e-02 -1.46479e-01  0.00000e+00
       vertex -1.11251e-02 -1.17051e-01  0.00000e+00
       vertex  1.27244e-02 -1.42367e-01  0.00000e+00
     endloop
  endfacet
  facet normal  0.00000e+00 -0.00000e+00 -6.48232e-04
     outer loop
       vertex  1.90146e-01  7.74268e-02  0.00000e+00
       vertex  2.14626e-01  5.28990e-02  0.00000e+00
       vertex  1.83830e-01  3.07958e-02  0.00000e+00
     endloop
  endfacet
  facet normal  0.00000e+00  0.00000e+00 -7.45499e-04
     outer loop
       vertex  5.53214e-02 -1.33737e-01  0.00000e+00
       vertex  3.64620e-02 -1.72560e-01  0.00000e+00
       vertex  1.27244e-02 -1.42367e-01  0.00000e+00
     endloop
  endfacet
  facet normal  0.00000e+00  1.46031e-03  0.00000e+00
     outer loop
       vertex -1.49012e-09  3.71545e-01  1.87500e+00
       vertex  5.00000e-02  3.71545e-01  1.83750e+00
       vertex -1.49012e-09  3.71545e-01  1.81659e+00
     endloop
  endfacet
  facet normal  0.00000e+00  1.46031e-03  0.00000e+00
     outer loop
       vertex -1.49012e-09  3.71545e-01  1.87500e+00
       vertex -1.49012e-09  3.71545e-01  1.81659e+00
       vertex -5.00000e-02  3.71545e-01  1.83750e+00
     endloop
  endfacet
  facet normal  0.00000e+00  1.31730e-03  0.00000e+00
     outer loop
       vertex -1.49012e-09  3.71545e-01  1.71664e+00
       vertex  5.00000e-02  3.71545e-01  1.68750e+00
       vertex -1.41066e-09  3.71545e-01  1.66395e+00
     endloop
  endfacet
  facet normal  0.00000e+00  1.31730e-03  0.00000e+00
     outer loop
       vertex -1.49012e-09  3.71545e-01  1.71664e+00
       vertex -1.41066e-09  3.71545e-01  1.66395e+00
       vertex -5.00000e-02  3.71545e-01  1.68750e+00
     endloop
  endfacet
  facet normal  0.00000e+00  1.27240e-03  0.00000e+00
     outer loop
       vertex -1.47224e-09  3.71545e-01  1.56652e+00
       vertex  5.11817e-02  3.71545e-01  1.53261e+00
       vertex -1.48792e-09  3.71545e-01  1.51680e+00
     endloop
  endfacet
  facet normal  0.00000e+00  1.27240e-03  0.00000e+00
     outer loop
       vertex -1.47224e-09  3.71545e-01  1.56652e+00
       vertex -1.48792e-09  3.71545e-01  1.51680e+00
       vertex -5.11817e-02  3.71545e-01  1.53261e+00
     endloop
  endfacet
  facet normal  0.00000e+00  1.24999e-03  0.00000e+00
     outer loop
       vertex -1.49013e-09  3.71545e-01  1.41659e+00
       vertex  5.00000e-02  3.71545e-01  1.38750e+00
       vertex -1.49023e-09  3.71545e-01  1.36659e+00
     endloop
  endfacet
  facet normal  0.00000e+00  1.24999e-03  0.00000e+00
     outer loop
       vertex -1.49013e-09  3.71545e-01  1.41659e+00
       vertex -1.49023e-09  3.71545e-01  1.36659e+00
       vertex -5.00000e-02  3.71545e-01  1.38750e+00
     endloop
  endfacet
  facet normal  0.00000e+00  9.46905e-04  0.00000e+00
     outer loop
       vertex -1.49551e-09  3.71545e-01  1.26747e+00
       vertex  4.45907e-02  3.71545e-01  1.24116e+00
       vertex -1.49012e-09  3.71545e-01  1.22500e+00
     endloop
  endfacet
  facet normal  0.00000e+00  1.40625e-03 -0.00000e+00
     outer loop
       vertex -1.49012e-09  3.71545e-01  1.00000e-01
       vertex -5.00000e-02  3.71545e-01  1.25000e-01
       vertex -1.49012e-09  3.71545e-01  1.56250e-01
     endloop
  endfacet
  facet normal  0.00000e+00  9.46905e-04  0.00000e+00
     outer loop
       vertex -1.49551e-09  3.71545e-01  1.26747e+00
       vertex -1.49012e-09  3.71545e-01  1.22500e+00
       vertex -4.45907e-02  3.71545e-01  1.24116e+00
     endloop
  endfacet
  facet normal  0.00000e+00  1.40625e-03  0.00000e+00
     outer loop
       vertex -1.49012e-09  3.71545e-01  1.00000e-01
       vertex -1.49012e-09  3.71545e-01  1.56250e-01
       vertex  5.00000e-02  3.71545e-01  1.25000e-01
     endloop
  endfacet
  facet normal  0.00000e+00  1.71875e-03  0.00000e+00
     outer loop
       vertex -1.49012e-09  3.71545e-01  2.25000e-01
       vertex  5.00000e-02  3.71545e-01  1.81250e-01
       vertex -1.49012e-09  3.71545e-01  1.56250e-01
     endloop
  endfacet
  facet normal  0.00000e+00  1.34463e-03  0.00000e+00
     outer loop
       vertex -1.49012e-09  3.71545e-01  1.12500e+00
       vertex  4.78092e-02  3.71545e-01  1.08596e+00
       vertex -1.49012e-09  3.71545e-01  1.06875e+00
     endloop
  endfacet
  facet normal  0.00000e+00  1.25000e-03  0.00000e+00
     outer loop
       vertex -1.49012e-09  3.71545e-01  1.00000e-01
       vertex -5.00000e-02  3.71545e-01  7.50000e-02
       vertex -5.00000e-02  3.71545e-01  1.25000e-01
     endloop
  endfacet
  facet normal  0.00000e+00  1.71875e-03  0.00000e+00
     outer loop
       vertex -1.49012e-09  3.71545e-01  2.25000e-01
       vertex -1.49012e-09  3.71545e-01  1.56250e-01
       vertex -5.00000e-02  3.71545e-01  1.81250e-01
     endloop
  endfacet
  facet normal  0.00000e+00  1.34463e-03  0.00000e+00
     outer loop
       vertex -1.49012e-09  3.71545e-01  1.12500e+00
       vertex -1.49012e-09  3.71545e-01  1.06875e+00
       vertex -4.78092e-02  3.71545e-01  1.08596e+00
     endloop
  endfacet
  facet normal  0.00000e+00  1.27552e-03  0.00000e+00
     outer loop
       vertex -1.38648e-09  3.71545e-01  9.66112e-01
       vertex  4.78069e-02  3.71545e-01  9.34446e-01
       vertex -1.20670e-09  3.71545e-01  9.12751e-01
     endloop
  endfacet
  facet normal -0.00000e+00  1.25000e-03  0.00000e+00
     outer loop
       vertex -1.49012e-09  3.71545e-01  1.00000e-01
       vertex  5.00000e-02  3.71545e-01  1.25000e-01
       vertex  5.00000e-02  3.71545e-01  7.50000e-02
     endloop
  endfacet
  facet normal  0.00000e+00  1.27552e-03  0.00000e+00
     outer loop
       vertex -1.38648e-09  3.71545e-01  9.66112e-01
       vertex -1.20670e-09  3.71545e-01  9.12751e-01
       vertex -4.78069e-02  3.71545e-01  9.34446e-01
     endloop
  endfacet
  facet normal -0.00000e+00  1.25000e-03  0.00000e+00
     outer loop
       vertex -1.49012e-09  3.71545e-01  1.81659e+00
       vertex  5.00000e-02  3.71545e-01  1.83750e+00
       vertex  5.00000e-02  3.71545e-01  1.78750e+00
     endloop
  endfacet
  facet normal  0.00000e+00  1.25000e-03  0.00000e+00
     outer loop
       vertex -1.49012e-09  3.71545e-01  1.81659e+00
       vertex -5.00000e-02  3.71545e-01  1.78750e+00
       vertex -5.00000e-02  3.71545e-01  1.83750e+00
     endloop
  endfacet
  facet normal  0.00000e+00  1.27244e-03  0.00000e+00
     outer loop
       vertex -1.47364e-09  3.71545e-01  8.16310e-01
       vertex  5.11817e-02  3.71545e-01  7.82538e-01
       vertex -1.49012e-09  3.71545e-01  7.66588e-01
     endloop
  endfacet
  facet normal  0.00000e+00  1.27244e-03  0.00000e+00
     outer loop
       vertex -1.47364e-09  3.71545e-01  8.16310e-01
       vertex -1.49012e-09  3.71545e-01  7.66588e-01
       vertex -5.11817e-02  3.71545e-01  7.82538e-01
     endloop
  endfacet
  facet normal  0.00000e+00  1.31734e-03  0.00000e+00
     outer loop
       vertex -1.49012e-09  3.71545e-01  6.66642e-01
       vertex  5.00000e-02  3.71545e-01  6.37500e-01
       vertex -1.41068e-09  3.71545e-01  6.13948e-01
     endloop
  endfacet
  facet normal  0.00000e+00  1.31734e-03  0.00000e+00
     outer loop
       vertex -1.49012e-09  3.71545e-01  6.66642e-01
       vertex -1.41068e-09  3.71545e-01  6.13948e-01
       vertex -5.00000e-02  3.71545e-01  6.37500e-01
     endloop
  endfacet
  facet normal -0.00000e+00  1.14502e-03  0.00000e+00
     outer loop
       vertex -1.48792e-09  3.71545e-01  1.51680e+00
       vertex  5.11817e-02  3.71545e-01  1.53261e+00
       vertex  5.00000e-02  3.71545e-01  1.48750e+00
     endloop
  endfacet
  facet normal  0.00000e+00  1.14502e-03  0.00000e+00
     outer loop
       vertex -1.48792e-09  3.71545e-01  1.51680e+00
       vertex -5.00000e-02  3.71545e-01  1.48750e+00
       vertex -5.11817e-02  3.71545e-01  1.53261e+00
     endloop
  endfacet
  facet normal  0.00000e+00  1.27243e-03  0.00000e+00
     outer loop
       vertex -1.47365e-09  3.71545e-01  5.16310e-01
       vertex  5.11817e-02  3.71545e-01  4.82538e-01
       vertex -1.49023e-09  3.71545e-01  4.66588e-01
     endloop
  endfacet
  facet normal  0.00000e+00  1.27243e-03  0.00000e+00
     outer loop
       vertex -1.47365e-09  3.71545e-01  5.16310e-01
       vertex -1.49023e-09  3.71545e-01  4.66588e-01
       vertex -5.11817e-02  3.71545e-01  4.82538e-01
     endloop
  endfacet
  facet normal -0.00000e+00  1.25000e-03  0.00000e+00
     outer loop
       vertex -1.49023e-09  3.71545e-01  1.36659e+00
       vertex  5.00000e-02  3.71545e-01  1.38750e+00
       vertex  5.00000e-02  3.71545e-01  1.33750e+00
     endloop
  endfacet
  facet normal  0.00000e+00  9.46905e-04  0.00000e+00
     outer loop
       vertex -1.49551e-09  3.71545e-01  3.67471e-01
       vertex  4.45907e-02  3.71545e-01  3.41164e-01
       vertex -1.49012e-09  3.71545e-01  3.25000e-01
     endloop
  endfacet
  facet normal  0.00000e+00  1.25000e-03  0.00000e+00
     outer loop
       vertex -1.49023e-09  3.71545e-01  1.36659e+00
       vertex -5.00000e-02  3.71545e-01  1.33750e+00
       vertex -5.00000e-02  3.71545e-01  1.38750e+00
     endloop
  endfacet
  facet normal  0.00000e+00  9.46905e-04  0.00000e+00
     outer loop
       vertex -1.49551e-09  3.71545e-01  3.67471e-01
       vertex -1.49012e-09  3.71545e-01  3.25000e-01
       vertex -4.45907e-02  3.71545e-01  3.41164e-01
     endloop
  endfacet
  facet normal  0.00000e+00  1.67535e-03  0.00000e+00
     outer loop
       vertex -1.49012e-09  3.71545e-01  1.87500e+00
       vertex -5.62500e-02  3.71545e-01  1.89062e+00
       vertex -1.62851e-02  3.71545e-01  1.93909e+00
     endloop
  endfacet
  facet normal -0.00000e+00  1.40625e-03  0.00000e+00
     outer loop
       vertex -1.49012e-09  3.71545e-01  1.56250e-01
       vertex  5.00000e-02  3.71545e-01  1.81250e-01
       vertex  5.00000e-02  3.71545e-01  1.25000e-01
     endloop
  endfacet
  facet normal  0.00000e+00  1.40625e-03  0.00000e+00
     outer loop
       vertex -1.49012e-09  3.71545e-01  1.56250e-01
       vertex -5.00000e-02  3.71545e-01  1.25000e-01
       vertex -5.00000e-02  3.71545e-01  1.81250e-01
     endloop
  endfacet
  facet normal -0.00000e+00  1.14313e-03  0.00000e+00
     outer loop
       vertex -1.49012e-09  3.71545e-01  7.66588e-01
       vertex  5.11817e-02  3.71545e-01  7.82538e-01
       vertex  5.00000e-02  3.71545e-01  7.37500e-01
     endloop
  endfacet
  facet normal  0.00000e+00  1.14313e-03  0.00000e+00
     outer loop
       vertex -1.49012e-09  3.71545e-01  7.66588e-01
       vertex -5.00000e-02  3.71545e-01  7.37500e-01
       vertex -5.11817e-02  3.71545e-01  7.82538e-01
     endloop
  endfacet
  facet normal -0.00000e+00  1.14314e-03  0.00000e+00
     outer loop
       vertex -1.49023e-09  3.71545e-01  4.66588e-01
       vertex  5.11817e-02  3.71545e-01  4.82538e-01
       vertex  5.00000e-02  3.71545e-01  4.37500e-01
     endloop
  endfacet
  facet normal  0.00000e+00  1.14314e-03  0.00000e+00
     outer loop
       vertex -1.49023e-09  3.71545e-01  4.66588e-01
       vertex -5.00000e-02  3.71545e-01  4.37500e-01
       vertex -5.11817e-02  3.71545e-01  4.82538e-01
     endloop
  endfacet
  facet normal -0.00000e+00  1.24689e-03  0.00000e+00
     outer loop
       vertex -1.49012e-09  3.71545e-01  1.87500e+00
       vertex  5.56927e-02  3.71545e-01  1.88311e+00
       vertex  5.00000e-02  3.71545e-01  1.83750e+00
     endloop
  endfacet
  facet normal  0.00000e+00  1.44531e-03  0.00000e+00
     outer loop
       vertex -1.49012e-09  3.71545e-01  1.87500e+00
       vertex -5.00000e-02  3.71545e-01  1.83750e+00
       vertex -5.62500e-02  3.71545e-01  1.89062e+00
     endloop
  endfacet
  facet normal  0.00000e+00  1.24946e-03  0.00000e+00
     outer loop
       vertex -1.49023e-09  3.71545e-01  1.36659e+00
       vertex -1.49090e-09  3.71545e-01  1.31661e+00
       vertex -5.00000e-02  3.71545e-01  1.33750e+00
     endloop
  endfacet
  facet normal  0.00000e+00  1.24946e-03  0.00000e+00
     outer loop
       vertex -1.49023e-09  3.71545e-01  1.36659e+00
       vertex  5.00000e-02  3.71545e-01  1.33750e+00
       vertex -1.49090e-09  3.71545e-01  1.31661e+00
     endloop
  endfacet
  facet normal  0.00000e+00  1.24997e-03  0.00000e+00
     outer loop
       vertex -1.49012e-09  3.71545e-01  7.66588e-01
       vertex -1.49012e-09  3.71545e-01  7.16589e-01
       vertex -5.00000e-02  3.71545e-01  7.37500e-01
     endloop
  endfacet
  facet normal  0.00000e+00  1.24997e-03  0.00000e+00
     outer loop
       vertex -1.49012e-09  3.71545e-01  7.66588e-01
       vertex  5.00000e-02  3.71545e-01  7.37500e-01
       vertex -1.49012e-09  3.71545e-01  7.16589e-01
     endloop
  endfacet
  facet normal  0.00000e+00  1.24946e-03  0.00000e+00
     outer loop
       vertex -1.49023e-09  3.71545e-01  4.66588e-01
       vertex -1.49090e-09  3.71545e-01  4.16610e-01
       vertex -5.00000e-02  3.71545e-01  4.37500e-01
     endloop
  endfacet
  facet normal  0.00000e+00  1.10421e-03  0.00000e+00
     outer loop
       vertex -1.49551e-09  3.71545e-01  1.26747e+00
       vertex -4.45907e-02  3.71545e-01  1.24116e+00
       vertex -5.00000e-02  3.71545e-01  1.28750e+00
     endloop
  endfacet
  facet normal  0.00000e+00  1.24946e-03  0.00000e+00
     outer loop
       vertex -1.49023e-09  3.71545e-01  4.66588e-01
       vertex  5.00000e-02  3.71545e-01  4.37500e-01
       vertex -1.49090e-09  3.71545e-01  4.16610e-01
     endloop
  endfacet
  facet normal -0.00000e+00  1.10421e-03  0.00000e+00
     outer loop
       vertex -1.49551e-09  3.71545e-01  1.26747e+00
       vertex  5.00000e-02  3.71545e-01  1.28750e+00
       vertex  4.45907e-02  3.71545e-01  1.24116e+00
     endloop
  endfacet
  facet normal  0.00000e+00  1.34557e-03  0.00000e+00
     outer loop
       vertex -1.49012e-09  3.71545e-01  2.25000e-01
       vertex -1.49012e-09  3.71545e-01  2.81250e-01
       vertex  4.78426e-02  3.71545e-01  2.63769e-01
     endloop
  endfacet
  facet normal  0.00000e+00  1.34557e-03 -0.00000e+00
     outer loop
       vertex -1.49012e-09  3.71545e-01  2.25000e-01
       vertex -4.78426e-02  3.71545e-01  2.63769e-01
       vertex -1.49012e-09  3.71545e-01  2.81250e-01
     endloop
  endfacet
  facet normal  0.00000e+00  1.10423e-03  0.00000e+00
     outer loop
       vertex -1.49551e-09  3.71545e-01  3.67471e-01
       vertex -4.45907e-02  3.71545e-01  3.41164e-01
       vertex -5.00000e-02  3.71545e-01  3.87500e-01
     endloop
  endfacet
  facet normal -0.00000e+00  1.10423e-03  0.00000e+00
     outer loop
       vertex -1.49551e-09  3.71545e-01  3.67471e-01
       vertex  5.00000e-02  3.71545e-01  3.87500e-01
       vertex  4.45907e-02  3.71545e-01  3.41164e-01
     endloop
  endfacet
  facet normal  0.00000e+00  1.25000e-03  0.00000e+00
     outer loop
       vertex -1.49012e-09  3.71545e-01  1.71664e+00
       vertex -5.00000e-02  3.71545e-01  1.68750e+00
       vertex -5.00000e-02  3.71545e-01  1.73750e+00
     endloop
  endfacet
  facet normal -0.00000e+00  1.25000e-03  0.00000e+00
     outer loop
       vertex -1.49012e-09  3.71545e-01  1.71664e+00
       vertex  5.00000e-02  3.71545e-01  1.73750e+00
       vertex  5.00000e-02  3.71545e-01  1.68750e+00
     endloop
  endfacet
  facet normal  0.00000e+00  1.34525e-03  0.00000e+00
     outer loop
       vertex -1.49012e-09  3.71545e-01  1.12500e+00
       vertex -1.49012e-09  3.71545e-01  1.18125e+00
       vertex  4.78310e-02  3.71545e-01  1.16407e+00
     endloop
  endfacet
  facet normal  0.00000e+00  1.24997e-03  0.00000e+00
     outer loop
       vertex -1.49012e-09  3.71545e-01  1.81659e+00
       vertex -1.49012e-09  3.71545e-01  1.76659e+00
       vertex -5.00000e-02  3.71545e-01  1.78750e+00
     endloop
  endfacet
  facet normal  0.00000e+00  1.25000e-03  0.00000e+00
     outer loop
       vertex -1.49013e-09  3.71545e-01  1.41659e+00
       vertex -5.00000e-02  3.71545e-01  1.38750e+00
       vertex -5.00000e-02  3.71545e-01  1.43750e+00
     endloop
  endfacet
  facet normal  0.00000e+00  1.34525e-03 -0.00000e+00
     outer loop
       vertex -1.49012e-09  3.71545e-01  1.12500e+00
       vertex -4.78310e-02  3.71545e-01  1.16407e+00
       vertex -1.49012e-09  3.71545e-01  1.18125e+00
     endloop
  endfacet
  facet normal  0.00000e+00  1.24997e-03  0.00000e+00
     outer loop
       vertex -1.49012e-09  3.71545e-01  1.81659e+00
       vertex  5.00000e-02  3.71545e-01  1.78750e+00
       vertex -1.49012e-09  3.71545e-01  1.76659e+00
     endloop
  endfacet
  facet normal -0.00000e+00  1.25000e-03  0.00000e+00
     outer loop
       vertex -1.49013e-09  3.71545e-01  1.41659e+00
       vertex  5.00000e-02  3.71545e-01  1.43750e+00
       vertex  5.00000e-02  3.71545e-01  1.38750e+00
     endloop
  endfacet
  facet normal  0.00000e+00  1.25530e-03  0.00000e+00
     outer loop
       vertex -1.48792e-09  3.71545e-01  1.51680e+00
       vertex -1.49012e-09  3.71545e-01  1.46659e+00
       vertex -5.00000e-02  3.71545e-01  1.48750e+00
     endloop
  endfacet
  facet normal  0.00000e+00  1.25530e-03  0.00000e+00
     outer loop
       vertex -1.48792e-09  3.71545e-01  1.51680e+00
       vertex  5.00000e-02  3.71545e-01  1.48750e+00
       vertex -1.49012e-09  3.71545e-01  1.46659e+00
     endloop
  endfacet
  facet normal  0.00000e+00  1.22847e-03 -0.00000e+00
     outer loop
       vertex -1.49551e-09  3.71545e-01  1.26747e+00
       vertex -5.00000e-02  3.71545e-01  1.28750e+00
       vertex -1.49090e-09  3.71545e-01  1.31661e+00
     endloop
  endfacet
  facet normal  0.00000e+00  1.22847e-03  0.00000e+00
     outer loop
       vertex -1.49551e-09  3.71545e-01  1.26747e+00
       vertex -1.49090e-09  3.71545e-01  1.31661e+00
       vertex  5.00000e-02  3.71545e-01  1.28750e+00
     endloop
  endfacet
  facet normal  0.00000e+00  1.25000e-03  0.00000e+00
     outer loop
       vertex -1.49012e-09  3.71545e-01  6.66642e-01
       vertex -5.00000e-02  3.71545e-01  6.37500e-01
       vertex -5.00000e-02  3.71545e-01  6.87500e-01
     endloop
  endfacet
  facet normal  0.00000e+00  1.15087e-03  0.00000e+00
     outer loop
       vertex -1.49012e-09  3.71545e-01  2.25000e-01
       vertex -5.71737e-02  3.71545e-01  2.23220e-01
       vertex -4.78426e-02  3.71545e-01  2.63769e-01
     endloop
  endfacet
  facet normal -0.00000e+00  1.25000e-03  0.00000e+00
     outer loop
       vertex -1.49012e-09  3.71545e-01  6.66642e-01
       vertex  5.00000e-02  3.71545e-01  6.87500e-01
       vertex  5.00000e-02  3.71545e-01  6.37500e-01
     endloop
  endfacet
  facet normal -0.00000e+00  1.15087e-03  0.00000e+00
     outer loop
       vertex -1.49012e-09  3.71545e-01  2.25000e-01
       vertex  4.78426e-02  3.71545e-01  2.63769e-01
       vertex  5.71737e-02  3.71545e-01  2.23220e-01
     endloop
  endfacet
  facet normal  0.00000e+00  1.25000e-03  0.00000e+00
     outer loop
       vertex -1.49012e-09  3.71545e-01  1.00000e-01
       vertex -1.49012e-09  3.71545e-01  5.00000e-02
       vertex -5.00000e-02  3.71545e-01  7.50000e-02
     endloop
  endfacet
  facet normal  0.00000e+00  1.08821e-03 -0.00000e+00
     outer loop
       vertex -1.49012e-09  3.71545e-01  1.87500e+00
       vertex -1.62851e-02  3.71545e-01  1.93909e+00
       vertex  2.41885e-02  3.71545e-01  1.91345e+00
     endloop
  endfacet
  facet normal  0.00000e+00  1.25000e-03  0.00000e+00
     outer loop
       vertex -1.49012e-09  3.71545e-01  1.00000e-01
       vertex  5.00000e-02  3.71545e-01  7.50000e-02
       vertex -1.49012e-09  3.71545e-01  5.00000e-02
     endloop
  endfacet
  facet normal  0.00000e+00  1.22847e-03 -0.00000e+00
     outer loop
       vertex -1.49551e-09  3.71545e-01  3.67471e-01
       vertex -5.00000e-02  3.71545e-01  3.87500e-01
       vertex -1.49090e-09  3.71545e-01  4.16610e-01
     endloop
  endfacet
  facet normal  0.00000e+00  1.22847e-03  0.00000e+00
     outer loop
       vertex -1.49551e-09  3.71545e-01  3.67471e-01
       vertex -1.49090e-09  3.71545e-01  4.16610e-01
       vertex  5.00000e-02  3.71545e-01  3.87500e-01
     endloop
  endfacet
  facet normal  0.00000e+00  1.20618e-03  0.00000e+00
     outer loop
       vertex -1.49012e-09  3.71545e-01  2.25000e-01
       vertex -5.00000e-02  3.71545e-01  1.81250e-01
       vertex -5.71737e-02  3.71545e-01  2.23220e-01
     endloop
  endfacet
  facet normal  0.00000e+00  1.20618e-03  0.00000e+00
     outer loop
       vertex -1.49012e-09  3.71545e-01  2.25000e-01
       vertex  5.71737e-02  3.71545e-01  2.23220e-01
       vertex  5.00000e-02  3.71545e-01  1.81250e-01
     endloop
  endfacet
  facet normal  0.00000e+00  1.24868e-03 -0.00000e+00
     outer loop
       vertex -1.49012e-09  3.71545e-01  6.66642e-01
       vertex -5.00000e-02  3.71545e-01  6.87500e-01
       vertex -1.49012e-09  3.71545e-01  7.16589e-01
     endloop
  endfacet
  facet normal  0.00000e+00  1.24868e-03  0.00000e+00
     outer loop
       vertex -1.49012e-09  3.71545e-01  6.66642e-01
       vertex -1.49012e-09  3.71545e-01  7.16589e-01
       vertex  5.00000e-02  3.71545e-01  6.87500e-01
     endloop
  endfacet
  facet normal  0.00000e+00  1.25000e-03  0.00000e+00
     outer loop
       vertex -5.00000e-02  3.71545e-01  1.33750e+00
       vertex -1.49090e-09  3.71545e-01  1.31661e+00
       vertex -5.00000e-02  3.71545e-01  1.28750e+00
     endloop
  endfacet
  facet normal  0.00000e+00  1.25000e-03  0.00000e+00
     outer loop
       vertex  5.00000e-02  3.71545e-01  1.33750e+00
       vertex  5.00000e-02  3.71545e-01  1.28750e+00
       vertex -1.49090e-09  3.71545e-01  1.31661e+00
     endloop
  endfacet
  facet normal  0.00000e+00  1.24868e-03 -0.00000e+00
     outer loop
       vertex -1.49012e-09  3.71545e-01  1.71664e+00
       vertex -5.00000e-02  3.71545e-01  1.73750e+00
       vertex -1.49012e-09  3.71545e-01  1.76659e+00
     endloop
  endfacet
  facet normal  0.00000e+00  1.24868e-03  0.00000e+00
     outer loop
       vertex -1.49012e-09  3.71545e-01  1.71664e+00
       vertex -1.49012e-09  3.71545e-01  1.76659e+00
       vertex  5.00000e-02  3.71545e-01  1.73750e+00
     endloop
  endfacet
  facet normal  0.00000e+00  1.25000e-03 -0.00000e+00
     outer loop
       vertex -1.49013e-09  3.71545e-01  1.41659e+00
       vertex -5.00000e-02  3.71545e-01  1.43750e+00
       vertex -1.49012e-09  3.71545e-01  1.46659e+00
     endloop
  endfacet
  facet normal  0.00000e+00  1.25000e-03  0.00000e+00
     outer loop
       vertex -5.00000e-02  3.71545e-01  4.37500e-01
       vertex -1.49090e-09  3.71545e-01  4.16610e-01
       vertex -5.00000e-02  3.71545e-01  3.87500e-01
     endloop
  endfacet
  facet normal  0.00000e+00  1.25000e-03  0.00000e+00
     outer loop
       vertex -1.49013e-09  3.71545e-01  1.41659e+00
       vertex -1.49012e-09  3.71545e-01  1.46659e+00
       vertex  5.00000e-02  3.71545e-01  1.43750e+00
     endloop
  endfacet
  facet normal -0.00000e+00  9.23113e-04  0.00000e+00
     outer loop
       vertex -1.62851e-02  3.71545e-01  1.93909e+00
       vertex  3.57203e-02  3.71545e-01  1.95176e+00
       vertex  2.41885e-02  3.71545e-01  1.91345e+00
     endloop
  endfacet
  facet normal  0.00000e+00  1.25000e-03  0.00000e+00
     outer loop
       vertex  5.00000e-02  3.71545e-01  4.37500e-01
       vertex  5.00000e-02  3.71545e-01  3.87500e-01
       vertex -1.49090e-09  3.71545e-01  4.16610e-01
     endloop
  endfacet
  facet normal  0.00000e+00  8.17237e-04  0.00000e+00
     outer loop
       vertex -1.49012e-09  3.71545e-01  1.22500e+00
       vertex -3.84843e-02  3.71545e-01  1.20230e+00
       vertex -4.45907e-02  3.71545e-01  1.24116e+00
     endloop
  endfacet
  facet normal -0.00000e+00  8.17237e-04  0.00000e+00
     outer loop
       vertex -1.49012e-09  3.71545e-01  1.22500e+00
       vertex  4.45907e-02  3.71545e-01  1.24116e+00
       vertex  3.84843e-02  3.71545e-01  1.20230e+00
     endloop
  endfacet
  facet normal  0.00000e+00  1.25000e-03  0.00000e+00
     outer loop
       vertex -5.00000e-02  3.71545e-01  7.37500e-01
       vertex -1.49012e-09  3.71545e-01  7.16589e-01
       vertex -5.00000e-02  3.71545e-01  6.87500e-01
     endloop
  endfacet
  facet normal  0.00000e+00  1.26363e-03  0.00000e+00
     outer loop
       vertex -1.20670e-09  3.71545e-01  9.12751e-01
       vertex -4.98513e-02  3.71545e-01  8.82510e-01
       vertex -4.78069e-02  3.71545e-01  9.34446e-01
     endloop
  endfacet
  facet normal  0.00000e+00  1.25000e-03  0.00000e+00
     outer loop
       vertex  5.00000e-02  3.71545e-01  7.37500e-01
       vertex  5.00000e-02  3.71545e-01  6.87500e-01
       vertex -1.49012e-09  3.71545e-01  7.16589e-01
     endloop
  endfacet
  facet normal  0.00000e+00  8.18567e-04  0.00000e+00
     outer loop
       vertex -1.49012e-09  3.71545e-01  3.25000e-01
       vertex -3.84867e-02  3.71545e-01  3.02237e-01
       vertex -4.45907e-02  3.71545e-01  3.41164e-01
     endloop
  endfacet
  facet normal -0.00000e+00  8.18567e-04  0.00000e+00
     outer loop
       vertex -1.49012e-09  3.71545e-01  3.25000e-01
       vertex  4.45907e-02  3.71545e-01  3.41164e-01
       vertex  3.84867e-02  3.71545e-01  3.02237e-01
     endloop
  endfacet
  facet normal -0.00000e+00  1.26363e-03  0.00000e+00
     outer loop
       vertex -1.20670e-09  3.71545e-01  9.12751e-01
       vertex  4.78069e-02  3.71545e-01  9.34446e-01
       vertex  4.98513e-02  3.71545e-01  8.82510e-01
     endloop
  endfacet
  facet normal  0.00000e+00  1.11541e-03  0.00000e+00
     outer loop
       vertex -1.49012e-09  3.71545e-01  1.12500e+00
       vertex -5.71041e-02  3.71545e-01  1.12500e+00
       vertex -4.78310e-02  3.71545e-01  1.16407e+00
     endloop
  endfacet
  facet normal  0.00000e+00  1.35949e-03  0.00000e+00
     outer loop
       vertex -1.41066e-09  3.71545e-01  1.66395e+00
       vertex -5.02225e-02  3.71545e-01  1.63323e+00
       vertex -5.00000e-02  3.71545e-01  1.68750e+00
     endloop
  endfacet
  facet normal  0.00000e+00  1.11541e-03  0.00000e+00
     outer loop
       vertex -1.49012e-09  3.71545e-01  1.12500e+00
       vertex  4.78310e-02  3.71545e-01  1.16407e+00
       vertex  5.71041e-02  3.71545e-01  1.12500e+00
     endloop
  endfacet
  facet normal -0.00000e+00  1.35949e-03  0.00000e+00
     outer loop
       vertex -1.41066e-09  3.71545e-01  1.66395e+00
       vertex  5.00000e-02  3.71545e-01  1.68750e+00
       vertex  5.02225e-02  3.71545e-01  1.63323e+00
     endloop
  endfacet
  facet normal  0.00000e+00  1.35954e-03  0.00000e+00
     outer loop
       vertex -1.41068e-09  3.71545e-01  6.13948e-01
       vertex -5.02197e-02  3.71545e-01  5.83222e-01
       vertex -5.00000e-02  3.71545e-01  6.37500e-01
     endloop
  endfacet
  facet normal -0.00000e+00  1.35954e-03  0.00000e+00
     outer loop
       vertex -1.41068e-09  3.71545e-01  6.13948e-01
       vertex  5.00000e-02  3.71545e-01  6.37500e-01
       vertex  5.02197e-02  3.71545e-01  5.83222e-01
     endloop
  endfacet
  facet normal  0.00000e+00  9.72628e-04  0.00000e+00
     outer loop
       vertex -1.49012e-09  3.71545e-01  1.87500e+00
       vertex  2.41885e-02  3.71545e-01  1.91345e+00
       vertex  5.56927e-02  3.71545e-01  1.88311e+00
     endloop
  endfacet
  facet normal  0.00000e+00  1.25000e-03  0.00000e+00
     outer loop
       vertex -5.00000e-02  3.71545e-01  1.78750e+00
       vertex -1.49012e-09  3.71545e-01  1.76659e+00
       vertex -5.00000e-02  3.71545e-01  1.73750e+00
     endloop
  endfacet
  facet normal  0.00000e+00  1.12867e-03  0.00000e+00
     outer loop
       vertex -1.49012e-09  3.71545e-01  1.06875e+00
       vertex -4.41616e-02  3.71545e-01  1.03743e+00
       vertex -4.78092e-02  3.71545e-01  1.08596e+00
     endloop
  endfacet
  facet normal  0.00000e+00  8.41896e-04  0.00000e+00
     outer loop
       vertex -1.49012e-09  3.71545e-01  3.25000e-01
       vertex -1.49012e-09  3.71545e-01  2.81250e-01
       vertex -3.84867e-02  3.71545e-01  3.02237e-01
     endloop
  endfacet
  facet normal  0.00000e+00  1.25000e-03  0.00000e+00
     outer loop
       vertex  5.00000e-02  3.71545e-01  1.78750e+00
       vertex  5.00000e-02  3.71545e-01  1.73750e+00
       vertex -1.49012e-09  3.71545e-01  1.76659e+00
     endloop
  endfacet
  facet normal  0.00000e+00  1.25000e-03  0.00000e+00
     outer loop
       vertex -5.00000e-02  3.71545e-01  1.48750e+00
       vertex -1.49012e-09  3.71545e-01  1.46659e+00
       vertex -5.00000e-02  3.71545e-01  1.43750e+00
     endloop
  endfacet
  facet normal -0.00000e+00  1.12867e-03  0.00000e+00
     outer loop
       vertex -1.49012e-09  3.71545e-01  1.06875e+00
       vertex  4.78092e-02  3.71545e-01  1.08596e+00
       vertex  4.41616e-02  3.71545e-01  1.03743e+00
     endloop
  endfacet
  facet normal  0.00000e+00  1.25000e-03  0.00000e+00
     outer loop
       vertex  5.00000e-02  3.71545e-01  1.48750e+00
       vertex  5.00000e-02  3.71545e-01  1.43750e+00
       vertex -1.49012e-09  3.71545e-01  1.46659e+00
     endloop
  endfacet
  facet normal  0.00000e+00  8.41896e-04  0.00000e+00
     outer loop
       vertex -1.49012e-09  3.71545e-01  3.25000e-01
       vertex  3.84867e-02  3.71545e-01  3.02237e-01
       vertex -1.49012e-09  3.71545e-01  2.81250e-01
     endloop
  endfacet
  facet normal  0.00000e+00  1.24371e-03  0.00000e+00
     outer loop
       vertex -1.47224e-09  3.71545e-01  1.56652e+00
       vertex -5.11817e-02  3.71545e-01  1.53261e+00
       vertex -5.13349e-02  3.71545e-01  1.58111e+00
     endloop
  endfacet
  facet normal -0.00000e+00  1.24371e-03  0.00000e+00
     outer loop
       vertex -1.47224e-09  3.71545e-01  1.56652e+00
       vertex  5.13349e-02  3.71545e-01  1.58111e+00
       vertex  5.11817e-02  3.71545e-01  1.53261e+00
     endloop
  endfacet
  facet normal  0.00000e+00  1.24416e-03  0.00000e+00
     outer loop
       vertex -1.47364e-09  3.71545e-01  8.16310e-01
       vertex -5.11817e-02  3.71545e-01  7.82538e-01
       vertex -5.13010e-02  3.71545e-01  8.31076e-01
     endloop
  endfacet
  facet normal -0.00000e+00  1.24416e-03  0.00000e+00
     outer loop
       vertex -1.47364e-09  3.71545e-01  8.16310e-01
       vertex  5.13010e-02  3.71545e-01  8.31076e-01
       vertex  5.11817e-02  3.71545e-01  7.82538e-01
     endloop
  endfacet
  facet normal  0.00000e+00  1.16622e-03  0.00000e+00
     outer loop
       vertex -1.38648e-09  3.71545e-01  9.66112e-01
       vertex -4.78069e-02  3.71545e-01  9.34446e-01
       vertex -5.12301e-02  3.71545e-01  9.80968e-01
     endloop
  endfacet
  facet normal -0.00000e+00  1.16622e-03  0.00000e+00
     outer loop
       vertex -1.38648e-09  3.71545e-01  9.66112e-01
       vertex  5.12301e-02  3.71545e-01  9.80968e-01
       vertex  4.78069e-02  3.71545e-01  9.34446e-01
     endloop
  endfacet
  facet normal  0.00000e+00  1.24490e-03  0.00000e+00
     outer loop
       vertex -1.47365e-09  3.71545e-01  5.16310e-01
       vertex -5.11817e-02  3.71545e-01  4.82538e-01
       vertex -5.13181e-02  3.71545e-01  5.31094e-01
     endloop
  endfacet
  facet normal  0.00000e+00  1.11478e-03  0.00000e+00
     outer loop
       vertex -1.49012e-09  3.71545e-01  1.12500e+00
       vertex -4.78092e-02  3.71545e-01  1.08596e+00
       vertex -5.71041e-02  3.71545e-01  1.12500e+00
     endloop
  endfacet
  facet normal -0.00000e+00  1.24490e-03  0.00000e+00
     outer loop
       vertex -1.47365e-09  3.71545e-01  5.16310e-01
       vertex  5.13181e-02  3.71545e-01  5.31094e-01
       vertex  5.11817e-02  3.71545e-01  4.82538e-01
     endloop
  endfacet
  facet normal -0.00000e+00  1.11478e-03  0.00000e+00
     outer loop
       vertex -1.49012e-09  3.71545e-01  1.12500e+00
       vertex  5.71041e-02  3.71545e-01  1.12500e+00
       vertex  4.78092e-02  3.71545e-01  1.08596e+00
     endloop
  endfacet
  facet normal  0.00000e+00  8.41845e-04  0.00000e+00
     outer loop
       vertex -1.49012e-09  3.71545e-01  1.22500e+00
       vertex -1.49012e-09  3.71545e-01  1.18125e+00
       vertex -3.84843e-02  3.71545e-01  1.20230e+00
     endloop
  endfacet
  facet normal  0.00000e+00  8.41845e-04  0.00000e+00
     outer loop
       vertex -1.49012e-09  3.71545e-01  1.22500e+00
       vertex  3.84843e-02  3.71545e-01  1.20230e+00
       vertex -1.49012e-09  3.71545e-01  1.18125e+00
     endloop
  endfacet
  facet normal  0.00000e+00  1.18413e-03  0.00000e+00
     outer loop
       vertex -1.41066e-09  3.71545e-01  1.66395e+00
       vertex -1.46954e-09  3.71545e-01  1.61679e+00
       vertex -5.02225e-02  3.71545e-01  1.63323e+00
     endloop
  endfacet
  facet normal  0.00000e+00  1.14744e-03  0.00000e+00
     outer loop
       vertex -1.49012e-09  3.71545e-01  1.06875e+00
       vertex -1.45977e-09  3.71545e-01  1.01678e+00
       vertex -4.41616e-02  3.71545e-01  1.03743e+00
     endloop
  endfacet
  facet normal  0.00000e+00  1.14562e-03  0.00000e+00
     outer loop
       vertex -1.20670e-09  3.71545e-01  9.12751e-01
       vertex -1.46974e-09  3.71545e-01  8.66789e-01
       vertex -4.98513e-02  3.71545e-01  8.82510e-01
     endloop
  endfacet
  facet normal  0.00000e+00  1.18413e-03  0.00000e+00
     outer loop
       vertex -1.41066e-09  3.71545e-01  1.66395e+00
       vertex  5.02225e-02  3.71545e-01  1.63323e+00
       vertex -1.46954e-09  3.71545e-01  1.61679e+00
     endloop
  endfacet
  facet normal  0.00000e+00  1.14562e-03  0.00000e+00
     outer loop
       vertex -1.20670e-09  3.71545e-01  9.12751e-01
       vertex  4.98513e-02  3.71545e-01  8.82510e-01
       vertex -1.46974e-09  3.71545e-01  8.66789e-01
     endloop
  endfacet
  facet normal  0.00000e+00  1.14744e-03  0.00000e+00
     outer loop
       vertex -1.49012e-09  3.71545e-01  1.06875e+00
       vertex  4.41616e-02  3.71545e-01  1.03743e+00
       vertex -1.45977e-09  3.71545e-01  1.01678e+00
     endloop
  endfacet
  facet normal  0.00000e+00  1.18416e-03  0.00000e+00
     outer loop
       vertex -1.41068e-09  3.71545e-01  6.13948e-01
       vertex -1.46975e-09  3.71545e-01  5.66789e-01
       vertex -5.02197e-02  3.71545e-01  5.83222e-01
     endloop
  endfacet
  facet normal  0.00000e+00  1.18416e-03  0.00000e+00
     outer loop
       vertex -1.41068e-09  3.71545e-01  6.13948e-01
       vertex  5.02197e-02  3.71545e-01  5.83222e-01
       vertex -1.46975e-09  3.71545e-01  5.66789e-01
     endloop
  endfacet
  facet normal  0.00000e+00  1.29797e-03  0.00000e+00
     outer loop
       vertex -1.38648e-09  3.71545e-01  9.66112e-01
       vertex -5.12301e-02  3.71545e-01  9.80968e-01
       vertex -1.45977e-09  3.71545e-01  1.01678e+00
     endloop
  endfacet
  facet normal  0.00000e+00  1.11185e-03  0.00000e+00
     outer loop
       vertex -1.62851e-02  3.71545e-01  1.93909e+00
       vertex -5.62500e-02  3.71545e-01  1.89062e+00
       vertex -6.43914e-02  3.71545e-01  1.93639e+00
     endloop
  endfacet
  facet normal  0.00000e+00  8.38416e-04  0.00000e+00
     outer loop
       vertex -4.78426e-02  3.71545e-01  2.63769e-01
       vertex -3.84867e-02  3.71545e-01  3.02237e-01
       vertex -1.49012e-09  3.71545e-01  2.81250e-01
     endloop
  endfacet
  facet normal  0.00000e+00  1.29040e-03 -0.00000e+00
     outer loop
       vertex -1.47224e-09  3.71545e-01  1.56652e+00
       vertex -5.13349e-02  3.71545e-01  1.58111e+00
       vertex -1.46954e-09  3.71545e-01  1.61679e+00
     endloop
  endfacet
  facet normal  0.00000e+00  1.29797e-03 -0.00000e+00
     outer loop
       vertex -1.38648e-09  3.71545e-01  9.66112e-01
       vertex -1.45977e-09  3.71545e-01  1.01678e+00
       vertex  5.12301e-02  3.71545e-01  9.80968e-01
     endloop
  endfacet
  facet normal  0.00000e+00  8.38416e-04  0.00000e+00
     outer loop
       vertex  4.78426e-02  3.71545e-01  2.63769e-01
       vertex -1.49012e-09  3.71545e-01  2.81250e-01
       vertex  3.84867e-02  3.71545e-01  3.02237e-01
     endloop
  endfacet
  facet normal  0.00000e+00  1.29040e-03  0.00000e+00
     outer loop
       vertex -1.47224e-09  3.71545e-01  1.56652e+00
       vertex -1.46954e-09  3.71545e-01  1.61679e+00
       vertex  5.13349e-02  3.71545e-01  1.58111e+00
     endloop
  endfacet
  facet normal  0.00000e+00  8.33988e-04  0.00000e+00
     outer loop
       vertex -4.78310e-02  3.71545e-01  1.16407e+00
       vertex -3.84843e-02  3.71545e-01  1.20230e+00
       vertex -1.49012e-09  3.71545e-01  1.18125e+00
     endloop
  endfacet
  facet normal  0.00000e+00  1.29524e-03 -0.00000e+00
     outer loop
       vertex -1.47365e-09  3.71545e-01  5.16310e-01
       vertex -5.13181e-02  3.71545e-01  5.31094e-01
       vertex -1.46975e-09  3.71545e-01  5.66789e-01
     endloop
  endfacet
  facet normal  0.00000e+00  8.33988e-04  0.00000e+00
     outer loop
       vertex  4.78310e-02  3.71545e-01  1.16407e+00
       vertex -1.49012e-09  3.71545e-01  1.18125e+00
       vertex  3.84843e-02  3.71545e-01  1.20230e+00
     endloop
  endfacet
  facet normal  0.00000e+00  1.29481e-03 -0.00000e+00
     outer loop
       vertex -1.47364e-09  3.71545e-01  8.16310e-01
       vertex -5.13010e-02  3.71545e-01  8.31076e-01
       vertex -1.46974e-09  3.71545e-01  8.66789e-01
     endloop
  endfacet
  facet normal  0.00000e+00  1.29524e-03  0.00000e+00
     outer loop
       vertex -1.47365e-09  3.71545e-01  5.16310e-01
       vertex -1.46975e-09  3.71545e-01  5.66789e-01
       vertex  5.13181e-02  3.71545e-01  5.31094e-01
     endloop
  endfacet
  facet normal  0.00000e+00  1.29481e-03  0.00000e+00
     outer loop
       vertex -1.47364e-09  3.71545e-01  8.16310e-01
       vertex -1.46974e-09  3.71545e-01  8.66789e-01
       vertex  5.13010e-02  3.71545e-01  8.31076e-01
     endloop
  endfacet
  facet normal  0.00000e+00  6.94008e-04  0.00000e+00
     outer loop
       vertex  3.57203e-02  3.71545e-01  1.95176e+00
       vertex  6.25913e-02  3.71545e-01  1.92066e+00
       vertex  2.41885e-02  3.71545e-01  1.91345e+00
     endloop
  endfacet
  facet normal  0.00000e+00  9.37500e-04  0.00000e+00
     outer loop
       vertex  5.00000e-02  3.71545e-01  7.50000e-02
       vertex  5.00000e-02  3.71545e-01  3.75000e-02
       vertex -1.49012e-09  3.71545e-01  5.00000e-02
     endloop
  endfacet
  facet normal  0.00000e+00  9.37500e-04  0.00000e+00
     outer loop
       vertex -5.00000e-02  3.71545e-01  7.50000e-02
       vertex -1.49012e-09  3.71545e-01  5.00000e-02
       vertex -5.00000e-02  3.71545e-01  3.75000e-02
     endloop
  endfacet
  facet normal  0.00000e+00  6.96242e-04 -0.00000e+00
     outer loop
       vertex  5.56927e-02  3.71545e-01  1.88311e+00
       vertex  2.41885e-02  3.71545e-01  1.91345e+00
       vertex  6.25913e-02  3.71545e-01  1.92066e+00
     endloop
  endfacet
  facet normal  0.00000e+00  1.31964e-03  0.00000e+00
     outer loop
       vertex -5.12301e-02  3.71545e-01  9.80968e-01
       vertex -4.41616e-02  3.71545e-01  1.03743e+00
       vertex -1.45977e-09  3.71545e-01  1.01678e+00
     endloop
  endfacet
  facet normal  0.00000e+00  1.31794e-03  0.00000e+00
     outer loop
       vertex -5.13181e-02  3.71545e-01  5.31094e-01
       vertex -5.02197e-02  3.71545e-01  5.83222e-01
       vertex -1.46975e-09  3.71545e-01  5.66789e-01
     endloop
  endfacet
  facet normal  0.00000e+00  1.31964e-03  0.00000e+00
     outer loop
       vertex  5.12301e-02  3.71545e-01  9.80968e-01
       vertex -1.45977e-09  3.71545e-01  1.01678e+00
       vertex  4.41616e-02  3.71545e-01  1.03743e+00
     endloop
  endfacet
  facet normal  0.00000e+00  1.29342e-03  0.00000e+00
     outer loop
       vertex -5.13010e-02  3.71545e-01  8.31076e-01
       vertex -4.98513e-02  3.71545e-01  8.82510e-01
       vertex -1.46974e-09  3.71545e-01  8.66789e-01
     endloop
  endfacet
  facet normal  0.00000e+00  1.31790e-03  0.00000e+00
     outer loop
       vertex -5.13349e-02  3.71545e-01  1.58111e+00
       vertex -5.02225e-02  3.71545e-01  1.63323e+00
       vertex -1.46954e-09  3.71545e-01  1.61679e+00
     endloop
  endfacet
  facet normal  0.00000e+00  1.31794e-03  0.00000e+00
     outer loop
       vertex  5.13181e-02  3.71545e-01  5.31094e-01
       vertex -1.46975e-09  3.71545e-01  5.66789e-01
       vertex  5.02197e-02  3.71545e-01  5.83222e-01
     endloop
  endfacet
  facet normal  0.00000e+00  1.29342e-03  0.00000e+00
     outer loop
       vertex  5.13010e-02  3.71545e-01  8.31076e-01
       vertex -1.46974e-09  3.71545e-01  8.66789e-01
       vertex  4.98513e-02  3.71545e-01  8.82510e-01
     endloop
  endfacet
  facet normal  0.00000e+00  1.31790e-03  0.00000e+00
     outer loop
       vertex  5.13349e-02  3.71545e-01  1.58111e+00
       vertex -1.46954e-09  3.71545e-01  1.61679e+00
       vertex  5.02225e-02  3.71545e-01  1.63323e+00
     endloop
  endfacet
  facet normal  1.33733e-03 -0.00000e+00  0.00000e+00
     outer loop
       vertex  1.00000e-01  2.76601e-01  1.86667e+00
       vertex  1.00000e-01  3.24073e-01  1.83333e+00
       vertex  1.00000e-01  3.18953e-01  1.89327e+00
     endloop
  endfacet
  facet normal  1.18680e-03 -0.00000e+00  0.00000e+00
     outer loop
       vertex  1.00000e-01  2.76601e-01  2.66667e-01
       vertex  1.00000e-01  3.24073e-01  2.33333e-01
       vertex  1.00000e-01  3.24073e-01  2.83333e-01
     endloop
  endfacet
  facet normal  1.18680e-03 -0.00000e+00  0.00000e+00
     outer loop
       vertex  1.00000e-01  2.76601e-01  4.66667e-01
       vertex  1.00000e-01  3.24073e-01  4.33333e-01
       vertex  1.00000e-01  3.24073e-01  4.83333e-01
     endloop
  endfacet
  facet normal  1.18680e-03 -0.00000e+00  0.00000e+00
     outer loop
       vertex  1.00000e-01  2.76601e-01  7.66667e-01
       vertex  1.00000e-01  3.24073e-01  7.33333e-01
       vertex  1.00000e-01  3.24073e-01  7.83333e-01
     endloop
  endfacet
  facet normal  1.18680e-03 -0.00000e+00  0.00000e+00
     outer loop
       vertex  1.00000e-01  2.76601e-01  1.06667e+00
       vertex  1.00000e-01  3.24073e-01  1.03333e+00
       vertex  1.00000e-01  3.24073e-01  1.08333e+00
     endloop
  endfacet
  facet normal  1.18680e-03 -0.00000e+00  0.00000e+00
     outer loop
       vertex  1.00000e-01  2.76601e-01  1.16667e+00
       vertex  1.00000e-01  3.24073e-01  1.13333e+00
       vertex  1.00000e-01  3.24073e-01  1.18333e+00
     endloop
  endfacet
  facet normal  1.18680e-03 -0.00000e+00  0.00000e+00
     outer loop
       vertex  1.00000e-01  2.76601e-01  1.36667e+00
       vertex  1.00000e-01  3.24073e-01  1.33333e+00
       vertex  1.00000e-01  3.24073e-01  1.38333e+00
     endloop
  endfacet
  facet normal  1.18680e-03 -0.00000e+00  0.00000e+00
     outer loop
       vertex  1.00000e-01  2.76601e-01  1.56667e+00
       vertex  1.00000e-01  3.24073e-01  1.53333e+00
       vertex  1.00000e-01  3.24073e-01  1.58333e+00
     endloop
  endfacet
  facet normal  1.18680e-03 -0.00000e+00  0.00000e+00
     outer loop
       vertex  1.00000e-01  2.76601e-01  1.66667e+00
       vertex  1.00000e-01  3.24073e-01  1.63333e+00
       vertex  1.00000e-01  3.24073e-01  1.68333e+00
     endloop
  endfacet
  facet normal  1.18680e-03  0.00000e+00  0.00000e+00
     outer loop
       vertex  1.00000e-01  2.76601e-01  1.86667e+00
       vertex  1.00000e-01  2.76601e-01  1.81667e+00
       vertex  1.00000e-01  3.24073e-01  1.83333e+00
     endloop
  endfacet
  facet normal  1.18680e-03  0.00000e+00  0.00000e+00
     outer loop
       vertex  1.00000e-01  2.76601e-01  1.76667e+00
       vertex  1.00000e-01  2.76601e-01  1.71667e+00
       vertex  1.00000e-01  3.24073e-01  1.73333e+00
     endloop
  endfacet
  facet normal  1.18680e-03  0.00000e+00  0.00000e+00
     outer loop
       vertex  1.00000e-01  2.76601e-01  1.66667e+00
       vertex  1.00000e-01  2.76601e-01  1.61667e+00
       vertex  1.00000e-01  3.24073e-01  1.63333e+00
     endloop
  endfacet
  facet normal  1.18680e-03  0.00000e+00  0.00000e+00
     outer loop
       vertex  1.00000e-01  2.76601e-01  1.46667e+00
       vertex  1.00000e-01  2.76601e-01  1.41667e+00
       vertex  1.00000e-01  3.24073e-01  1.43333e+00
     endloop
  endfacet
  facet normal  1.18680e-03  0.00000e+00  0.00000e+00
     outer loop
       vertex  1.00000e-01  2.76601e-01  1.16667e+00
       vertex  1.00000e-01  2.76601e-01  1.11667e+00
       vertex  1.00000e-01  3.24073e-01  1.13333e+00
     endloop
  endfacet
  facet normal  1.18680e-03  0.00000e+00  0.00000e+00
     outer loop
       vertex  1.00000e-01  2.76601e-01  1.06667e+00
       vertex  1.00000e-01  2.76601e-01  1.01667e+00
       vertex  1.00000e-01  3.24073e-01  1.03333e+00
     endloop
  endfacet
  facet normal  1.18680e-03  0.00000e+00  0.00000e+00
     outer loop
       vertex  1.00000e-01  2.76601e-01  7.66667e-01
       vertex  1.00000e-01  2.76601e-01  7.16667e-01
       vertex  1.00000e-01  3.24073e-01  7.33333e-01
     endloop
  endfacet
  facet normal  1.18680e-03  0.00000e+00  0.00000e+00
     outer loop
       vertex  1.00000e-01  2.76601e-01  2.66667e-01
       vertex  1.00000e-01  2.76601e-01  2.16667e-01
       vertex  1.00000e-01  3.24073e-01  2.33333e-01
     endloop
  endfacet
  facet normal  1.18680e-03  0.00000e+00  0.00000e+00
     outer loop
       vertex  1.00000e-01  2.76601e-01  1.66667e-01
       vertex  1.00000e-01  3.24073e-01  1.83333e-01
       vertex  1.00000e-01  2.76601e-01  2.16667e-01
     endloop
  endfacet
  facet normal  1.18680e-03  0.00000e+00  0.00000e+00
     outer loop
       vertex  1.00000e-01  3.24073e-01  8.33333e-02
       vertex  1.00000e-01  2.76601e-01  1.16667e-01
       vertex  1.00000e-01  2.76601e-01  6.66666e-02
     endloop
  endfacet
  facet normal  1.18680e-03 -0.00000e+00  0.00000e+00
     outer loop
       vertex  1.00000e-01  2.76601e-01  1.66667e-01
       vertex  1.00000e-01  3.24073e-01  1.33333e-01
       vertex  1.00000e-01  3.24073e-01  1.83333e-01
     endloop
  endfacet
  facet normal  1.18680e-03 -0.00000e+00  0.00000e+00
     outer loop
       vertex  1.00000e-01  2.76601e-01  3.66667e-01
       vertex  1.00000e-01  3.24073e-01  3.33333e-01
       vertex  1.00000e-01  3.24073e-01  3.83333e-01
     endloop
  endfacet
  facet normal  1.18680e-03 -0.00000e+00  0.00000e+00
     outer loop
       vertex  1.00000e-01  2.76601e-01  5.66667e-01
       vertex  1.00000e-01  3.24073e-01  5.33333e-01
       vertex  1.00000e-01  3.24073e-01  5.83333e-01
     endloop
  endfacet
  facet normal  1.18680e-03  0.00000e+00  0.00000e+00
     outer loop
       vertex  1.00000e-01  2.76601e-01  1.06667e+00
       vertex  1.00000e-01  3.24073e-01  1.08333e+00
       vertex  1.00000e-01  2.76601e-01  1.11667e+00
     endloop
  endfacet
  facet normal  1.18680e-03 -0.00000e+00  0.00000e+00
     outer loop
       vertex  1.00000e-01  2.76601e-01  6.66667e-01
       vertex  1.00000e-01  3.24073e-01  6.33333e-01
       vertex  1.00000e-01  3.24073e-01  6.83333e-01
     endloop
  endfacet
  facet normal  1.18680e-03 -0.00000e+00  0.00000e+00
     outer loop
       vertex  1.00000e-01  2.76601e-01  8.66667e-01
       vertex  1.00000e-01  3.24073e-01  8.33333e-01
       vertex  1.00000e-01  3.24073e-01  8.83333e-01
     endloop
  endfacet
  facet normal  1.18680e-03  0.00000e+00  0.00000e+00
     outer loop
       vertex  1.00000e-01  2.76601e-01  1.36667e+00
       vertex  1.00000e-01  3.24073e-01  1.38333e+00
       vertex  1.00000e-01  2.76601e-01  1.41667e+00
     endloop
  endfacet
  facet normal  1.18680e-03  0.00000e+00  0.00000e+00
     outer loop
       vertex  1.00000e-01  2.76601e-01  1.56667e+00
       vertex  1.00000e-01  3.24073e-01  1.58333e+00
       vertex  1.00000e-01  2.76601e-01  1.61667e+00
     endloop
  endfacet
  facet normal  1.18680e-03  0.00000e+00  0.00000e+00
     outer loop
       vertex  1.00000e-01  2.76601e-01  1.66667e+00
       vertex  1.00000e-01  3.24073e-01  1.68333e+00
       vertex  1.00000e-01  2.76601e-01  1.71667e+00
     endloop
  endfacet
  facet normal  1.18680e-03 -0.00000e+00  0.00000e+00
     outer loop
       vertex  1.00000e-01  2.76601e-01  9.66667e-01
       vertex  1.00000e-01  3.24073e-01  9.33333e-01
       vertex  1.00000e-01  3.24073e-01  9.83333e-01
     endloop
  endfacet
  facet normal  1.18680e-03 -0.00000e+00  0.00000e+00
     outer loop
       vertex  1.00000e-01  2.76601e-01  1.26667e+00
       vertex  1.00000e-01  3.24073e-01  1.23333e+00
       vertex  1.00000e-01  3.24073e-01  1.28333e+00
     endloop
  endfacet
  facet normal  1.18680e-03 -0.00000e+00  0.00000e+00
     outer loop
       vertex  1.00000e-01  2.76601e-01  1.46667e+00
       vertex  1.00000e-01  3.24073e-01  1.43333e+00
       vertex  1.00000e-01  3.24073e-01  1.48333e+00
     endloop
  endfacet
  facet normal  1.18680e-03  0.00000e+00  0.00000e+00
     outer loop
       vertex  1.00000e-01  3.24073e-01  1.73333e+00
       vertex  1.00000e-01  2.76601e-01  1.71667e+00
       vertex  1.00000e-01  3.24073e-01  1.68333e+00
     endloop
  endfacet
  facet normal  1.18680e-03 -0.00000e+00  0.00000e+00
     outer loop
       vertex  1.00000e-01  2.76601e-01  1.76667e+00
       vertex  1.00000e-01  3.24073e-01  1.73333e+00
       vertex  1.00000e-01  3.24073e-01  1.78333e+00
     endloop
  endfacet
  facet normal  1.18680e-03  0.00000e+00  0.00000e+00
     outer loop
       vertex  1.00000e-01  3.24073e-01  1.63333e+00
       vertex  1.00000e-01  2.76601e-01  1.61667e+00
       vertex  1.00000e-01  3.24073e-01  1.58333e+00
     endloop
  endfacet
  facet normal  1.18680e-03  0.00000e+00  0.00000e+00
     outer loop
       vertex  1.00000e-01  2.76601e-01  1.56667e+00
       vertex  1.00000e-01  2.76601e-01  1.51667e+00
       vertex  1.00000e-01  3.24073e-01  1.53333e+00
     endloop
  endfacet
  facet normal  1.18680e-03  0.00000e+00 -0.00000e+00
     outer loop
       vertex  1.00000e-01  3.24073e-01  8.33333e-02
       vertex  1.00000e-01  3.24073e-01  1.33333e-01
       vertex  1.00000e-01  2.76601e-01  1.16667e-01
     endloop
  endfacet
  facet normal  1.18680e-03  0.00000e+00  0.00000e+00
     outer loop
       vertex  1.00000e-01  3.24073e-01  1.43333e+00
       vertex  1.00000e-01  2.76601e-01  1.41667e+00
       vertex  1.00000e-01  3.24073e-01  1.38333e+00
     endloop
  endfacet
  facet normal  1.18680e-03  0.00000e+00  0.00000e+00
     outer loop
       vertex  1.00000e-01  2.76601e-01  1.66667e-01
       vertex  1.00000e-01  2.76601e-01  1.16667e-01
       vertex  1.00000e-01  3.24073e-01  1.33333e-01
     endloop
  endfacet
  facet normal  1.18680e-03  0.00000e+00  0.00000e+00
     outer loop
       vertex  1.00000e-01  2.76601e-01  1.36667e+00
       vertex  1.00000e-01  2.76601e-01  1.31667e+00
       vertex  1.00000e-01  3.24073e-01  1.33333e+00
     endloop
  endfacet
  facet normal  1.18680e-03  0.00000e+00  0.00000e+00
     outer loop
       vertex  1.00000e-01  3.24073e-01  1.13333e+00
       vertex  1.00000e-01  2.76601e-01  1.11667e+00
       vertex  1.00000e-01  3.24073e-01  1.08333e+00
     endloop
  endfacet
  facet normal  1.18680e-03  0.00000e+00  0.00000e+00
     outer loop
       vertex  1.00000e-01  2.76601e-01  1.26667e+00
       vertex  1.00000e-01  2.76601e-01  1.21667e+00
       vertex  1.00000e-01  3.24073e-01  1.23333e+00
     endloop
  endfacet
  facet normal  1.18680e-03  0.00000e+00  0.00000e+00
     outer loop
       vertex  1.00000e-01  2.76601e-01  9.66667e-01
       vertex  1.00000e-01  2.76601e-01  9.16667e-01
       vertex  1.00000e-01  3.24073e-01  9.33333e-01
     endloop
  endfacet
  facet normal  1.18680e-03  0.00000e+00  0.00000e+00
     outer loop
       vertex  1.00000e-01  2.76601e-01  8.66667e-01
       vertex  1.00000e-01  2.76601e-01  8.16667e-01
       vertex  1.00000e-01  3.24073e-01  8.33333e-01
     endloop
  endfacet
  facet normal  1.18680e-03  0.00000e+00  0.00000e+00
     outer loop
       vertex  1.00000e-01  2.76601e-01  6.66667e-01
       vertex  1.00000e-01  3.24073e-01  6.83333e-01
       vertex  1.00000e-01  2.76601e-01  7.16667e-01
     endloop
  endfacet
  facet normal  1.18680e-03  0.00000e+00  0.00000e+00
     outer loop
       vertex  1.00000e-01  2.76601e-01  6.66667e-01
       vertex  1.00000e-01  2.76601e-01  6.16667e-01
       vertex  1.00000e-01  3.24073e-01  6.33333e-01
     endloop
  endfacet
  facet normal  1.18680e-03  0.00000e+00  0.00000e+00
     outer loop
       vertex  1.00000e-01  2.76601e-01  4.66667e-01
       vertex  1.00000e-01  2.76601e-01  4.16667e-01
       vertex  1.00000e-01  3.24073e-01  4.33333e-01
     endloop
  endfacet
  facet normal  1.18680e-03  0.00000e+00  0.00000e+00
     outer loop
       vertex  1.00000e-01  3.24073e-01  2.33333e-01
       vertex  1.00000e-01  2.76601e-01  2.16667e-01
       vertex  1.00000e-01  3.24073e-01  1.83333e-01
     endloop
  endfacet
  facet normal  1.18680e-03  0.00000e+00  0.00000e+00
     outer loop
       vertex  1.00000e-01  2.76601e-01  3.66667e-01
       vertex  1.00000e-01  2.76601e-01  3.16667e-01
       vertex  1.00000e-01  3.24073e-01  3.33333e-01
     endloop
  endfacet
  facet normal  1.18680e-03  0.00000e+00  0.00000e+00
     outer loop
       vertex  1.00000e-01  2.76601e-01  9.66667e-01
       vertex  1.00000e-01  3.24073e-01  9.83333e-01
       vertex  1.00000e-01  2.76601e-01  1.01667e+00
     endloop
  endfacet
  facet normal  1.18680e-03  0.00000e+00  0.00000e+00
     outer loop
       vertex  1.00000e-01  2.76601e-01  5.66667e-01
       vertex  1.00000e-01  2.76601e-01  5.16667e-01
       vertex  1.00000e-01  3.24073e-01  5.33333e-01
     endloop
  endfacet
  facet normal  1.18680e-03  0.00000e+00  0.00000e+00
     outer loop
       vertex  1.00000e-01  2.76601e-01  2.66667e-01
       vertex  1.00000e-01  3.24073e-01  2.83333e-01
       vertex  1.00000e-01  2.76601e-01  3.16667e-01
     endloop
  endfacet
  facet normal  1.18680e-03  0.00000e+00  0.00000e+00
     outer loop
       vertex  1.00000e-01  2.76601e-01  7.66667e-01
       vertex  1.00000e-01  3.24073e-01  7.83333e-01
       vertex  1.00000e-01  2.76601e-01  8.16667e-01
     endloop
  endfacet
  facet normal  9.89003e-04  0.00000e+00  0.00000e+00
     outer loop
       vertex  1.00000e-01  3.24073e-01  8.33333e-02
       vertex  1.00000e-01  2.76601e-01  6.66666e-02
       vertex  1.00000e-01  3.24073e-01  4.16667e-02
     endloop
  endfacet
  facet normal  1.18680e-03  0.00000e+00  0.00000e+00
     outer loop
       vertex  1.00000e-01  2.76601e-01  1.16667e+00
       vertex  1.00000e-01  3.24073e-01  1.18333e+00
       vertex  1.00000e-01  2.76601e-01  1.21667e+00
     endloop
  endfacet
  facet normal  1.18680e-03  0.00000e+00  0.00000e+00
     outer loop
       vertex  1.00000e-01  2.76601e-01  4.66667e-01
       vertex  1.00000e-01  3.24073e-01  4.83333e-01
       vertex  1.00000e-01  2.76601e-01  5.16667e-01
     endloop
  endfacet
  facet normal  1.18680e-03  0.00000e+00  0.00000e+00
     outer loop
       vertex  1.00000e-01  2.76601e-01  1.76667e+00
       vertex  1.00000e-01  3.24073e-01  1.78333e+00
       vertex  1.00000e-01  2.76601e-01  1.81667e+00
     endloop
  endfacet
  facet normal  1.18680e-03  0.00000e+00  0.00000e+00
     outer loop
       vertex  1.00000e-01  3.24073e-01  1.83333e+00
       vertex  1.00000e-01  2.76601e-01  1.81667e+00
       vertex  1.00000e-01  3.24073e-01  1.78333e+00
     endloop
  endfacet
  facet normal  1.18680e-03  0.00000e+00  0.00000e+00
     outer loop
       vertex  1.00000e-01  3.24073e-01  1.03333e+00
       vertex  1.00000e-01  2.76601e-01  1.01667e+00
       vertex  1.00000e-01  3.24073e-01  9.83333e-01
     endloop
  endfacet
  facet normal  1.18680e-03  0.00000e+00  0.00000e+00
     outer loop
       vertex  1.00000e-01  2.76601e-01  3.66667e-01
       vertex  1.00000e-01  3.24073e-01  3.83333e-01
       vertex  1.00000e-01  2.76601e-01  4.16667e-01
     endloop
  endfacet
  facet normal  1.18680e-03  0.00000e+00  0.00000e+00
     outer loop
       vertex  1.00000e-01  3.24073e-01  7.33333e-01
       vertex  1.00000e-01  2.76601e-01  7.16667e-01
       vertex  1.00000e-01  3.24073e-01  6.83333e-01
     endloop
  endfacet
  facet normal  1.18680e-03  0.00000e+00  0.00000e+00
     outer loop
       vertex  1.00000e-01  2.76601e-01  5.66667e-01
       vertex  1.00000e-01  3.24073e-01  5.83333e-01
       vertex  1.00000e-01  2.76601e-01  6.16667e-01
     endloop
  endfacet
  facet normal  1.18680e-03  0.00000e+00  0.00000e+00
     outer loop
       vertex  1.00000e-01  3.24073e-01  1.23333e+00
       vertex  1.00000e-01  2.76601e-01  1.21667e+00
       vertex  1.00000e-01  3.24073e-01  1.18333e+00
     endloop
  endfacet
  facet normal  1.18680e-03  0.00000e+00  0.00000e+00
     outer loop
       vertex  1.00000e-01  2.76601e-01  8.66667e-01
       vertex  1.00000e-01  3.24073e-01  8.83333e-01
       vertex  1.00000e-01  2.76601e-01  9.16667e-01
     endloop
  endfacet
  facet normal  1.21667e-03  0.00000e+00 -0.00000e+00
     outer loop
       vertex  1.00000e-01  2.76601e-01  1.86667e+00
       vertex  1.00000e-01  3.18953e-01  1.89327e+00
       vertex  1.00000e-01  2.64733e-01  1.91667e+00
     endloop
  endfacet
  facet normal  8.68378e-04  0.00000e+00  0.00000e+00
     outer loop
       vertex  1.00000e-01  2.95941e-01  1.93523e+00
       vertex  1.00000e-01  2.64733e-01  1.91667e+00
       vertex  1.00000e-01  3.18953e-01  1.89327e+00
     endloop
  endfacet
  facet normal  1.18680e-03  0.00000e+00  0.00000e+00
     outer loop
       vertex  1.00000e-01  2.76601e-01  1.26667e+00
       vertex  1.00000e-01  3.24073e-01  1.28333e+00
       vertex  1.00000e-01  2.76601e-01  1.31667e+00
     endloop
  endfacet
  facet normal  1.18680e-03  0.00000e+00  0.00000e+00
     outer loop
       vertex  1.00000e-01  2.76601e-01  1.46667e+00
       vertex  1.00000e-01  3.24073e-01  1.48333e+00
       vertex  1.00000e-01  2.76601e-01  1.51667e+00
     endloop
  endfacet
  facet normal  8.07074e-04 -0.00000e+00  0.00000e+00
     outer loop
       vertex  1.00000e-01  2.95941e-01  1.93523e+00
       vertex  1.00000e-01  3.18953e-01  1.89327e+00
       vertex  1.00000e-01  3.29627e-01  1.94395e+00
     endloop
  endfacet
  facet normal  1.18680e-03  0.00000e+00  0.00000e+00
     outer loop
       vertex  1.00000e-01  3.24073e-01  8.33333e-01
       vertex  1.00000e-01  2.76601e-01  8.16667e-01
       vertex  1.00000e-01  3.24073e-01  7.83333e-01
     endloop
  endfacet
  facet normal  1.18680e-03  0.00000e+00  0.00000e+00
     outer loop
       vertex  1.00000e-01  3.24073e-01  1.53333e+00
       vertex  1.00000e-01  2.76601e-01  1.51667e+00
       vertex  1.00000e-01  3.24073e-01  1.48333e+00
     endloop
  endfacet
  facet normal  1.18680e-03  0.00000e+00  0.00000e+00
     outer loop
       vertex  1.00000e-01  3.24073e-01  3.33333e-01
       vertex  1.00000e-01  2.76601e-01  3.16667e-01
       vertex  1.00000e-01  3.24073e-01  2.83333e-01
     endloop
  endfacet
  facet normal  1.18680e-03  0.00000e+00  0.00000e+00
     outer loop
       vertex  1.00000e-01  3.24073e-01  1.33333e+00
       vertex  1.00000e-01  2.76601e-01  1.31667e+00
       vertex  1.00000e-01  3.24073e-01  1.28333e+00
     endloop
  endfacet
  facet normal  1.18680e-03  0.00000e+00  0.00000e+00
     outer loop
       vertex  1.00000e-01  3.24073e-01  5.33333e-01
       vertex  1.00000e-01  2.76601e-01  5.16667e-01
       vertex  1.00000e-01  3.24073e-01  4.83333e-01
     endloop
  endfacet
  facet normal  1.18680e-03  0.00000e+00  0.00000e+00
     outer loop
       vertex  1.00000e-01  3.24073e-01  9.33333e-01
       vertex  1.00000e-01  2.76601e-01  9.16667e-01
       vertex  1.00000e-01  3.24073e-01  8.83333e-01
     endloop
  endfacet
  facet normal  1.18680e-03  0.00000e+00  0.00000e+00
     outer loop
       vertex  1.00000e-01  3.24073e-01  6.33333e-01
       vertex  1.00000e-01  2.76601e-01  6.16667e-01
       vertex  1.00000e-01  3.24073e-01  5.83333e-01
     endloop
  endfacet
  facet normal  1.18680e-03  0.00000e+00  0.00000e+00
     outer loop
       vertex  1.00000e-01  3.24073e-01  4.33333e-01
       vertex  1.00000e-01  2.76601e-01  4.16667e-01
       vertex  1.00000e-01  3.24073e-01  3.83333e-01
     endloop
  endfacet
  facet normal  6.51261e-04  0.00000e+00  0.00000e+00
     outer loop
       vertex  1.00000e-01  2.95941e-01  1.93523e+00
       vertex  1.00000e-01  2.66078e-01  1.95920e+00
       vertex  1.00000e-01  2.64733e-01  1.91667e+00
     endloop
  endfacet
  facet normal  5.20404e-04  0.00000e+00 -0.00000e+00
     outer loop
       vertex  1.00000e-01  2.95941e-01  1.93523e+00
       vertex  1.00000e-01  2.99217e-01  1.96745e+00
       vertex  1.00000e-01  2.66078e-01  1.95920e+00
     endloop
  endfacet
  facet normal  5.28461e-04  0.00000e+00  0.00000e+00
     outer loop
       vertex  1.00000e-01  2.95941e-01  1.93523e+00
       vertex  1.00000e-01  3.29627e-01  1.94395e+00
       vertex  1.00000e-01  2.99217e-01  1.96745e+00
     endloop
  endfacet
  facet normal -1.18680e-03 -0.00000e+00  0.00000e+00
     outer loop
       vertex -1.00000e-01  3.24073e-01  1.91667e+00
       vertex -1.00000e-01  2.76601e-01  1.88333e+00
       vertex -1.00000e-01  2.76601e-01  1.93333e+00
     endloop
  endfacet
  facet normal -1.18680e-03 -0.00000e+00  0.00000e+00
     outer loop
       vertex -1.00000e-01  3.24073e-01  1.81667e+00
       vertex -1.00000e-01  2.76601e-01  1.78333e+00
       vertex -1.00000e-01  2.76601e-01  1.83333e+00
     endloop
  endfacet
  facet normal -1.18680e-03 -0.00000e+00  0.00000e+00
     outer loop
       vertex -1.00000e-01  3.24073e-01  1.71667e+00
       vertex -1.00000e-01  2.76601e-01  1.68333e+00
       vertex -1.00000e-01  2.76601e-01  1.73333e+00
     endloop
  endfacet
  facet normal -1.18680e-03 -0.00000e+00  0.00000e+00
     outer loop
       vertex -1.00000e-01  3.24073e-01  1.61667e+00
       vertex -1.00000e-01  2.76601e-01  1.58333e+00
       vertex -1.00000e-01  2.76601e-01  1.63333e+00
     endloop
  endfacet
  facet normal -1.18680e-03 -0.00000e+00  0.00000e+00
     outer loop
       vertex -1.00000e-01  3.24073e-01  1.41667e+00
       vertex -1.00000e-01  2.76601e-01  1.38333e+00
       vertex -1.00000e-01  2.76601e-01  1.43333e+00
     endloop
  endfacet
  facet normal -1.18680e-03 -0.00000e+00  0.00000e+00
     outer loop
       vertex -1.00000e-01  3.24073e-01  1.31667e+00
       vertex -1.00000e-01  2.76601e-01  1.28333e+00
       vertex -1.00000e-01  2.76601e-01  1.33333e+00
     endloop
  endfacet
  facet normal -1.18680e-03 -0.00000e+00  0.00000e+00
     outer loop
       vertex -1.00000e-01  3.24073e-01  1.11667e+00
       vertex -1.00000e-01  2.76601e-01  1.08333e+00
       vertex -1.00000e-01  2.76601e-01  1.13333e+00
     endloop
  endfacet
  facet normal -1.18680e-03 -0.00000e+00  0.00000e+00
     outer loop
       vertex -1.00000e-01  3.24073e-01  1.01667e+00
       vertex -1.00000e-01  2.76601e-01  9.83333e-01
       vertex -1.00000e-01  2.76601e-01  1.03333e+00
     endloop
  endfacet
  facet normal -1.18680e-03 -0.00000e+00  0.00000e+00
     outer loop
       vertex -1.00000e-01  3.24073e-01  7.16667e-01
       vertex -1.00000e-01  2.76601e-01  6.83333e-01
       vertex -1.00000e-01  2.76601e-01  7.33333e-01
     endloop
  endfacet
  facet normal -1.18680e-03 -0.00000e+00  0.00000e+00
     outer loop
       vertex -1.00000e-01  3.24073e-01  5.16667e-01
       vertex -1.00000e-01  2.76601e-01  4.83333e-01
       vertex -1.00000e-01  2.76601e-01  5.33333e-01
     endloop
  endfacet
  facet normal -1.18680e-03 -0.00000e+00  0.00000e+00
     outer loop
       vertex -1.00000e-01  3.24073e-01  2.16667e-01
       vertex -1.00000e-01  2.76601e-01  1.83333e-01
       vertex -1.00000e-01  2.76601e-01  2.33333e-01
     endloop
  endfacet
  facet normal -1.18680e-03  0.00000e+00 -0.00000e+00
     outer loop
       vertex -1.00000e-01  3.24073e-01  5.16667e-01
       vertex -1.00000e-01  3.24073e-01  4.66667e-01
       vertex -1.00000e-01  2.76601e-01  4.83333e-01
     endloop
  endfacet
  facet normal -1.18680e-03  0.00000e+00 -0.00000e+00
     outer loop
       vertex -1.00000e-01  3.24073e-01  1.21667e+00
       vertex -1.00000e-01  3.24073e-01  1.16667e+00
       vertex -1.00000e-01  2.76601e-01  1.18333e+00
     endloop
  endfacet
  facet normal -1.18680e-03  0.00000e+00 -0.00000e+00
     outer loop
       vertex -1.00000e-01  3.24073e-01  1.41667e+00
       vertex -1.00000e-01  3.24073e-01  1.36667e+00
       vertex -1.00000e-01  2.76601e-01  1.38333e+00
     endloop
  endfacet
  facet normal -1.18680e-03  0.00000e+00 -0.00000e+00
     outer loop
       vertex -1.00000e-01  3.24073e-01  1.61667e+00
       vertex -1.00000e-01  3.24073e-01  1.56667e+00
       vertex -1.00000e-01  2.76601e-01  1.58333e+00
     endloop
  endfacet
  facet normal -1.18680e-03  0.00000e+00 -0.00000e+00
     outer loop
       vertex -1.00000e-01  3.24073e-01  1.71667e+00
       vertex -1.00000e-01  3.24073e-01  1.66667e+00
       vertex -1.00000e-01  2.76601e-01  1.68333e+00
     endloop
  endfacet
  facet normal -1.18680e-03 -0.00000e+00  0.00000e+00
     outer loop
       vertex -1.00000e-01  3.24073e-01  1.51667e+00
       vertex -1.00000e-01  2.76601e-01  1.48333e+00
       vertex -1.00000e-01  2.76601e-01  1.53333e+00
     endloop
  endfacet
  facet normal -1.18680e-03 -0.00000e+00  0.00000e+00
     outer loop
       vertex -1.00000e-01  3.24073e-01  1.21667e+00
       vertex -1.00000e-01  2.76601e-01  1.18333e+00
       vertex -1.00000e-01  2.76601e-01  1.23333e+00
     endloop
  endfacet
  facet normal -1.18680e-03 -0.00000e+00  0.00000e+00
     outer loop
       vertex -1.00000e-01  3.24073e-01  9.16667e-01
       vertex -1.00000e-01  2.76601e-01  8.83333e-01
       vertex -1.00000e-01  2.76601e-01  9.33333e-01
     endloop
  endfacet
  facet normal -1.18680e-03  0.00000e+00  0.00000e+00
     outer loop
       vertex -1.00000e-01  3.24073e-01  1.61667e+00
       vertex -1.00000e-01  2.76601e-01  1.63333e+00
       vertex -1.00000e-01  3.24073e-01  1.66667e+00
     endloop
  endfacet
  facet normal -1.18680e-03 -0.00000e+00  0.00000e+00
     outer loop
       vertex -1.00000e-01  3.24073e-01  8.16667e-01
       vertex -1.00000e-01  2.76601e-01  7.83333e-01
       vertex -1.00000e-01  2.76601e-01  8.33333e-01
     endloop
  endfacet
  facet normal -1.18680e-03  0.00000e+00  0.00000e+00
     outer loop
       vertex -1.00000e-01  3.24073e-01  1.31667e+00
       vertex -1.00000e-01  2.76601e-01  1.33333e+00
       vertex -1.00000e-01  3.24073e-01  1.36667e+00
     endloop
  endfacet
  facet normal -1.18680e-03  0.00000e+00  0.00000e+00
     outer loop
       vertex -1.00000e-01  3.24073e-01  1.11667e+00
       vertex -1.00000e-01  2.76601e-01  1.13333e+00
       vertex -1.00000e-01  3.24073e-01  1.16667e+00
     endloop
  endfacet
  facet normal -1.18680e-03 -0.00000e+00  0.00000e+00
     outer loop
       vertex -1.00000e-01  3.24073e-01  6.16667e-01
       vertex -1.00000e-01  2.76601e-01  5.83333e-01
       vertex -1.00000e-01  2.76601e-01  6.33333e-01
     endloop
  endfacet
  facet normal -1.18680e-03 -0.00000e+00  0.00000e+00
     outer loop
       vertex -1.00000e-01  3.24073e-01  4.16667e-01
       vertex -1.00000e-01  2.76601e-01  3.83333e-01
       vertex -1.00000e-01  2.76601e-01  4.33333e-01
     endloop
  endfacet
  facet normal -1.18680e-03 -0.00000e+00  0.00000e+00
     outer loop
       vertex -1.00000e-01  3.24073e-01  3.16667e-01
       vertex -1.00000e-01  2.76601e-01  2.83333e-01
       vertex -1.00000e-01  2.76601e-01  3.33333e-01
     endloop
  endfacet
  facet normal -1.18680e-03  0.00000e+00 -0.00000e+00
     outer loop
       vertex -1.00000e-01  3.24073e-01  2.16667e-01
       vertex -1.00000e-01  3.24073e-01  1.66667e-01
       vertex -1.00000e-01  2.76601e-01  1.83333e-01
     endloop
  endfacet
  facet normal -1.18680e-03  0.00000e+00 -0.00000e+00
     outer loop
       vertex -1.00000e-01  3.24073e-01  4.16667e-01
       vertex -1.00000e-01  3.24073e-01  3.66667e-01
       vertex -1.00000e-01  2.76601e-01  3.83333e-01
     endloop
  endfacet
  facet normal -1.18680e-03  0.00000e+00 -0.00000e+00
     outer loop
       vertex -1.00000e-01  3.24073e-01  6.16667e-01
       vertex -1.00000e-01  3.24073e-01  5.66667e-01
       vertex -1.00000e-01  2.76601e-01  5.83333e-01
     endloop
  endfacet
  facet normal -1.18680e-03  0.00000e+00 -0.00000e+00
     outer loop
       vertex -1.00000e-01  3.24073e-01  7.16667e-01
       vertex -1.00000e-01  3.24073e-01  6.66667e-01
       vertex -1.00000e-01  2.76601e-01  6.83333e-01
     endloop
  endfacet
  facet normal -1.18680e-03  0.00000e+00  0.00000e+00
     outer loop
       vertex -1.00000e-01  3.24073e-01  1.51667e+00
       vertex -1.00000e-01  2.76601e-01  1.53333e+00
       vertex -1.00000e-01  3.24073e-01  1.56667e+00
     endloop
  endfacet
  facet normal -1.18680e-03  0.00000e+00 -0.00000e+00
     outer loop
       vertex -1.00000e-01  3.24073e-01  9.16667e-01
       vertex -1.00000e-01  3.24073e-01  8.66667e-01
       vertex -1.00000e-01  2.76601e-01  8.83333e-01
     endloop
  endfacet
  facet normal -1.18680e-03  0.00000e+00 -0.00000e+00
     outer loop
       vertex -1.00000e-01  3.24073e-01  1.01667e+00
       vertex -1.00000e-01  3.24073e-01  9.66667e-01
       vertex -1.00000e-01  2.76601e-01  9.83333e-01
     endloop
  endfacet
  facet normal -1.18680e-03  0.00000e+00 -0.00000e+00
     outer loop
       vertex -1.00000e-01  3.24073e-01  1.11667e+00
       vertex -1.00000e-01  3.24073e-01  1.06667e+00
       vertex -1.00000e-01  2.76601e-01  1.08333e+00
     endloop
  endfacet
  facet normal -1.18680e-03  0.00000e+00 -0.00000e+00
     outer loop
       vertex -1.00000e-01  3.24073e-01  1.31667e+00
       vertex -1.00000e-01  3.24073e-01  1.26667e+00
       vertex -1.00000e-01  2.76601e-01  1.28333e+00
     endloop
  endfacet
  facet normal -1.18680e-03  0.00000e+00 -0.00000e+00
     outer loop
       vertex -1.00000e-01  3.24073e-01  1.51667e+00
       vertex -1.00000e-01  3.24073e-01  1.46667e+00
       vertex -1.00000e-01  2.76601e-01  1.48333e+00
     endloop
  endfacet
  facet normal -1.18680e-03  0.00000e+00  0.00000e+00
     outer loop
       vertex -1.00000e-01  2.76601e-01  1.18333e+00
       vertex -1.00000e-01  3.24073e-01  1.16667e+00
       vertex -1.00000e-01  2.76601e-01  1.13333e+00
     endloop
  endfacet
  facet normal -1.18680e-03  0.00000e+00 -0.00000e+00
     outer loop
       vertex -1.00000e-01  3.24073e-01  1.81667e+00
       vertex -1.00000e-01  3.24073e-01  1.76667e+00
       vertex -1.00000e-01  2.76601e-01  1.78333e+00
     endloop
  endfacet
  facet normal -1.29983e-03  0.00000e+00  0.00000e+00
     outer loop
       vertex -1.00000e-01  3.20682e-01  1.09524e-01
       vertex -1.00000e-01  2.76601e-01  1.33333e-01
       vertex -1.00000e-01  3.24073e-01  1.66667e-01
     endloop
  endfacet
  facet normal -1.18680e-03  0.00000e+00  0.00000e+00
     outer loop
       vertex -1.00000e-01  2.76601e-01  1.38333e+00
       vertex -1.00000e-01  3.24073e-01  1.36667e+00
       vertex -1.00000e-01  2.76601e-01  1.33333e+00
     endloop
  endfacet
  facet normal -1.18680e-03  0.00000e+00 -0.00000e+00
     outer loop
       vertex -1.00000e-01  3.24073e-01  1.91667e+00
       vertex -1.00000e-01  3.24073e-01  1.86667e+00
       vertex -1.00000e-01  2.76601e-01  1.88333e+00
     endloop
  endfacet
  facet normal -1.18680e-03  0.00000e+00  0.00000e+00
     outer loop
       vertex -1.00000e-01  2.76601e-01  1.83333e-01
       vertex -1.00000e-01  3.24073e-01  1.66667e-01
       vertex -1.00000e-01  2.76601e-01  1.33333e-01
     endloop
  endfacet
  facet normal -1.18680e-03  0.00000e+00 -0.00000e+00
     outer loop
       vertex -1.00000e-01  3.24073e-01  3.16667e-01
       vertex -1.00000e-01  3.24073e-01  2.66667e-01
       vertex -1.00000e-01  2.76601e-01  2.83333e-01
     endloop
  endfacet
  facet normal -1.18680e-03  0.00000e+00 -0.00000e+00
     outer loop
       vertex -1.00000e-01  3.24073e-01  8.16667e-01
       vertex -1.00000e-01  3.24073e-01  7.66667e-01
       vertex -1.00000e-01  2.76601e-01  7.83333e-01
     endloop
  endfacet
  facet normal -1.18680e-03  0.00000e+00  0.00000e+00
     outer loop
       vertex -1.00000e-01  3.24073e-01  1.81667e+00
       vertex -1.00000e-01  2.76601e-01  1.83333e+00
       vertex -1.00000e-01  3.24073e-01  1.86667e+00
     endloop
  endfacet
  facet normal -1.18680e-03  0.00000e+00  0.00000e+00
     outer loop
       vertex -1.00000e-01  3.24073e-01  1.71667e+00
       vertex -1.00000e-01  2.76601e-01  1.73333e+00
       vertex -1.00000e-01  3.24073e-01  1.76667e+00
     endloop
  endfacet
  facet normal -1.18680e-03  0.00000e+00  0.00000e+00
     outer loop
       vertex -1.00000e-01  3.24073e-01  4.16667e-01
       vertex -1.00000e-01  2.76601e-01  4.33333e-01
       vertex -1.00000e-01  3.24073e-01  4.66667e-01
     endloop
  endfacet
  facet normal -1.18680e-03  0.00000e+00  0.00000e+00
     outer loop
       vertex -1.00000e-01  2.76601e-01  1.68333e+00
       vertex -1.00000e-01  3.24073e-01  1.66667e+00
       vertex -1.00000e-01  2.76601e-01  1.63333e+00
     endloop
  endfacet
  facet normal -1.18680e-03  0.00000e+00  0.00000e+00
     outer loop
       vertex -1.00000e-01  3.24073e-01  1.41667e+00
       vertex -1.00000e-01  2.76601e-01  1.43333e+00
       vertex -1.00000e-01  3.24073e-01  1.46667e+00
     endloop
  endfacet
  facet normal -9.89003e-04  0.00000e+00  0.00000e+00
     outer loop
       vertex -1.00000e-01  3.24073e-01  1.91667e+00
       vertex -1.00000e-01  2.76601e-01  1.93333e+00
       vertex -1.00000e-01  3.24073e-01  1.95833e+00
     endloop
  endfacet
  facet normal -1.30169e-03  0.00000e+00  0.00000e+00
     outer loop
       vertex -1.00000e-01  3.20682e-01  1.09524e-01
       vertex -1.00000e-01  2.98636e-01  5.10309e-02
       vertex -1.00000e-01  2.64733e-01  7.91667e-02
     endloop
  endfacet
  facet normal -1.18680e-03  0.00000e+00  0.00000e+00
     outer loop
       vertex -1.00000e-01  3.24073e-01  5.16667e-01
       vertex -1.00000e-01  2.76601e-01  5.33333e-01
       vertex -1.00000e-01  3.24073e-01  5.66667e-01
     endloop
  endfacet
  facet normal -1.18680e-03  0.00000e+00  0.00000e+00
     outer loop
       vertex -1.00000e-01  3.24073e-01  1.01667e+00
       vertex -1.00000e-01  2.76601e-01  1.03333e+00
       vertex -1.00000e-01  3.24073e-01  1.06667e+00
     endloop
  endfacet
  facet normal -1.17764e-03  0.00000e+00 -0.00000e+00
     outer loop
       vertex -1.00000e-01  3.20682e-01  1.09524e-01
       vertex -1.00000e-01  3.37724e-01  4.79066e-02
       vertex -1.00000e-01  2.98636e-01  5.10309e-02
     endloop
  endfacet
  facet normal -1.18680e-03  0.00000e+00  0.00000e+00
     outer loop
       vertex -1.00000e-01  2.76601e-01  4.83333e-01
       vertex -1.00000e-01  3.24073e-01  4.66667e-01
       vertex -1.00000e-01  2.76601e-01  4.33333e-01
     endloop
  endfacet
  facet normal -1.18680e-03  0.00000e+00  0.00000e+00
     outer loop
       vertex -1.00000e-01  2.76601e-01  1.58333e+00
       vertex -1.00000e-01  3.24073e-01  1.56667e+00
       vertex -1.00000e-01  2.76601e-01  1.53333e+00
     endloop
  endfacet
  facet normal -1.18680e-03  0.00000e+00  0.00000e+00
     outer loop
       vertex -1.00000e-01  2.76601e-01  5.83333e-01
       vertex -1.00000e-01  3.24073e-01  5.66667e-01
       vertex -1.00000e-01  2.76601e-01  5.33333e-01
     endloop
  endfacet
  facet normal -1.18680e-03  0.00000e+00  0.00000e+00
     outer loop
       vertex -1.00000e-01  3.24073e-01  1.21667e+00
       vertex -1.00000e-01  2.76601e-01  1.23333e+00
       vertex -1.00000e-01  3.24073e-01  1.26667e+00
     endloop
  endfacet
  facet normal -1.18680e-03  0.00000e+00  0.00000e+00
     outer loop
       vertex -1.00000e-01  3.24073e-01  9.16667e-01
       vertex -1.00000e-01  2.76601e-01  9.33333e-01
       vertex -1.00000e-01  3.24073e-01  9.66667e-01
     endloop
  endfacet
  facet normal -1.18680e-03  0.00000e+00  0.00000e+00
     outer loop
       vertex -1.00000e-01  3.24073e-01  8.16667e-01
       vertex -1.00000e-01  2.76601e-01  8.33333e-01
       vertex -1.00000e-01  3.24073e-01  8.66667e-01
     endloop
  endfacet
  facet normal -1.18680e-03  0.00000e+00  0.00000e+00
     outer loop
       vertex -1.00000e-01  3.24073e-01  6.16667e-01
       vertex -1.00000e-01  2.76601e-01  6.33333e-01
       vertex -1.00000e-01  3.24073e-01  6.66667e-01
     endloop
  endfacet
  facet normal -1.18680e-03  0.00000e+00  0.00000e+00
     outer loop
       vertex -1.00000e-01  3.24073e-01  3.16667e-01
       vertex -1.00000e-01  2.76601e-01  3.33333e-01
       vertex -1.00000e-01  3.24073e-01  3.66667e-01
     endloop
  endfacet
  facet normal -1.18680e-03  0.00000e+00  0.00000e+00
     outer loop
       vertex -1.00000e-01  3.24073e-01  7.16667e-01
       vertex -1.00000e-01  2.76601e-01  7.33333e-01
       vertex -1.00000e-01  3.24073e-01  7.66667e-01
     endloop
  endfacet
  facet normal -1.33515e-03 -0.00000e+00  0.00000e+00
     outer loop
       vertex -1.00000e-01  3.20682e-01  1.09524e-01
       vertex -1.00000e-01  2.64733e-01  7.91667e-02
       vertex -1.00000e-01  2.76601e-01  1.33333e-01
     endloop
  endfacet
  facet normal -1.18680e-03  0.00000e+00  0.00000e+00
     outer loop
       vertex -1.00000e-01  2.76601e-01  3.83333e-01
       vertex -1.00000e-01  3.24073e-01  3.66667e-01
       vertex -1.00000e-01  2.76601e-01  3.33333e-01
     endloop
  endfacet
  facet normal -1.18680e-03  0.00000e+00  0.00000e+00
     outer loop
       vertex -1.00000e-01  2.76601e-01  1.08333e+00
       vertex -1.00000e-01  3.24073e-01  1.06667e+00
       vertex -1.00000e-01  2.76601e-01  1.03333e+00
     endloop
  endfacet
  facet normal -1.18680e-03  0.00000e+00  0.00000e+00
     outer loop
       vertex -1.00000e-01  3.24073e-01  2.16667e-01
       vertex -1.00000e-01  2.76601e-01  2.33333e-01
       vertex -1.00000e-01  3.24073e-01  2.66667e-01
     endloop
  endfacet
  facet normal -1.18680e-03  0.00000e+00  0.00000e+00
     outer loop
       vertex -1.00000e-01  2.76601e-01  6.83333e-01
       vertex -1.00000e-01  3.24073e-01  6.66667e-01
       vertex -1.00000e-01  2.76601e-01  6.33333e-01
     endloop
  endfacet
  facet normal -1.18680e-03  0.00000e+00  0.00000e+00
     outer loop
       vertex -1.00000e-01  2.76601e-01  1.48333e+00
       vertex -1.00000e-01  3.24073e-01  1.46667e+00
       vertex -1.00000e-01  2.76601e-01  1.43333e+00
     endloop
  endfacet
  facet normal -1.18680e-03  0.00000e+00  0.00000e+00
     outer loop
       vertex -1.00000e-01  2.76601e-01  2.83333e-01
       vertex -1.00000e-01  3.24073e-01  2.66667e-01
       vertex -1.00000e-01  2.76601e-01  2.33333e-01
     endloop
  endfacet
  facet normal -1.18680e-03  0.00000e+00  0.00000e+00
     outer loop
       vertex -1.00000e-01  2.76601e-01  8.83333e-01
       vertex -1.00000e-01  3.24073e-01  8.66667e-01
       vertex -1.00000e-01  2.76601e-01  8.33333e-01
     endloop
  endfacet
  facet normal -1.18680e-03  0.00000e+00  0.00000e+00
     outer loop
       vertex -1.00000e-01  2.76601e-01  9.83333e-01
       vertex -1.00000e-01  3.24073e-01  9.66667e-01
       vertex -1.00000e-01  2.76601e-01  9.33333e-01
     endloop
  endfacet
  facet normal -1.18680e-03  0.00000e+00  0.00000e+00
     outer loop
       vertex -1.00000e-01  2.76601e-01  1.78333e+00
       vertex -1.00000e-01  3.24073e-01  1.76667e+00
       vertex -1.00000e-01  2.76601e-01  1.73333e+00
     endloop
  endfacet
  facet normal -1.18680e-03  0.00000e+00  0.00000e+00
     outer loop
       vertex -1.00000e-01  2.76601e-01  1.88333e+00
       vertex -1.00000e-01  3.24073e-01  1.86667e+00
       vertex -1.00000e-01  2.76601e-01  1.83333e+00
     endloop
  endfacet
  facet normal -1.18680e-03  0.00000e+00  0.00000e+00
     outer loop
       vertex -1.00000e-01  2.76601e-01  7.83333e-01
       vertex -1.00000e-01  3.24073e-01  7.66667e-01
       vertex -1.00000e-01  2.76601e-01  7.33333e-01
     endloop
  endfacet
  facet normal -1.18680e-03  0.00000e+00  0.00000e+00
     outer loop
       vertex -1.00000e-01  2.76601e-01  1.28333e+00
       vertex -1.00000e-01  3.24073e-01  1.26667e+00
       vertex -1.00000e-01  2.76601e-01  1.23333e+00
     endloop
  endfacet
  facet normal -6.81323e-04 -0.00000e+00  0.00000e+00
     outer loop
       vertex -1.00000e-01  2.98636e-01  5.10309e-02
       vertex -1.00000e-01  2.61264e-01  4.18527e-02
       vertex -1.00000e-01  2.64733e-01  7.91667e-02
     endloop
  endfacet
  facet normal  0.00000e+00  0.00000e+00  1.42113e-03
     outer loop
       vertex -1.37546e-01 -8.30633e-02  2.00000e+00
       vertex -8.41033e-02 -5.14105e-02  2.00000e+00
       vertex -1.35173e-01 -2.84744e-02  2.00000e+00
     endloop
  endfacet
  facet normal  0.00000e+00  0.00000e+00  2.15240e-03
     outer loop
       vertex  6.67594e-02  1.62649e-02  2.00000e+00
       vertex -2.50201e-03  2.96926e-02  2.00000e+00
       vertex  1.85684e-02 -3.65451e-02  2.00000e+00
     endloop
  endfacet
  facet normal  0.00000e+00  0.00000e+00  2.01398e-03
     outer loop
       vertex  6.67594e-02  1.62649e-02  2.00000e+00
       vertex  1.85684e-02 -3.65451e-02  2.00000e+00
       vertex  8.70016e-02 -4.51360e-02  2.00000e+00
     endloop
  endfacet
  facet normal  0.00000e+00 -0.00000e+00  1.70480e-03
     outer loop
       vertex  1.09792e-01 -1.06092e-01  2.00000e+00
       vertex  1.46603e-01 -5.49413e-02  2.00000e+00
       vertex  8.70016e-02 -4.51360e-02  2.00000e+00
     endloop
  endfacet
  facet normal  0.00000e+00  0.00000e+00  1.32649e-03
     outer loop
       vertex  1.81560e-01 -1.17935e-02  2.00000e+00
       vertex  1.26516e-01 -3.84127e-03  2.00000e+00
       vertex  1.46603e-01 -5.49413e-02  2.00000e+00
     endloop
  endfacet
  facet normal  0.00000e+00  0.00000e+00  1.53734e-03
     outer loop
       vertex  1.83732e-03 -9.31261e-02  2.00000e+00
       vertex -3.98816e-02 -1.43994e-01  2.00000e+00
       vertex  1.89759e-02 -1.45929e-01  2.00000e+00
     endloop
  endfacet
  facet normal -0.00000e+00  0.00000e+00  1.27033e-03
     outer loop
       vertex  1.83732e-03 -9.31261e-02  2.00000e+00
       vertex  4.64624e-02 -9.40659e-02  2.00000e+00
       vertex  1.85684e-02 -3.65451e-02  2.00000e+00
     endloop
  endfacet
  facet normal  0.00000e+00  0.00000e+00  1.63107e-03
     outer loop
       vertex  6.67594e-02  1.62649e-02  2.00000e+00
       vertex  8.70016e-02 -4.51360e-02  2.00000e+00
       vertex  1.26516e-01 -3.84127e-03  2.00000e+00
     endloop
  endfacet
  facet normal  0.00000e+00 -0.00000e+00  1.35206e-03
     outer loop
       vertex -1.37546e-01 -8.30633e-02  2.00000e+00
       vertex -1.35173e-01 -2.84744e-02  2.00000e+00
       vertex -1.85619e-01 -4.94115e-02  2.00000e+00
     endloop
  endfacet
  facet normal  0.00000e+00  0.00000e+00  1.79311e-03
     outer loop
       vertex  1.09792e-01 -1.06092e-01  2.00000e+00
       vertex  8.70016e-02 -4.51360e-02  2.00000e+00
       vertex  4.64624e-02 -9.40659e-02  2.00000e+00
     endloop
  endfacet
  facet normal  0.00000e+00  0.00000e+00  1.55263e-03
     outer loop
       vertex  1.09792e-01 -1.06092e-01  2.00000e+00
       vertex  1.70662e-01 -1.05867e-01  2.00000e+00
       vertex  1.46603e-01 -5.49413e-02  2.00000e+00
     endloop
  endfacet
  facet normal  0.00000e+00  0.00000e+00  1.28030e-03
     outer loop
       vertex -1.35173e-01 -2.84744e-02  2.00000e+00
       vertex -1.90072e-01 -5.00162e-04  2.00000e+00
       vertex -1.85619e-01 -4.94115e-02  2.00000e+00
     endloop
  endfacet
  facet normal  0.00000e+00  0.00000e+00  1.17011e-03
     outer loop
       vertex  1.83732e-03 -9.31261e-02  2.00000e+00
       vertex  1.89759e-02 -1.45929e-01  2.00000e+00
       vertex  4.64624e-02 -9.40659e-02  2.00000e+00
     endloop
  endfacet
  facet normal  0.00000e+00  0.00000e+00  1.42435e-03
     outer loop
       vertex  1.46603e-01 -5.49413e-02  2.00000e+00
       vertex  1.26516e-01 -3.84127e-03  2.00000e+00
       vertex  8.70016e-02 -4.51360e-02  2.00000e+00
     endloop
  endfacet
  facet normal -0.00000e+00  0.00000e+00  1.49623e-03
     outer loop
       vertex -6.69242e-02  2.86850e-02  2.00000e+00
       vertex -4.26987e-02 -1.73870e-02  2.00000e+00
       vertex -2.50201e-03  2.96926e-02  2.00000e+00
     endloop
  endfacet
  facet normal  0.00000e+00  0.00000e+00  1.84835e-03
     outer loop
       vertex  1.85684e-02 -3.65451e-02  2.00000e+00
       vertex  4.64624e-02 -9.40659e-02  2.00000e+00
       vertex  8.70016e-02 -4.51360e-02  2.00000e+00
     endloop
  endfacet
  facet normal  0.00000e+00 -0.00000e+00  1.56239e-03
     outer loop
       vertex -1.35173e-01 -2.84744e-02  2.00000e+00
       vertex -1.32244e-01  2.69519e-02  2.00000e+00
       vertex -1.90072e-01 -5.00162e-04  2.00000e+00
     endloop
  endfacet
  facet normal -0.00000e+00  0.00000e+00  1.39937e-03
     outer loop
       vertex -1.37546e-01 -8.30633e-02  2.00000e+00
       vertex -8.65503e-02 -1.05229e-01  2.00000e+00
       vertex -8.41033e-02 -5.14105e-02  2.00000e+00
     endloop
  endfacet
  facet normal  0.00000e+00  0.00000e+00  1.82726e-03
     outer loop
       vertex -2.50201e-03  2.96926e-02  2.00000e+00
       vertex -4.26987e-02 -1.73870e-02  2.00000e+00
       vertex  1.85684e-02 -3.65451e-02  2.00000e+00
     endloop
  endfacet
  facet normal  0.00000e+00  0.00000e+00  1.28257e-03
     outer loop
       vertex  1.09792e-01 -1.06092e-01  2.00000e+00
       vertex  6.90859e-02 -1.48778e-01  2.00000e+00
       vertex  1.13950e-01 -1.64747e-01  2.00000e+00
     endloop
  endfacet
  facet normal  0.00000e+00  0.00000e+00  1.59641e-03
     outer loop
       vertex  1.09792e-01 -1.06092e-01  2.00000e+00
       vertex  4.64624e-02 -9.40659e-02  2.00000e+00
       vertex  6.90859e-02 -1.48778e-01  2.00000e+00
     endloop
  endfacet
  facet normal  0.00000e+00  0.00000e+00  1.17694e-03
     outer loop
       vertex  1.81560e-01 -1.17935e-02  2.00000e+00
       vertex  1.60080e-01  3.40739e-02  2.00000e+00
       vertex  1.26516e-01 -3.84127e-03  2.00000e+00
     endloop
  endfacet
  facet normal  0.00000e+00  0.00000e+00  1.13724e-03
     outer loop
       vertex  1.81560e-01 -1.17935e-02  2.00000e+00
       vertex  1.46603e-01 -5.49413e-02  2.00000e+00
       vertex  1.93349e-01 -6.23076e-02  2.00000e+00
     endloop
  endfacet
  facet normal  0.00000e+00  0.00000e+00  1.62120e-03
     outer loop
       vertex -3.98816e-02 -1.43994e-01  2.00000e+00
       vertex -8.65503e-02 -1.05229e-01  2.00000e+00
       vertex -1.06286e-01 -1.58313e-01  2.00000e+00
     endloop
  endfacet
  facet normal  0.00000e+00 -0.00000e+00  1.16666e-03
     outer loop
       vertex  4.32987e-02 -1.93876e-01  2.00000e+00
       vertex  6.90859e-02 -1.48778e-01  2.00000e+00
       vertex  1.89759e-02 -1.45929e-01  2.00000e+00
     endloop
  endfacet
  facet normal -0.00000e+00  0.00000e+00  1.03805e-03
     outer loop
       vertex -1.35173e-01 -2.84744e-02  2.00000e+00
       vertex -8.41033e-02 -5.14105e-02  2.00000e+00
       vertex -8.83827e-02 -8.83638e-03  2.00000e+00
     endloop
  endfacet
  facet normal  0.00000e+00  0.00000e+00  1.42487e-03
     outer loop
       vertex  1.83732e-03 -9.31261e-02  2.00000e+00
       vertex -3.78030e-02 -7.31510e-02  2.00000e+00
       vertex -3.98816e-02 -1.43994e-01  2.00000e+00
     endloop
  endfacet
  facet normal  0.00000e+00  0.00000e+00  1.12443e-03
     outer loop
       vertex -3.98816e-02 -1.43994e-01  2.00000e+00
       vertex -4.09739e-02 -2.02971e-01  2.00000e+00
       vertex -2.87870e-03 -2.04905e-01  2.00000e+00
     endloop
  endfacet
  facet normal  0.00000e+00  0.00000e+00  1.09005e-03
     outer loop
       vertex  1.09792e-01 -1.06092e-01  2.00000e+00
       vertex  1.13950e-01 -1.64747e-01  2.00000e+00
       vertex  1.49711e-01 -1.44897e-01  2.00000e+00
     endloop
  endfacet
  facet normal -0.00000e+00  0.00000e+00  1.20707e-03
     outer loop
       vertex  6.67594e-02  1.62649e-02  2.00000e+00
       vertex  1.26516e-01 -3.84127e-03  2.00000e+00
       vertex  1.18368e-01  3.92995e-02  2.00000e+00
     endloop
  endfacet
  facet normal  0.00000e+00  0.00000e+00  1.24115e-03
     outer loop
       vertex  4.32987e-02 -1.93876e-01  2.00000e+00
       vertex  1.89759e-02 -1.45929e-01  2.00000e+00
       vertex -2.87870e-03 -2.04905e-01  2.00000e+00
     endloop
  endfacet
  facet normal  0.00000e+00 -0.00000e+00  1.28855e-03
     outer loop
       vertex  1.83732e-03 -9.31261e-02  2.00000e+00
       vertex  1.85684e-02 -3.65451e-02  2.00000e+00
       vertex -3.78030e-02 -7.31510e-02  2.00000e+00
     endloop
  endfacet
  facet normal  0.00000e+00  0.00000e+00  1.75673e-03
     outer loop
       vertex -3.98816e-02 -1.43994e-01  2.00000e+00
       vertex -2.87870e-03 -2.04905e-01  2.00000e+00
       vertex  1.89759e-02 -1.45929e-01  2.00000e+00
     endloop
  endfacet
  facet normal -0.00000e+00  0.00000e+00  1.18552e-03
     outer loop
       vertex  1.09792e-01 -1.06092e-01  2.00000e+00
       vertex  1.49711e-01 -1.44897e-01  2.00000e+00
       vertex  1.70662e-01 -1.05867e-01  2.00000e+00
     endloop
  endfacet
  facet normal  0.00000e+00  0.00000e+00  1.33858e-03
     outer loop
       vertex  4.64624e-02 -9.40659e-02  2.00000e+00
       vertex  1.89759e-02 -1.45929e-01  2.00000e+00
       vertex  6.90859e-02 -1.48778e-01  2.00000e+00
     endloop
  endfacet
  facet normal  0.00000e+00  0.00000e+00  1.10167e-03
     outer loop
       vertex  1.46603e-01 -5.49413e-02  2.00000e+00
       vertex  1.70662e-01 -1.05867e-01  2.00000e+00
       vertex  1.93349e-01 -6.23076e-02  2.00000e+00
     endloop
  endfacet
  facet normal  0.00000e+00 -0.00000e+00  1.04089e-03
     outer loop
       vertex  1.81560e-01 -1.17935e-02  2.00000e+00
       vertex  2.07055e-01  3.06813e-02  2.00000e+00
       vertex  1.60080e-01  3.40739e-02  2.00000e+00
     endloop
  endfacet
  facet normal  0.00000e+00  0.00000e+00  9.01746e-04
     outer loop
       vertex -1.37546e-01 -8.30633e-02  2.00000e+00
       vertex -1.85619e-01 -4.94115e-02  2.00000e+00
       vertex -1.86310e-01 -8.64434e-02  2.00000e+00
     endloop
  endfacet
  facet normal  0.00000e+00  0.00000e+00  1.20685e-03
     outer loop
       vertex -6.69242e-02  2.86850e-02  2.00000e+00
       vertex -1.32244e-01  2.69519e-02  2.00000e+00
       vertex -8.83827e-02 -8.83638e-03  2.00000e+00
     endloop
  endfacet
  facet normal  0.00000e+00  0.00000e+00  1.27232e-03
     outer loop
       vertex -3.98816e-02 -1.43994e-01  2.00000e+00
       vertex -1.06286e-01 -1.58313e-01  2.00000e+00
       vertex -7.54260e-02 -1.89979e-01  2.00000e+00
     endloop
  endfacet
  facet normal  0.00000e+00  0.00000e+00  9.48807e-04
     outer loop
       vertex -6.69242e-02  2.86850e-02  2.00000e+00
       vertex -8.83827e-02 -8.83638e-03  2.00000e+00
       vertex -4.26987e-02 -1.73870e-02  2.00000e+00
     endloop
  endfacet
  facet normal  0.00000e+00  0.00000e+00  1.26794e-03
     outer loop
       vertex -1.35173e-01 -2.84744e-02  2.00000e+00
       vertex -8.83827e-02 -8.83638e-03  2.00000e+00
       vertex -1.32244e-01  2.69519e-02  2.00000e+00
     endloop
  endfacet
  facet normal  0.00000e+00  0.00000e+00  7.49563e-04
     outer loop
       vertex -1.37546e-01 -8.30633e-02  2.00000e+00
       vertex -1.86310e-01 -8.64434e-02  2.00000e+00
       vertex -1.75514e-01 -1.16438e-01  2.00000e+00
     endloop
  endfacet
  facet normal  0.00000e+00  0.00000e+00  1.02304e-03
     outer loop
       vertex -3.98816e-02 -1.43994e-01  2.00000e+00
       vertex -7.54260e-02 -1.89979e-01  2.00000e+00
       vertex -4.09739e-02 -2.02971e-01  2.00000e+00
     endloop
  endfacet
  facet normal  0.00000e+00 -0.00000e+00  9.54183e-04
     outer loop
       vertex -8.41033e-02 -5.14105e-02  2.00000e+00
       vertex -4.26987e-02 -1.73870e-02  2.00000e+00
       vertex -8.83827e-02 -8.83638e-03  2.00000e+00
     endloop
  endfacet
  facet normal  0.00000e+00  0.00000e+00  9.61182e-04
     outer loop
       vertex -1.37546e-01 -8.30633e-02  2.00000e+00
       vertex -1.75514e-01 -1.16438e-01  2.00000e+00
       vertex -1.42310e-01 -1.37882e-01  2.00000e+00
     endloop
  endfacet
  facet normal  0.00000e+00 -0.00000e+00  1.09642e-03
     outer loop
       vertex -1.90072e-01 -5.00162e-04  2.00000e+00
       vertex -1.32244e-01  2.69519e-02  2.00000e+00
       vertex -1.90430e-01  3.72499e-02  2.00000e+00
     endloop
  endfacet
  facet normal  0.00000e+00  0.00000e+00  9.06347e-04
     outer loop
       vertex  4.32987e-02 -1.93876e-01  2.00000e+00
       vertex  8.38837e-02 -1.93193e-01  2.00000e+00
       vertex  6.90859e-02 -1.48778e-01  2.00000e+00
     endloop
  endfacet
  facet normal  0.00000e+00 -0.00000e+00  8.78445e-04
     outer loop
       vertex  1.26516e-01 -3.84127e-03  2.00000e+00
       vertex  1.60080e-01  3.40739e-02  2.00000e+00
       vertex  1.18368e-01  3.92995e-02  2.00000e+00
     endloop
  endfacet
  facet normal -0.00000e+00  0.00000e+00  1.23773e-03
     outer loop
       vertex -8.41033e-02 -5.14105e-02  2.00000e+00
       vertex -3.78030e-02 -7.31510e-02  2.00000e+00
       vertex -4.26987e-02 -1.73870e-02  2.00000e+00
     endloop
  endfacet
  facet normal  0.00000e+00  0.00000e+00  1.45054e-03
     outer loop
       vertex -1.37546e-01 -8.30633e-02  2.00000e+00
       vertex -1.42310e-01 -1.37882e-01  2.00000e+00
       vertex -8.65503e-02 -1.05229e-01  2.00000e+00
     endloop
  endfacet
  facet normal  0.00000e+00  0.00000e+00  1.66135e-03
     outer loop
       vertex  1.85684e-02 -3.65451e-02  2.00000e+00
       vertex -4.26987e-02 -1.73870e-02  2.00000e+00
       vertex -3.78030e-02 -7.31510e-02  2.00000e+00
     endloop
  endfacet
  facet normal  0.00000e+00 -0.00000e+00  1.69335e-03
     outer loop
       vertex -3.98816e-02 -1.43994e-01  2.00000e+00
       vertex -3.78030e-02 -7.31510e-02  2.00000e+00
       vertex -8.65503e-02 -1.05229e-01  2.00000e+00
     endloop
  endfacet
  facet normal  0.00000e+00  0.00000e+00  1.27251e-03
     outer loop
       vertex -8.41033e-02 -5.14105e-02  2.00000e+00
       vertex -8.65503e-02 -1.05229e-01  2.00000e+00
       vertex -3.78030e-02 -7.31510e-02  2.00000e+00
     endloop
  endfacet
  facet normal  0.00000e+00  0.00000e+00  8.78181e-04
     outer loop
       vertex  1.13950e-01 -1.64747e-01  2.00000e+00
       vertex  6.90859e-02 -1.48778e-01  2.00000e+00
       vertex  8.38837e-02 -1.93193e-01  2.00000e+00
     endloop
  endfacet
  facet normal  0.00000e+00 -0.00000e+00  1.15776e-03
     outer loop
       vertex -1.06286e-01 -1.58313e-01  2.00000e+00
       vertex -8.65503e-02 -1.05229e-01  2.00000e+00
       vertex -1.42310e-01 -1.37882e-01  2.00000e+00
     endloop
  endfacet
endsolid solid
