solid casing
   facet normal -4.649169e-002 0.000000e+000 9.989187e-001
      outer loop
         vertex -3.673940e-018 2.000000e-002 1.100000e-001
         vertex -3.673940e-018 -7.979728e-017 1.100000e-001
         vertex 2.087597e-003 2.000000e-002 1.101460e-001
      endloop
   endfacet
   facet normal -9.298339e-002 0.000000e+000 9.956677e-001
      outer loop
         vertex 2.087597e-003 2.000000e-002 1.101460e-001
         vertex -3.673940e-018 -7.979728e-017 1.100000e-001
         vertex 2.087597e-003 -7.979728e-017 1.101460e-001
      endloop
   endfacet
   facet normal -1.850619e-001 0.000000e+000 9.827269e-001
      outer loop
         vertex 2.087597e-003 2.000000e-002 1.101460e-001
         vertex 2.087597e-003 -7.979728e-017 1.101460e-001
         vertex 4.134560e-003 2.000000e-002 1.105811e-001
      endloop
   endfacet
   facet normal -2.306486e-001 0.000000e+000 9.730371e-001
      outer loop
         vertex 4.134560e-003 2.000000e-002 1.105811e-001
         vertex 2.087597e-003 -7.979728e-017 1.101460e-001
         vertex 4.134560e-003 -7.979728e-017 1.105811e-001
      endloop
   endfacet
   facet normal -3.200300e-001 0.000000e+000 9.474074e-001
      outer loop
         vertex 4.134560e-003 2.000000e-002 1.105811e-001
         vertex 4.134560e-003 -7.979728e-017 1.105811e-001
         vertex 6.101049e-003 2.000000e-002 1.112968e-001
      endloop
   endfacet
   facet normal -3.638246e-001 0.000000e+000 9.314675e-001
      outer loop
         vertex 6.101049e-003 2.000000e-002 1.112968e-001
         vertex 4.134560e-003 -7.979728e-017 1.105811e-001
         vertex 6.101049e-003 -7.979728e-017 1.112968e-001
      endloop
   endfacet
   facet normal -4.487691e-001 0.000000e+000 8.936477e-001
      outer loop
         vertex 6.101049e-003 2.000000e-002 1.112968e-001
         vertex 6.101049e-003 -7.979728e-017 1.112968e-001
         vertex 7.948789e-003 2.000000e-002 1.122793e-001
      endloop
   endfacet
   facet normal -4.899191e-001 0.000000e+000 8.717679e-001
      outer loop
         vertex 7.948789e-003 2.000000e-002 1.122793e-001
         vertex 6.101049e-003 -7.979728e-017 1.112968e-001
         vertex 7.948789e-003 -7.979728e-017 1.122793e-001
      endloop
   endfacet
   facet normal -5.687734e-001 0.000000e+000 8.224942e-001
      outer loop
         vertex 7.948789e-003 2.000000e-002 1.122793e-001
         vertex 7.948789e-003 -7.979728e-017 1.122793e-001
         vertex 9.641814e-003 2.000000e-002 1.135093e-001
      endloop
   endfacet
   facet normal -6.064778e-001 0.000000e+000 7.951004e-001
      outer loop
         vertex 9.641814e-003 2.000000e-002 1.135093e-001
         vertex 7.948789e-003 -7.979728e-017 1.122793e-001
         vertex 9.641814e-003 -7.979728e-017 1.135093e-001
      endloop
   endfacet
   facet normal -6.777073e-001 0.000000e+000 7.353318e-001
      outer loop
         vertex 9.641814e-003 2.000000e-002 1.135093e-001
         vertex 9.641814e-003 -7.979728e-017 1.135093e-001
         vertex 1.114717e-002 2.000000e-002 1.149630e-001
      endloop
   endfacet
   facet normal -7.112322e-001 0.000000e+000 7.029572e-001
      outer loop
         vertex 1.114717e-002 2.000000e-002 1.149630e-001
         vertex 9.641814e-003 -7.979728e-017 1.135093e-001
         vertex 1.114717e-002 -7.979728e-017 1.149630e-001
      endloop
   endfacet
   facet normal -7.734503e-001 0.000000e+000 6.338571e-001
      outer loop
         vertex 1.114717e-002 2.000000e-002 1.149630e-001
         vertex 1.114717e-002 -7.979728e-017 1.149630e-001
         vertex 1.243556e-002 2.000000e-002 1.166121e-001
      endloop
   endfacet
   facet normal -8.021433e-001 0.000000e+000 5.971316e-001
      outer loop
         vertex 1.243556e-002 2.000000e-002 1.166121e-001
         vertex 1.114717e-002 -7.979728e-017 1.149630e-001
         vertex 1.243556e-002 -7.979728e-017 1.166121e-001
      endloop
   endfacet
   facet normal -8.541389e-001 0.000000e+000 5.200449e-001
      outer loop
         vertex 1.243556e-002 2.000000e-002 1.166121e-001
         vertex 1.243556e-002 -7.979728e-017 1.166121e-001
         vertex 1.348191e-002 2.000000e-002 1.184244e-001
      endloop
   endfacet
   facet normal -8.774415e-001 0.000000e+000 4.796836e-001
      outer loop
         vertex 1.348191e-002 2.000000e-002 1.184244e-001
         vertex 1.243556e-002 -7.979728e-017 1.166121e-001
         vertex 1.348191e-002 -7.979728e-017 1.184244e-001
      endloop
   endfacet
   facet normal -9.182028e-001 0.000000e+000 3.961107e-001
      outer loop
         vertex 1.348191e-002 2.000000e-002 1.184244e-001
         vertex 1.348191e-002 -7.979728e-017 1.184244e-001
         vertex 1.426585e-002 2.000000e-002 1.203647e-001
      endloop
   endfacet
   facet normal -9.356614e-001 0.000000e+000 3.528990e-001
      outer loop
         vertex 1.426585e-002 2.000000e-002 1.203647e-001
         vertex 1.348191e-002 -7.979728e-017 1.184244e-001
         vertex 1.426585e-002 -7.979728e-017 1.203647e-001
      endloop
   endfacet
   facet normal -9.643949e-001 0.000000e+000 2.644666e-001
      outer loop
         vertex 1.426585e-002 2.000000e-002 1.203647e-001
         vertex 1.426585e-002 -7.979728e-017 1.203647e-001
         vertex 1.477212e-002 2.000000e-002 1.223953e-001
      endloop
   endfacet
   facet normal -9.756696e-001 0.000000e+000 2.192458e-001
      outer loop
         vertex 1.477212e-002 2.000000e-002 1.223953e-001
         vertex 1.426585e-002 -7.979728e-017 1.203647e-001
         vertex 1.477212e-002 -7.979728e-017 1.223953e-001
      endloop
   endfacet
   facet normal -9.918160e-001 0.000000e+000 1.276750e-001
      outer loop
         vertex 1.477212e-002 2.000000e-002 1.223953e-001
         vertex 1.477212e-002 -7.979728e-017 1.223953e-001
         vertex 1.499086e-002 2.000000e-002 1.244765e-001
      endloop
   endfacet
   facet normal -9.966877e-001 0.000000e+000 8.132514e-002
      outer loop
         vertex 1.499086e-002 2.000000e-002 1.244765e-001
         vertex 1.477212e-002 -7.979728e-017 1.223953e-001
         vertex 1.499086e-002 -7.979728e-017 1.244765e-001
      endloop
   endfacet
   facet normal -9.999327e-001 0.000000e+000 -1.160161e-002
      outer loop
         vertex 1.499086e-002 2.000000e-002 1.244765e-001
         vertex 1.499086e-002 -7.979728e-017 1.244765e-001
         vertex 1.491783e-002 2.000000e-002 1.265679e-001
      endloop
   endfacet
   facet normal -9.983062e-001 0.000000e+000 -5.817844e-002
      outer loop
         vertex 1.491783e-002 2.000000e-002 1.265679e-001
         vertex 1.499086e-002 -7.979728e-017 1.244765e-001
         vertex 1.491783e-002 -7.979728e-017 1.265679e-001
      endloop
   endfacet
   facet normal -9.885868e-001 0.000000e+000 -1.506524e-001
      outer loop
         vertex 1.491783e-002 2.000000e-002 1.265679e-001
         vertex 1.491783e-002 -7.979728e-017 1.265679e-001
         vertex 1.455444e-002 2.000000e-002 1.286288e-001
      endloop
   endfacet
   facet normal -9.804938e-001 0.000000e+000 -1.965496e-001
      outer loop
         vertex 1.455444e-002 2.000000e-002 1.286288e-001
         vertex 1.491783e-002 -7.979728e-017 1.265679e-001
         vertex 1.455444e-002 -7.979728e-017 1.286288e-001
      endloop
   endfacet
   facet normal -9.579992e-001 0.000000e+000 -2.867710e-001
      outer loop
         vertex 1.455444e-002 2.000000e-002 1.286288e-001
         vertex 1.455444e-002 -7.979728e-017 1.286288e-001
         vertex 1.390776e-002 2.000000e-002 1.306191e-001
      endloop
   endfacet
   facet normal -9.435973e-001 0.000000e+000 -3.310952e-001
      outer loop
         vertex 1.390776e-002 2.000000e-002 1.306191e-001
         vertex 1.455444e-002 -7.979728e-017 1.286288e-001
         vertex 1.390776e-002 -7.979728e-017 1.306191e-001
      endloop
   endfacet
   facet normal -9.087651e-001 0.000000e+000 -4.173079e-001
      outer loop
         vertex 1.390776e-002 2.000000e-002 1.306191e-001
         vertex 1.390776e-002 -7.979728e-017 1.306191e-001
         vertex 1.299038e-002 2.000000e-002 1.325000e-001
      endloop
   endfacet
   facet normal -8.883348e-001 0.000000e+000 -4.591964e-001
      outer loop
         vertex 1.299038e-002 2.000000e-002 1.325000e-001
         vertex 1.390776e-002 -7.979728e-017 1.306191e-001
         vertex 1.299038e-002 -7.979728e-017 1.325000e-001
      endloop
   endfacet
   facet normal -8.418431e-001 0.000000e+000 -5.397223e-001
      outer loop
         vertex 1.299038e-002 2.000000e-002 1.325000e-001
         vertex 1.299038e-002 -7.979728e-017 1.325000e-001
         vertex 1.182016e-002 2.000000e-002 1.342349e-001
      endloop
   endfacet
   facet normal -8.157818e-001 0.000000e+000 -5.783598e-001
      outer loop
         vertex 1.182016e-002 2.000000e-002 1.342349e-001
         vertex 1.299038e-002 -7.979728e-017 1.325000e-001
         vertex 1.182016e-002 -7.979728e-017 1.342349e-001
      endloop
   endfacet
   facet normal -7.585356e-001 0.000000e+000 -6.516317e-001
      outer loop
         vertex 1.182016e-002 2.000000e-002 1.342349e-001
         vertex 1.182016e-002 -7.979728e-017 1.342349e-001
         vertex 1.041988e-002 2.000000e-002 1.357901e-001
      endloop
   endfacet
   facet normal -7.273506e-001 0.000000e+000 -6.862661e-001
      outer loop
         vertex 1.041988e-002 2.000000e-002 1.357901e-001
         vertex 1.182016e-002 -7.979728e-017 1.342349e-001
         vertex 1.041988e-002 -7.979728e-017 1.357901e-001
      endloop
   endfacet
   facet normal -6.604639e-001 0.000000e+000 -7.508578e-001
      outer loop
         vertex 1.041988e-002 2.000000e-002 1.357901e-001
         vertex 1.041988e-002 -7.979728e-017 1.357901e-001
         vertex 8.816779e-003 2.000000e-002 1.371353e-001
      endloop
   endfacet
   facet normal -6.247622e-001 0.000000e+000 -7.808151e-001
      outer loop
         vertex 8.816779e-003 2.000000e-002 1.371353e-001
         vertex 1.041988e-002 -7.979728e-017 1.357901e-001
         vertex 8.816779e-003 -7.979728e-017 1.371353e-001
      endloop
   endfacet
   facet normal -5.495371e-001 0.000000e+000 -8.354693e-001
      outer loop
         vertex 8.816779e-003 2.000000e-002 1.371353e-001
         vertex 8.816779e-003 -7.979728e-017 1.371353e-001
         vertex 7.042074e-003 2.000000e-002 1.382442e-001
      endloop
   endfacet
   facet normal -5.100136e-001 0.000000e+000 -8.601663e-001
      outer loop
         vertex 7.042074e-003 2.000000e-002 1.382442e-001
         vertex 8.816779e-003 -7.979728e-017 1.371353e-001
         vertex 7.042074e-003 -7.979728e-017 1.382442e-001
      endloop
   endfacet
   facet normal -4.279142e-001 0.000000e+000 -9.038194e-001
      outer loop
         vertex 7.042074e-003 2.000000e-002 1.382442e-001
         vertex 7.042074e-003 -7.979728e-017 1.382442e-001
         vertex 5.130302e-003 2.000000e-002 1.390954e-001
      endloop
   endfacet
   facet normal -3.853382e-001 0.000000e+000 -9.227754e-001
      outer loop
         vertex 5.130302e-003 2.000000e-002 1.390954e-001
         vertex 7.042074e-003 -7.979728e-017 1.382442e-001
         vertex 5.130302e-003 -7.979728e-017 1.390954e-001
      endloop
   endfacet
   facet normal -2.979624e-001 0.000000e+000 -9.545776e-001
      outer loop
         vertex 5.130302e-003 2.000000e-002 1.390954e-001
         vertex 5.130302e-003 -7.979728e-017 1.390954e-001
         vertex 3.118675e-003 2.000000e-002 1.396722e-001
      endloop
   endfacet
   facet normal -2.531626e-001 0.000000e+000 -9.674237e-001
      outer loop
         vertex 3.118675e-003 2.000000e-002 1.396722e-001
         vertex 5.130302e-003 -7.979728e-017 1.390954e-001
         vertex 3.118675e-003 -7.979728e-017 1.396722e-001
      endloop
   endfacet
   facet normal -1.622111e-001 0.000000e+000 -9.867561e-001
      outer loop
         vertex 3.118675e-003 2.000000e-002 1.396722e-001
         vertex 3.118675e-003 -7.979728e-017 1.396722e-001
         vertex 1.046347e-003 2.000000e-002 1.399635e-001
      endloop
   endfacet
   facet normal -1.160595e-001 0.000000e+000 -9.932423e-001
      outer loop
         vertex 1.046347e-003 2.000000e-002 1.399635e-001
         vertex 3.118675e-003 -7.979728e-017 1.396722e-001
         vertex 1.046347e-003 -7.979728e-017 1.399635e-001
      endloop
   endfacet
   facet normal -2.330261e-002 0.000000e+000 -9.997284e-001
      outer loop
         vertex 1.046347e-003 2.000000e-002 1.399635e-001
         vertex 1.046347e-003 -7.979728e-017 1.399635e-001
         vertex -1.046347e-003 2.000000e-002 1.399635e-001
      endloop
   endfacet
   facet normal 2.330261e-002 0.000000e+000 -9.997284e-001
      outer loop
         vertex -1.046347e-003 2.000000e-002 1.399635e-001
         vertex 1.046347e-003 -7.979728e-017 1.399635e-001
         vertex -1.046347e-003 -7.979728e-017 1.399635e-001
      endloop
   endfacet
   facet normal 1.160595e-001 0.000000e+000 -9.932423e-001
      outer loop
         vertex -1.046347e-003 2.000000e-002 1.399635e-001
         vertex -1.046347e-003 -7.979728e-017 1.399635e-001
         vertex -3.118675e-003 2.000000e-002 1.396722e-001
      endloop
   endfacet
   facet normal 1.622111e-001 0.000000e+000 -9.867561e-001
      outer loop
         vertex -3.118675e-003 2.000000e-002 1.396722e-001
         vertex -1.046347e-003 -7.979728e-017 1.399635e-001
         vertex -3.118675e-003 -7.979728e-017 1.396722e-001
      endloop
   endfacet
   facet normal 2.531626e-001 0.000000e+000 -9.674237e-001
      outer loop
         vertex -3.118675e-003 2.000000e-002 1.396722e-001
         vertex -3.118675e-003 -7.979728e-017 1.396722e-001
         vertex -5.130302e-003 2.000000e-002 1.390954e-001
      endloop
   endfacet
   facet normal 2.979624e-001 0.000000e+000 -9.545776e-001
      outer loop
         vertex -5.130302e-003 2.000000e-002 1.390954e-001
         vertex -3.118675e-003 -7.979728e-017 1.396722e-001
         vertex -5.130302e-003 -7.979728e-017 1.390954e-001
      endloop
   endfacet
   facet normal 3.853382e-001 0.000000e+000 -9.227754e-001
      outer loop
         vertex -5.130302e-003 2.000000e-002 1.390954e-001
         vertex -5.130302e-003 -7.979728e-017 1.390954e-001
         vertex -7.042074e-003 2.000000e-002 1.382442e-001
      endloop
   endfacet
   facet normal 4.279142e-001 0.000000e+000 -9.038194e-001
      outer loop
         vertex -7.042074e-003 2.000000e-002 1.382442e-001
         vertex -5.130302e-003 -7.979728e-017 1.390954e-001
         vertex -7.042074e-003 -7.979728e-017 1.382442e-001
      endloop
   endfacet
   facet normal 5.100136e-001 0.000000e+000 -8.601663e-001
      outer loop
         vertex -7.042074e-003 2.000000e-002 1.382442e-001
         vertex -7.042074e-003 -7.979728e-017 1.382442e-001
         vertex -8.816779e-003 2.000000e-002 1.371353e-001
      endloop
   endfacet
   facet normal 5.495371e-001 0.000000e+000 -8.354693e-001
      outer loop
         vertex -8.816779e-003 2.000000e-002 1.371353e-001
         vertex -7.042074e-003 -7.979728e-017 1.382442e-001
         vertex -8.816779e-003 -7.979728e-017 1.371353e-001
      endloop
   endfacet
   facet normal 6.247622e-001 0.000000e+000 -7.808151e-001
      outer loop
         vertex -8.816779e-003 2.000000e-002 1.371353e-001
         vertex -8.816779e-003 -7.979728e-017 1.371353e-001
         vertex -1.041988e-002 2.000000e-002 1.357901e-001
      endloop
   endfacet
   facet normal 6.604639e-001 0.000000e+000 -7.508578e-001
      outer loop
         vertex -1.041988e-002 2.000000e-002 1.357901e-001
         vertex -8.816779e-003 -7.979728e-017 1.371353e-001
         vertex -1.041988e-002 -7.979728e-017 1.357901e-001
      endloop
   endfacet
   facet normal 7.273506e-001 0.000000e+000 -6.862661e-001
      outer loop
         vertex -1.041988e-002 2.000000e-002 1.357901e-001
         vertex -1.041988e-002 -7.979728e-017 1.357901e-001
         vertex -1.182016e-002 2.000000e-002 1.342349e-001
      endloop
   endfacet
   facet normal 7.585356e-001 0.000000e+000 -6.516317e-001
      outer loop
         vertex -1.182016e-002 2.000000e-002 1.342349e-001
         vertex -1.041988e-002 -7.979728e-017 1.357901e-001
         vertex -1.182016e-002 -7.979728e-017 1.342349e-001
      endloop
   endfacet
   facet normal 8.157818e-001 0.000000e+000 -5.783598e-001
      outer loop
         vertex -1.182016e-002 2.000000e-002 1.342349e-001
         vertex -1.182016e-002 -7.979728e-017 1.342349e-001
         vertex -1.299038e-002 2.000000e-002 1.325000e-001
      endloop
   endfacet
   facet normal 8.418431e-001 0.000000e+000 -5.397223e-001
      outer loop
         vertex -1.299038e-002 2.000000e-002 1.325000e-001
         vertex -1.182016e-002 -7.979728e-017 1.342349e-001
         vertex -1.299038e-002 -7.979728e-017 1.325000e-001
      endloop
   endfacet
   facet normal 8.883348e-001 0.000000e+000 -4.591964e-001
      outer loop
         vertex -1.299038e-002 2.000000e-002 1.325000e-001
         vertex -1.299038e-002 -7.979728e-017 1.325000e-001
         vertex -1.390776e-002 2.000000e-002 1.306191e-001
      endloop
   endfacet
   facet normal 9.087651e-001 0.000000e+000 -4.173079e-001
      outer loop
         vertex -1.390776e-002 2.000000e-002 1.306191e-001
         vertex -1.299038e-002 -7.979728e-017 1.325000e-001
         vertex -1.390776e-002 -7.979728e-017 1.306191e-001
      endloop
   endfacet
   facet normal 9.435973e-001 0.000000e+000 -3.310952e-001
      outer loop
         vertex -1.390776e-002 2.000000e-002 1.306191e-001
         vertex -1.390776e-002 -7.979728e-017 1.306191e-001
         vertex -1.455444e-002 2.000000e-002 1.286288e-001
      endloop
   endfacet
   facet normal 9.579992e-001 0.000000e+000 -2.867710e-001
      outer loop
         vertex -1.455444e-002 2.000000e-002 1.286288e-001
         vertex -1.390776e-002 -7.979728e-017 1.306191e-001
         vertex -1.455444e-002 -7.979728e-017 1.286288e-001
      endloop
   endfacet
   facet normal 9.804938e-001 0.000000e+000 -1.965496e-001
      outer loop
         vertex -1.455444e-002 2.000000e-002 1.286288e-001
         vertex -1.455444e-002 -7.979728e-017 1.286288e-001
         vertex -1.491783e-002 2.000000e-002 1.265679e-001
      endloop
   endfacet
   facet normal 9.885868e-001 0.000000e+000 -1.506524e-001
      outer loop
         vertex -1.491783e-002 2.000000e-002 1.265679e-001
         vertex -1.455444e-002 -7.979728e-017 1.286288e-001
         vertex -1.491783e-002 -7.979728e-017 1.265679e-001
      endloop
   endfacet
   facet normal 9.983062e-001 0.000000e+000 -5.817843e-002
      outer loop
         vertex -1.491783e-002 2.000000e-002 1.265679e-001
         vertex -1.491783e-002 -7.979728e-017 1.265679e-001
         vertex -1.499086e-002 2.000000e-002 1.244765e-001
      endloop
   endfacet
   facet normal 9.999327e-001 0.000000e+000 -1.160161e-002
      outer loop
         vertex -1.499086e-002 2.000000e-002 1.244765e-001
         vertex -1.491783e-002 -7.979728e-017 1.265679e-001
         vertex -1.499086e-002 -7.979728e-017 1.244765e-001
      endloop
   endfacet
   facet normal 9.966877e-001 0.000000e+000 8.132513e-002
      outer loop
         vertex -1.499086e-002 2.000000e-002 1.244765e-001
         vertex -1.499086e-002 -7.979728e-017 1.244765e-001
         vertex -1.477212e-002 2.000000e-002 1.223953e-001
      endloop
   endfacet
   facet normal 9.918160e-001 0.000000e+000 1.276750e-001
      outer loop
         vertex -1.477212e-002 2.000000e-002 1.223953e-001
         vertex -1.499086e-002 -7.979728e-017 1.244765e-001
         vertex -1.477212e-002 -7.979728e-017 1.223953e-001
      endloop
   endfacet
   facet normal 9.756696e-001 0.000000e+000 2.192458e-001
      outer loop
         vertex -1.477212e-002 2.000000e-002 1.223953e-001
         vertex -1.477212e-002 -7.979728e-017 1.223953e-001
         vertex -1.426585e-002 2.000000e-002 1.203647e-001
      endloop
   endfacet
   facet normal 9.643948e-001 0.000000e+000 2.644666e-001
      outer loop
         vertex -1.426585e-002 2.000000e-002 1.203647e-001
         vertex -1.477212e-002 -7.979728e-017 1.223953e-001
         vertex -1.426585e-002 -7.979728e-017 1.203647e-001
      endloop
   endfacet
   facet normal 9.356614e-001 0.000000e+000 3.528991e-001
      outer loop
         vertex -1.426585e-002 2.000000e-002 1.203647e-001
         vertex -1.426585e-002 -7.979728e-017 1.203647e-001
         vertex -1.348191e-002 2.000000e-002 1.184244e-001
      endloop
   endfacet
   facet normal 9.182028e-001 0.000000e+000 3.961106e-001
      outer loop
         vertex -1.348191e-002 2.000000e-002 1.184244e-001
         vertex -1.426585e-002 -7.979728e-017 1.203647e-001
         vertex -1.348191e-002 -7.979728e-017 1.184244e-001
      endloop
   endfacet
   facet normal 8.774415e-001 0.000000e+000 4.796836e-001
      outer loop
         vertex -1.348191e-002 2.000000e-002 1.184244e-001
         vertex -1.348191e-002 -7.979728e-017 1.184244e-001
         vertex -1.243556e-002 2.000000e-002 1.166121e-001
      endloop
   endfacet
   facet normal 8.541389e-001 0.000000e+000 5.200449e-001
      outer loop
         vertex -1.243556e-002 2.000000e-002 1.166121e-001
         vertex -1.348191e-002 -7.979728e-017 1.184244e-001
         vertex -1.243556e-002 -7.979728e-017 1.166121e-001
      endloop
   endfacet
   facet normal 8.021433e-001 0.000000e+000 5.971316e-001
      outer loop
         vertex -1.243556e-002 2.000000e-002 1.166121e-001
         vertex -1.243556e-002 -7.979728e-017 1.166121e-001
         vertex -1.114717e-002 2.000000e-002 1.149630e-001
      endloop
   endfacet
   facet normal 7.734503e-001 0.000000e+000 6.338570e-001
      outer loop
         vertex -1.114717e-002 2.000000e-002 1.149630e-001
         vertex -1.243556e-002 -7.979728e-017 1.166121e-001
         vertex -1.114717e-002 -7.979728e-017 1.149630e-001
      endloop
   endfacet
   facet normal 7.112322e-001 0.000000e+000 7.029572e-001
      outer loop
         vertex -1.114717e-002 2.000000e-002 1.149630e-001
         vertex -1.114717e-002 -7.979728e-017 1.149630e-001
         vertex -9.641814e-003 2.000000e-002 1.135093e-001
      endloop
   endfacet
   facet normal 6.777073e-001 0.000000e+000 7.353318e-001
      outer loop
         vertex -9.641814e-003 2.000000e-002 1.135093e-001
         vertex -1.114717e-002 -7.979728e-017 1.149630e-001
         vertex -9.641814e-003 -7.979728e-017 1.135093e-001
      endloop
   endfacet
   facet normal 6.064778e-001 0.000000e+000 7.951004e-001
      outer loop
         vertex -9.641814e-003 2.000000e-002 1.135093e-001
         vertex -9.641814e-003 -7.979728e-017 1.135093e-001
         vertex -7.948789e-003 2.000000e-002 1.122793e-001
      endloop
   endfacet
   facet normal 5.687734e-001 0.000000e+000 8.224942e-001
      outer loop
         vertex -7.948789e-003 2.000000e-002 1.122793e-001
         vertex -9.641814e-003 -7.979728e-017 1.135093e-001
         vertex -7.948789e-003 -7.979728e-017 1.122793e-001
      endloop
   endfacet
   facet normal 4.899191e-001 0.000000e+000 8.717679e-001
      outer loop
         vertex -7.948789e-003 2.000000e-002 1.122793e-001
         vertex -7.948789e-003 -7.979728e-017 1.122793e-001
         vertex -6.101049e-003 2.000000e-002 1.112968e-001
      endloop
   endfacet
   facet normal 4.487691e-001 0.000000e+000 8.936477e-001
      outer loop
         vertex -6.101049e-003 2.000000e-002 1.112968e-001
         vertex -7.948789e-003 -7.979728e-017 1.122793e-001
         vertex -6.101049e-003 -7.979728e-017 1.112968e-001
      endloop
   endfacet
   facet normal 3.638246e-001 0.000000e+000 9.314675e-001
      outer loop
         vertex -6.101049e-003 2.000000e-002 1.112968e-001
         vertex -6.101049e-003 -7.979728e-017 1.112968e-001
         vertex -4.134560e-003 2.000000e-002 1.105811e-001
      endloop
   endfacet
   facet normal 3.200300e-001 0.000000e+000 9.474074e-001
      outer loop
         vertex -4.134560e-003 2.000000e-002 1.105811e-001
         vertex -6.101049e-003 -7.979728e-017 1.112968e-001
         vertex -4.134560e-003 -7.979728e-017 1.105811e-001
      endloop
   endfacet
   facet normal 2.306486e-001 0.000000e+000 9.730371e-001
      outer loop
         vertex -4.134560e-003 2.000000e-002 1.105811e-001
         vertex -4.134560e-003 -7.979728e-017 1.105811e-001
         vertex -2.087597e-003 2.000000e-002 1.101460e-001
      endloop
   endfacet
   facet normal 1.850619e-001 0.000000e+000 9.827269e-001
      outer loop
         vertex -2.087597e-003 2.000000e-002 1.101460e-001
         vertex -4.134560e-003 -7.979728e-017 1.105811e-001
         vertex -2.087597e-003 -7.979728e-017 1.101460e-001
      endloop
   endfacet
   facet normal 9.298339e-002 0.000000e+000 9.956677e-001
      outer loop
         vertex -2.087597e-003 2.000000e-002 1.101460e-001
         vertex -2.087597e-003 -7.979728e-017 1.101460e-001
         vertex -3.673940e-018 2.000000e-002 1.100000e-001
      endloop
   endfacet
   facet normal 4.649169e-002 0.000000e+000 9.989187e-001
      outer loop
         vertex -3.673940e-018 2.000000e-002 1.100000e-001
         vertex -2.087597e-003 -7.979728e-017 1.101460e-001
         vertex -3.673940e-018 -7.979728e-017 1.100000e-001
      endloop
   endfacet
   facet normal -1.307166e-001 -7.078726e-001 6.941394e-001
      outer loop
         vertex 6.958655e-004 3.000000e-002 1.200487e-001
         vertex 2.087597e-003 2.000000e-002 1.101460e-001
         vertex 1.378187e-003 3.000000e-002 1.201937e-001
      endloop
   endfacet
   facet normal -1.629164e-001 -7.078726e-001 6.872951e-001
      outer loop
         vertex 1.378187e-003 3.000000e-002 1.201937e-001
         vertex 2.087597e-003 2.000000e-002 1.101460e-001
         vertex 4.134560e-003 2.000000e-002 1.105811e-001
      endloop
   endfacet
   facet normal -2.260500e-001 -7.078726e-001 6.691918e-001
      outer loop
         vertex 1.378187e-003 3.000000e-002 1.201937e-001
         vertex 4.134560e-003 2.000000e-002 1.105811e-001
         vertex 2.033683e-003 3.000000e-002 1.204323e-001
      endloop
   endfacet
   facet normal -2.569839e-001 -7.078726e-001 6.579328e-001
      outer loop
         vertex 2.033683e-003 3.000000e-002 1.204323e-001
         vertex 4.134560e-003 2.000000e-002 1.105811e-001
         vertex 6.101049e-003 2.000000e-002 1.112968e-001
      endloop
   endfacet
   facet normal -3.169836e-001 -7.078726e-001 6.312193e-001
      outer loop
         vertex 2.033683e-003 3.000000e-002 1.204323e-001
         vertex 6.101049e-003 2.000000e-002 1.112968e-001
         vertex 2.649596e-003 3.000000e-002 1.207598e-001
      endloop
   endfacet
   facet normal -3.460495e-001 -7.078726e-001 6.157647e-001
      outer loop
         vertex 2.649596e-003 3.000000e-002 1.207598e-001
         vertex 6.101049e-003 2.000000e-002 1.112968e-001
         vertex 7.948789e-003 2.000000e-002 1.122793e-001
      endloop
   endfacet
   facet normal -4.017475e-001 -7.078726e-001 5.809607e-001
      outer loop
         vertex 2.649596e-003 3.000000e-002 1.207598e-001
         vertex 7.948789e-003 2.000000e-002 1.122793e-001
         vertex 3.213938e-003 3.000000e-002 1.211698e-001
      endloop
   endfacet
   facet normal -4.283797e-001 -7.078726e-001 5.616112e-001
      outer loop
         vertex 3.213938e-003 3.000000e-002 1.211698e-001
         vertex 7.948789e-003 2.000000e-002 1.122793e-001
         vertex 9.641814e-003 2.000000e-002 1.135093e-001
      endloop
   endfacet
   facet normal -4.786918e-001 -7.078726e-001 5.193943e-001
      outer loop
         vertex 3.213938e-003 3.000000e-002 1.211698e-001
         vertex 9.641814e-003 2.000000e-002 1.135093e-001
         vertex 3.715724e-003 3.000000e-002 1.216543e-001
      endloop
   endfacet
   facet normal -5.023719e-001 -7.078726e-001 4.965268e-001
      outer loop
         vertex 3.715724e-003 3.000000e-002 1.216543e-001
         vertex 9.641814e-003 2.000000e-002 1.135093e-001
         vertex 1.114717e-002 2.000000e-002 1.149630e-001
      endloop
   endfacet
   facet normal -5.463189e-001 -7.078726e-001 4.477186e-001
      outer loop
         vertex 3.715724e-003 3.000000e-002 1.216543e-001
         vertex 1.114717e-002 2.000000e-002 1.149630e-001
         vertex 4.145188e-003 3.000000e-002 1.222040e-001
      endloop
   endfacet
   facet normal -5.665860e-001 -7.078726e-001 4.217780e-001
      outer loop
         vertex 4.145188e-003 3.000000e-002 1.222040e-001
         vertex 1.114717e-002 2.000000e-002 1.149630e-001
         vertex 1.243556e-002 2.000000e-002 1.166121e-001
      endloop
   endfacet
   facet normal -6.033126e-001 -7.078726e-001 3.673285e-001
      outer loop
         vertex 4.145188e-003 3.000000e-002 1.222040e-001
         vertex 1.243556e-002 2.000000e-002 1.166121e-001
         vertex 4.493970e-003 3.000000e-002 1.228081e-001
      endloop
   endfacet
   facet normal -6.197721e-001 -7.078726e-001 3.388198e-001
      outer loop
         vertex 4.493970e-003 3.000000e-002 1.228081e-001
         vertex 1.243556e-002 2.000000e-002 1.166121e-001
         vertex 1.348191e-002 2.000000e-002 1.184244e-001
      endloop
   endfacet
   facet normal -6.485634e-001 -7.078726e-001 2.797889e-001
      outer loop
         vertex 4.493970e-003 3.000000e-002 1.228081e-001
         vertex 1.348191e-002 2.000000e-002 1.184244e-001
         vertex 4.755283e-003 3.000000e-002 1.234549e-001
      endloop
   endfacet
   facet normal -6.608952e-001 -7.078726e-001 2.492668e-001
      outer loop
         vertex 4.755283e-003 3.000000e-002 1.234549e-001
         vertex 1.348191e-002 2.000000e-002 1.184244e-001
         vertex 1.426585e-002 2.000000e-002 1.203647e-001
      endloop
   endfacet
   facet normal -6.811907e-001 -7.078726e-001 1.868034e-001
      outer loop
         vertex 4.755283e-003 3.000000e-002 1.234549e-001
         vertex 1.426585e-002 2.000000e-002 1.203647e-001
         vertex 4.924039e-003 3.000000e-002 1.241318e-001
      endloop
   endfacet
   facet normal -6.891546e-001 -7.078726e-001 1.548621e-001
      outer loop
         vertex 4.924039e-003 3.000000e-002 1.241318e-001
         vertex 1.426585e-002 2.000000e-002 1.203647e-001
         vertex 1.477212e-002 2.000000e-002 1.223953e-001
      endloop
   endfacet
   facet normal -7.005594e-001 -7.078726e-001 9.018200e-002
      outer loop
         vertex 4.924039e-003 3.000000e-002 1.241318e-001
         vertex 1.477212e-002 2.000000e-002 1.223953e-001
         vertex 4.996954e-003 3.000000e-002 1.248255e-001
      endloop
   endfacet
   facet normal -7.040004e-001 -7.078726e-001 5.744319e-002
      outer loop
         vertex 4.996954e-003 3.000000e-002 1.248255e-001
         vertex 1.477212e-002 2.000000e-002 1.223953e-001
         vertex 1.499086e-002 2.000000e-002 1.244765e-001
      endloop
   endfacet
   facet normal -7.062926e-001 -7.078726e-001 -8.194680e-003
      outer loop
         vertex 4.996954e-003 3.000000e-002 1.248255e-001
         vertex 1.499086e-002 2.000000e-002 1.244765e-001
         vertex 4.972610e-003 3.000000e-002 1.255226e-001
      endloop
   endfacet
   facet normal -7.051437e-001 -7.078726e-001 -4.109376e-002
      outer loop
         vertex 4.972610e-003 3.000000e-002 1.255226e-001
         vertex 1.499086e-002 2.000000e-002 1.244765e-001
         vertex 1.491783e-002 2.000000e-002 1.265679e-001
      endloop
   endfacet
   facet normal -6.982785e-001 -7.078726e-001 -1.064119e-001
      outer loop
         vertex 4.972610e-003 3.000000e-002 1.255226e-001
         vertex 1.491783e-002 2.000000e-002 1.265679e-001
         vertex 4.851479e-003 3.000000e-002 1.262096e-001
      endloop
   endfacet
   facet normal -6.925621e-001 -7.078726e-001 -1.388309e-001
      outer loop
         vertex 4.851479e-003 3.000000e-002 1.262096e-001
         vertex 1.491783e-002 2.000000e-002 1.265679e-001
         vertex 1.455444e-002 2.000000e-002 1.286288e-001
      endloop
   endfacet
   facet normal -6.766732e-001 -7.078726e-001 -2.025578e-001
      outer loop
         vertex 4.851479e-003 3.000000e-002 1.262096e-001
         vertex 1.455444e-002 2.000000e-002 1.286288e-001
         vertex 4.635919e-003 3.000000e-002 1.268730e-001
      endloop
   endfacet
   facet normal -6.665007e-001 -7.078726e-001 -2.338658e-001
      outer loop
         vertex 4.635919e-003 3.000000e-002 1.268730e-001
         vertex 1.455444e-002 2.000000e-002 1.286288e-001
         vertex 1.390776e-002 2.000000e-002 1.306191e-001
      endloop
   endfacet
   facet normal -6.418973e-001 -7.078726e-001 -2.947613e-001
      outer loop
         vertex 4.635919e-003 3.000000e-002 1.268730e-001
         vertex 1.390776e-002 2.000000e-002 1.306191e-001
         vertex 4.330127e-003 3.000000e-002 1.275000e-001
      endloop
   endfacet
   facet normal -6.274665e-001 -7.078726e-001 -3.243488e-001
      outer loop
         vertex 4.330127e-003 3.000000e-002 1.275000e-001
         vertex 1.390776e-002 2.000000e-002 1.306191e-001
         vertex 1.299038e-002 2.000000e-002 1.325000e-001
      endloop
   endfacet
   facet normal -5.946276e-001 -7.078726e-001 -3.812275e-001
      outer loop
         vertex 4.330127e-003 3.000000e-002 1.275000e-001
         vertex 1.299038e-002 2.000000e-002 1.325000e-001
         vertex 3.940054e-003 3.000000e-002 1.280783e-001
      endloop
   endfacet
   facet normal -5.762194e-001 -7.078726e-001 -4.085187e-001
      outer loop
         vertex 3.940054e-003 3.000000e-002 1.280783e-001
         vertex 1.299038e-002 2.000000e-002 1.325000e-001
         vertex 1.182016e-002 2.000000e-002 1.342349e-001
      endloop
   endfacet
   facet normal -5.357841e-001 -7.078726e-001 -4.602736e-001
      outer loop
         vertex 3.940054e-003 3.000000e-002 1.280783e-001
         vertex 1.182016e-002 2.000000e-002 1.342349e-001
         vertex 3.473292e-003 3.000000e-002 1.285967e-001
      endloop
   endfacet
   facet normal -5.137569e-001 -7.078726e-001 -4.847373e-001
      outer loop
         vertex 3.473292e-003 3.000000e-002 1.285967e-001
         vertex 1.182016e-002 2.000000e-002 1.342349e-001
         vertex 1.041988e-002 2.000000e-002 1.357901e-001
      endloop
   endfacet
   facet normal -4.665121e-001 -7.078726e-001 -5.303610e-001
      outer loop
         vertex 3.473292e-003 3.000000e-002 1.285967e-001
         vertex 1.041988e-002 2.000000e-002 1.357901e-001
         vertex 2.938926e-003 3.000000e-002 1.290451e-001
      endloop
   endfacet
   facet normal -4.412946e-001 -7.078726e-001 -5.515210e-001
      outer loop
         vertex 2.938926e-003 3.000000e-002 1.290451e-001
         vertex 1.041988e-002 2.000000e-002 1.357901e-001
         vertex 8.816779e-003 2.000000e-002 1.371353e-001
      endloop
   endfacet
   facet normal -3.881601e-001 -7.078726e-001 -5.901255e-001
      outer loop
         vertex 2.938926e-003 3.000000e-002 1.290451e-001
         vertex 8.816779e-003 2.000000e-002 1.371353e-001
         vertex 2.347358e-003 3.000000e-002 1.294147e-001
      endloop
   endfacet
   facet normal -3.602431e-001 -7.078726e-001 -6.075700e-001
      outer loop
         vertex 2.347358e-003 3.000000e-002 1.294147e-001
         vertex 8.816779e-003 2.000000e-002 1.371353e-001
         vertex 7.042074e-003 2.000000e-002 1.382442e-001
      endloop
   endfacet
   facet normal -3.022529e-001 -7.078726e-001 -6.384038e-001
      outer loop
         vertex 2.347358e-003 3.000000e-002 1.294147e-001
         vertex 7.042074e-003 2.000000e-002 1.382442e-001
         vertex 1.710101e-003 3.000000e-002 1.296985e-001
      endloop
   endfacet
   facet normal -2.721798e-001 -7.078726e-001 -6.517932e-001
      outer loop
         vertex 1.710101e-003 3.000000e-002 1.296985e-001
         vertex 7.042074e-003 2.000000e-002 1.382442e-001
         vertex 5.130302e-003 2.000000e-002 1.390954e-001
      endloop
   endfacet
   facet normal -2.104628e-001 -7.078726e-001 -6.742564e-001
      outer loop
         vertex 1.710101e-003 3.000000e-002 1.296985e-001
         vertex 5.130302e-003 2.000000e-002 1.390954e-001
         vertex 1.039558e-003 3.000000e-002 1.298907e-001
      endloop
   endfacet
   facet normal -1.788189e-001 -7.078726e-001 -6.833302e-001
      outer loop
         vertex 1.039558e-003 3.000000e-002 1.298907e-001
         vertex 5.130302e-003 2.000000e-002 1.390954e-001
         vertex 3.118675e-003 2.000000e-002 1.396722e-001
      endloop
   endfacet
   facet normal -1.145762e-001 -7.078726e-001 -6.969854e-001
      outer loop
         vertex 1.039558e-003 3.000000e-002 1.298907e-001
         vertex 3.118675e-003 2.000000e-002 1.396722e-001
         vertex 3.487824e-004 3.000000e-002 1.299878e-001
      endloop
   endfacet
   facet normal -8.197746e-002 -7.078726e-001 -7.015669e-001
      outer loop
         vertex 3.487824e-004 3.000000e-002 1.299878e-001
         vertex 3.118675e-003 2.000000e-002 1.396722e-001
         vertex 1.046347e-003 2.000000e-002 1.399635e-001
      endloop
   endfacet
   facet normal -1.645957e-002 -7.078726e-001 -7.061483e-001
      outer loop
         vertex 3.487824e-004 3.000000e-002 1.299878e-001
         vertex 1.046347e-003 2.000000e-002 1.399635e-001
         vertex -3.487824e-004 3.000000e-002 1.299878e-001
      endloop
   endfacet
   facet normal 1.645957e-002 -7.078726e-001 -7.061483e-001
      outer loop
         vertex -3.487824e-004 3.000000e-002 1.299878e-001
         vertex 1.046347e-003 2.000000e-002 1.399635e-001
         vertex -1.046347e-003 2.000000e-002 1.399635e-001
      endloop
   endfacet
   facet normal 8.197746e-002 -7.078726e-001 -7.015669e-001
      outer loop
         vertex -3.487824e-004 3.000000e-002 1.299878e-001
         vertex -1.046347e-003 2.000000e-002 1.399635e-001
         vertex -1.039558e-003 3.000000e-002 1.298907e-001
      endloop
   endfacet
   facet normal 1.145762e-001 -7.078726e-001 -6.969854e-001
      outer loop
         vertex -1.039558e-003 3.000000e-002 1.298907e-001
         vertex -1.046347e-003 2.000000e-002 1.399635e-001
         vertex -3.118675e-003 2.000000e-002 1.396722e-001
      endloop
   endfacet
   facet normal 1.788189e-001 -7.078726e-001 -6.833302e-001
      outer loop
         vertex -1.039558e-003 3.000000e-002 1.298907e-001
         vertex -3.118675e-003 2.000000e-002 1.396722e-001
         vertex -1.710101e-003 3.000000e-002 1.296985e-001
      endloop
   endfacet
   facet normal 2.104628e-001 -7.078726e-001 -6.742564e-001
      outer loop
         vertex -1.710101e-003 3.000000e-002 1.296985e-001
         vertex -3.118675e-003 2.000000e-002 1.396722e-001
         vertex -5.130302e-003 2.000000e-002 1.390954e-001
      endloop
   endfacet
   facet normal 2.721798e-001 -7.078726e-001 -6.517932e-001
      outer loop
         vertex -1.710101e-003 3.000000e-002 1.296985e-001
         vertex -5.130302e-003 2.000000e-002 1.390954e-001
         vertex -2.347358e-003 3.000000e-002 1.294147e-001
      endloop
   endfacet
   facet normal 3.022529e-001 -7.078726e-001 -6.384038e-001
      outer loop
         vertex -2.347358e-003 3.000000e-002 1.294147e-001
         vertex -5.130302e-003 2.000000e-002 1.390954e-001
         vertex -7.042074e-003 2.000000e-002 1.382442e-001
      endloop
   endfacet
   facet normal 3.602431e-001 -7.078726e-001 -6.075700e-001
      outer loop
         vertex -2.347358e-003 3.000000e-002 1.294147e-001
         vertex -7.042074e-003 2.000000e-002 1.382442e-001
         vertex -2.938926e-003 3.000000e-002 1.290451e-001
      endloop
   endfacet
   facet normal 3.881601e-001 -7.078726e-001 -5.901255e-001
      outer loop
         vertex -2.938926e-003 3.000000e-002 1.290451e-001
         vertex -7.042074e-003 2.000000e-002 1.382442e-001
         vertex -8.816779e-003 2.000000e-002 1.371353e-001
      endloop
   endfacet
   facet normal 4.412946e-001 -7.078726e-001 -5.515210e-001
      outer loop
         vertex -2.938926e-003 3.000000e-002 1.290451e-001
         vertex -8.816779e-003 2.000000e-002 1.371353e-001
         vertex -3.473292e-003 3.000000e-002 1.285967e-001
      endloop
   endfacet
   facet normal 4.665121e-001 -7.078726e-001 -5.303610e-001
      outer loop
         vertex -3.473292e-003 3.000000e-002 1.285967e-001
         vertex -8.816779e-003 2.000000e-002 1.371353e-001
         vertex -1.041988e-002 2.000000e-002 1.357901e-001
      endloop
   endfacet
   facet normal 5.137569e-001 -7.078726e-001 -4.847373e-001
      outer loop
         vertex -3.473292e-003 3.000000e-002 1.285967e-001
         vertex -1.041988e-002 2.000000e-002 1.357901e-001
         vertex -3.940054e-003 3.000000e-002 1.280783e-001
      endloop
   endfacet
   facet normal 5.357841e-001 -7.078726e-001 -4.602736e-001
      outer loop
         vertex -3.940054e-003 3.000000e-002 1.280783e-001
         vertex -1.041988e-002 2.000000e-002 1.357901e-001
         vertex -1.182016e-002 2.000000e-002 1.342349e-001
      endloop
   endfacet
   facet normal 5.762194e-001 -7.078726e-001 -4.085187e-001
      outer loop
         vertex -3.940054e-003 3.000000e-002 1.280783e-001
         vertex -1.182016e-002 2.000000e-002 1.342349e-001
         vertex -4.330127e-003 3.000000e-002 1.275000e-001
      endloop
   endfacet
   facet normal 5.946276e-001 -7.078726e-001 -3.812275e-001
      outer loop
         vertex -4.330127e-003 3.000000e-002 1.275000e-001
         vertex -1.182016e-002 2.000000e-002 1.342349e-001
         vertex -1.299038e-002 2.000000e-002 1.325000e-001
      endloop
   endfacet
   facet normal 6.274665e-001 -7.078726e-001 -3.243488e-001
      outer loop
         vertex -4.330127e-003 3.000000e-002 1.275000e-001
         vertex -1.299038e-002 2.000000e-002 1.325000e-001
         vertex -4.635919e-003 3.000000e-002 1.268730e-001
      endloop
   endfacet
   facet normal 6.418973e-001 -7.078726e-001 -2.947613e-001
      outer loop
         vertex -4.635919e-003 3.000000e-002 1.268730e-001
         vertex -1.299038e-002 2.000000e-002 1.325000e-001
         vertex -1.390776e-002 2.000000e-002 1.306191e-001
      endloop
   endfacet
   facet normal 6.665007e-001 -7.078726e-001 -2.338658e-001
      outer loop
         vertex -4.635919e-003 3.000000e-002 1.268730e-001
         vertex -1.390776e-002 2.000000e-002 1.306191e-001
         vertex -4.851479e-003 3.000000e-002 1.262096e-001
      endloop
   endfacet
   facet normal 6.766732e-001 -7.078726e-001 -2.025578e-001
      outer loop
         vertex -4.851479e-003 3.000000e-002 1.262096e-001
         vertex -1.390776e-002 2.000000e-002 1.306191e-001
         vertex -1.455444e-002 2.000000e-002 1.286288e-001
      endloop
   endfacet
   facet normal 6.925621e-001 -7.078726e-001 -1.388309e-001
      outer loop
         vertex -4.851479e-003 3.000000e-002 1.262096e-001
         vertex -1.455444e-002 2.000000e-002 1.286288e-001
         vertex -4.972610e-003 3.000000e-002 1.255226e-001
      endloop
   endfacet
   facet normal 6.982785e-001 -7.078726e-001 -1.064119e-001
      outer loop
         vertex -4.972610e-003 3.000000e-002 1.255226e-001
         vertex -1.455444e-002 2.000000e-002 1.286288e-001
         vertex -1.491783e-002 2.000000e-002 1.265679e-001
      endloop
   endfacet
   facet normal 7.051437e-001 -7.078726e-001 -4.109376e-002
      outer loop
         vertex -4.972610e-003 3.000000e-002 1.255226e-001
         vertex -1.491783e-002 2.000000e-002 1.265679e-001
         vertex -4.996954e-003 3.000000e-002 1.248255e-001
      endloop
   endfacet
   facet normal 7.062926e-001 -7.078726e-001 -8.194680e-003
      outer loop
         vertex -4.996954e-003 3.000000e-002 1.248255e-001
         vertex -1.491783e-002 2.000000e-002 1.265679e-001
         vertex -1.499086e-002 2.000000e-002 1.244765e-001
      endloop
   endfacet
   facet normal 7.040004e-001 -7.078726e-001 5.744320e-002
      outer loop
         vertex -4.996954e-003 3.000000e-002 1.248255e-001
         vertex -1.499086e-002 2.000000e-002 1.244765e-001
         vertex -4.924039e-003 3.000000e-002 1.241318e-001
      endloop
   endfacet
   facet normal 7.005594e-001 -7.078726e-001 9.018200e-002
      outer loop
         vertex -4.924039e-003 3.000000e-002 1.241318e-001
         vertex -1.499086e-002 2.000000e-002 1.244765e-001
         vertex -1.477212e-002 2.000000e-002 1.223953e-001
      endloop
   endfacet
   facet normal 6.891546e-001 -7.078726e-001 1.548621e-001
      outer loop
         vertex -4.924039e-003 3.000000e-002 1.241318e-001
         vertex -1.477212e-002 2.000000e-002 1.223953e-001
         vertex -4.755283e-003 3.000000e-002 1.234549e-001
      endloop
   endfacet
   facet normal 6.811907e-001 -7.078726e-001 1.868034e-001
      outer loop
         vertex -4.755283e-003 3.000000e-002 1.234549e-001
         vertex -1.477212e-002 2.000000e-002 1.223953e-001
         vertex -1.426585e-002 2.000000e-002 1.203647e-001
      endloop
   endfacet
   facet normal 6.608952e-001 -7.078726e-001 2.492668e-001
      outer loop
         vertex -4.755283e-003 3.000000e-002 1.234549e-001
         vertex -1.426585e-002 2.000000e-002 1.203647e-001
         vertex -4.493970e-003 3.000000e-002 1.228081e-001
      endloop
   endfacet
   facet normal 6.485634e-001 -7.078726e-001 2.797889e-001
      outer loop
         vertex -4.493970e-003 3.000000e-002 1.228081e-001
         vertex -1.426585e-002 2.000000e-002 1.203647e-001
         vertex -1.348191e-002 2.000000e-002 1.184244e-001
      endloop
   endfacet
   facet normal 6.197721e-001 -7.078726e-001 3.388198e-001
      outer loop
         vertex -4.493970e-003 3.000000e-002 1.228081e-001
         vertex -1.348191e-002 2.000000e-002 1.184244e-001
         vertex -4.145188e-003 3.000000e-002 1.222040e-001
      endloop
   endfacet
   facet normal 6.033126e-001 -7.078726e-001 3.673285e-001
      outer loop
         vertex -4.145188e-003 3.000000e-002 1.222040e-001
         vertex -1.348191e-002 2.000000e-002 1.184244e-001
         vertex -1.243556e-002 2.000000e-002 1.166121e-001
      endloop
   endfacet
   facet normal 5.665860e-001 -7.078726e-001 4.217780e-001
      outer loop
         vertex -4.145188e-003 3.000000e-002 1.222040e-001
         vertex -1.243556e-002 2.000000e-002 1.166121e-001
         vertex -3.715724e-003 3.000000e-002 1.216543e-001
      endloop
   endfacet
   facet normal 5.463189e-001 -7.078726e-001 4.477186e-001
      outer loop
         vertex -3.715724e-003 3.000000e-002 1.216543e-001
         vertex -1.243556e-002 2.000000e-002 1.166121e-001
         vertex -1.114717e-002 2.000000e-002 1.149630e-001
      endloop
   endfacet
   facet normal 5.023719e-001 -7.078726e-001 4.965268e-001
      outer loop
         vertex -3.715724e-003 3.000000e-002 1.216543e-001
         vertex -1.114717e-002 2.000000e-002 1.149630e-001
         vertex -3.213938e-003 3.000000e-002 1.211698e-001
      endloop
   endfacet
   facet normal 4.786918e-001 -7.078726e-001 5.193943e-001
      outer loop
         vertex -3.213938e-003 3.000000e-002 1.211698e-001
         vertex -1.114717e-002 2.000000e-002 1.149630e-001
         vertex -9.641814e-003 2.000000e-002 1.135093e-001
      endloop
   endfacet
   facet normal 4.283797e-001 -7.078726e-001 5.616113e-001
      outer loop
         vertex -3.213938e-003 3.000000e-002 1.211698e-001
         vertex -9.641814e-003 2.000000e-002 1.135093e-001
         vertex -2.649596e-003 3.000000e-002 1.207598e-001
      endloop
   endfacet
   facet normal 4.017475e-001 -7.078726e-001 5.809607e-001
      outer loop
         vertex -2.649596e-003 3.000000e-002 1.207598e-001
         vertex -9.641814e-003 2.000000e-002 1.135093e-001
         vertex -7.948789e-003 2.000000e-002 1.122793e-001
      endloop
   endfacet
   facet normal 3.460495e-001 -7.078726e-001 6.157646e-001
      outer loop
         vertex -2.649596e-003 3.000000e-002 1.207598e-001
         vertex -7.948789e-003 2.000000e-002 1.122793e-001
         vertex -2.033683e-003 3.000000e-002 1.204323e-001
      endloop
   endfacet
   facet normal 3.169836e-001 -7.078726e-001 6.312193e-001
      outer loop
         vertex -2.033683e-003 3.000000e-002 1.204323e-001
         vertex -7.948789e-003 2.000000e-002 1.122793e-001
         vertex -6.101049e-003 2.000000e-002 1.112968e-001
      endloop
   endfacet
   facet normal 2.569839e-001 -7.078726e-001 6.579328e-001
      outer loop
         vertex -2.033683e-003 3.000000e-002 1.204323e-001
         vertex -6.101049e-003 2.000000e-002 1.112968e-001
         vertex -1.378187e-003 3.000000e-002 1.201937e-001
      endloop
   endfacet
   facet normal 2.260500e-001 -7.078726e-001 6.691918e-001
      outer loop
         vertex -1.378187e-003 3.000000e-002 1.201937e-001
         vertex -6.101049e-003 2.000000e-002 1.112968e-001
         vertex -4.134560e-003 2.000000e-002 1.105811e-001
      endloop
   endfacet
   facet normal 1.629164e-001 -7.078726e-001 6.872951e-001
      outer loop
         vertex -1.378187e-003 3.000000e-002 1.201937e-001
         vertex -4.134560e-003 2.000000e-002 1.105811e-001
         vertex -6.958655e-004 3.000000e-002 1.200487e-001
      endloop
   endfacet
   facet normal 1.307166e-001 -7.078726e-001 6.941394e-001
      outer loop
         vertex -6.958655e-004 3.000000e-002 1.200487e-001
         vertex -4.134560e-003 2.000000e-002 1.105811e-001
         vertex -2.087597e-003 2.000000e-002 1.101460e-001
      endloop
   endfacet
   facet normal 6.567788e-002 -7.078726e-001 7.032800e-001
      outer loop
         vertex -6.958655e-004 3.000000e-002 1.200487e-001
         vertex -2.087597e-003 2.000000e-002 1.101460e-001
         vertex 0.000000e+000 3.000000e-002 1.200000e-001
      endloop
   endfacet
   facet normal 3.283894e-002 -7.078726e-001 7.055764e-001
      outer loop
         vertex 0.000000e+000 3.000000e-002 1.200000e-001
         vertex -2.087597e-003 2.000000e-002 1.101460e-001
         vertex 0.000000e+000 2.000000e-002 1.100000e-001
      endloop
   endfacet
   facet normal -3.283894e-002 -7.078726e-001 7.055764e-001
      outer loop
         vertex 0.000000e+000 3.000000e-002 1.200000e-001
         vertex 0.000000e+000 2.000000e-002 1.100000e-001
         vertex 6.958655e-004 3.000000e-002 1.200487e-001
      endloop
   endfacet
   facet normal -6.567788e-002 -7.078726e-001 7.032800e-001
      outer loop
         vertex 6.958655e-004 3.000000e-002 1.200487e-001
         vertex 0.000000e+000 2.000000e-002 1.100000e-001
         vertex 2.087597e-003 2.000000e-002 1.101460e-001
      endloop
   endfacet
   facet normal 0.000000e+000 0.000000e+000 -1.000000e+000
      outer loop
         vertex -1.250000e-001 3.000000e-002 2.525000e-001
         vertex -1.250000e-001 4.080000e-001 2.525000e-001
         vertex 1.250000e-001 3.000000e-002 2.525000e-001
      endloop
   endfacet
   facet normal 0.000000e+000 0.000000e+000 -1.000000e+000
      outer loop
         vertex 1.250000e-001 3.000000e-002 2.525000e-001
         vertex -1.250000e-001 4.080000e-001 2.525000e-001
         vertex 1.250000e-001 4.080000e-001 2.525000e-001
      endloop
   endfacet
   facet normal 0.000000e+000 0.000000e+000 1.000000e+000
      outer loop
         vertex -1.250000e-001 4.080000e-001 2.475000e-001
         vertex -1.250000e-001 3.000000e-002 2.475000e-001
         vertex 1.250000e-001 4.080000e-001 2.475000e-001
      endloop
   endfacet
   facet normal 0.000000e+000 0.000000e+000 1.000000e+000
      outer loop
         vertex 1.250000e-001 4.080000e-001 2.475000e-001
         vertex -1.250000e-001 3.000000e-002 2.475000e-001
         vertex 1.250000e-001 3.000000e-002 2.475000e-001
      endloop
   endfacet
   facet normal 0.000000e+000 -1.000000e+000 0.000000e+000
      outer loop
         vertex 1.250000e-001 4.080000e-001 2.475000e-001
         vertex 1.250000e-001 4.080000e-001 2.525000e-001
         vertex -1.250000e-001 4.080000e-001 2.475000e-001
      endloop
   endfacet
   facet normal 0.000000e+000 -1.000000e+000 0.000000e+000
      outer loop
         vertex -1.250000e-001 4.080000e-001 2.475000e-001
         vertex 1.250000e-001 4.080000e-001 2.525000e-001
         vertex -1.250000e-001 4.080000e-001 2.525000e-001
      endloop
   endfacet
   facet normal 0.000000e+000 1.000000e+000 0.000000e+000
      outer loop
         vertex -1.250000e-001 3.000000e-002 2.475000e-001
         vertex -1.250000e-001 3.000000e-002 2.525000e-001
         vertex 1.250000e-001 3.000000e-002 2.475000e-001
      endloop
   endfacet
   facet normal 0.000000e+000 1.000000e+000 0.000000e+000
      outer loop
         vertex 1.250000e-001 3.000000e-002 2.475000e-001
         vertex -1.250000e-001 3.000000e-002 2.525000e-001
         vertex 1.250000e-001 3.000000e-002 2.525000e-001
      endloop
   endfacet
   facet normal -1.000000e+000 0.000000e+000 0.000000e+000
      outer loop
         vertex -1.250000e-001 4.080000e-001 2.475000e-001
         vertex -1.250000e-001 4.080000e-001 0.000000e+000
         vertex -1.250000e-001 3.000000e-002 2.475000e-001
      endloop
   endfacet
   facet normal -1.000000e+000 0.000000e+000 0.000000e+000
      outer loop
         vertex -1.250000e-001 3.000000e-002 2.475000e-001
         vertex -1.250000e-001 4.080000e-001 0.000000e+000
         vertex -1.250000e-001 0.000000e+000 0.000000e+000
      endloop
   endfacet
   facet normal -1.000000e+000 0.000000e+000 0.000000e+000
      outer loop
         vertex -1.250000e-001 3.000000e-002 2.475000e-001
         vertex -1.250000e-001 0.000000e+000 0.000000e+000
         vertex -1.250000e-001 3.000000e-002 2.525000e-001
      endloop
   endfacet
   facet normal -1.000000e+000 0.000000e+000 0.000000e+000
      outer loop
         vertex -1.250000e-001 3.000000e-002 2.525000e-001
         vertex -1.250000e-001 0.000000e+000 0.000000e+000
         vertex -1.250000e-001 0.000000e+000 5.000000e-001
      endloop
   endfacet
   facet normal -1.000000e+000 0.000000e+000 0.000000e+000
      outer loop
         vertex -1.250000e-001 3.000000e-002 2.525000e-001
         vertex -1.250000e-001 0.000000e+000 5.000000e-001
         vertex -1.250000e-001 4.080000e-001 2.525000e-001
      endloop
   endfacet
   facet normal -1.000000e+000 0.000000e+000 0.000000e+000
      outer loop
         vertex -1.250000e-001 4.080000e-001 2.525000e-001
         vertex -1.250000e-001 0.000000e+000 5.000000e-001
         vertex -1.250000e-001 4.080000e-001 5.000000e-001
      endloop
   endfacet
   facet normal -8.191521e-001 -5.735765e-001 0.000000e+000
      outer loop
         vertex -1.250000e-001 4.080000e-001 5.000000e-001
         vertex -4.075000e-001 8.114518e-001 5.000000e-001
         vertex -1.250000e-001 4.080000e-001 2.525000e-001
      endloop
   endfacet
   facet normal -8.191521e-001 -5.735765e-001 0.000000e+000
      outer loop
         vertex -1.250000e-001 4.080000e-001 2.525000e-001
         vertex -4.075000e-001 8.114518e-001 5.000000e-001
         vertex -4.075000e-001 8.114518e-001 -2.220446e-016
      endloop
   endfacet
   facet normal -8.191521e-001 -5.735765e-001 0.000000e+000
      outer loop
         vertex -1.250000e-001 4.080000e-001 2.525000e-001
         vertex -4.075000e-001 8.114518e-001 -2.220446e-016
         vertex -1.250000e-001 4.080000e-001 2.475000e-001
      endloop
   endfacet
   facet normal -8.191521e-001 -5.735765e-001 0.000000e+000
      outer loop
         vertex -1.250000e-001 4.080000e-001 2.475000e-001
         vertex -4.075000e-001 8.114518e-001 -2.220446e-016
         vertex -1.250000e-001 4.080000e-001 -2.220446e-016
      endloop
   endfacet
   facet normal -1.000000e+000 0.000000e+000 0.000000e+000
      outer loop
         vertex -4.075000e-001 8.114518e-001 5.000000e-001
         vertex -4.075000e-001 9.000000e-001 5.000000e-001
         vertex -4.075000e-001 8.114518e-001 0.000000e+000
      endloop
   endfacet
   facet normal -1.000000e+000 0.000000e+000 0.000000e+000
      outer loop
         vertex -4.075000e-001 8.114518e-001 0.000000e+000
         vertex -4.075000e-001 9.000000e-001 5.000000e-001
         vertex -4.075000e-001 9.000000e-001 0.000000e+000
      endloop
   endfacet
   facet normal 0.000000e+000 0.000000e+000 -1.000000e+000
      outer loop
         vertex 1.250000e-001 0.000000e+000 0.000000e+000
         vertex -1.250000e-001 0.000000e+000 0.000000e+000
         vertex 1.250000e-001 4.080000e-001 0.000000e+000
      endloop
   endfacet
   facet normal 0.000000e+000 0.000000e+000 -1.000000e+000
      outer loop
         vertex 1.250000e-001 4.080000e-001 0.000000e+000
         vertex -1.250000e-001 0.000000e+000 0.000000e+000
         vertex -1.250000e-001 4.080000e-001 0.000000e+000
      endloop
   endfacet
   facet normal 0.000000e+000 0.000000e+000 -1.000000e+000
      outer loop
         vertex 1.250000e-001 4.080000e-001 0.000000e+000
         vertex -1.250000e-001 4.080000e-001 0.000000e+000
         vertex 4.075000e-001 8.114518e-001 0.000000e+000
      endloop
   endfacet
   facet normal 0.000000e+000 0.000000e+000 -1.000000e+000
      outer loop
         vertex 4.075000e-001 8.114518e-001 0.000000e+000
         vertex -1.250000e-001 4.080000e-001 0.000000e+000
         vertex -4.075000e-001 8.114518e-001 0.000000e+000
      endloop
   endfacet
   facet normal 0.000000e+000 0.000000e+000 -1.000000e+000
      outer loop
         vertex 4.075000e-001 8.114518e-001 0.000000e+000
         vertex -4.075000e-001 8.114518e-001 0.000000e+000
         vertex 4.075000e-001 9.000000e-001 0.000000e+000
      endloop
   endfacet
   facet normal 0.000000e+000 0.000000e+000 -1.000000e+000
      outer loop
         vertex 4.075000e-001 9.000000e-001 0.000000e+000
         vertex -4.075000e-001 8.114518e-001 0.000000e+000
         vertex -4.075000e-001 9.000000e-001 0.000000e+000
      endloop
   endfacet
   facet normal 0.000000e+000 0.000000e+000 1.000000e+000
      outer loop
         vertex -1.250000e-001 0.000000e+000 5.000000e-001
         vertex 1.250000e-001 0.000000e+000 5.000000e-001
         vertex -1.250000e-001 4.080000e-001 5.000000e-001
      endloop
   endfacet
   facet normal 0.000000e+000 0.000000e+000 1.000000e+000
      outer loop
         vertex -1.250000e-001 4.080000e-001 5.000000e-001
         vertex 1.250000e-001 0.000000e+000 5.000000e-001
         vertex 1.250000e-001 4.080000e-001 5.000000e-001
      endloop
   endfacet
   facet normal 0.000000e+000 0.000000e+000 1.000000e+000
      outer loop
         vertex -1.250000e-001 4.080000e-001 5.000000e-001
         vertex 1.250000e-001 4.080000e-001 5.000000e-001
         vertex -4.075000e-001 8.114518e-001 5.000000e-001
      endloop
   endfacet
   facet normal 0.000000e+000 0.000000e+000 1.000000e+000
      outer loop
         vertex -4.075000e-001 8.114518e-001 5.000000e-001
         vertex 1.250000e-001 4.080000e-001 5.000000e-001
         vertex 4.075000e-001 8.114518e-001 5.000000e-001
      endloop
   endfacet
   facet normal 0.000000e+000 0.000000e+000 1.000000e+000
      outer loop
         vertex -4.075000e-001 8.114518e-001 5.000000e-001
         vertex 4.075000e-001 8.114518e-001 5.000000e-001
         vertex -4.075000e-001 9.000000e-001 5.000000e-001
      endloop
   endfacet
   facet normal 0.000000e+000 0.000000e+000 1.000000e+000
      outer loop
         vertex -4.075000e-001 9.000000e-001 5.000000e-001
         vertex 4.075000e-001 8.114518e-001 5.000000e-001
         vertex 4.075000e-001 9.000000e-001 5.000000e-001
      endloop
   endfacet
   facet normal 1.000000e+000 0.000000e+000 0.000000e+000
      outer loop
         vertex 4.075000e-001 9.000000e-001 5.000000e-001
         vertex 4.075000e-001 8.114518e-001 5.000000e-001
         vertex 4.075000e-001 9.000000e-001 0.000000e+000
      endloop
   endfacet
   facet normal 1.000000e+000 0.000000e+000 0.000000e+000
      outer loop
         vertex 4.075000e-001 9.000000e-001 0.000000e+000
         vertex 4.075000e-001 8.114518e-001 5.000000e-001
         vertex 4.075000e-001 8.114518e-001 0.000000e+000
      endloop
   endfacet
   facet normal 8.191521e-001 -5.735765e-001 0.000000e+000
      outer loop
         vertex 1.250000e-001 4.080000e-001 -2.220446e-016
         vertex 4.075000e-001 8.114518e-001 -2.220446e-016
         vertex 1.250000e-001 4.080000e-001 2.475000e-001
      endloop
   endfacet
   facet normal 8.191521e-001 -5.735765e-001 0.000000e+000
      outer loop
         vertex 1.250000e-001 4.080000e-001 2.475000e-001
         vertex 4.075000e-001 8.114518e-001 -2.220446e-016
         vertex 4.075000e-001 8.114518e-001 5.000000e-001
      endloop
   endfacet
   facet normal 8.191521e-001 -5.735765e-001 0.000000e+000
      outer loop
         vertex 1.250000e-001 4.080000e-001 2.475000e-001
         vertex 4.075000e-001 8.114518e-001 5.000000e-001
         vertex 1.250000e-001 4.080000e-001 2.525000e-001
      endloop
   endfacet
   facet normal 8.191521e-001 -5.735765e-001 0.000000e+000
      outer loop
         vertex 1.250000e-001 4.080000e-001 2.525000e-001
         vertex 4.075000e-001 8.114518e-001 5.000000e-001
         vertex 1.250000e-001 4.080000e-001 5.000000e-001
      endloop
   endfacet
   facet normal 1.000000e+000 0.000000e+000 0.000000e+000
      outer loop
         vertex 1.250000e-001 4.080000e-001 2.525000e-001
         vertex 1.250000e-001 4.080000e-001 5.000000e-001
         vertex 1.250000e-001 3.000000e-002 2.525000e-001
      endloop
   endfacet
   facet normal 1.000000e+000 0.000000e+000 0.000000e+000
      outer loop
         vertex 1.250000e-001 3.000000e-002 2.525000e-001
         vertex 1.250000e-001 4.080000e-001 5.000000e-001
         vertex 1.250000e-001 0.000000e+000 5.000000e-001
      endloop
   endfacet
   facet normal 1.000000e+000 0.000000e+000 0.000000e+000
      outer loop
         vertex 1.250000e-001 3.000000e-002 2.525000e-001
         vertex 1.250000e-001 0.000000e+000 5.000000e-001
         vertex 1.250000e-001 3.000000e-002 2.475000e-001
      endloop
   endfacet
   facet normal 1.000000e+000 0.000000e+000 0.000000e+000
      outer loop
         vertex 1.250000e-001 3.000000e-002 2.475000e-001
         vertex 1.250000e-001 0.000000e+000 5.000000e-001
         vertex 1.250000e-001 0.000000e+000 0.000000e+000
      endloop
   endfacet
   facet normal 1.000000e+000 0.000000e+000 0.000000e+000
      outer loop
         vertex 1.250000e-001 3.000000e-002 2.475000e-001
         vertex 1.250000e-001 0.000000e+000 0.000000e+000
         vertex 1.250000e-001 4.080000e-001 2.475000e-001
      endloop
   endfacet
   facet normal 1.000000e+000 0.000000e+000 0.000000e+000
      outer loop
         vertex 1.250000e-001 4.080000e-001 2.475000e-001
         vertex 1.250000e-001 0.000000e+000 0.000000e+000
         vertex 1.250000e-001 4.080000e-001 0.000000e+000
      endloop
   endfacet
   facet normal -1.307166e-001 -7.078726e-001 6.941394e-001
      outer loop
         vertex 6.958655e-004 3.000000e-002 3.700487e-001
         vertex 2.087597e-003 2.000000e-002 3.601460e-001
         vertex 1.378187e-003 3.000000e-002 3.701937e-001
      endloop
   endfacet
   facet normal -1.629164e-001 -7.078726e-001 6.872951e-001
      outer loop
         vertex 1.378187e-003 3.000000e-002 3.701937e-001
         vertex 2.087597e-003 2.000000e-002 3.601460e-001
         vertex 4.134560e-003 2.000000e-002 3.605811e-001
      endloop
   endfacet
   facet normal -2.260500e-001 -7.078726e-001 6.691918e-001
      outer loop
         vertex 1.378187e-003 3.000000e-002 3.701937e-001
         vertex 4.134560e-003 2.000000e-002 3.605811e-001
         vertex 2.033683e-003 3.000000e-002 3.704323e-001
      endloop
   endfacet
   facet normal -2.569839e-001 -7.078726e-001 6.579328e-001
      outer loop
         vertex 2.033683e-003 3.000000e-002 3.704323e-001
         vertex 4.134560e-003 2.000000e-002 3.605811e-001
         vertex 6.101049e-003 2.000000e-002 3.612968e-001
      endloop
   endfacet
   facet normal -3.169836e-001 -7.078726e-001 6.312193e-001
      outer loop
         vertex 2.033683e-003 3.000000e-002 3.704323e-001
         vertex 6.101049e-003 2.000000e-002 3.612968e-001
         vertex 2.649596e-003 3.000000e-002 3.707598e-001
      endloop
   endfacet
   facet normal -3.460495e-001 -7.078726e-001 6.157647e-001
      outer loop
         vertex 2.649596e-003 3.000000e-002 3.707598e-001
         vertex 6.101049e-003 2.000000e-002 3.612968e-001
         vertex 7.948789e-003 2.000000e-002 3.622793e-001
      endloop
   endfacet
   facet normal -4.017475e-001 -7.078726e-001 5.809607e-001
      outer loop
         vertex 2.649596e-003 3.000000e-002 3.707598e-001
         vertex 7.948789e-003 2.000000e-002 3.622793e-001
         vertex 3.213938e-003 3.000000e-002 3.711698e-001
      endloop
   endfacet
   facet normal -4.283797e-001 -7.078726e-001 5.616112e-001
      outer loop
         vertex 3.213938e-003 3.000000e-002 3.711698e-001
         vertex 7.948789e-003 2.000000e-002 3.622793e-001
         vertex 9.641814e-003 2.000000e-002 3.635093e-001
      endloop
   endfacet
   facet normal -4.786918e-001 -7.078726e-001 5.193943e-001
      outer loop
         vertex 3.213938e-003 3.000000e-002 3.711698e-001
         vertex 9.641814e-003 2.000000e-002 3.635093e-001
         vertex 3.715724e-003 3.000000e-002 3.716544e-001
      endloop
   endfacet
   facet normal -5.023719e-001 -7.078726e-001 4.965268e-001
      outer loop
         vertex 3.715724e-003 3.000000e-002 3.716544e-001
         vertex 9.641814e-003 2.000000e-002 3.635093e-001
         vertex 1.114717e-002 2.000000e-002 3.649631e-001
      endloop
   endfacet
   facet normal -5.463189e-001 -7.078726e-001 4.477186e-001
      outer loop
         vertex 3.715724e-003 3.000000e-002 3.716544e-001
         vertex 1.114717e-002 2.000000e-002 3.649631e-001
         vertex 4.145188e-003 3.000000e-002 3.722040e-001
      endloop
   endfacet
   facet normal -5.665860e-001 -7.078726e-001 4.217780e-001
      outer loop
         vertex 4.145188e-003 3.000000e-002 3.722040e-001
         vertex 1.114717e-002 2.000000e-002 3.649631e-001
         vertex 1.243556e-002 2.000000e-002 3.666121e-001
      endloop
   endfacet
   facet normal -6.033126e-001 -7.078726e-001 3.673285e-001
      outer loop
         vertex 4.145188e-003 3.000000e-002 3.722040e-001
         vertex 1.243556e-002 2.000000e-002 3.666121e-001
         vertex 4.493970e-003 3.000000e-002 3.728082e-001
      endloop
   endfacet
   facet normal -6.197721e-001 -7.078726e-001 3.388198e-001
      outer loop
         vertex 4.493970e-003 3.000000e-002 3.728082e-001
         vertex 1.243556e-002 2.000000e-002 3.666121e-001
         vertex 1.348191e-002 2.000000e-002 3.684244e-001
      endloop
   endfacet
   facet normal -6.485634e-001 -7.078726e-001 2.797889e-001
      outer loop
         vertex 4.493970e-003 3.000000e-002 3.728082e-001
         vertex 1.348191e-002 2.000000e-002 3.684244e-001
         vertex 4.755283e-003 3.000000e-002 3.734549e-001
      endloop
   endfacet
   facet normal -6.608952e-001 -7.078726e-001 2.492668e-001
      outer loop
         vertex 4.755283e-003 3.000000e-002 3.734549e-001
         vertex 1.348191e-002 2.000000e-002 3.684244e-001
         vertex 1.426585e-002 2.000000e-002 3.703648e-001
      endloop
   endfacet
   facet normal -6.811907e-001 -7.078726e-001 1.868034e-001
      outer loop
         vertex 4.755283e-003 3.000000e-002 3.734549e-001
         vertex 1.426585e-002 2.000000e-002 3.703648e-001
         vertex 4.924039e-003 3.000000e-002 3.741318e-001
      endloop
   endfacet
   facet normal -6.891546e-001 -7.078726e-001 1.548621e-001
      outer loop
         vertex 4.924039e-003 3.000000e-002 3.741318e-001
         vertex 1.426585e-002 2.000000e-002 3.703648e-001
         vertex 1.477212e-002 2.000000e-002 3.723953e-001
      endloop
   endfacet
   facet normal -7.005594e-001 -7.078726e-001 9.018200e-002
      outer loop
         vertex 4.924039e-003 3.000000e-002 3.741318e-001
         vertex 1.477212e-002 2.000000e-002 3.723953e-001
         vertex 4.996954e-003 3.000000e-002 3.748255e-001
      endloop
   endfacet
   facet normal -7.040004e-001 -7.078726e-001 5.744319e-002
      outer loop
         vertex 4.996954e-003 3.000000e-002 3.748255e-001
         vertex 1.477212e-002 2.000000e-002 3.723953e-001
         vertex 1.499086e-002 2.000000e-002 3.744765e-001
      endloop
   endfacet
   facet normal -7.062926e-001 -7.078726e-001 -8.194680e-003
      outer loop
         vertex 4.996954e-003 3.000000e-002 3.748255e-001
         vertex 1.499086e-002 2.000000e-002 3.744765e-001
         vertex 4.972610e-003 3.000000e-002 3.755226e-001
      endloop
   endfacet
   facet normal -7.051437e-001 -7.078726e-001 -4.109376e-002
      outer loop
         vertex 4.972610e-003 3.000000e-002 3.755226e-001
         vertex 1.499086e-002 2.000000e-002 3.744765e-001
         vertex 1.491783e-002 2.000000e-002 3.765679e-001
      endloop
   endfacet
   facet normal -6.982785e-001 -7.078726e-001 -1.064119e-001
      outer loop
         vertex 4.972610e-003 3.000000e-002 3.755226e-001
         vertex 1.491783e-002 2.000000e-002 3.765679e-001
         vertex 4.851479e-003 3.000000e-002 3.762096e-001
      endloop
   endfacet
   facet normal -6.925621e-001 -7.078726e-001 -1.388309e-001
      outer loop
         vertex 4.851479e-003 3.000000e-002 3.762096e-001
         vertex 1.491783e-002 2.000000e-002 3.765679e-001
         vertex 1.455444e-002 2.000000e-002 3.786288e-001
      endloop
   endfacet
   facet normal -6.766732e-001 -7.078726e-001 -2.025578e-001
      outer loop
         vertex 4.851479e-003 3.000000e-002 3.762096e-001
         vertex 1.455444e-002 2.000000e-002 3.786288e-001
         vertex 4.635919e-003 3.000000e-002 3.768730e-001
      endloop
   endfacet
   facet normal -6.665007e-001 -7.078726e-001 -2.338658e-001
      outer loop
         vertex 4.635919e-003 3.000000e-002 3.768730e-001
         vertex 1.455444e-002 2.000000e-002 3.786288e-001
         vertex 1.390776e-002 2.000000e-002 3.806191e-001
      endloop
   endfacet
   facet normal -6.418973e-001 -7.078726e-001 -2.947613e-001
      outer loop
         vertex 4.635919e-003 3.000000e-002 3.768730e-001
         vertex 1.390776e-002 2.000000e-002 3.806191e-001
         vertex 4.330127e-003 3.000000e-002 3.775000e-001
      endloop
   endfacet
   facet normal -6.274665e-001 -7.078726e-001 -3.243488e-001
      outer loop
         vertex 4.330127e-003 3.000000e-002 3.775000e-001
         vertex 1.390776e-002 2.000000e-002 3.806191e-001
         vertex 1.299038e-002 2.000000e-002 3.825000e-001
      endloop
   endfacet
   facet normal -5.946276e-001 -7.078726e-001 -3.812275e-001
      outer loop
         vertex 4.330127e-003 3.000000e-002 3.775000e-001
         vertex 1.299038e-002 2.000000e-002 3.825000e-001
         vertex 3.940054e-003 3.000000e-002 3.780783e-001
      endloop
   endfacet
   facet normal -5.762194e-001 -7.078726e-001 -4.085187e-001
      outer loop
         vertex 3.940054e-003 3.000000e-002 3.780783e-001
         vertex 1.299038e-002 2.000000e-002 3.825000e-001
         vertex 1.182016e-002 2.000000e-002 3.842349e-001
      endloop
   endfacet
   facet normal -5.357841e-001 -7.078726e-001 -4.602736e-001
      outer loop
         vertex 3.940054e-003 3.000000e-002 3.780783e-001
         vertex 1.182016e-002 2.000000e-002 3.842349e-001
         vertex 3.473292e-003 3.000000e-002 3.785967e-001
      endloop
   endfacet
   facet normal -5.137569e-001 -7.078726e-001 -4.847373e-001
      outer loop
         vertex 3.473292e-003 3.000000e-002 3.785967e-001
         vertex 1.182016e-002 2.000000e-002 3.842349e-001
         vertex 1.041988e-002 2.000000e-002 3.857901e-001
      endloop
   endfacet
   facet normal -4.665121e-001 -7.078726e-001 -5.303610e-001
      outer loop
         vertex 3.473292e-003 3.000000e-002 3.785967e-001
         vertex 1.041988e-002 2.000000e-002 3.857901e-001
         vertex 2.938926e-003 3.000000e-002 3.790451e-001
      endloop
   endfacet
   facet normal -4.412946e-001 -7.078726e-001 -5.515210e-001
      outer loop
         vertex 2.938926e-003 3.000000e-002 3.790451e-001
         vertex 1.041988e-002 2.000000e-002 3.857901e-001
         vertex 8.816779e-003 2.000000e-002 3.871353e-001
      endloop
   endfacet
   facet normal -3.881601e-001 -7.078726e-001 -5.901255e-001
      outer loop
         vertex 2.938926e-003 3.000000e-002 3.790451e-001
         vertex 8.816779e-003 2.000000e-002 3.871353e-001
         vertex 2.347358e-003 3.000000e-002 3.794147e-001
      endloop
   endfacet
   facet normal -3.602431e-001 -7.078726e-001 -6.075700e-001
      outer loop
         vertex 2.347358e-003 3.000000e-002 3.794147e-001
         vertex 8.816779e-003 2.000000e-002 3.871353e-001
         vertex 7.042074e-003 2.000000e-002 3.882442e-001
      endloop
   endfacet
   facet normal -3.022529e-001 -7.078726e-001 -6.384038e-001
      outer loop
         vertex 2.347358e-003 3.000000e-002 3.794147e-001
         vertex 7.042074e-003 2.000000e-002 3.882442e-001
         vertex 1.710101e-003 3.000000e-002 3.796985e-001
      endloop
   endfacet
   facet normal -2.721798e-001 -7.078726e-001 -6.517932e-001
      outer loop
         vertex 1.710101e-003 3.000000e-002 3.796985e-001
         vertex 7.042074e-003 2.000000e-002 3.882442e-001
         vertex 5.130302e-003 2.000000e-002 3.890954e-001
      endloop
   endfacet
   facet normal -2.104628e-001 -7.078726e-001 -6.742564e-001
      outer loop
         vertex 1.710101e-003 3.000000e-002 3.796985e-001
         vertex 5.130302e-003 2.000000e-002 3.890954e-001
         vertex 1.039558e-003 3.000000e-002 3.798907e-001
      endloop
   endfacet
   facet normal -1.788189e-001 -7.078726e-001 -6.833302e-001
      outer loop
         vertex 1.039558e-003 3.000000e-002 3.798907e-001
         vertex 5.130302e-003 2.000000e-002 3.890954e-001
         vertex 3.118675e-003 2.000000e-002 3.896722e-001
      endloop
   endfacet
   facet normal -1.145762e-001 -7.078726e-001 -6.969854e-001
      outer loop
         vertex 1.039558e-003 3.000000e-002 3.798907e-001
         vertex 3.118675e-003 2.000000e-002 3.896722e-001
         vertex 3.487824e-004 3.000000e-002 3.799878e-001
      endloop
   endfacet
   facet normal -8.197746e-002 -7.078726e-001 -7.015669e-001
      outer loop
         vertex 3.487824e-004 3.000000e-002 3.799878e-001
         vertex 3.118675e-003 2.000000e-002 3.896722e-001
         vertex 1.046347e-003 2.000000e-002 3.899634e-001
      endloop
   endfacet
   facet normal -1.645957e-002 -7.078726e-001 -7.061483e-001
      outer loop
         vertex 3.487824e-004 3.000000e-002 3.799878e-001
         vertex 1.046347e-003 2.000000e-002 3.899634e-001
         vertex -3.487824e-004 3.000000e-002 3.799878e-001
      endloop
   endfacet
   facet normal 1.645957e-002 -7.078726e-001 -7.061483e-001
      outer loop
         vertex -3.487824e-004 3.000000e-002 3.799878e-001
         vertex 1.046347e-003 2.000000e-002 3.899634e-001
         vertex -1.046347e-003 2.000000e-002 3.899634e-001
      endloop
   endfacet
   facet normal 8.197746e-002 -7.078726e-001 -7.015669e-001
      outer loop
         vertex -3.487824e-004 3.000000e-002 3.799878e-001
         vertex -1.046347e-003 2.000000e-002 3.899634e-001
         vertex -1.039558e-003 3.000000e-002 3.798907e-001
      endloop
   endfacet
   facet normal 1.145762e-001 -7.078726e-001 -6.969854e-001
      outer loop
         vertex -1.039558e-003 3.000000e-002 3.798907e-001
         vertex -1.046347e-003 2.000000e-002 3.899634e-001
         vertex -3.118675e-003 2.000000e-002 3.896722e-001
      endloop
   endfacet
   facet normal 1.788189e-001 -7.078726e-001 -6.833302e-001
      outer loop
         vertex -1.039558e-003 3.000000e-002 3.798907e-001
         vertex -3.118675e-003 2.000000e-002 3.896722e-001
         vertex -1.710101e-003 3.000000e-002 3.796985e-001
      endloop
   endfacet
   facet normal 2.104628e-001 -7.078726e-001 -6.742564e-001
      outer loop
         vertex -1.710101e-003 3.000000e-002 3.796985e-001
         vertex -3.118675e-003 2.000000e-002 3.896722e-001
         vertex -5.130302e-003 2.000000e-002 3.890954e-001
      endloop
   endfacet
   facet normal 2.721798e-001 -7.078726e-001 -6.517932e-001
      outer loop
         vertex -1.710101e-003 3.000000e-002 3.796985e-001
         vertex -5.130302e-003 2.000000e-002 3.890954e-001
         vertex -2.347358e-003 3.000000e-002 3.794147e-001
      endloop
   endfacet
   facet normal 3.022529e-001 -7.078726e-001 -6.384038e-001
      outer loop
         vertex -2.347358e-003 3.000000e-002 3.794147e-001
         vertex -5.130302e-003 2.000000e-002 3.890954e-001
         vertex -7.042074e-003 2.000000e-002 3.882442e-001
      endloop
   endfacet
   facet normal 3.602431e-001 -7.078726e-001 -6.075700e-001
      outer loop
         vertex -2.347358e-003 3.000000e-002 3.794147e-001
         vertex -7.042074e-003 2.000000e-002 3.882442e-001
         vertex -2.938926e-003 3.000000e-002 3.790451e-001
      endloop
   endfacet
   facet normal 3.881601e-001 -7.078726e-001 -5.901255e-001
      outer loop
         vertex -2.938926e-003 3.000000e-002 3.790451e-001
         vertex -7.042074e-003 2.000000e-002 3.882442e-001
         vertex -8.816779e-003 2.000000e-002 3.871353e-001
      endloop
   endfacet
   facet normal 4.412946e-001 -7.078726e-001 -5.515210e-001
      outer loop
         vertex -2.938926e-003 3.000000e-002 3.790451e-001
         vertex -8.816779e-003 2.000000e-002 3.871353e-001
         vertex -3.473292e-003 3.000000e-002 3.785967e-001
      endloop
   endfacet
   facet normal 4.665121e-001 -7.078726e-001 -5.303610e-001
      outer loop
         vertex -3.473292e-003 3.000000e-002 3.785967e-001
         vertex -8.816779e-003 2.000000e-002 3.871353e-001
         vertex -1.041988e-002 2.000000e-002 3.857901e-001
      endloop
   endfacet
   facet normal 5.137569e-001 -7.078726e-001 -4.847373e-001
      outer loop
         vertex -3.473292e-003 3.000000e-002 3.785967e-001
         vertex -1.041988e-002 2.000000e-002 3.857901e-001
         vertex -3.940054e-003 3.000000e-002 3.780783e-001
      endloop
   endfacet
   facet normal 5.357841e-001 -7.078726e-001 -4.602736e-001
      outer loop
         vertex -3.940054e-003 3.000000e-002 3.780783e-001
         vertex -1.041988e-002 2.000000e-002 3.857901e-001
         vertex -1.182016e-002 2.000000e-002 3.842349e-001
      endloop
   endfacet
   facet normal 5.762194e-001 -7.078726e-001 -4.085187e-001
      outer loop
         vertex -3.940054e-003 3.000000e-002 3.780783e-001
         vertex -1.182016e-002 2.000000e-002 3.842349e-001
         vertex -4.330127e-003 3.000000e-002 3.775000e-001
      endloop
   endfacet
   facet normal 5.946276e-001 -7.078726e-001 -3.812275e-001
      outer loop
         vertex -4.330127e-003 3.000000e-002 3.775000e-001
         vertex -1.182016e-002 2.000000e-002 3.842349e-001
         vertex -1.299038e-002 2.000000e-002 3.825000e-001
      endloop
   endfacet
   facet normal 6.274665e-001 -7.078726e-001 -3.243488e-001
      outer loop
         vertex -4.330127e-003 3.000000e-002 3.775000e-001
         vertex -1.299038e-002 2.000000e-002 3.825000e-001
         vertex -4.635919e-003 3.000000e-002 3.768730e-001
      endloop
   endfacet
   facet normal 6.418973e-001 -7.078726e-001 -2.947613e-001
      outer loop
         vertex -4.635919e-003 3.000000e-002 3.768730e-001
         vertex -1.299038e-002 2.000000e-002 3.825000e-001
         vertex -1.390776e-002 2.000000e-002 3.806191e-001
      endloop
   endfacet
   facet normal 6.665007e-001 -7.078726e-001 -2.338658e-001
      outer loop
         vertex -4.635919e-003 3.000000e-002 3.768730e-001
         vertex -1.390776e-002 2.000000e-002 3.806191e-001
         vertex -4.851479e-003 3.000000e-002 3.762096e-001
      endloop
   endfacet
   facet normal 6.766732e-001 -7.078726e-001 -2.025578e-001
      outer loop
         vertex -4.851479e-003 3.000000e-002 3.762096e-001
         vertex -1.390776e-002 2.000000e-002 3.806191e-001
         vertex -1.455444e-002 2.000000e-002 3.786288e-001
      endloop
   endfacet
   facet normal 6.925621e-001 -7.078726e-001 -1.388309e-001
      outer loop
         vertex -4.851479e-003 3.000000e-002 3.762096e-001
         vertex -1.455444e-002 2.000000e-002 3.786288e-001
         vertex -4.972610e-003 3.000000e-002 3.755226e-001
      endloop
   endfacet
   facet normal 6.982785e-001 -7.078726e-001 -1.064119e-001
      outer loop
         vertex -4.972610e-003 3.000000e-002 3.755226e-001
         vertex -1.455444e-002 2.000000e-002 3.786288e-001
         vertex -1.491783e-002 2.000000e-002 3.765679e-001
      endloop
   endfacet
   facet normal 7.051437e-001 -7.078726e-001 -4.109376e-002
      outer loop
         vertex -4.972610e-003 3.000000e-002 3.755226e-001
         vertex -1.491783e-002 2.000000e-002 3.765679e-001
         vertex -4.996954e-003 3.000000e-002 3.748255e-001
      endloop
   endfacet
   facet normal 7.062926e-001 -7.078726e-001 -8.194680e-003
      outer loop
         vertex -4.996954e-003 3.000000e-002 3.748255e-001
         vertex -1.491783e-002 2.000000e-002 3.765679e-001
         vertex -1.499086e-002 2.000000e-002 3.744765e-001
      endloop
   endfacet
   facet normal 7.040004e-001 -7.078726e-001 5.744320e-002
      outer loop
         vertex -4.996954e-003 3.000000e-002 3.748255e-001
         vertex -1.499086e-002 2.000000e-002 3.744765e-001
         vertex -4.924039e-003 3.000000e-002 3.741318e-001
      endloop
   endfacet
   facet normal 7.005594e-001 -7.078726e-001 9.018200e-002
      outer loop
         vertex -4.924039e-003 3.000000e-002 3.741318e-001
         vertex -1.499086e-002 2.000000e-002 3.744765e-001
         vertex -1.477212e-002 2.000000e-002 3.723953e-001
      endloop
   endfacet
   facet normal 6.891546e-001 -7.078726e-001 1.548621e-001
      outer loop
         vertex -4.924039e-003 3.000000e-002 3.741318e-001
         vertex -1.477212e-002 2.000000e-002 3.723953e-001
         vertex -4.755283e-003 3.000000e-002 3.734549e-001
      endloop
   endfacet
   facet normal 6.811907e-001 -7.078726e-001 1.868034e-001
      outer loop
         vertex -4.755283e-003 3.000000e-002 3.734549e-001
         vertex -1.477212e-002 2.000000e-002 3.723953e-001
         vertex -1.426585e-002 2.000000e-002 3.703648e-001
      endloop
   endfacet
   facet normal 6.608952e-001 -7.078726e-001 2.492668e-001
      outer loop
         vertex -4.755283e-003 3.000000e-002 3.734549e-001
         vertex -1.426585e-002 2.000000e-002 3.703648e-001
         vertex -4.493970e-003 3.000000e-002 3.728082e-001
      endloop
   endfacet
   facet normal 6.485634e-001 -7.078726e-001 2.797889e-001
      outer loop
         vertex -4.493970e-003 3.000000e-002 3.728082e-001
         vertex -1.426585e-002 2.000000e-002 3.703648e-001
         vertex -1.348191e-002 2.000000e-002 3.684244e-001
      endloop
   endfacet
   facet normal 6.197721e-001 -7.078726e-001 3.388198e-001
      outer loop
         vertex -4.493970e-003 3.000000e-002 3.728082e-001
         vertex -1.348191e-002 2.000000e-002 3.684244e-001
         vertex -4.145188e-003 3.000000e-002 3.722040e-001
      endloop
   endfacet
   facet normal 6.033126e-001 -7.078726e-001 3.673285e-001
      outer loop
         vertex -4.145188e-003 3.000000e-002 3.722040e-001
         vertex -1.348191e-002 2.000000e-002 3.684244e-001
         vertex -1.243556e-002 2.000000e-002 3.666121e-001
      endloop
   endfacet
   facet normal 5.665860e-001 -7.078726e-001 4.217780e-001
      outer loop
         vertex -4.145188e-003 3.000000e-002 3.722040e-001
         vertex -1.243556e-002 2.000000e-002 3.666121e-001
         vertex -3.715724e-003 3.000000e-002 3.716544e-001
      endloop
   endfacet
   facet normal 5.463189e-001 -7.078726e-001 4.477186e-001
      outer loop
         vertex -3.715724e-003 3.000000e-002 3.716544e-001
         vertex -1.243556e-002 2.000000e-002 3.666121e-001
         vertex -1.114717e-002 2.000000e-002 3.649631e-001
      endloop
   endfacet
   facet normal 5.023719e-001 -7.078726e-001 4.965268e-001
      outer loop
         vertex -3.715724e-003 3.000000e-002 3.716544e-001
         vertex -1.114717e-002 2.000000e-002 3.649631e-001
         vertex -3.213938e-003 3.000000e-002 3.711698e-001
      endloop
   endfacet
   facet normal 4.786918e-001 -7.078726e-001 5.193943e-001
      outer loop
         vertex -3.213938e-003 3.000000e-002 3.711698e-001
         vertex -1.114717e-002 2.000000e-002 3.649631e-001
         vertex -9.641814e-003 2.000000e-002 3.635093e-001
      endloop
   endfacet
   facet normal 4.283797e-001 -7.078726e-001 5.616113e-001
      outer loop
         vertex -3.213938e-003 3.000000e-002 3.711698e-001
         vertex -9.641814e-003 2.000000e-002 3.635093e-001
         vertex -2.649596e-003 3.000000e-002 3.707598e-001
      endloop
   endfacet
   facet normal 4.017475e-001 -7.078726e-001 5.809607e-001
      outer loop
         vertex -2.649596e-003 3.000000e-002 3.707598e-001
         vertex -9.641814e-003 2.000000e-002 3.635093e-001
         vertex -7.948789e-003 2.000000e-002 3.622793e-001
      endloop
   endfacet
   facet normal 3.460495e-001 -7.078726e-001 6.157646e-001
      outer loop
         vertex -2.649596e-003 3.000000e-002 3.707598e-001
         vertex -7.948789e-003 2.000000e-002 3.622793e-001
         vertex -2.033683e-003 3.000000e-002 3.704323e-001
      endloop
   endfacet
   facet normal 3.169836e-001 -7.078726e-001 6.312193e-001
      outer loop
         vertex -2.033683e-003 3.000000e-002 3.704323e-001
         vertex -7.948789e-003 2.000000e-002 3.622793e-001
         vertex -6.101049e-003 2.000000e-002 3.612968e-001
      endloop
   endfacet
   facet normal 2.569839e-001 -7.078726e-001 6.579328e-001
      outer loop
         vertex -2.033683e-003 3.000000e-002 3.704323e-001
         vertex -6.101049e-003 2.000000e-002 3.612968e-001
         vertex -1.378187e-003 3.000000e-002 3.701937e-001
      endloop
   endfacet
   facet normal 2.260500e-001 -7.078726e-001 6.691918e-001
      outer loop
         vertex -1.378187e-003 3.000000e-002 3.701937e-001
         vertex -6.101049e-003 2.000000e-002 3.612968e-001
         vertex -4.134560e-003 2.000000e-002 3.605811e-001
      endloop
   endfacet
   facet normal 1.629164e-001 -7.078726e-001 6.872951e-001
      outer loop
         vertex -1.378187e-003 3.000000e-002 3.701937e-001
         vertex -4.134560e-003 2.000000e-002 3.605811e-001
         vertex -6.958655e-004 3.000000e-002 3.700487e-001
      endloop
   endfacet
   facet normal 1.307166e-001 -7.078726e-001 6.941394e-001
      outer loop
         vertex -6.958655e-004 3.000000e-002 3.700487e-001
         vertex -4.134560e-003 2.000000e-002 3.605811e-001
         vertex -2.087597e-003 2.000000e-002 3.601460e-001
      endloop
   endfacet
   facet normal 6.567788e-002 -7.078726e-001 7.032800e-001
      outer loop
         vertex -6.958655e-004 3.000000e-002 3.700487e-001
         vertex -2.087597e-003 2.000000e-002 3.601460e-001
         vertex 0.000000e+000 3.000000e-002 3.700000e-001
      endloop
   endfacet
   facet normal 3.283894e-002 -7.078726e-001 7.055764e-001
      outer loop
         vertex 0.000000e+000 3.000000e-002 3.700000e-001
         vertex -2.087597e-003 2.000000e-002 3.601460e-001
         vertex 0.000000e+000 2.000000e-002 3.600000e-001
      endloop
   endfacet
   facet normal -3.283894e-002 -7.078726e-001 7.055764e-001
      outer loop
         vertex 0.000000e+000 3.000000e-002 3.700000e-001
         vertex 0.000000e+000 2.000000e-002 3.600000e-001
         vertex 6.958655e-004 3.000000e-002 3.700487e-001
      endloop
   endfacet
   facet normal -6.567788e-002 -7.078726e-001 7.032800e-001
      outer loop
         vertex 6.958655e-004 3.000000e-002 3.700487e-001
         vertex 0.000000e+000 2.000000e-002 3.600000e-001
         vertex 2.087597e-003 2.000000e-002 3.601460e-001
      endloop
   endfacet
   facet normal -4.649169e-002 0.000000e+000 9.989187e-001
      outer loop
         vertex -3.673940e-018 2.000000e-002 3.600000e-001
         vertex -3.673940e-018 -7.979728e-017 3.600000e-001
         vertex 2.087597e-003 2.000000e-002 3.601460e-001
      endloop
   endfacet
   facet normal -9.298339e-002 0.000000e+000 9.956677e-001
      outer loop
         vertex 2.087597e-003 2.000000e-002 3.601460e-001
         vertex -3.673940e-018 -7.979728e-017 3.600000e-001
         vertex 2.087597e-003 -7.979728e-017 3.601460e-001
      endloop
   endfacet
   facet normal -1.850619e-001 0.000000e+000 9.827269e-001
      outer loop
         vertex 2.087597e-003 2.000000e-002 3.601460e-001
         vertex 2.087597e-003 -7.979728e-017 3.601460e-001
         vertex 4.134560e-003 2.000000e-002 3.605811e-001
      endloop
   endfacet
   facet normal -2.306486e-001 0.000000e+000 9.730371e-001
      outer loop
         vertex 4.134560e-003 2.000000e-002 3.605811e-001
         vertex 2.087597e-003 -7.979728e-017 3.601460e-001
         vertex 4.134560e-003 -7.979728e-017 3.605811e-001
      endloop
   endfacet
   facet normal -3.200300e-001 0.000000e+000 9.474074e-001
      outer loop
         vertex 4.134560e-003 2.000000e-002 3.605811e-001
         vertex 4.134560e-003 -7.979728e-017 3.605811e-001
         vertex 6.101049e-003 2.000000e-002 3.612968e-001
      endloop
   endfacet
   facet normal -3.638246e-001 0.000000e+000 9.314675e-001
      outer loop
         vertex 6.101049e-003 2.000000e-002 3.612968e-001
         vertex 4.134560e-003 -7.979728e-017 3.605811e-001
         vertex 6.101049e-003 -7.979728e-017 3.612968e-001
      endloop
   endfacet
   facet normal -4.487691e-001 0.000000e+000 8.936477e-001
      outer loop
         vertex 6.101049e-003 2.000000e-002 3.612968e-001
         vertex 6.101049e-003 -7.979728e-017 3.612968e-001
         vertex 7.948789e-003 2.000000e-002 3.622793e-001
      endloop
   endfacet
   facet normal -4.899191e-001 0.000000e+000 8.717679e-001
      outer loop
         vertex 7.948789e-003 2.000000e-002 3.622793e-001
         vertex 6.101049e-003 -7.979728e-017 3.612968e-001
         vertex 7.948789e-003 -7.979728e-017 3.622793e-001
      endloop
   endfacet
   facet normal -5.687734e-001 0.000000e+000 8.224942e-001
      outer loop
         vertex 7.948789e-003 2.000000e-002 3.622793e-001
         vertex 7.948789e-003 -7.979728e-017 3.622793e-001
         vertex 9.641814e-003 2.000000e-002 3.635093e-001
      endloop
   endfacet
   facet normal -6.064778e-001 0.000000e+000 7.951004e-001
      outer loop
         vertex 9.641814e-003 2.000000e-002 3.635093e-001
         vertex 7.948789e-003 -7.979728e-017 3.622793e-001
         vertex 9.641814e-003 -7.979728e-017 3.635093e-001
      endloop
   endfacet
   facet normal -6.777073e-001 0.000000e+000 7.353318e-001
      outer loop
         vertex 9.641814e-003 2.000000e-002 3.635093e-001
         vertex 9.641814e-003 -7.979728e-017 3.635093e-001
         vertex 1.114717e-002 2.000000e-002 3.649631e-001
      endloop
   endfacet
   facet normal -7.112322e-001 0.000000e+000 7.029572e-001
      outer loop
         vertex 1.114717e-002 2.000000e-002 3.649631e-001
         vertex 9.641814e-003 -7.979728e-017 3.635093e-001
         vertex 1.114717e-002 -7.979728e-017 3.649631e-001
      endloop
   endfacet
   facet normal -7.734503e-001 0.000000e+000 6.338571e-001
      outer loop
         vertex 1.114717e-002 2.000000e-002 3.649631e-001
         vertex 1.114717e-002 -7.979728e-017 3.649631e-001
         vertex 1.243556e-002 2.000000e-002 3.666121e-001
      endloop
   endfacet
   facet normal -8.021433e-001 0.000000e+000 5.971316e-001
      outer loop
         vertex 1.243556e-002 2.000000e-002 3.666121e-001
         vertex 1.114717e-002 -7.979728e-017 3.649631e-001
         vertex 1.243556e-002 -7.979728e-017 3.666121e-001
      endloop
   endfacet
   facet normal -8.541389e-001 0.000000e+000 5.200449e-001
      outer loop
         vertex 1.243556e-002 2.000000e-002 3.666121e-001
         vertex 1.243556e-002 -7.979728e-017 3.666121e-001
         vertex 1.348191e-002 2.000000e-002 3.684244e-001
      endloop
   endfacet
   facet normal -8.774415e-001 0.000000e+000 4.796836e-001
      outer loop
         vertex 1.348191e-002 2.000000e-002 3.684244e-001
         vertex 1.243556e-002 -7.979728e-017 3.666121e-001
         vertex 1.348191e-002 -7.979728e-017 3.684244e-001
      endloop
   endfacet
   facet normal -9.182028e-001 0.000000e+000 3.961107e-001
      outer loop
         vertex 1.348191e-002 2.000000e-002 3.684244e-001
         vertex 1.348191e-002 -7.979728e-017 3.684244e-001
         vertex 1.426585e-002 2.000000e-002 3.703648e-001
      endloop
   endfacet
   facet normal -9.356614e-001 0.000000e+000 3.528990e-001
      outer loop
         vertex 1.426585e-002 2.000000e-002 3.703648e-001
         vertex 1.348191e-002 -7.979728e-017 3.684244e-001
         vertex 1.426585e-002 -7.979728e-017 3.703648e-001
      endloop
   endfacet
   facet normal -9.643949e-001 0.000000e+000 2.644666e-001
      outer loop
         vertex 1.426585e-002 2.000000e-002 3.703648e-001
         vertex 1.426585e-002 -7.979728e-017 3.703648e-001
         vertex 1.477212e-002 2.000000e-002 3.723953e-001
      endloop
   endfacet
   facet normal -9.756696e-001 0.000000e+000 2.192458e-001
      outer loop
         vertex 1.477212e-002 2.000000e-002 3.723953e-001
         vertex 1.426585e-002 -7.979728e-017 3.703648e-001
         vertex 1.477212e-002 -7.979728e-017 3.723953e-001
      endloop
   endfacet
   facet normal -9.918160e-001 0.000000e+000 1.276750e-001
      outer loop
         vertex 1.477212e-002 2.000000e-002 3.723953e-001
         vertex 1.477212e-002 -7.979728e-017 3.723953e-001
         vertex 1.499086e-002 2.000000e-002 3.744765e-001
      endloop
   endfacet
   facet normal -9.966877e-001 0.000000e+000 8.132514e-002
      outer loop
         vertex 1.499086e-002 2.000000e-002 3.744765e-001
         vertex 1.477212e-002 -7.979728e-017 3.723953e-001
         vertex 1.499086e-002 -7.979728e-017 3.744765e-001
      endloop
   endfacet
   facet normal -9.999327e-001 0.000000e+000 -1.160161e-002
      outer loop
         vertex 1.499086e-002 2.000000e-002 3.744765e-001
         vertex 1.499086e-002 -7.979728e-017 3.744765e-001
         vertex 1.491783e-002 2.000000e-002 3.765679e-001
      endloop
   endfacet
   facet normal -9.983062e-001 0.000000e+000 -5.817844e-002
      outer loop
         vertex 1.491783e-002 2.000000e-002 3.765679e-001
         vertex 1.499086e-002 -7.979728e-017 3.744765e-001
         vertex 1.491783e-002 -7.979728e-017 3.765679e-001
      endloop
   endfacet
   facet normal -9.885868e-001 0.000000e+000 -1.506524e-001
      outer loop
         vertex 1.491783e-002 2.000000e-002 3.765679e-001
         vertex 1.491783e-002 -7.979728e-017 3.765679e-001
         vertex 1.455444e-002 2.000000e-002 3.786288e-001
      endloop
   endfacet
   facet normal -9.804938e-001 0.000000e+000 -1.965496e-001
      outer loop
         vertex 1.455444e-002 2.000000e-002 3.786288e-001
         vertex 1.491783e-002 -7.979728e-017 3.765679e-001
         vertex 1.455444e-002 -7.979728e-017 3.786288e-001
      endloop
   endfacet
   facet normal -9.579992e-001 0.000000e+000 -2.867710e-001
      outer loop
         vertex 1.455444e-002 2.000000e-002 3.786288e-001
         vertex 1.455444e-002 -7.979728e-017 3.786288e-001
         vertex 1.390776e-002 2.000000e-002 3.806191e-001
      endloop
   endfacet
   facet normal -9.435973e-001 0.000000e+000 -3.310952e-001
      outer loop
         vertex 1.390776e-002 2.000000e-002 3.806191e-001
         vertex 1.455444e-002 -7.979728e-017 3.786288e-001
         vertex 1.390776e-002 -7.979728e-017 3.806191e-001
      endloop
   endfacet
   facet normal -9.087651e-001 0.000000e+000 -4.173079e-001
      outer loop
         vertex 1.390776e-002 2.000000e-002 3.806191e-001
         vertex 1.390776e-002 -7.979728e-017 3.806191e-001
         vertex 1.299038e-002 2.000000e-002 3.825000e-001
      endloop
   endfacet
   facet normal -8.883348e-001 0.000000e+000 -4.591964e-001
      outer loop
         vertex 1.299038e-002 2.000000e-002 3.825000e-001
         vertex 1.390776e-002 -7.979728e-017 3.806191e-001
         vertex 1.299038e-002 -7.979728e-017 3.825000e-001
      endloop
   endfacet
   facet normal -8.418431e-001 0.000000e+000 -5.397223e-001
      outer loop
         vertex 1.299038e-002 2.000000e-002 3.825000e-001
         vertex 1.299038e-002 -7.979728e-017 3.825000e-001
         vertex 1.182016e-002 2.000000e-002 3.842349e-001
      endloop
   endfacet
   facet normal -8.157818e-001 0.000000e+000 -5.783598e-001
      outer loop
         vertex 1.182016e-002 2.000000e-002 3.842349e-001
         vertex 1.299038e-002 -7.979728e-017 3.825000e-001
         vertex 1.182016e-002 -7.979728e-017 3.842349e-001
      endloop
   endfacet
   facet normal -7.585356e-001 0.000000e+000 -6.516317e-001
      outer loop
         vertex 1.182016e-002 2.000000e-002 3.842349e-001
         vertex 1.182016e-002 -7.979728e-017 3.842349e-001
         vertex 1.041988e-002 2.000000e-002 3.857901e-001
      endloop
   endfacet
   facet normal -7.273506e-001 0.000000e+000 -6.862661e-001
      outer loop
         vertex 1.041988e-002 2.000000e-002 3.857901e-001
         vertex 1.182016e-002 -7.979728e-017 3.842349e-001
         vertex 1.041988e-002 -7.979728e-017 3.857901e-001
      endloop
   endfacet
   facet normal -6.604639e-001 0.000000e+000 -7.508578e-001
      outer loop
         vertex 1.041988e-002 2.000000e-002 3.857901e-001
         vertex 1.041988e-002 -7.979728e-017 3.857901e-001
         vertex 8.816779e-003 2.000000e-002 3.871353e-001
      endloop
   endfacet
   facet normal -6.247622e-001 0.000000e+000 -7.808151e-001
      outer loop
         vertex 8.816779e-003 2.000000e-002 3.871353e-001
         vertex 1.041988e-002 -7.979728e-017 3.857901e-001
         vertex 8.816779e-003 -7.979728e-017 3.871353e-001
      endloop
   endfacet
   facet normal -5.495371e-001 0.000000e+000 -8.354693e-001
      outer loop
         vertex 8.816779e-003 2.000000e-002 3.871353e-001
         vertex 8.816779e-003 -7.979728e-017 3.871353e-001
         vertex 7.042074e-003 2.000000e-002 3.882442e-001
      endloop
   endfacet
   facet normal -5.100136e-001 0.000000e+000 -8.601663e-001
      outer loop
         vertex 7.042074e-003 2.000000e-002 3.882442e-001
         vertex 8.816779e-003 -7.979728e-017 3.871353e-001
         vertex 7.042074e-003 -7.979728e-017 3.882442e-001
      endloop
   endfacet
   facet normal -4.279142e-001 0.000000e+000 -9.038194e-001
      outer loop
         vertex 7.042074e-003 2.000000e-002 3.882442e-001
         vertex 7.042074e-003 -7.979728e-017 3.882442e-001
         vertex 5.130302e-003 2.000000e-002 3.890954e-001
      endloop
   endfacet
   facet normal -3.853382e-001 0.000000e+000 -9.227754e-001
      outer loop
         vertex 5.130302e-003 2.000000e-002 3.890954e-001
         vertex 7.042074e-003 -7.979728e-017 3.882442e-001
         vertex 5.130302e-003 -7.979728e-017 3.890954e-001
      endloop
   endfacet
   facet normal -2.979624e-001 0.000000e+000 -9.545776e-001
      outer loop
         vertex 5.130302e-003 2.000000e-002 3.890954e-001
         vertex 5.130302e-003 -7.979728e-017 3.890954e-001
         vertex 3.118675e-003 2.000000e-002 3.896722e-001
      endloop
   endfacet
   facet normal -2.531626e-001 0.000000e+000 -9.674237e-001
      outer loop
         vertex 3.118675e-003 2.000000e-002 3.896722e-001
         vertex 5.130302e-003 -7.979728e-017 3.890954e-001
         vertex 3.118675e-003 -7.979728e-017 3.896722e-001
      endloop
   endfacet
   facet normal -1.622111e-001 0.000000e+000 -9.867561e-001
      outer loop
         vertex 3.118675e-003 2.000000e-002 3.896722e-001
         vertex 3.118675e-003 -7.979728e-017 3.896722e-001
         vertex 1.046347e-003 2.000000e-002 3.899634e-001
      endloop
   endfacet
   facet normal -1.160595e-001 0.000000e+000 -9.932423e-001
      outer loop
         vertex 1.046347e-003 2.000000e-002 3.899634e-001
         vertex 3.118675e-003 -7.979728e-017 3.896722e-001
         vertex 1.046347e-003 -7.979728e-017 3.899634e-001
      endloop
   endfacet
   facet normal -2.330261e-002 0.000000e+000 -9.997284e-001
      outer loop
         vertex 1.046347e-003 2.000000e-002 3.899634e-001
         vertex 1.046347e-003 -7.979728e-017 3.899634e-001
         vertex -1.046347e-003 2.000000e-002 3.899634e-001
      endloop
   endfacet
   facet normal 2.330261e-002 0.000000e+000 -9.997284e-001
      outer loop
         vertex -1.046347e-003 2.000000e-002 3.899634e-001
         vertex 1.046347e-003 -7.979728e-017 3.899634e-001
         vertex -1.046347e-003 -7.979728e-017 3.899634e-001
      endloop
   endfacet
   facet normal 1.160595e-001 0.000000e+000 -9.932423e-001
      outer loop
         vertex -1.046347e-003 2.000000e-002 3.899634e-001
         vertex -1.046347e-003 -7.979728e-017 3.899634e-001
         vertex -3.118675e-003 2.000000e-002 3.896722e-001
      endloop
   endfacet
   facet normal 1.622111e-001 0.000000e+000 -9.867561e-001
      outer loop
         vertex -3.118675e-003 2.000000e-002 3.896722e-001
         vertex -1.046347e-003 -7.979728e-017 3.899634e-001
         vertex -3.118675e-003 -7.979728e-017 3.896722e-001
      endloop
   endfacet
   facet normal 2.531626e-001 0.000000e+000 -9.674237e-001
      outer loop
         vertex -3.118675e-003 2.000000e-002 3.896722e-001
         vertex -3.118675e-003 -7.979728e-017 3.896722e-001
         vertex -5.130302e-003 2.000000e-002 3.890954e-001
      endloop
   endfacet
   facet normal 2.979624e-001 0.000000e+000 -9.545776e-001
      outer loop
         vertex -5.130302e-003 2.000000e-002 3.890954e-001
         vertex -3.118675e-003 -7.979728e-017 3.896722e-001
         vertex -5.130302e-003 -7.979728e-017 3.890954e-001
      endloop
   endfacet
   facet normal 3.853382e-001 0.000000e+000 -9.227754e-001
      outer loop
         vertex -5.130302e-003 2.000000e-002 3.890954e-001
         vertex -5.130302e-003 -7.979728e-017 3.890954e-001
         vertex -7.042074e-003 2.000000e-002 3.882442e-001
      endloop
   endfacet
   facet normal 4.279142e-001 0.000000e+000 -9.038194e-001
      outer loop
         vertex -7.042074e-003 2.000000e-002 3.882442e-001
         vertex -5.130302e-003 -7.979728e-017 3.890954e-001
         vertex -7.042074e-003 -7.979728e-017 3.882442e-001
      endloop
   endfacet
   facet normal 5.100136e-001 0.000000e+000 -8.601663e-001
      outer loop
         vertex -7.042074e-003 2.000000e-002 3.882442e-001
         vertex -7.042074e-003 -7.979728e-017 3.882442e-001
         vertex -8.816779e-003 2.000000e-002 3.871353e-001
      endloop
   endfacet
   facet normal 5.495371e-001 0.000000e+000 -8.354693e-001
      outer loop
         vertex -8.816779e-003 2.000000e-002 3.871353e-001
         vertex -7.042074e-003 -7.979728e-017 3.882442e-001
         vertex -8.816779e-003 -7.979728e-017 3.871353e-001
      endloop
   endfacet
   facet normal 6.247622e-001 0.000000e+000 -7.808151e-001
      outer loop
         vertex -8.816779e-003 2.000000e-002 3.871353e-001
         vertex -8.816779e-003 -7.979728e-017 3.871353e-001
         vertex -1.041988e-002 2.000000e-002 3.857901e-001
      endloop
   endfacet
   facet normal 6.604639e-001 0.000000e+000 -7.508578e-001
      outer loop
         vertex -1.041988e-002 2.000000e-002 3.857901e-001
         vertex -8.816779e-003 -7.979728e-017 3.871353e-001
         vertex -1.041988e-002 -7.979728e-017 3.857901e-001
      endloop
   endfacet
   facet normal 7.273506e-001 0.000000e+000 -6.862661e-001
      outer loop
         vertex -1.041988e-002 2.000000e-002 3.857901e-001
         vertex -1.041988e-002 -7.979728e-017 3.857901e-001
         vertex -1.182016e-002 2.000000e-002 3.842349e-001
      endloop
   endfacet
   facet normal 7.585356e-001 0.000000e+000 -6.516317e-001
      outer loop
         vertex -1.182016e-002 2.000000e-002 3.842349e-001
         vertex -1.041988e-002 -7.979728e-017 3.857901e-001
         vertex -1.182016e-002 -7.979728e-017 3.842349e-001
      endloop
   endfacet
   facet normal 8.157818e-001 0.000000e+000 -5.783598e-001
      outer loop
         vertex -1.182016e-002 2.000000e-002 3.842349e-001
         vertex -1.182016e-002 -7.979728e-017 3.842349e-001
         vertex -1.299038e-002 2.000000e-002 3.825000e-001
      endloop
   endfacet
   facet normal 8.418431e-001 0.000000e+000 -5.397223e-001
      outer loop
         vertex -1.299038e-002 2.000000e-002 3.825000e-001
         vertex -1.182016e-002 -7.979728e-017 3.842349e-001
         vertex -1.299038e-002 -7.979728e-017 3.825000e-001
      endloop
   endfacet
   facet normal 8.883348e-001 0.000000e+000 -4.591964e-001
      outer loop
         vertex -1.299038e-002 2.000000e-002 3.825000e-001
         vertex -1.299038e-002 -7.979728e-017 3.825000e-001
         vertex -1.390776e-002 2.000000e-002 3.806191e-001
      endloop
   endfacet
   facet normal 9.087651e-001 0.000000e+000 -4.173079e-001
      outer loop
         vertex -1.390776e-002 2.000000e-002 3.806191e-001
         vertex -1.299038e-002 -7.979728e-017 3.825000e-001
         vertex -1.390776e-002 -7.979728e-017 3.806191e-001
      endloop
   endfacet
   facet normal 9.435973e-001 0.000000e+000 -3.310952e-001
      outer loop
         vertex -1.390776e-002 2.000000e-002 3.806191e-001
         vertex -1.390776e-002 -7.979728e-017 3.806191e-001
         vertex -1.455444e-002 2.000000e-002 3.786288e-001
      endloop
   endfacet
   facet normal 9.579992e-001 0.000000e+000 -2.867710e-001
      outer loop
         vertex -1.455444e-002 2.000000e-002 3.786288e-001
         vertex -1.390776e-002 -7.979728e-017 3.806191e-001
         vertex -1.455444e-002 -7.979728e-017 3.786288e-001
      endloop
   endfacet
   facet normal 9.804938e-001 0.000000e+000 -1.965496e-001
      outer loop
         vertex -1.455444e-002 2.000000e-002 3.786288e-001
         vertex -1.455444e-002 -7.979728e-017 3.786288e-001
         vertex -1.491783e-002 2.000000e-002 3.765679e-001
      endloop
   endfacet
   facet normal 9.885868e-001 0.000000e+000 -1.506524e-001
      outer loop
         vertex -1.491783e-002 2.000000e-002 3.765679e-001
         vertex -1.455444e-002 -7.979728e-017 3.786288e-001
         vertex -1.491783e-002 -7.979728e-017 3.765679e-001
      endloop
   endfacet
   facet normal 9.983062e-001 0.000000e+000 -5.817843e-002
      outer loop
         vertex -1.491783e-002 2.000000e-002 3.765679e-001
         vertex -1.491783e-002 -7.979728e-017 3.765679e-001
         vertex -1.499086e-002 2.000000e-002 3.744765e-001
      endloop
   endfacet
   facet normal 9.999327e-001 0.000000e+000 -1.160161e-002
      outer loop
         vertex -1.499086e-002 2.000000e-002 3.744765e-001
         vertex -1.491783e-002 -7.979728e-017 3.765679e-001
         vertex -1.499086e-002 -7.979728e-017 3.744765e-001
      endloop
   endfacet
   facet normal 9.966877e-001 0.000000e+000 8.132513e-002
      outer loop
         vertex -1.499086e-002 2.000000e-002 3.744765e-001
         vertex -1.499086e-002 -7.979728e-017 3.744765e-001
         vertex -1.477212e-002 2.000000e-002 3.723953e-001
      endloop
   endfacet
   facet normal 9.918160e-001 0.000000e+000 1.276750e-001
      outer loop
         vertex -1.477212e-002 2.000000e-002 3.723953e-001
         vertex -1.499086e-002 -7.979728e-017 3.744765e-001
         vertex -1.477212e-002 -7.979728e-017 3.723953e-001
      endloop
   endfacet
   facet normal 9.756696e-001 0.000000e+000 2.192458e-001
      outer loop
         vertex -1.477212e-002 2.000000e-002 3.723953e-001
         vertex -1.477212e-002 -7.979728e-017 3.723953e-001
         vertex -1.426585e-002 2.000000e-002 3.703648e-001
      endloop
   endfacet
   facet normal 9.643948e-001 0.000000e+000 2.644666e-001
      outer loop
         vertex -1.426585e-002 2.000000e-002 3.703648e-001
         vertex -1.477212e-002 -7.979728e-017 3.723953e-001
         vertex -1.426585e-002 -7.979728e-017 3.703648e-001
      endloop
   endfacet
   facet normal 9.356614e-001 0.000000e+000 3.528991e-001
      outer loop
         vertex -1.426585e-002 2.000000e-002 3.703648e-001
         vertex -1.426585e-002 -7.979728e-017 3.703648e-001
         vertex -1.348191e-002 2.000000e-002 3.684244e-001
      endloop
   endfacet
   facet normal 9.182028e-001 0.000000e+000 3.961106e-001
      outer loop
         vertex -1.348191e-002 2.000000e-002 3.684244e-001
         vertex -1.426585e-002 -7.979728e-017 3.703648e-001
         vertex -1.348191e-002 -7.979728e-017 3.684244e-001
      endloop
   endfacet
   facet normal 8.774415e-001 0.000000e+000 4.796836e-001
      outer loop
         vertex -1.348191e-002 2.000000e-002 3.684244e-001
         vertex -1.348191e-002 -7.979728e-017 3.684244e-001
         vertex -1.243556e-002 2.000000e-002 3.666121e-001
      endloop
   endfacet
   facet normal 8.541389e-001 0.000000e+000 5.200449e-001
      outer loop
         vertex -1.243556e-002 2.000000e-002 3.666121e-001
         vertex -1.348191e-002 -7.979728e-017 3.684244e-001
         vertex -1.243556e-002 -7.979728e-017 3.666121e-001
      endloop
   endfacet
   facet normal 8.021433e-001 0.000000e+000 5.971316e-001
      outer loop
         vertex -1.243556e-002 2.000000e-002 3.666121e-001
         vertex -1.243556e-002 -7.979728e-017 3.666121e-001
         vertex -1.114717e-002 2.000000e-002 3.649631e-001
      endloop
   endfacet
   facet normal 7.734503e-001 0.000000e+000 6.338570e-001
      outer loop
         vertex -1.114717e-002 2.000000e-002 3.649631e-001
         vertex -1.243556e-002 -7.979728e-017 3.666121e-001
         vertex -1.114717e-002 -7.979728e-017 3.649631e-001
      endloop
   endfacet
   facet normal 7.112322e-001 0.000000e+000 7.029572e-001
      outer loop
         vertex -1.114717e-002 2.000000e-002 3.649631e-001
         vertex -1.114717e-002 -7.979728e-017 3.649631e-001
         vertex -9.641814e-003 2.000000e-002 3.635093e-001
      endloop
   endfacet
   facet normal 6.777073e-001 0.000000e+000 7.353318e-001
      outer loop
         vertex -9.641814e-003 2.000000e-002 3.635093e-001
         vertex -1.114717e-002 -7.979728e-017 3.649631e-001
         vertex -9.641814e-003 -7.979728e-017 3.635093e-001
      endloop
   endfacet
   facet normal 6.064778e-001 0.000000e+000 7.951004e-001
      outer loop
         vertex -9.641814e-003 2.000000e-002 3.635093e-001
         vertex -9.641814e-003 -7.979728e-017 3.635093e-001
         vertex -7.948789e-003 2.000000e-002 3.622793e-001
      endloop
   endfacet
   facet normal 5.687734e-001 0.000000e+000 8.224942e-001
      outer loop
         vertex -7.948789e-003 2.000000e-002 3.622793e-001
         vertex -9.641814e-003 -7.979728e-017 3.635093e-001
         vertex -7.948789e-003 -7.979728e-017 3.622793e-001
      endloop
   endfacet
   facet normal 4.899191e-001 0.000000e+000 8.717679e-001
      outer loop
         vertex -7.948789e-003 2.000000e-002 3.622793e-001
         vertex -7.948789e-003 -7.979728e-017 3.622793e-001
         vertex -6.101049e-003 2.000000e-002 3.612968e-001
      endloop
   endfacet
   facet normal 4.487691e-001 0.000000e+000 8.936477e-001
      outer loop
         vertex -6.101049e-003 2.000000e-002 3.612968e-001
         vertex -7.948789e-003 -7.979728e-017 3.622793e-001
         vertex -6.101049e-003 -7.979728e-017 3.612968e-001
      endloop
   endfacet
   facet normal 3.638246e-001 0.000000e+000 9.314675e-001
      outer loop
         vertex -6.101049e-003 2.000000e-002 3.612968e-001
         vertex -6.101049e-003 -7.979728e-017 3.612968e-001
         vertex -4.134560e-003 2.000000e-002 3.605811e-001
      endloop
   endfacet
   facet normal 3.200300e-001 0.000000e+000 9.474074e-001
      outer loop
         vertex -4.134560e-003 2.000000e-002 3.605811e-001
         vertex -6.101049e-003 -7.979728e-017 3.612968e-001
         vertex -4.134560e-003 -7.979728e-017 3.605811e-001
      endloop
   endfacet
   facet normal 2.306486e-001 0.000000e+000 9.730371e-001
      outer loop
         vertex -4.134560e-003 2.000000e-002 3.605811e-001
         vertex -4.134560e-003 -7.979728e-017 3.605811e-001
         vertex -2.087597e-003 2.000000e-002 3.601460e-001
      endloop
   endfacet
   facet normal 1.850619e-001 0.000000e+000 9.827269e-001
      outer loop
         vertex -2.087597e-003 2.000000e-002 3.601460e-001
         vertex -4.134560e-003 -7.979728e-017 3.605811e-001
         vertex -2.087597e-003 -7.979728e-017 3.601460e-001
      endloop
   endfacet
   facet normal 9.298339e-002 0.000000e+000 9.956677e-001
      outer loop
         vertex -2.087597e-003 2.000000e-002 3.601460e-001
         vertex -2.087597e-003 -7.979728e-017 3.601460e-001
         vertex -3.673940e-018 2.000000e-002 3.600000e-001
      endloop
   endfacet
   facet normal 4.649169e-002 0.000000e+000 9.989187e-001
      outer loop
         vertex -3.673940e-018 2.000000e-002 3.600000e-001
         vertex -2.087597e-003 -7.979728e-017 3.601460e-001
         vertex -3.673940e-018 -7.979728e-017 3.600000e-001
      endloop
   endfacet
endsolid casing
solid inlet
   facet normal 0.000000e+000 -1.000000e+000 0.000000e+000
      outer loop
         vertex -1.250000e-001 0.000000e+000 0.000000e+000
         vertex 1.250000e-001 0.000000e+000 0.000000e+000
         vertex 0.000000e+000 0.000000e+000 1.100000e-001
      endloop
   endfacet
   facet normal 0.000000e+000 -1.000000e+000 0.000000e+000
      outer loop
         vertex 0.000000e+000 0.000000e+000 1.100000e-001
         vertex -5.130302e-003 0.000000e+000 1.109046e-001
         vertex -1.250000e-001 0.000000e+000 0.000000e+000
      endloop
   endfacet
   facet normal 0.000000e+000 -1.000000e+000 0.000000e+000
      outer loop
         vertex -1.250000e-001 0.000000e+000 0.000000e+000
         vertex -5.130302e-003 0.000000e+000 1.109046e-001
         vertex -9.641814e-003 0.000000e+000 1.135093e-001
      endloop
   endfacet
   facet normal 0.000000e+000 -1.000000e+000 0.000000e+000
      outer loop
         vertex -1.250000e-001 0.000000e+000 0.000000e+000
         vertex -9.641814e-003 0.000000e+000 1.135093e-001
         vertex -1.299038e-002 0.000000e+000 1.175000e-001
      endloop
   endfacet
   facet normal 0.000000e+000 -1.000000e+000 0.000000e+000
      outer loop
         vertex 9.641814e-003 0.000000e+000 3.864907e-001
         vertex 1.299038e-002 0.000000e+000 3.825000e-001
         vertex 1.250000e-001 0.000000e+000 5.000000e-001
      endloop
   endfacet
   facet normal 0.000000e+000 -1.000000e+000 0.000000e+000
      outer loop
         vertex -1.477212e-002 0.000000e+000 3.776047e-001
         vertex -1.299038e-002 0.000000e+000 3.825000e-001
         vertex -1.250000e-001 0.000000e+000 5.000000e-001
      endloop
   endfacet
   facet normal 0.000000e+000 -1.000000e+000 0.000000e+000
      outer loop
         vertex -1.250000e-001 0.000000e+000 5.000000e-001
         vertex -1.299038e-002 0.000000e+000 3.825000e-001
         vertex -9.641814e-003 0.000000e+000 3.864907e-001
      endloop
   endfacet
   facet normal 0.000000e+000 -1.000000e+000 0.000000e+000
      outer loop
         vertex -9.641814e-003 0.000000e+000 3.864907e-001
         vertex -5.130302e-003 0.000000e+000 3.890954e-001
         vertex -1.250000e-001 0.000000e+000 5.000000e-001
      endloop
   endfacet
   facet normal 0.000000e+000 -1.000000e+000 0.000000e+000
      outer loop
         vertex -1.250000e-001 0.000000e+000 5.000000e-001
         vertex -5.130302e-003 0.000000e+000 3.890954e-001
         vertex 5.828671e-018 0.000000e+000 3.900000e-001
      endloop
   endfacet
   facet normal 0.000000e+000 -1.000000e+000 0.000000e+000
      outer loop
         vertex -1.250000e-001 0.000000e+000 5.000000e-001
         vertex 5.828671e-018 0.000000e+000 3.900000e-001
         vertex 1.250000e-001 0.000000e+000 5.000000e-001
      endloop
   endfacet
   facet normal 0.000000e+000 -1.000000e+000 0.000000e+000
      outer loop
         vertex 1.250000e-001 0.000000e+000 5.000000e-001
         vertex 5.828671e-018 0.000000e+000 3.900000e-001
         vertex 5.130302e-003 0.000000e+000 3.890954e-001
      endloop
   endfacet
   facet normal 0.000000e+000 -1.000000e+000 0.000000e+000
      outer loop
         vertex 1.250000e-001 0.000000e+000 5.000000e-001
         vertex 5.130302e-003 0.000000e+000 3.890954e-001
         vertex 9.641814e-003 0.000000e+000 3.864907e-001
      endloop
   endfacet
   facet normal 0.000000e+000 -1.000000e+000 0.000000e+000
      outer loop
         vertex 1.477212e-002 0.000000e+000 1.223953e-001
         vertex 1.299038e-002 0.000000e+000 1.175000e-001
         vertex 1.250000e-001 0.000000e+000 0.000000e+000
      endloop
   endfacet
   facet normal 0.000000e+000 -1.000000e+000 0.000000e+000
      outer loop
         vertex -1.299038e-002 0.000000e+000 1.175000e-001
         vertex -1.477212e-002 0.000000e+000 1.223953e-001
         vertex -1.250000e-001 0.000000e+000 0.000000e+000
      endloop
   endfacet
   facet normal 0.000000e+000 -1.000000e+000 0.000000e+000
      outer loop
         vertex -1.250000e-001 0.000000e+000 0.000000e+000
         vertex -1.477212e-002 0.000000e+000 1.223953e-001
         vertex -1.477212e-002 0.000000e+000 1.276047e-001
      endloop
   endfacet
   facet normal 0.000000e+000 -1.000000e+000 0.000000e+000
      outer loop
         vertex -1.250000e-001 0.000000e+000 0.000000e+000
         vertex -1.477212e-002 0.000000e+000 1.276047e-001
         vertex -5.130302e-003 0.000000e+000 3.609046e-001
      endloop
   endfacet
   facet normal 0.000000e+000 -1.000000e+000 0.000000e+000
      outer loop
         vertex -5.130302e-003 0.000000e+000 3.609046e-001
         vertex -1.477212e-002 0.000000e+000 1.276047e-001
         vertex -1.299038e-002 0.000000e+000 1.325000e-001
      endloop
   endfacet
   facet normal 0.000000e+000 -1.000000e+000 0.000000e+000
      outer loop
         vertex -1.299038e-002 0.000000e+000 1.325000e-001
         vertex -9.641814e-003 0.000000e+000 1.364907e-001
         vertex -5.130302e-003 0.000000e+000 3.609046e-001
      endloop
   endfacet
   facet normal 0.000000e+000 -1.000000e+000 0.000000e+000
      outer loop
         vertex -5.130302e-003 0.000000e+000 3.609046e-001
         vertex -9.641814e-003 0.000000e+000 1.364907e-001
         vertex -5.130302e-003 0.000000e+000 1.390954e-001
      endloop
   endfacet
   facet normal 0.000000e+000 -1.000000e+000 0.000000e+000
      outer loop
         vertex -5.130302e-003 0.000000e+000 3.609046e-001
         vertex -5.130302e-003 0.000000e+000 1.390954e-001
         vertex 0.000000e+000 0.000000e+000 3.600000e-001
      endloop
   endfacet
   facet normal 0.000000e+000 -1.000000e+000 0.000000e+000
      outer loop
         vertex 0.000000e+000 0.000000e+000 3.600000e-001
         vertex -5.130302e-003 0.000000e+000 1.390954e-001
         vertex 5.828671e-018 0.000000e+000 1.400000e-001
      endloop
   endfacet
   facet normal 0.000000e+000 -1.000000e+000 0.000000e+000
      outer loop
         vertex 0.000000e+000 0.000000e+000 3.600000e-001
         vertex 5.828671e-018 0.000000e+000 1.400000e-001
         vertex 5.130302e-003 0.000000e+000 3.609046e-001
      endloop
   endfacet
   facet normal 0.000000e+000 -1.000000e+000 0.000000e+000
      outer loop
         vertex 5.130302e-003 0.000000e+000 3.609046e-001
         vertex 5.828671e-018 0.000000e+000 1.400000e-001
         vertex 5.130302e-003 0.000000e+000 1.390954e-001
      endloop
   endfacet
   facet normal 0.000000e+000 -1.000000e+000 0.000000e+000
      outer loop
         vertex 5.130302e-003 0.000000e+000 3.609046e-001
         vertex 5.130302e-003 0.000000e+000 1.390954e-001
         vertex 9.641814e-003 0.000000e+000 3.635093e-001
      endloop
   endfacet
   facet normal 0.000000e+000 -1.000000e+000 0.000000e+000
      outer loop
         vertex -5.130302e-003 0.000000e+000 3.609046e-001
         vertex -9.641814e-003 0.000000e+000 3.635093e-001
         vertex -1.250000e-001 0.000000e+000 0.000000e+000
      endloop
   endfacet
   facet normal 0.000000e+000 -1.000000e+000 0.000000e+000
      outer loop
         vertex -1.250000e-001 0.000000e+000 0.000000e+000
         vertex -9.641814e-003 0.000000e+000 3.635093e-001
         vertex -1.299038e-002 0.000000e+000 3.675000e-001
      endloop
   endfacet
   facet normal 0.000000e+000 -1.000000e+000 0.000000e+000
      outer loop
         vertex -1.250000e-001 0.000000e+000 0.000000e+000
         vertex -1.299038e-002 0.000000e+000 3.675000e-001
         vertex -1.250000e-001 0.000000e+000 5.000000e-001
      endloop
   endfacet
   facet normal 0.000000e+000 -1.000000e+000 0.000000e+000
      outer loop
         vertex -1.250000e-001 0.000000e+000 5.000000e-001
         vertex -1.299038e-002 0.000000e+000 3.675000e-001
         vertex -1.477212e-002 0.000000e+000 3.723953e-001
      endloop
   endfacet
   facet normal 0.000000e+000 -1.000000e+000 0.000000e+000
      outer loop
         vertex -1.250000e-001 0.000000e+000 5.000000e-001
         vertex -1.477212e-002 0.000000e+000 3.723953e-001
         vertex -1.477212e-002 0.000000e+000 3.776047e-001
      endloop
   endfacet
   facet normal 0.000000e+000 -1.000000e+000 0.000000e+000
      outer loop
         vertex 1.299038e-002 0.000000e+000 1.175000e-001
         vertex 9.641814e-003 0.000000e+000 1.135093e-001
         vertex 1.250000e-001 0.000000e+000 0.000000e+000
      endloop
   endfacet
   facet normal 0.000000e+000 -1.000000e+000 0.000000e+000
      outer loop
         vertex 1.250000e-001 0.000000e+000 0.000000e+000
         vertex 9.641814e-003 0.000000e+000 1.135093e-001
         vertex 5.130302e-003 0.000000e+000 1.109046e-001
      endloop
   endfacet
   facet normal 0.000000e+000 -1.000000e+000 0.000000e+000
      outer loop
         vertex 1.250000e-001 0.000000e+000 0.000000e+000
         vertex 5.130302e-003 0.000000e+000 1.109046e-001
         vertex 0.000000e+000 0.000000e+000 1.100000e-001
      endloop
   endfacet
   facet normal 0.000000e+000 -1.000000e+000 0.000000e+000
      outer loop
         vertex 5.130302e-003 0.000000e+000 1.390954e-001
         vertex 9.641814e-003 0.000000e+000 1.364907e-001
         vertex 1.250000e-001 0.000000e+000 5.000000e-001
      endloop
   endfacet
   facet normal 0.000000e+000 -1.000000e+000 0.000000e+000
      outer loop
         vertex 1.250000e-001 0.000000e+000 5.000000e-001
         vertex 9.641814e-003 0.000000e+000 1.364907e-001
         vertex 1.299038e-002 0.000000e+000 1.325000e-001
      endloop
   endfacet
   facet normal 0.000000e+000 -1.000000e+000 0.000000e+000
      outer loop
         vertex 1.250000e-001 0.000000e+000 5.000000e-001
         vertex 1.299038e-002 0.000000e+000 1.325000e-001
         vertex 1.250000e-001 0.000000e+000 0.000000e+000
      endloop
   endfacet
   facet normal 0.000000e+000 -1.000000e+000 0.000000e+000
      outer loop
         vertex 1.250000e-001 0.000000e+000 0.000000e+000
         vertex 1.299038e-002 0.000000e+000 1.325000e-001
         vertex 1.477212e-002 0.000000e+000 1.276047e-001
      endloop
   endfacet
   facet normal 0.000000e+000 -1.000000e+000 0.000000e+000
      outer loop
         vertex 1.250000e-001 0.000000e+000 0.000000e+000
         vertex 1.477212e-002 0.000000e+000 1.276047e-001
         vertex 1.477212e-002 0.000000e+000 1.223953e-001
      endloop
   endfacet
   facet normal 0.000000e+000 -1.000000e+000 0.000000e+000
      outer loop
         vertex 1.299038e-002 0.000000e+000 3.825000e-001
         vertex 1.477212e-002 0.000000e+000 3.776047e-001
         vertex 1.250000e-001 0.000000e+000 5.000000e-001
      endloop
   endfacet
   facet normal 0.000000e+000 -1.000000e+000 0.000000e+000
      outer loop
         vertex 1.250000e-001 0.000000e+000 5.000000e-001
         vertex 1.477212e-002 0.000000e+000 3.776047e-001
         vertex 1.477212e-002 0.000000e+000 3.723953e-001
      endloop
   endfacet
   facet normal 0.000000e+000 -1.000000e+000 0.000000e+000
      outer loop
         vertex 1.250000e-001 0.000000e+000 5.000000e-001
         vertex 1.477212e-002 0.000000e+000 3.723953e-001
         vertex 5.130302e-003 0.000000e+000 1.390954e-001
      endloop
   endfacet
   facet normal 0.000000e+000 -1.000000e+000 0.000000e+000
      outer loop
         vertex 5.130302e-003 0.000000e+000 1.390954e-001
         vertex 1.477212e-002 0.000000e+000 3.723953e-001
         vertex 1.299038e-002 0.000000e+000 3.675000e-001
      endloop
   endfacet
   facet normal 0.000000e+000 -1.000000e+000 0.000000e+000
      outer loop
         vertex 5.130302e-003 0.000000e+000 1.390954e-001
         vertex 1.299038e-002 0.000000e+000 3.675000e-001
         vertex 9.641814e-003 0.000000e+000 3.635093e-001
      endloop
   endfacet
endsolid inlet
solid nozzle
   facet normal 0.000000e+000 -1.000000e+000 0.000000e+000
      outer loop
         vertex 0.000000e+000 3.000000e-002 1.200000e-001
         vertex 6.266662e-004 3.000000e-002 1.200394e-001
         vertex 0.000000e+000 3.000000e-002 1.250000e-001
      endloop
   endfacet
   facet normal 0.000000e+000 -1.000000e+000 0.000000e+000
      outer loop
         vertex 0.000000e+000 3.000000e-002 1.200000e-001
         vertex 0.000000e+000 3.000000e-002 1.250000e-001
         vertex -6.266662e-004 3.000000e-002 1.200394e-001
      endloop
   endfacet
   facet normal 0.000000e+000 -1.000000e+000 0.000000e+000
      outer loop
         vertex -2.408768e-003 3.000000e-002 1.206185e-001
         vertex -1.840623e-003 3.000000e-002 1.203511e-001
         vertex 0.000000e+000 3.000000e-002 1.250000e-001
      endloop
   endfacet
   facet normal 0.000000e+000 -1.000000e+000 0.000000e+000
      outer loop
         vertex 0.000000e+000 3.000000e-002 1.250000e-001
         vertex -1.840623e-003 3.000000e-002 1.203511e-001
         vertex -1.243449e-003 3.000000e-002 1.201571e-001
      endloop
   endfacet
   facet normal 0.000000e+000 -1.000000e+000 0.000000e+000
      outer loop
         vertex 0.000000e+000 3.000000e-002 1.250000e-001
         vertex -1.243449e-003 3.000000e-002 1.201571e-001
         vertex -6.266662e-004 3.000000e-002 1.200394e-001
      endloop
   endfacet
   facet normal 0.000000e+000 -1.000000e+000 0.000000e+000
      outer loop
         vertex -3.852566e-003 3.000000e-002 1.218129e-001
         vertex -3.422735e-003 3.000000e-002 1.213552e-001
         vertex 0.000000e+000 3.000000e-002 1.250000e-001
      endloop
   endfacet
   facet normal 0.000000e+000 -1.000000e+000 0.000000e+000
      outer loop
         vertex 0.000000e+000 3.000000e-002 1.250000e-001
         vertex -3.422735e-003 3.000000e-002 1.213552e-001
         vertex -2.938926e-003 3.000000e-002 1.209549e-001
      endloop
   endfacet
   facet normal 0.000000e+000 -1.000000e+000 0.000000e+000
      outer loop
         vertex 0.000000e+000 3.000000e-002 1.250000e-001
         vertex -2.938926e-003 3.000000e-002 1.209549e-001
         vertex -2.408768e-003 3.000000e-002 1.206185e-001
      endloop
   endfacet
   facet normal 0.000000e+000 -1.000000e+000 0.000000e+000
      outer loop
         vertex -4.755283e-003 3.000000e-002 1.234549e-001
         vertex -4.524135e-003 3.000000e-002 1.228711e-001
         vertex 0.000000e+000 3.000000e-002 1.250000e-001
      endloop
   endfacet
   facet normal 0.000000e+000 -1.000000e+000 0.000000e+000
      outer loop
         vertex 0.000000e+000 3.000000e-002 1.250000e-001
         vertex -4.524135e-003 3.000000e-002 1.228711e-001
         vertex -4.221640e-003 3.000000e-002 1.223209e-001
      endloop
   endfacet
   facet normal 0.000000e+000 -1.000000e+000 0.000000e+000
      outer loop
         vertex 0.000000e+000 3.000000e-002 1.250000e-001
         vertex -4.221640e-003 3.000000e-002 1.223209e-001
         vertex -3.852566e-003 3.000000e-002 1.218129e-001
      endloop
   endfacet
   facet normal 0.000000e+000 -1.000000e+000 0.000000e+000
      outer loop
         vertex -4.990133e-003 3.000000e-002 1.253140e-001
         vertex -4.990133e-003 3.000000e-002 1.246860e-001
         vertex 0.000000e+000 3.000000e-002 1.250000e-001
      endloop
   endfacet
   facet normal 0.000000e+000 -1.000000e+000 0.000000e+000
      outer loop
         vertex 0.000000e+000 3.000000e-002 1.250000e-001
         vertex -4.990133e-003 3.000000e-002 1.246860e-001
         vertex -4.911436e-003 3.000000e-002 1.240631e-001
      endloop
   endfacet
   facet normal 0.000000e+000 -1.000000e+000 0.000000e+000
      outer loop
         vertex 0.000000e+000 3.000000e-002 1.250000e-001
         vertex -4.911436e-003 3.000000e-002 1.240631e-001
         vertex -4.755283e-003 3.000000e-002 1.234549e-001
      endloop
   endfacet
   facet normal 0.000000e+000 -1.000000e+000 0.000000e+000
      outer loop
         vertex -4.524135e-003 3.000000e-002 1.271289e-001
         vertex -4.755283e-003 3.000000e-002 1.265451e-001
         vertex 0.000000e+000 3.000000e-002 1.250000e-001
      endloop
   endfacet
   facet normal 0.000000e+000 -1.000000e+000 0.000000e+000
      outer loop
         vertex 0.000000e+000 3.000000e-002 1.250000e-001
         vertex -4.755283e-003 3.000000e-002 1.265451e-001
         vertex -4.911436e-003 3.000000e-002 1.259369e-001
      endloop
   endfacet
   facet normal 0.000000e+000 -1.000000e+000 0.000000e+000
      outer loop
         vertex 0.000000e+000 3.000000e-002 1.250000e-001
         vertex -4.911436e-003 3.000000e-002 1.259369e-001
         vertex -4.990133e-003 3.000000e-002 1.253140e-001
      endloop
   endfacet
   facet normal 0.000000e+000 -1.000000e+000 0.000000e+000
      outer loop
         vertex -3.422735e-003 3.000000e-002 1.286448e-001
         vertex -3.852566e-003 3.000000e-002 1.281871e-001
         vertex 0.000000e+000 3.000000e-002 1.250000e-001
      endloop
   endfacet
   facet normal 0.000000e+000 -1.000000e+000 0.000000e+000
      outer loop
         vertex 0.000000e+000 3.000000e-002 1.250000e-001
         vertex -3.852566e-003 3.000000e-002 1.281871e-001
         vertex -4.221640e-003 3.000000e-002 1.276791e-001
      endloop
   endfacet
   facet normal 0.000000e+000 -1.000000e+000 0.000000e+000
      outer loop
         vertex 0.000000e+000 3.000000e-002 1.250000e-001
         vertex -4.221640e-003 3.000000e-002 1.276791e-001
         vertex -4.524135e-003 3.000000e-002 1.271289e-001
      endloop
   endfacet
   facet normal 0.000000e+000 -1.000000e+000 0.000000e+000
      outer loop
         vertex -1.840623e-003 3.000000e-002 1.296489e-001
         vertex -2.408768e-003 3.000000e-002 1.293815e-001
         vertex 0.000000e+000 3.000000e-002 1.250000e-001
      endloop
   endfacet
   facet normal 0.000000e+000 -1.000000e+000 0.000000e+000
      outer loop
         vertex 0.000000e+000 3.000000e-002 1.250000e-001
         vertex -2.408768e-003 3.000000e-002 1.293815e-001
         vertex -2.938926e-003 3.000000e-002 1.290451e-001
      endloop
   endfacet
   facet normal 0.000000e+000 -1.000000e+000 0.000000e+000
      outer loop
         vertex 0.000000e+000 3.000000e-002 1.250000e-001
         vertex -2.938926e-003 3.000000e-002 1.290451e-001
         vertex -3.422735e-003 3.000000e-002 1.286448e-001
      endloop
   endfacet
   facet normal 0.000000e+000 -1.000000e+000 0.000000e+000
      outer loop
         vertex -1.526557e-018 3.000000e-002 1.300000e-001
         vertex -6.266662e-004 3.000000e-002 1.299606e-001
         vertex 0.000000e+000 3.000000e-002 1.250000e-001
      endloop
   endfacet
   facet normal 0.000000e+000 -1.000000e+000 0.000000e+000
      outer loop
         vertex 0.000000e+000 3.000000e-002 1.250000e-001
         vertex -6.266662e-004 3.000000e-002 1.299606e-001
         vertex -1.243449e-003 3.000000e-002 1.298429e-001
      endloop
   endfacet
   facet normal 0.000000e+000 -1.000000e+000 0.000000e+000
      outer loop
         vertex 0.000000e+000 3.000000e-002 1.250000e-001
         vertex -1.243449e-003 3.000000e-002 1.298429e-001
         vertex -1.840623e-003 3.000000e-002 1.296489e-001
      endloop
   endfacet
   facet normal 0.000000e+000 -1.000000e+000 0.000000e+000
      outer loop
         vertex 1.840623e-003 3.000000e-002 1.296489e-001
         vertex 1.243449e-003 3.000000e-002 1.298429e-001
         vertex 0.000000e+000 3.000000e-002 1.250000e-001
      endloop
   endfacet
   facet normal 0.000000e+000 -1.000000e+000 0.000000e+000
      outer loop
         vertex 0.000000e+000 3.000000e-002 1.250000e-001
         vertex 1.243449e-003 3.000000e-002 1.298429e-001
         vertex 6.266662e-004 3.000000e-002 1.299606e-001
      endloop
   endfacet
   facet normal 0.000000e+000 -1.000000e+000 0.000000e+000
      outer loop
         vertex 0.000000e+000 3.000000e-002 1.250000e-001
         vertex 6.266662e-004 3.000000e-002 1.299606e-001
         vertex -1.526557e-018 3.000000e-002 1.300000e-001
      endloop
   endfacet
   facet normal 0.000000e+000 -1.000000e+000 0.000000e+000
      outer loop
         vertex 3.422735e-003 3.000000e-002 1.286448e-001
         vertex 2.938926e-003 3.000000e-002 1.290451e-001
         vertex 0.000000e+000 3.000000e-002 1.250000e-001
      endloop
   endfacet
   facet normal 0.000000e+000 -1.000000e+000 0.000000e+000
      outer loop
         vertex 0.000000e+000 3.000000e-002 1.250000e-001
         vertex 2.938926e-003 3.000000e-002 1.290451e-001
         vertex 2.408768e-003 3.000000e-002 1.293815e-001
      endloop
   endfacet
   facet normal 0.000000e+000 -1.000000e+000 0.000000e+000
      outer loop
         vertex 0.000000e+000 3.000000e-002 1.250000e-001
         vertex 2.408768e-003 3.000000e-002 1.293815e-001
         vertex 1.840623e-003 3.000000e-002 1.296489e-001
      endloop
   endfacet
   facet normal 0.000000e+000 -1.000000e+000 0.000000e+000
      outer loop
         vertex 4.524135e-003 3.000000e-002 1.271289e-001
         vertex 4.221640e-003 3.000000e-002 1.276791e-001
         vertex 0.000000e+000 3.000000e-002 1.250000e-001
      endloop
   endfacet
   facet normal 0.000000e+000 -1.000000e+000 0.000000e+000
      outer loop
         vertex 0.000000e+000 3.000000e-002 1.250000e-001
         vertex 4.221640e-003 3.000000e-002 1.276791e-001
         vertex 3.852566e-003 3.000000e-002 1.281871e-001
      endloop
   endfacet
   facet normal 0.000000e+000 -1.000000e+000 0.000000e+000
      outer loop
         vertex 0.000000e+000 3.000000e-002 1.250000e-001
         vertex 3.852566e-003 3.000000e-002 1.281871e-001
         vertex 3.422735e-003 3.000000e-002 1.286448e-001
      endloop
   endfacet
   facet normal 0.000000e+000 -1.000000e+000 0.000000e+000
      outer loop
         vertex 4.990133e-003 3.000000e-002 1.253140e-001
         vertex 4.911436e-003 3.000000e-002 1.259369e-001
         vertex 0.000000e+000 3.000000e-002 1.250000e-001
      endloop
   endfacet
   facet normal 0.000000e+000 -1.000000e+000 0.000000e+000
      outer loop
         vertex 0.000000e+000 3.000000e-002 1.250000e-001
         vertex 4.911436e-003 3.000000e-002 1.259369e-001
         vertex 4.755283e-003 3.000000e-002 1.265451e-001
      endloop
   endfacet
   facet normal 0.000000e+000 -1.000000e+000 0.000000e+000
      outer loop
         vertex 0.000000e+000 3.000000e-002 1.250000e-001
         vertex 4.755283e-003 3.000000e-002 1.265451e-001
         vertex 4.524135e-003 3.000000e-002 1.271289e-001
      endloop
   endfacet
   facet normal 0.000000e+000 -1.000000e+000 0.000000e+000
      outer loop
         vertex 4.755283e-003 3.000000e-002 1.234549e-001
         vertex 4.911436e-003 3.000000e-002 1.240631e-001
         vertex 0.000000e+000 3.000000e-002 1.250000e-001
      endloop
   endfacet
   facet normal 0.000000e+000 -1.000000e+000 0.000000e+000
      outer loop
         vertex 0.000000e+000 3.000000e-002 1.250000e-001
         vertex 4.911436e-003 3.000000e-002 1.240631e-001
         vertex 4.990133e-003 3.000000e-002 1.246860e-001
      endloop
   endfacet
   facet normal 0.000000e+000 -1.000000e+000 0.000000e+000
      outer loop
         vertex 0.000000e+000 3.000000e-002 1.250000e-001
         vertex 4.990133e-003 3.000000e-002 1.246860e-001
         vertex 4.990133e-003 3.000000e-002 1.253140e-001
      endloop
   endfacet
   facet normal 0.000000e+000 -1.000000e+000 0.000000e+000
      outer loop
         vertex 3.852566e-003 3.000000e-002 1.218129e-001
         vertex 4.221640e-003 3.000000e-002 1.223209e-001
         vertex 0.000000e+000 3.000000e-002 1.250000e-001
      endloop
   endfacet
   facet normal 0.000000e+000 -1.000000e+000 0.000000e+000
      outer loop
         vertex 0.000000e+000 3.000000e-002 1.250000e-001
         vertex 4.221640e-003 3.000000e-002 1.223209e-001
         vertex 4.524135e-003 3.000000e-002 1.228711e-001
      endloop
   endfacet
   facet normal 0.000000e+000 -1.000000e+000 0.000000e+000
      outer loop
         vertex 0.000000e+000 3.000000e-002 1.250000e-001
         vertex 4.524135e-003 3.000000e-002 1.228711e-001
         vertex 4.755283e-003 3.000000e-002 1.234549e-001
      endloop
   endfacet
   facet normal 0.000000e+000 -1.000000e+000 0.000000e+000
      outer loop
         vertex 2.408768e-003 3.000000e-002 1.206185e-001
         vertex 2.938926e-003 3.000000e-002 1.209549e-001
         vertex 0.000000e+000 3.000000e-002 1.250000e-001
      endloop
   endfacet
   facet normal 0.000000e+000 -1.000000e+000 0.000000e+000
      outer loop
         vertex 0.000000e+000 3.000000e-002 1.250000e-001
         vertex 2.938926e-003 3.000000e-002 1.209549e-001
         vertex 3.422735e-003 3.000000e-002 1.213552e-001
      endloop
   endfacet
   facet normal 0.000000e+000 -1.000000e+000 0.000000e+000
      outer loop
         vertex 0.000000e+000 3.000000e-002 1.250000e-001
         vertex 3.422735e-003 3.000000e-002 1.213552e-001
         vertex 3.852566e-003 3.000000e-002 1.218129e-001
      endloop
   endfacet
   facet normal 0.000000e+000 -1.000000e+000 0.000000e+000
      outer loop
         vertex 6.266662e-004 3.000000e-002 1.200394e-001
         vertex 1.243449e-003 3.000000e-002 1.201571e-001
         vertex 0.000000e+000 3.000000e-002 1.250000e-001
      endloop
   endfacet
   facet normal 0.000000e+000 -1.000000e+000 0.000000e+000
      outer loop
         vertex 0.000000e+000 3.000000e-002 1.250000e-001
         vertex 1.243449e-003 3.000000e-002 1.201571e-001
         vertex 1.840623e-003 3.000000e-002 1.203511e-001
      endloop
   endfacet
   facet normal 0.000000e+000 -1.000000e+000 0.000000e+000
      outer loop
         vertex 0.000000e+000 3.000000e-002 1.250000e-001
         vertex 1.840623e-003 3.000000e-002 1.203511e-001
         vertex 2.408768e-003 3.000000e-002 1.206185e-001
      endloop
   endfacet
   facet normal 0.000000e+000 -1.000000e+000 0.000000e+000
      outer loop
         vertex 0.000000e+000 3.000000e-002 3.700000e-001
         vertex 6.266662e-004 3.000000e-002 3.700394e-001
         vertex 0.000000e+000 3.000000e-002 3.750000e-001
      endloop
   endfacet
   facet normal 0.000000e+000 -1.000000e+000 0.000000e+000
      outer loop
         vertex 0.000000e+000 3.000000e-002 3.700000e-001
         vertex 0.000000e+000 3.000000e-002 3.750000e-001
         vertex -6.266662e-004 3.000000e-002 3.700394e-001
      endloop
   endfacet
   facet normal 0.000000e+000 -1.000000e+000 0.000000e+000
      outer loop
         vertex -2.408768e-003 3.000000e-002 3.706185e-001
         vertex -1.840623e-003 3.000000e-002 3.703511e-001
         vertex 0.000000e+000 3.000000e-002 3.750000e-001
      endloop
   endfacet
   facet normal 0.000000e+000 -1.000000e+000 0.000000e+000
      outer loop
         vertex 0.000000e+000 3.000000e-002 3.750000e-001
         vertex -1.840623e-003 3.000000e-002 3.703511e-001
         vertex -1.243449e-003 3.000000e-002 3.701571e-001
      endloop
   endfacet
   facet normal 0.000000e+000 -1.000000e+000 0.000000e+000
      outer loop
         vertex 0.000000e+000 3.000000e-002 3.750000e-001
         vertex -1.243449e-003 3.000000e-002 3.701571e-001
         vertex -6.266662e-004 3.000000e-002 3.700394e-001
      endloop
   endfacet
   facet normal 0.000000e+000 -1.000000e+000 0.000000e+000
      outer loop
         vertex -3.852566e-003 3.000000e-002 3.718129e-001
         vertex -3.422735e-003 3.000000e-002 3.713551e-001
         vertex 0.000000e+000 3.000000e-002 3.750000e-001
      endloop
   endfacet
   facet normal 0.000000e+000 -1.000000e+000 0.000000e+000
      outer loop
         vertex 0.000000e+000 3.000000e-002 3.750000e-001
         vertex -3.422735e-003 3.000000e-002 3.713551e-001
         vertex -2.938926e-003 3.000000e-002 3.709549e-001
      endloop
   endfacet
   facet normal 0.000000e+000 -1.000000e+000 0.000000e+000
      outer loop
         vertex 0.000000e+000 3.000000e-002 3.750000e-001
         vertex -2.938926e-003 3.000000e-002 3.709549e-001
         vertex -2.408768e-003 3.000000e-002 3.706185e-001
      endloop
   endfacet
   facet normal 0.000000e+000 -1.000000e+000 0.000000e+000
      outer loop
         vertex -4.755283e-003 3.000000e-002 3.734549e-001
         vertex -4.524135e-003 3.000000e-002 3.728711e-001
         vertex 0.000000e+000 3.000000e-002 3.750000e-001
      endloop
   endfacet
   facet normal 0.000000e+000 -1.000000e+000 0.000000e+000
      outer loop
         vertex 0.000000e+000 3.000000e-002 3.750000e-001
         vertex -4.524135e-003 3.000000e-002 3.728711e-001
         vertex -4.221640e-003 3.000000e-002 3.723209e-001
      endloop
   endfacet
   facet normal 0.000000e+000 -1.000000e+000 0.000000e+000
      outer loop
         vertex 0.000000e+000 3.000000e-002 3.750000e-001
         vertex -4.221640e-003 3.000000e-002 3.723209e-001
         vertex -3.852566e-003 3.000000e-002 3.718129e-001
      endloop
   endfacet
   facet normal 0.000000e+000 -1.000000e+000 0.000000e+000
      outer loop
         vertex -4.990133e-003 3.000000e-002 3.753140e-001
         vertex -4.990133e-003 3.000000e-002 3.746860e-001
         vertex 0.000000e+000 3.000000e-002 3.750000e-001
      endloop
   endfacet
   facet normal 0.000000e+000 -1.000000e+000 0.000000e+000
      outer loop
         vertex 0.000000e+000 3.000000e-002 3.750000e-001
         vertex -4.990133e-003 3.000000e-002 3.746860e-001
         vertex -4.911436e-003 3.000000e-002 3.740631e-001
      endloop
   endfacet
   facet normal 0.000000e+000 -1.000000e+000 0.000000e+000
      outer loop
         vertex 0.000000e+000 3.000000e-002 3.750000e-001
         vertex -4.911436e-003 3.000000e-002 3.740631e-001
         vertex -4.755283e-003 3.000000e-002 3.734549e-001
      endloop
   endfacet
   facet normal 0.000000e+000 -1.000000e+000 0.000000e+000
      outer loop
         vertex -4.524135e-003 3.000000e-002 3.771289e-001
         vertex -4.755283e-003 3.000000e-002 3.765451e-001
         vertex 0.000000e+000 3.000000e-002 3.750000e-001
      endloop
   endfacet
   facet normal 0.000000e+000 -1.000000e+000 0.000000e+000
      outer loop
         vertex 0.000000e+000 3.000000e-002 3.750000e-001
         vertex -4.755283e-003 3.000000e-002 3.765451e-001
         vertex -4.911436e-003 3.000000e-002 3.759369e-001
      endloop
   endfacet
   facet normal 0.000000e+000 -1.000000e+000 0.000000e+000
      outer loop
         vertex 0.000000e+000 3.000000e-002 3.750000e-001
         vertex -4.911436e-003 3.000000e-002 3.759369e-001
         vertex -4.990133e-003 3.000000e-002 3.753140e-001
      endloop
   endfacet
   facet normal 0.000000e+000 -1.000000e+000 0.000000e+000
      outer loop
         vertex -3.422735e-003 3.000000e-002 3.786449e-001
         vertex -3.852566e-003 3.000000e-002 3.781871e-001
         vertex 0.000000e+000 3.000000e-002 3.750000e-001
      endloop
   endfacet
   facet normal 0.000000e+000 -1.000000e+000 0.000000e+000
      outer loop
         vertex 0.000000e+000 3.000000e-002 3.750000e-001
         vertex -3.852566e-003 3.000000e-002 3.781871e-001
         vertex -4.221640e-003 3.000000e-002 3.776791e-001
      endloop
   endfacet
   facet normal 0.000000e+000 -1.000000e+000 0.000000e+000
      outer loop
         vertex 0.000000e+000 3.000000e-002 3.750000e-001
         vertex -4.221640e-003 3.000000e-002 3.776791e-001
         vertex -4.524135e-003 3.000000e-002 3.771289e-001
      endloop
   endfacet
   facet normal 0.000000e+000 -1.000000e+000 0.000000e+000
      outer loop
         vertex -1.840623e-003 3.000000e-002 3.796489e-001
         vertex -2.408768e-003 3.000000e-002 3.793815e-001
         vertex 0.000000e+000 3.000000e-002 3.750000e-001
      endloop
   endfacet
   facet normal 0.000000e+000 -1.000000e+000 0.000000e+000
      outer loop
         vertex 0.000000e+000 3.000000e-002 3.750000e-001
         vertex -2.408768e-003 3.000000e-002 3.793815e-001
         vertex -2.938926e-003 3.000000e-002 3.790451e-001
      endloop
   endfacet
   facet normal 0.000000e+000 -1.000000e+000 0.000000e+000
      outer loop
         vertex 0.000000e+000 3.000000e-002 3.750000e-001
         vertex -2.938926e-003 3.000000e-002 3.790451e-001
         vertex -3.422735e-003 3.000000e-002 3.786449e-001
      endloop
   endfacet
   facet normal 0.000000e+000 -1.000000e+000 0.000000e+000
      outer loop
         vertex -1.526557e-018 3.000000e-002 3.800000e-001
         vertex -6.266662e-004 3.000000e-002 3.799606e-001
         vertex 0.000000e+000 3.000000e-002 3.750000e-001
      endloop
   endfacet
   facet normal 0.000000e+000 -1.000000e+000 0.000000e+000
      outer loop
         vertex 0.000000e+000 3.000000e-002 3.750000e-001
         vertex -6.266662e-004 3.000000e-002 3.799606e-001
         vertex -1.243449e-003 3.000000e-002 3.798429e-001
      endloop
   endfacet
   facet normal 0.000000e+000 -1.000000e+000 0.000000e+000
      outer loop
         vertex 0.000000e+000 3.000000e-002 3.750000e-001
         vertex -1.243449e-003 3.000000e-002 3.798429e-001
         vertex -1.840623e-003 3.000000e-002 3.796489e-001
      endloop
   endfacet
   facet normal 0.000000e+000 -1.000000e+000 0.000000e+000
      outer loop
         vertex 1.840623e-003 3.000000e-002 3.796489e-001
         vertex 1.243449e-003 3.000000e-002 3.798429e-001
         vertex 0.000000e+000 3.000000e-002 3.750000e-001
      endloop
   endfacet
   facet normal 0.000000e+000 -1.000000e+000 0.000000e+000
      outer loop
         vertex 0.000000e+000 3.000000e-002 3.750000e-001
         vertex 1.243449e-003 3.000000e-002 3.798429e-001
         vertex 6.266662e-004 3.000000e-002 3.799606e-001
      endloop
   endfacet
   facet normal 0.000000e+000 -1.000000e+000 0.000000e+000
      outer loop
         vertex 0.000000e+000 3.000000e-002 3.750000e-001
         vertex 6.266662e-004 3.000000e-002 3.799606e-001
         vertex -1.526557e-018 3.000000e-002 3.800000e-001
      endloop
   endfacet
   facet normal 0.000000e+000 -1.000000e+000 0.000000e+000
      outer loop
         vertex 3.422735e-003 3.000000e-002 3.786449e-001
         vertex 2.938926e-003 3.000000e-002 3.790451e-001
         vertex 0.000000e+000 3.000000e-002 3.750000e-001
      endloop
   endfacet
   facet normal 0.000000e+000 -1.000000e+000 0.000000e+000
      outer loop
         vertex 0.000000e+000 3.000000e-002 3.750000e-001
         vertex 2.938926e-003 3.000000e-002 3.790451e-001
         vertex 2.408768e-003 3.000000e-002 3.793815e-001
      endloop
   endfacet
   facet normal 0.000000e+000 -1.000000e+000 0.000000e+000
      outer loop
         vertex 0.000000e+000 3.000000e-002 3.750000e-001
         vertex 2.408768e-003 3.000000e-002 3.793815e-001
         vertex 1.840623e-003 3.000000e-002 3.796489e-001
      endloop
   endfacet
   facet normal 0.000000e+000 -1.000000e+000 0.000000e+000
      outer loop
         vertex 4.524135e-003 3.000000e-002 3.771289e-001
         vertex 4.221640e-003 3.000000e-002 3.776791e-001
         vertex 0.000000e+000 3.000000e-002 3.750000e-001
      endloop
   endfacet
   facet normal 0.000000e+000 -1.000000e+000 0.000000e+000
      outer loop
         vertex 0.000000e+000 3.000000e-002 3.750000e-001
         vertex 4.221640e-003 3.000000e-002 3.776791e-001
         vertex 3.852566e-003 3.000000e-002 3.781871e-001
      endloop
   endfacet
   facet normal 0.000000e+000 -1.000000e+000 0.000000e+000
      outer loop
         vertex 0.000000e+000 3.000000e-002 3.750000e-001
         vertex 3.852566e-003 3.000000e-002 3.781871e-001
         vertex 3.422735e-003 3.000000e-002 3.786449e-001
      endloop
   endfacet
   facet normal 0.000000e+000 -1.000000e+000 0.000000e+000
      outer loop
         vertex 4.990133e-003 3.000000e-002 3.753140e-001
         vertex 4.911436e-003 3.000000e-002 3.759369e-001
         vertex 0.000000e+000 3.000000e-002 3.750000e-001
      endloop
   endfacet
   facet normal 0.000000e+000 -1.000000e+000 0.000000e+000
      outer loop
         vertex 0.000000e+000 3.000000e-002 3.750000e-001
         vertex 4.911436e-003 3.000000e-002 3.759369e-001
         vertex 4.755283e-003 3.000000e-002 3.765451e-001
      endloop
   endfacet
   facet normal 0.000000e+000 -1.000000e+000 0.000000e+000
      outer loop
         vertex 0.000000e+000 3.000000e-002 3.750000e-001
         vertex 4.755283e-003 3.000000e-002 3.765451e-001
         vertex 4.524135e-003 3.000000e-002 3.771289e-001
      endloop
   endfacet
   facet normal 0.000000e+000 -1.000000e+000 0.000000e+000
      outer loop
         vertex 4.755283e-003 3.000000e-002 3.734549e-001
         vertex 4.911436e-003 3.000000e-002 3.740631e-001
         vertex 0.000000e+000 3.000000e-002 3.750000e-001
      endloop
   endfacet
   facet normal 0.000000e+000 -1.000000e+000 0.000000e+000
      outer loop
         vertex 0.000000e+000 3.000000e-002 3.750000e-001
         vertex 4.911436e-003 3.000000e-002 3.740631e-001
         vertex 4.990133e-003 3.000000e-002 3.746860e-001
      endloop
   endfacet
   facet normal 0.000000e+000 -1.000000e+000 0.000000e+000
      outer loop
         vertex 0.000000e+000 3.000000e-002 3.750000e-001
         vertex 4.990133e-003 3.000000e-002 3.746860e-001
         vertex 4.990133e-003 3.000000e-002 3.753140e-001
      endloop
   endfacet
   facet normal 0.000000e+000 -1.000000e+000 0.000000e+000
      outer loop
         vertex 3.852566e-003 3.000000e-002 3.718129e-001
         vertex 4.221640e-003 3.000000e-002 3.723209e-001
         vertex 0.000000e+000 3.000000e-002 3.750000e-001
      endloop
   endfacet
   facet normal 0.000000e+000 -1.000000e+000 0.000000e+000
      outer loop
         vertex 0.000000e+000 3.000000e-002 3.750000e-001
         vertex 4.221640e-003 3.000000e-002 3.723209e-001
         vertex 4.524135e-003 3.000000e-002 3.728711e-001
      endloop
   endfacet
   facet normal 0.000000e+000 -1.000000e+000 0.000000e+000
      outer loop
         vertex 0.000000e+000 3.000000e-002 3.750000e-001
         vertex 4.524135e-003 3.000000e-002 3.728711e-001
         vertex 4.755283e-003 3.000000e-002 3.734549e-001
      endloop
   endfacet
   facet normal 0.000000e+000 -1.000000e+000 0.000000e+000
      outer loop
         vertex 2.408768e-003 3.000000e-002 3.706185e-001
         vertex 2.938926e-003 3.000000e-002 3.709549e-001
         vertex 0.000000e+000 3.000000e-002 3.750000e-001
      endloop
   endfacet
   facet normal 0.000000e+000 -1.000000e+000 0.000000e+000
      outer loop
         vertex 0.000000e+000 3.000000e-002 3.750000e-001
         vertex 2.938926e-003 3.000000e-002 3.709549e-001
         vertex 3.422735e-003 3.000000e-002 3.713551e-001
      endloop
   endfacet
   facet normal 0.000000e+000 -1.000000e+000 0.000000e+000
      outer loop
         vertex 0.000000e+000 3.000000e-002 3.750000e-001
         vertex 3.422735e-003 3.000000e-002 3.713551e-001
         vertex 3.852566e-003 3.000000e-002 3.718129e-001
      endloop
   endfacet
   facet normal 0.000000e+000 -1.000000e+000 0.000000e+000
      outer loop
         vertex 6.266662e-004 3.000000e-002 3.700394e-001
         vertex 1.243449e-003 3.000000e-002 3.701571e-001
         vertex 0.000000e+000 3.000000e-002 3.750000e-001
      endloop
   endfacet
   facet normal 0.000000e+000 -1.000000e+000 0.000000e+000
      outer loop
         vertex 0.000000e+000 3.000000e-002 3.750000e-001
         vertex 1.243449e-003 3.000000e-002 3.701571e-001
         vertex 1.840623e-003 3.000000e-002 3.703511e-001
      endloop
   endfacet
   facet normal 0.000000e+000 -1.000000e+000 0.000000e+000
      outer loop
         vertex 0.000000e+000 3.000000e-002 3.750000e-001
         vertex 1.840623e-003 3.000000e-002 3.703511e-001
         vertex 2.408768e-003 3.000000e-002 3.706185e-001
      endloop
   endfacet
endsolid nozzle
solid outlet
   facet normal 5.448948e-016 1.000000e+000 0.000000e+000
      outer loop
         vertex -4.075000e-001 9.000000e-001 5.000000e-001
         vertex 4.075000e-001 9.000000e-001 5.000000e-001
         vertex -4.075000e-001 9.000000e-001 0.000000e+000
      endloop
   endfacet
   facet normal 5.448948e-016 1.000000e+000 0.000000e+000
      outer loop
         vertex -4.075000e-001 9.000000e-001 0.000000e+000
         vertex 4.075000e-001 9.000000e-001 5.000000e-001
         vertex 4.075000e-001 9.000000e-001 0.000000e+000
      endloop
   endfacet
endsolid outlet
